2025-03-03 00:34:22,625 - WARNING - Could not determine dtype for column 13, falling back to string
2025-03-03 00:34:22,625 - WARNING - Could not determine dtype for column 14, falling back to string
2025-03-03 00:34:23,022 - WARNING - Could not determine dtype for column 15, falling back to string
2025-03-03 00:34:24,205 - WARNING - Could not determine dtype for column 13, falling back to string
2025-03-03 00:34:24,205 - WARNING - Could not determine dtype for column 14, falling back to string
2025-03-03 00:34:24,308 - WARNING - Could not determine dtype for column 30, falling back to string
2025-03-03 00:34:24,535 - WARNING - Could not determine dtype for column 15, falling back to string
2025-03-03 00:34:25,867 - WARNING - Could not determine dtype for column 9, falling back to string
2025-03-03 00:34:25,867 - WARNING - Could not determine dtype for column 10, falling back to string
2025-03-03 00:34:27,010 - WARNING - Could not determine dtype for column 13, falling back to string
2025-03-03 00:34:27,010 - WARNING - Could not determine dtype for column 14, falling back to string
2025-03-03 00:34:27,010 - WARNING - Could not determine dtype for column 18, falling back to string
2025-03-03 00:34:34,598 - WARNING - Could not determine dtype for column 12, falling back to string
2025-03-03 00:34:34,599 - WARNING - Could not determine dtype for column 13, falling back to string
2025-03-03 00:34:34,599 - WARNING - Could not determine dtype for column 14, falling back to string
2025-03-03 00:34:35,106 - WARNING - Could not determine dtype for column 15, falling back to string
2025-03-03 00:34:43,222 - WARNING - Could not determine dtype for column 12, falling back to string
2025-03-03 00:34:43,223 - WARNING - Could not determine dtype for column 13, falling back to string
2025-03-03 00:36:48,739 - WARNING - Could not determine dtype for column 13, falling back to string
2025-03-03 00:36:48,739 - WARNING - Could not determine dtype for column 14, falling back to string
2025-03-03 00:36:49,130 - WARNING - Could not determine dtype for column 15, falling back to string
2025-03-03 00:36:50,316 - WARNING - Could not determine dtype for column 13, falling back to string
2025-03-03 00:36:50,316 - WARNING - Could not determine dtype for column 14, falling back to string
2025-03-03 00:36:50,405 - WARNING - Could not determine dtype for column 30, falling back to string
2025-03-03 00:36:50,628 - WARNING - Could not determine dtype for column 15, falling back to string
2025-03-03 00:36:51,926 - WARNING - Could not determine dtype for column 9, falling back to string
2025-03-03 00:36:51,926 - WARNING - Could not determine dtype for column 10, falling back to string
2025-03-03 00:36:53,066 - WARNING - Could not determine dtype for column 13, falling back to string
2025-03-03 00:36:53,066 - WARNING - Could not determine dtype for column 14, falling back to string
2025-03-03 00:36:53,066 - WARNING - Could not determine dtype for column 18, falling back to string
2025-03-03 00:37:00,572 - WARNING - Could not determine dtype for column 12, falling back to string
2025-03-03 00:37:00,573 - WARNING - Could not determine dtype for column 13, falling back to string
2025-03-03 00:37:00,573 - WARNING - Could not determine dtype for column 14, falling back to string
2025-03-03 00:37:01,090 - WARNING - Could not determine dtype for column 15, falling back to string
2025-03-03 00:37:09,396 - WARNING - Could not determine dtype for column 12, falling back to string
2025-03-03 00:37:09,396 - WARNING - Could not determine dtype for column 13, falling back to string
2025-03-03 01:05:12,699 - WARNING - Could not determine dtype for column 13, falling back to string
2025-03-03 01:05:12,699 - WARNING - Could not determine dtype for column 14, falling back to string
2025-03-03 01:05:13,101 - WARNING - Could not determine dtype for column 15, falling back to string
2025-03-03 01:05:14,316 - WARNING - Could not determine dtype for column 13, falling back to string
2025-03-03 01:05:14,316 - WARNING - Could not determine dtype for column 14, falling back to string
2025-03-03 01:05:14,413 - WARNING - Could not determine dtype for column 30, falling back to string
2025-03-03 01:05:14,640 - WARNING - Could not determine dtype for column 15, falling back to string
2025-03-03 01:05:15,975 - WARNING - Could not determine dtype for column 9, falling back to string
2025-03-03 01:05:15,975 - WARNING - Could not determine dtype for column 10, falling back to string
2025-03-03 01:05:17,112 - WARNING - Could not determine dtype for column 13, falling back to string
2025-03-03 01:05:17,112 - WARNING - Could not determine dtype for column 14, falling back to string
2025-03-03 01:05:17,112 - WARNING - Could not determine dtype for column 18, falling back to string
2025-03-03 01:05:24,801 - WARNING - Could not determine dtype for column 12, falling back to string
2025-03-03 01:05:24,802 - WARNING - Could not determine dtype for column 13, falling back to string
2025-03-03 01:05:24,802 - WARNING - Could not determine dtype for column 14, falling back to string
2025-03-03 01:05:25,318 - WARNING - Could not determine dtype for column 15, falling back to string
2025-03-03 01:05:33,548 - WARNING - Could not determine dtype for column 12, falling back to string
2025-03-03 01:05:33,548 - WARNING - Could not determine dtype for column 13, falling back to string
2025-03-03 01:15:35,330 - WARNING - Could not determine dtype for column 13, falling back to string
2025-03-03 01:15:35,331 - WARNING - Could not determine dtype for column 14, falling back to string
2025-03-03 01:15:35,728 - WARNING - Could not determine dtype for column 15, falling back to string
2025-03-03 01:15:36,906 - WARNING - Could not determine dtype for column 13, falling back to string
2025-03-03 01:15:36,906 - WARNING - Could not determine dtype for column 14, falling back to string
2025-03-03 01:15:36,995 - WARNING - Could not determine dtype for column 30, falling back to string
2025-03-03 01:15:37,223 - WARNING - Could not determine dtype for column 15, falling back to string
2025-03-03 01:15:38,536 - WARNING - Could not determine dtype for column 9, falling back to string
2025-03-03 01:15:38,536 - WARNING - Could not determine dtype for column 10, falling back to string
2025-03-03 01:15:39,646 - WARNING - Could not determine dtype for column 13, falling back to string
2025-03-03 01:15:39,646 - WARNING - Could not determine dtype for column 14, falling back to string
2025-03-03 01:15:39,646 - WARNING - Could not determine dtype for column 18, falling back to string
2025-03-03 01:15:47,204 - WARNING - Could not determine dtype for column 12, falling back to string
2025-03-03 01:15:47,204 - WARNING - Could not determine dtype for column 13, falling back to string
2025-03-03 01:15:47,204 - WARNING - Could not determine dtype for column 14, falling back to string
2025-03-03 01:15:47,716 - WARNING - Could not determine dtype for column 15, falling back to string
2025-03-03 01:15:55,867 - WARNING - Could not determine dtype for column 12, falling back to string
2025-03-03 01:15:55,868 - WARNING - Could not determine dtype for column 13, falling back to string
2025-03-03 02:37:03,071 - INFO - Header and Contact ---- Schema([('COUNTY_CODE', String), ('DISTRICT_CODE', String), ('SCHOOL_CODE', String), ('COUNTY_NAME', String), ('DISTRICT_NAME', String), ('SCHOOL_NAME', String), ('ADDRESS', String), ('CITY_STATE_ZIP', String), ('WEBSITE', String)])
2025-03-03 02:37:03,152 - INFO - EnrollmentTrendsbyGrade ---- Schema([('CountyCode', String), ('DistrictCode', String), ('SchoolCode', String), ('Grade06', String), ('Grade07', String), ('Grade08', String), ('Grade09', String), ('Grade10', String), ('Grade11', String), ('Grade12', String)])
2025-03-03 02:37:03,228 - INFO - EnrollmentTrendsByStudentGroup ---- Schema([('CountyCode', String), ('DistrictCode', String), ('SchoolCode', String), ('Economically Disadvantaged Students', String), ('English Learners', String), ('Female', String), ('Homeless Students', String), ('Male', String), ('Migrant Students', String), ('Military-Connected Students', String), ('Students in Foster Care', String), ('Students with Disabilities', String)])
2025-03-03 02:37:03,299 - INFO - EnrollmentByRacialEthnicGroup ---- Schema([('CountyCode', String), ('DistrictCode', String), ('SchoolCode', String), ('American Indian or Alaska Native', String), ('Asian', String), ('Black or African American', String), ('Hispanic', String), ('Native Hawaiian or Pacific Islander', String), ('Two or More Races', String), ('White', String)])
2025-03-03 02:37:03,399 - INFO - EnrollmentByHomeLanguage ---- Schema([('CountyCode', String), ('DistrictCode', String), ('SchoolCode', String), ('HomeLanguage', String), ('%OfStudents', Float64)])
2025-03-03 02:37:03,482 - INFO - Header and Contact ---- Schema([('COUNTY_CODE', String), ('DISTRICT_CODE', String), ('SCHOOL_CODE', String), ('COUNTY_NAME', String), ('DISTRICT_NAME', String), ('SCHOOL_NAME', String), ('ADDRESS', String), ('CITY_STATE_ZIP', String), ('WEBSITE', String)])
2025-03-03 02:37:03,566 - INFO - EnrollmentTrendsbyGrade ---- Schema([('CountyCode', String), ('DistrictCode', String), ('SchoolCode', String), ('Grade06', Int64), ('Grade07', Int64), ('Grade08', Int64), ('Grade09', Int64), ('Grade10', Int64), ('Grade11', Int64), ('Grade12', Int64)])
2025-03-03 02:37:03,640 - INFO - EnrollmentTrendsByStudentGroup ---- Schema([('CountyCode', String), ('DistrictCode', String), ('SchoolCode', String), ('Economically Disadvantaged Students', Float64), ('English Learners', Float64), ('Female', Float64), ('Homeless Students', Float64), ('Male', Float64), ('Migrant Students', Float64), ('Military-Connected Students', Float64), ('Students in Foster Care', Float64), ('Students with Disabilities', Float64)])
2025-03-03 02:37:03,711 - INFO - EnrollmentByRacialEthnicGroup ---- Schema([('CountyCode', String), ('DistrictCode', String), ('SchoolCode', String), ('American Indian or Alaska Native', Float64), ('Asian', Float64), ('Black or African American', Float64), ('Hispanic', Float64), ('Native Hawaiian or Pacific Islander', Float64), ('Two or More Races', Float64), ('White', Float64)])
2025-03-03 02:37:03,807 - INFO - EnrollmentByHomeLanguage ---- Schema([('CountyCode', String), ('DistrictCode', String), ('SchoolCode', String), ('HomeLanguage', String), ('%OfStudents', Float64)])
2025-03-03 02:37:03,892 - INFO - Header and Contact ---- Schema([('COUNTY_CODE', String), ('DISTRICT_CODE', String), ('SCHOOL_CODE', String), ('COUNTY_NAME', String), ('DISTRICT_NAME', String), ('SCHOOL_NAME', String), ('ADDRESS', String), ('CITY_STATE_ZIP', String), ('WEBSITE', String)])
2025-03-03 02:37:03,973 - INFO - EnrollmentTrendsbyGrade ---- Schema([('CountyCode', String), ('DistrictCode', String), ('SchoolCode', String), ('Grade06', Int64), ('Grade07', Int64), ('Grade08', Int64), ('Grade09', Int64), ('Grade10', Int64), ('Grade11', Int64), ('Grade12', Int64)])
2025-03-03 02:37:04,050 - INFO - EnrollmentTrendsByStudentGroup ---- Schema([('CountyCode', String), ('DistrictCode', String), ('SchoolCode', String), ('Economically Disadvantaged Students', Float64), ('English Learners', Float64), ('Female', String), ('Homeless Students', Float64), ('Male', String), ('Migrant Students', Float64), ('Military-Connected Students', Float64), ('Students in Foster Care', Float64), ('Students with Disabilities', Float64)])
2025-03-03 02:37:04,121 - INFO - EnrollmentByRacialEthnicGroup ---- Schema([('CountyCode', String), ('DistrictCode', String), ('SchoolCode', String), ('American Indian or Alaska Native', Float64), ('Asian', Float64), ('Black or African American', Float64), ('Hispanic', Float64), ('Native Hawaiian or Pacific Islander', Float64), ('Two or More Races', Float64), ('White', Float64)])
2025-03-03 02:37:04,219 - INFO - EnrollmentByHomeLanguage ---- Schema([('CountyCode', String), ('DistrictCode', String), ('SchoolCode', String), ('HomeLanguage', String), ('%OfStudents', Float64)])
2025-03-03 02:37:04,310 - INFO - Header and Contact ---- Schema([('COUNTY_CODE', String), ('DISTRICT_CODE', String), ('SCHOOL_CODE', String), ('COUNTY_NAME', String), ('DISTRICT_NAME', String), ('SCHOOL_NAME', String), ('ADDRESS', String), ('CITY_STATE_ZIP', String), ('WEBSITE', String)])
2025-03-03 02:37:04,394 - INFO - EnrollmentTrendsbyGrade ---- Schema([('CountyCode', String), ('DistrictCode', String), ('SchoolCode', String), ('Grade06', Int64), ('Grade07', Int64), ('Grade08', Int64), ('Grade09', Int64), ('Grade10', Int64), ('Grade11', Int64), ('Grade12', Int64)])
2025-03-03 02:37:04,475 - INFO - EnrollmentTrendsByStudentGroup ---- Schema([('CountyCode', String), ('DistrictCode', String), ('SchoolCode', String), ('Economically Disadvantaged Students', Float64), ('English Learners', Float64), ('Female', String), ('Homeless Students', Float64), ('Male', String), ('Migrant Students', Float64), ('Military-Connected Students', Float64), ('Students in Foster Care', Float64), ('Students with Disabilities', Float64)])
2025-03-03 02:37:04,551 - INFO - EnrollmentByRacialEthnicGroup ---- Schema([('CountyCode', String), ('DistrictCode', String), ('SchoolCode', String), ('American Indian or Alaska Native', Float64), ('Asian', Float64), ('Black or African American', Float64), ('Hispanic', Float64), ('Native Hawaiian or Pacific Islander', Float64), ('Two or More Races', Float64), ('White', Float64)])
2025-03-03 02:37:04,653 - INFO - EnrollmentByHomeLanguage ---- Schema([('CountyCode', String), ('DistrictCode', String), ('SchoolCode', String), ('HomeLanguage', String), ('%OfStudents', Float64)])
2025-03-03 02:37:04,749 - INFO - Header and Contact ---- Schema([('COUNTY_CODE', String), ('DISTRICT_CODE', String), ('SCHOOL_CODE', String), ('COUNTY_NAME', String), ('DISTRICT_NAME', String), ('SCHOOL_NAME', String), ('ADDRESS', String), ('CITY_STATE_ZIP', String), ('WEBSITE', String)])
2025-03-03 02:37:04,835 - INFO - EnrollmentTrendsbyGrade ---- Schema([('CountyCode', String), ('DistrictCode', String), ('SchoolCode', String), ('Grade06', Int64), ('Grade07', Int64), ('Grade08', Int64), ('Grade09', Int64), ('Grade10', Int64), ('Grade11', Int64), ('Grade12', Int64)])
2025-03-03 02:37:04,918 - INFO - EnrollmentTrendsByStudentGroup ---- Schema([('CountyCode', String), ('DistrictCode', String), ('SchoolCode', String), ('Economically Disadvantaged Students', Float64), ('English Learners', Float64), ('Female', String), ('Homeless Students', Float64), ('Male', String), ('Migrant Students', Float64), ('Military-Connected Students', Float64), ('Students in Foster Care', Float64), ('Students with Disabilities', Float64)])
2025-03-03 02:37:04,996 - INFO - EnrollmentByRacialEthnicGroup ---- Schema([('CountyCode', String), ('DistrictCode', String), ('SchoolCode', String), ('American Indian or Alaska Native', Float64), ('Asian', Float64), ('Black or African American', Float64), ('Hispanic', Float64), ('Native Hawaiian or Pacific Islander', Float64), ('Two or More Races', Float64), ('White', Float64)])
2025-03-03 02:37:05,102 - INFO - EnrollmentByHomeLanguage ---- Schema([('CountyCode', String), ('DistrictCode', String), ('SchoolCode', String), ('HomeLanguage', String), ('%OfStudents', Float64)])
2025-03-03 03:56:38,487 - INFO - ------- extracting 2018-2019 academic year data -------
2025-03-03 03:56:38,488 - INFO - ------- extracting sheet 'Header and Contact' -------
2025-03-03 03:56:38,606 - INFO - ------- extracting sheet 'EnrollmentTrendsbyGrade' -------
2025-03-03 03:56:38,688 - INFO - ------- extracting sheet 'EnrollmentTrendsByStudentGroup' -------
2025-03-03 03:56:38,767 - INFO - ------- extracting sheet 'EnrollmentByRacialEthnicGroup' -------
2025-03-03 03:56:38,844 - INFO - ------- extracting sheet 'EnrollmentByHomeLanguage' -------
2025-03-03 03:56:38,943 - INFO - ------- joining the sheets -------
2025-03-03 03:56:38,944 - INFO - ------- extracting 2019-2020 academic year data -------
2025-03-03 03:56:38,944 - INFO - ------- extracting sheet 'Header and Contact' -------
2025-03-03 03:56:39,025 - INFO - ------- extracting sheet 'EnrollmentTrendsbyGrade' -------
2025-03-03 03:56:39,109 - INFO - ------- extracting sheet 'EnrollmentTrendsByStudentGroup' -------
2025-03-03 03:56:39,184 - INFO - ------- extracting sheet 'EnrollmentByRacialEthnicGroup' -------
2025-03-03 03:56:39,256 - INFO - ------- extracting sheet 'EnrollmentByHomeLanguage' -------
2025-03-03 03:56:39,351 - INFO - ------- joining the sheets -------
2025-03-03 03:56:39,352 - INFO - ------- extracting 2020-2021 academic year data -------
2025-03-03 03:56:39,352 - INFO - ------- extracting sheet 'Header and Contact' -------
2025-03-03 03:56:39,439 - INFO - ------- extracting sheet 'EnrollmentTrendsbyGrade' -------
2025-03-03 03:56:39,519 - INFO - ------- extracting sheet 'EnrollmentTrendsByStudentGroup' -------
2025-03-03 03:56:39,595 - INFO - ------- extracting sheet 'EnrollmentByRacialEthnicGroup' -------
2025-03-03 03:56:39,666 - INFO - ------- extracting sheet 'EnrollmentByHomeLanguage' -------
2025-03-03 03:56:39,765 - INFO - ------- joining the sheets -------
2025-03-03 03:56:39,765 - INFO - ------- extracting 2021-2022 academic year data -------
2025-03-03 03:56:39,765 - INFO - ------- extracting sheet 'Header and Contact' -------
2025-03-03 03:56:39,857 - INFO - ------- extracting sheet 'EnrollmentTrendsbyGrade' -------
2025-03-03 03:56:39,942 - INFO - ------- extracting sheet 'EnrollmentTrendsByStudentGroup' -------
2025-03-03 03:56:40,026 - INFO - ------- extracting sheet 'EnrollmentByRacialEthnicGroup' -------
2025-03-03 03:56:40,152 - INFO - ------- extracting sheet 'EnrollmentByHomeLanguage' -------
2025-03-03 03:56:40,256 - INFO - ------- joining the sheets -------
2025-03-03 03:56:40,256 - INFO - ------- extracting 2022-2023 academic year data -------
2025-03-03 03:56:40,256 - INFO - ------- extracting sheet 'Header and Contact' -------
2025-03-03 03:56:40,349 - INFO - ------- extracting sheet 'EnrollmentTrendsbyGrade' -------
2025-03-03 03:56:40,435 - INFO - ------- extracting sheet 'EnrollmentTrendsByStudentGroup' -------
2025-03-03 03:56:40,518 - INFO - ------- extracting sheet 'EnrollmentByRacialEthnicGroup' -------
2025-03-03 03:56:40,596 - INFO - ------- extracting sheet 'EnrollmentByHomeLanguage' -------
2025-03-03 03:56:40,701 - INFO - ------- joining the sheets -------
2025-03-03 03:56:40,701 - INFO - ------- merging all academic years data -------
2025-03-03 03:58:27,634 - INFO - ------- extracting 2018-2019 academic year data -------
2025-03-03 03:58:27,635 - INFO - ------- extracting sheet 'Header and Contact' -------
2025-03-03 03:58:27,760 - INFO - ------- extracting sheet 'EnrollmentTrendsbyGrade' -------
2025-03-03 03:58:27,841 - INFO - ------- extracting sheet 'EnrollmentTrendsByStudentGroup' -------
2025-03-03 03:58:27,921 - INFO - ------- extracting sheet 'EnrollmentByRacialEthnicGroup' -------
2025-03-03 03:58:27,999 - INFO - ------- extracting sheet 'EnrollmentByHomeLanguage' -------
2025-03-03 03:58:28,102 - INFO - ------- joining the sheets -------
2025-03-03 03:58:28,103 - INFO - ------- extracting 2019-2020 academic year data -------
2025-03-03 03:58:28,103 - INFO - ------- extracting sheet 'Header and Contact' -------
2025-03-03 03:58:28,184 - INFO - ------- extracting sheet 'EnrollmentTrendsbyGrade' -------
2025-03-03 03:58:28,269 - INFO - ------- extracting sheet 'EnrollmentTrendsByStudentGroup' -------
2025-03-03 03:58:28,344 - INFO - ------- extracting sheet 'EnrollmentByRacialEthnicGroup' -------
2025-03-03 03:58:28,415 - INFO - ------- extracting sheet 'EnrollmentByHomeLanguage' -------
2025-03-03 03:58:28,518 - INFO - ------- joining the sheets -------
2025-03-03 03:58:28,519 - INFO - ------- extracting 2020-2021 academic year data -------
2025-03-03 03:58:28,519 - INFO - ------- extracting sheet 'Header and Contact' -------
2025-03-03 03:58:28,609 - INFO - ------- extracting sheet 'EnrollmentTrendsbyGrade' -------
2025-03-03 03:58:28,693 - INFO - ------- extracting sheet 'EnrollmentTrendsByStudentGroup' -------
2025-03-03 03:58:28,770 - INFO - ------- extracting sheet 'EnrollmentByRacialEthnicGroup' -------
2025-03-03 03:58:28,843 - INFO - ------- extracting sheet 'EnrollmentByHomeLanguage' -------
2025-03-03 03:58:28,941 - INFO - ------- joining the sheets -------
2025-03-03 03:58:28,941 - INFO - ------- extracting 2021-2022 academic year data -------
2025-03-03 03:58:28,942 - INFO - ------- extracting sheet 'Header and Contact' -------
2025-03-03 03:58:29,044 - INFO - ------- extracting sheet 'EnrollmentTrendsbyGrade' -------
2025-03-03 03:58:29,134 - INFO - ------- extracting sheet 'EnrollmentTrendsByStudentGroup' -------
2025-03-03 03:58:29,217 - INFO - ------- extracting sheet 'EnrollmentByRacialEthnicGroup' -------
2025-03-03 03:58:29,293 - INFO - ------- extracting sheet 'EnrollmentByHomeLanguage' -------
2025-03-03 03:58:29,397 - INFO - ------- joining the sheets -------
2025-03-03 03:58:29,397 - INFO - ------- extracting 2022-2023 academic year data -------
2025-03-03 03:58:29,398 - INFO - ------- extracting sheet 'Header and Contact' -------
2025-03-03 03:58:29,489 - INFO - ------- extracting sheet 'EnrollmentTrendsbyGrade' -------
2025-03-03 03:58:29,577 - INFO - ------- extracting sheet 'EnrollmentTrendsByStudentGroup' -------
2025-03-03 03:58:29,660 - INFO - ------- extracting sheet 'EnrollmentByRacialEthnicGroup' -------
2025-03-03 03:58:29,738 - INFO - ------- extracting sheet 'EnrollmentByHomeLanguage' -------
2025-03-03 03:58:29,844 - INFO - ------- joining the sheets -------
2025-03-03 03:58:29,844 - INFO - ------- merging all academic years data -------
2025-03-03 03:58:43,212 - INFO - ------- extracting 2018-2019 academic year data -------
2025-03-03 03:58:43,212 - INFO - ------- extracting sheet 'Header and Contact' -------
2025-03-03 03:58:43,342 - INFO - ------- extracting sheet 'EnrollmentTrendsbyGrade' -------
2025-03-03 03:58:43,425 - INFO - ------- extracting sheet 'EnrollmentTrendsByStudentGroup' -------
2025-03-03 03:58:43,506 - INFO - ------- extracting sheet 'EnrollmentByRacialEthnicGroup' -------
2025-03-03 03:58:43,577 - INFO - ------- extracting sheet 'EnrollmentByHomeLanguage' -------
2025-03-03 03:58:43,682 - INFO - ------- joining the sheets -------
2025-03-03 03:58:43,683 - INFO - ------- extracting 2019-2020 academic year data -------
2025-03-03 03:58:43,683 - INFO - ------- extracting sheet 'Header and Contact' -------
2025-03-03 03:58:43,765 - INFO - ------- extracting sheet 'EnrollmentTrendsbyGrade' -------
2025-03-03 03:58:43,850 - INFO - ------- extracting sheet 'EnrollmentTrendsByStudentGroup' -------
2025-03-03 03:58:43,925 - INFO - ------- extracting sheet 'EnrollmentByRacialEthnicGroup' -------
2025-03-03 03:58:44,001 - INFO - ------- extracting sheet 'EnrollmentByHomeLanguage' -------
2025-03-03 03:58:44,098 - INFO - ------- joining the sheets -------
2025-03-03 03:58:44,098 - INFO - ------- extracting 2020-2021 academic year data -------
2025-03-03 03:58:44,098 - INFO - ------- extracting sheet 'Header and Contact' -------
2025-03-03 03:58:44,182 - INFO - ------- extracting sheet 'EnrollmentTrendsbyGrade' -------
2025-03-03 03:58:44,263 - INFO - ------- extracting sheet 'EnrollmentTrendsByStudentGroup' -------
2025-03-03 03:58:44,339 - INFO - ------- extracting sheet 'EnrollmentByRacialEthnicGroup' -------
2025-03-03 03:58:44,411 - INFO - ------- extracting sheet 'EnrollmentByHomeLanguage' -------
2025-03-03 03:58:44,509 - INFO - ------- joining the sheets -------
2025-03-03 03:58:44,510 - INFO - ------- extracting 2021-2022 academic year data -------
2025-03-03 03:58:44,510 - INFO - ------- extracting sheet 'Header and Contact' -------
2025-03-03 03:58:44,601 - INFO - ------- extracting sheet 'EnrollmentTrendsbyGrade' -------
2025-03-03 03:58:44,687 - INFO - ------- extracting sheet 'EnrollmentTrendsByStudentGroup' -------
2025-03-03 03:58:44,767 - INFO - ------- extracting sheet 'EnrollmentByRacialEthnicGroup' -------
2025-03-03 03:58:44,848 - INFO - ------- extracting sheet 'EnrollmentByHomeLanguage' -------
2025-03-03 03:58:44,953 - INFO - ------- joining the sheets -------
2025-03-03 03:58:44,953 - INFO - ------- extracting 2022-2023 academic year data -------
2025-03-03 03:58:44,953 - INFO - ------- extracting sheet 'Header and Contact' -------
2025-03-03 03:58:45,045 - INFO - ------- extracting sheet 'EnrollmentTrendsbyGrade' -------
2025-03-03 03:58:45,149 - INFO - ------- extracting sheet 'EnrollmentTrendsByStudentGroup' -------
2025-03-03 03:58:45,241 - INFO - ------- extracting sheet 'EnrollmentByRacialEthnicGroup' -------
2025-03-03 03:58:45,328 - INFO - ------- extracting sheet 'EnrollmentByHomeLanguage' -------
2025-03-03 03:58:45,442 - INFO - ------- joining the sheets -------
2025-03-03 03:58:45,442 - INFO - ------- merging all academic years data -------
2025-03-03 04:00:17,454 - INFO - ------- extracting 2018-2019 academic year data -------
2025-03-03 04:00:17,454 - INFO - ------- extracting sheet 'Header and Contact' -------
2025-03-03 04:00:17,711 - INFO - Header and Contact schema --- ['COUNTY_CODE', 'DISTRICT_CODE', 'SCHOOL_CODE', 'COUNTY_NAME', 'DISTRICT_NAME', 'SCHOOL_NAME', 'ADDRESS', 'CITY_STATE_ZIP']
2025-03-03 04:00:17,712 - INFO - ------- extracting sheet 'EnrollmentTrendsbyGrade' -------
2025-03-03 04:00:17,841 - INFO - EnrollmentTrendsbyGrade schema --- ['CountyCode', 'DistrictCode', 'SchoolCode', 'Grade06', 'Grade07', 'Grade08', 'Grade09', 'Grade10', 'Grade11', 'Grade12']
2025-03-03 04:00:17,842 - INFO - ------- extracting sheet 'EnrollmentTrendsByStudentGroup' -------
2025-03-03 04:00:17,954 - INFO - EnrollmentTrendsByStudentGroup schema --- ['CountyCode', 'DistrictCode', 'SchoolCode', 'Economically Disadvantaged Students', 'English Learners', 'Female', 'Homeless Students', 'Male', 'Migrant Students', 'Military-Connected Students', 'Students in Foster Care', 'Students with Disabilities']
2025-03-03 04:00:17,954 - INFO - ------- extracting sheet 'EnrollmentByRacialEthnicGroup' -------
2025-03-03 04:00:18,047 - INFO - EnrollmentByRacialEthnicGroup schema --- ['CountyCode', 'DistrictCode', 'SchoolCode', 'American Indian or Alaska Native', 'Asian', 'Black or African American', 'Hispanic', 'Native Hawaiian or Pacific Islander', 'Two or More Races', 'White']
2025-03-03 04:00:18,047 - INFO - ------- extracting sheet 'EnrollmentByHomeLanguage' -------
2025-03-03 04:00:18,166 - INFO - EnrollmentByHomeLanguage schema --- ['CountyCode', 'DistrictCode', 'SchoolCode', 'HomeLanguage', '%OfStudents']
2025-03-03 04:00:18,166 - INFO - ------- joining the sheets -------
2025-03-03 04:00:18,166 - INFO - ------- extracting 2019-2020 academic year data -------
2025-03-03 04:00:18,166 - INFO - ------- extracting sheet 'Header and Contact' -------
2025-03-03 04:00:18,254 - INFO - Header and Contact schema --- ['COUNTY_CODE', 'DISTRICT_CODE', 'SCHOOL_CODE', 'COUNTY_NAME', 'DISTRICT_NAME', 'SCHOOL_NAME', 'ADDRESS', 'CITY_STATE_ZIP']
2025-03-03 04:00:18,254 - INFO - ------- extracting sheet 'EnrollmentTrendsbyGrade' -------
2025-03-03 04:00:18,341 - INFO - EnrollmentTrendsbyGrade schema --- ['CountyCode', 'DistrictCode', 'SchoolCode', 'Grade06', 'Grade07', 'Grade08', 'Grade09', 'Grade10', 'Grade11', 'Grade12']
2025-03-03 04:00:18,341 - INFO - ------- extracting sheet 'EnrollmentTrendsByStudentGroup' -------
2025-03-03 04:00:18,418 - INFO - EnrollmentTrendsByStudentGroup schema --- ['CountyCode', 'DistrictCode', 'SchoolCode', 'Economically Disadvantaged Students', 'English Learners', 'Female', 'Homeless Students', 'Male', 'Migrant Students', 'Military-Connected Students', 'Students in Foster Care', 'Students with Disabilities']
2025-03-03 04:00:18,418 - INFO - ------- extracting sheet 'EnrollmentByRacialEthnicGroup' -------
2025-03-03 04:00:18,494 - INFO - EnrollmentByRacialEthnicGroup schema --- ['CountyCode', 'DistrictCode', 'SchoolCode', 'American Indian or Alaska Native', 'Asian', 'Black or African American', 'Hispanic', 'Native Hawaiian or Pacific Islander', 'Two or More Races', 'White']
2025-03-03 04:00:18,495 - INFO - ------- extracting sheet 'EnrollmentByHomeLanguage' -------
2025-03-03 04:00:18,593 - INFO - EnrollmentByHomeLanguage schema --- ['CountyCode', 'DistrictCode', 'SchoolCode', 'HomeLanguage', '%OfStudents']
2025-03-03 04:00:18,593 - INFO - ------- joining the sheets -------
2025-03-03 04:00:18,593 - INFO - ------- extracting 2020-2021 academic year data -------
2025-03-03 04:00:18,593 - INFO - ------- extracting sheet 'Header and Contact' -------
2025-03-03 04:00:18,683 - INFO - Header and Contact schema --- ['COUNTY_CODE', 'DISTRICT_CODE', 'SCHOOL_CODE', 'COUNTY_NAME', 'DISTRICT_NAME', 'SCHOOL_NAME', 'ADDRESS', 'CITY_STATE_ZIP']
2025-03-03 04:00:18,683 - INFO - ------- extracting sheet 'EnrollmentTrendsbyGrade' -------
2025-03-03 04:00:18,765 - INFO - EnrollmentTrendsbyGrade schema --- ['CountyCode', 'DistrictCode', 'SchoolCode', 'Grade06', 'Grade07', 'Grade08', 'Grade09', 'Grade10', 'Grade11', 'Grade12']
2025-03-03 04:00:18,765 - INFO - ------- extracting sheet 'EnrollmentTrendsByStudentGroup' -------
2025-03-03 04:00:18,842 - INFO - EnrollmentTrendsByStudentGroup schema --- ['CountyCode', 'DistrictCode', 'SchoolCode', 'Economically Disadvantaged Students', 'English Learners', 'Female', 'Homeless Students', 'Male', 'Migrant Students', 'Military-Connected Students', 'Students in Foster Care', 'Students with Disabilities']
2025-03-03 04:00:18,842 - INFO - ------- extracting sheet 'EnrollmentByRacialEthnicGroup' -------
2025-03-03 04:00:18,965 - INFO - EnrollmentByRacialEthnicGroup schema --- ['CountyCode', 'DistrictCode', 'SchoolCode', 'American Indian or Alaska Native', 'Asian', 'Black or African American', 'Hispanic', 'Native Hawaiian or Pacific Islander', 'Two or More Races', 'White']
2025-03-03 04:00:18,965 - INFO - ------- extracting sheet 'EnrollmentByHomeLanguage' -------
2025-03-03 04:00:19,066 - INFO - EnrollmentByHomeLanguage schema --- ['CountyCode', 'DistrictCode', 'SchoolCode', 'HomeLanguage', '%OfStudents']
2025-03-03 04:00:19,066 - INFO - ------- joining the sheets -------
2025-03-03 04:00:19,066 - INFO - ------- extracting 2021-2022 academic year data -------
2025-03-03 04:00:19,066 - INFO - ------- extracting sheet 'Header and Contact' -------
2025-03-03 04:00:19,159 - INFO - Header and Contact schema --- ['COUNTY_CODE', 'DISTRICT_CODE', 'SCHOOL_CODE', 'COUNTY_NAME', 'DISTRICT_NAME', 'SCHOOL_NAME', 'ADDRESS', 'CITY_STATE_ZIP']
2025-03-03 04:00:19,159 - INFO - ------- extracting sheet 'EnrollmentTrendsbyGrade' -------
2025-03-03 04:00:19,246 - INFO - EnrollmentTrendsbyGrade schema --- ['CountyCode', 'DistrictCode', 'SchoolCode', 'Grade06', 'Grade07', 'Grade08', 'Grade09', 'Grade10', 'Grade11', 'Grade12']
2025-03-03 04:00:19,246 - INFO - ------- extracting sheet 'EnrollmentTrendsByStudentGroup' -------
2025-03-03 04:00:19,327 - INFO - EnrollmentTrendsByStudentGroup schema --- ['CountyCode', 'DistrictCode', 'SchoolCode', 'Economically Disadvantaged Students', 'English Learners', 'Female', 'Homeless Students', 'Male', 'Migrant Students', 'Military-Connected Students', 'Students in Foster Care', 'Students with Disabilities']
2025-03-03 04:00:19,327 - INFO - ------- extracting sheet 'EnrollmentByRacialEthnicGroup' -------
2025-03-03 04:00:19,403 - INFO - EnrollmentByRacialEthnicGroup schema --- ['CountyCode', 'DistrictCode', 'SchoolCode', 'American Indian or Alaska Native', 'Asian', 'Black or African American', 'Hispanic', 'Native Hawaiian or Pacific Islander', 'Two or More Races', 'White']
2025-03-03 04:00:19,403 - INFO - ------- extracting sheet 'EnrollmentByHomeLanguage' -------
2025-03-03 04:00:19,508 - INFO - EnrollmentByHomeLanguage schema --- ['CountyCode', 'DistrictCode', 'SchoolCode', 'HomeLanguage', '%OfStudents']
2025-03-03 04:00:19,508 - INFO - ------- joining the sheets -------
2025-03-03 04:00:19,508 - INFO - ------- extracting 2022-2023 academic year data -------
2025-03-03 04:00:19,508 - INFO - ------- extracting sheet 'Header and Contact' -------
2025-03-03 04:00:19,605 - INFO - Header and Contact schema --- ['COUNTY_CODE', 'DISTRICT_CODE', 'SCHOOL_CODE', 'COUNTY_NAME', 'DISTRICT_NAME', 'SCHOOL_NAME', 'ADDRESS', 'CITY_STATE_ZIP']
2025-03-03 04:00:19,605 - INFO - ------- extracting sheet 'EnrollmentTrendsbyGrade' -------
2025-03-03 04:00:19,693 - INFO - EnrollmentTrendsbyGrade schema --- ['CountyCode', 'DistrictCode', 'SchoolCode', 'Grade06', 'Grade07', 'Grade08', 'Grade09', 'Grade10', 'Grade11', 'Grade12']
2025-03-03 04:00:19,693 - INFO - ------- extracting sheet 'EnrollmentTrendsByStudentGroup' -------
2025-03-03 04:00:19,778 - INFO - EnrollmentTrendsByStudentGroup schema --- ['CountyCode', 'DistrictCode', 'SchoolCode', 'Economically Disadvantaged Students', 'English Learners', 'Female', 'Homeless Students', 'Male', 'Migrant Students', 'Military-Connected Students', 'Students in Foster Care', 'Students with Disabilities']
2025-03-03 04:00:19,778 - INFO - ------- extracting sheet 'EnrollmentByRacialEthnicGroup' -------
2025-03-03 04:00:19,858 - INFO - EnrollmentByRacialEthnicGroup schema --- ['CountyCode', 'DistrictCode', 'SchoolCode', 'American Indian or Alaska Native', 'Asian', 'Black or African American', 'Hispanic', 'Native Hawaiian or Pacific Islander', 'Two or More Races', 'White']
2025-03-03 04:00:19,858 - INFO - ------- extracting sheet 'EnrollmentByHomeLanguage' -------
2025-03-03 04:00:19,970 - INFO - EnrollmentByHomeLanguage schema --- ['CountyCode', 'DistrictCode', 'SchoolCode', 'HomeLanguage', '%OfStudents']
2025-03-03 04:00:19,970 - INFO - ------- joining the sheets -------
2025-03-03 04:00:19,970 - INFO - ------- merging all academic years data -------
2025-03-03 04:00:36,782 - INFO - ------- extracting 2018-2019 academic year data -------
2025-03-03 04:00:36,782 - INFO - ------- extracting sheet 'Header and Contact' -------
2025-03-03 04:00:36,911 - INFO - Header and Contact schema --- ['county_code', 'district_code', 'school_code', 'county_name', 'district_name', 'school_name', 'address', 'city_state_zip']
2025-03-03 04:00:36,912 - INFO - ------- extracting sheet 'EnrollmentTrendsbyGrade' -------
2025-03-03 04:00:36,994 - INFO - EnrollmentTrendsbyGrade schema --- ['county_code', 'district_code', 'school_code', 'grade06', 'grade07', 'grade08', 'grade09', 'grade10', 'grade11', 'grade12']
2025-03-03 04:00:36,994 - INFO - ------- extracting sheet 'EnrollmentTrendsByStudentGroup' -------
2025-03-03 04:00:37,069 - INFO - EnrollmentTrendsByStudentGroup schema --- ['county_code', 'district_code', 'school_code', 'economically_disadvantaged', 'english_learners', 'female', 'homeless', 'male', 'migrant', 'military_connected', 'in_foster_care', 'with_disabilities']
2025-03-03 04:00:37,069 - INFO - ------- extracting sheet 'EnrollmentByRacialEthnicGroup' -------
2025-03-03 04:00:37,140 - INFO - EnrollmentByRacialEthnicGroup schema --- ['county_code', 'district_code', 'school_code', 'american_indian_or_alaska_native', 'asian', 'black_or_african_american', 'hispanic', 'native_hawaiian_or_pacific_islander', 'two_or_more_races', 'white']
2025-03-03 04:00:37,140 - INFO - ------- extracting sheet 'EnrollmentByHomeLanguage' -------
2025-03-03 04:00:37,263 - INFO - EnrollmentByHomeLanguage schema --- ['county_code', 'district_code', 'school_code', 'home_language', 'pct_of_students']
2025-03-03 04:00:37,263 - INFO - ------- joining the sheets -------
2025-03-03 04:00:37,263 - INFO - ------- extracting 2019-2020 academic year data -------
2025-03-03 04:00:37,264 - INFO - ------- extracting sheet 'Header and Contact' -------
2025-03-03 04:00:37,344 - INFO - Header and Contact schema --- ['county_code', 'district_code', 'school_code', 'county_name', 'district_name', 'school_name', 'address', 'city_state_zip']
2025-03-03 04:00:37,344 - INFO - ------- extracting sheet 'EnrollmentTrendsbyGrade' -------
2025-03-03 04:00:37,428 - INFO - EnrollmentTrendsbyGrade schema --- ['county_code', 'district_code', 'school_code', 'grade06', 'grade07', 'grade08', 'grade09', 'grade10', 'grade11', 'grade12']
2025-03-03 04:00:37,428 - INFO - ------- extracting sheet 'EnrollmentTrendsByStudentGroup' -------
2025-03-03 04:00:37,503 - INFO - EnrollmentTrendsByStudentGroup schema --- ['county_code', 'district_code', 'school_code', 'economically_disadvantaged', 'english_learners', 'female', 'homeless', 'male', 'migrant', 'military_connected', 'in_foster_care', 'with_disabilities']
2025-03-03 04:00:37,503 - INFO - ------- extracting sheet 'EnrollmentByRacialEthnicGroup' -------
2025-03-03 04:00:37,576 - INFO - EnrollmentByRacialEthnicGroup schema --- ['county_code', 'district_code', 'school_code', 'american_indian_or_alaska_native', 'asian', 'black_or_african_american', 'hispanic', 'native_hawaiian_or_pacific_islander', 'two_or_more_races', 'white']
2025-03-03 04:00:37,577 - INFO - ------- extracting sheet 'EnrollmentByHomeLanguage' -------
2025-03-03 04:00:37,672 - INFO - EnrollmentByHomeLanguage schema --- ['county_code', 'district_code', 'school_code', 'home_language', 'pct_of_students']
2025-03-03 04:00:37,673 - INFO - ------- joining the sheets -------
2025-03-03 04:00:37,673 - INFO - ------- extracting 2020-2021 academic year data -------
2025-03-03 04:00:37,673 - INFO - ------- extracting sheet 'Header and Contact' -------
2025-03-03 04:00:37,758 - INFO - Header and Contact schema --- ['county_code', 'district_code', 'school_code', 'county_name', 'district_name', 'school_name', 'address', 'city_state_zip']
2025-03-03 04:00:37,758 - INFO - ------- extracting sheet 'EnrollmentTrendsbyGrade' -------
2025-03-03 04:00:37,840 - INFO - EnrollmentTrendsbyGrade schema --- ['county_code', 'district_code', 'school_code', 'grade06', 'grade07', 'grade08', 'grade09', 'grade10', 'grade11', 'grade12']
2025-03-03 04:00:37,840 - INFO - ------- extracting sheet 'EnrollmentTrendsByStudentGroup' -------
2025-03-03 04:00:37,916 - INFO - EnrollmentTrendsByStudentGroup schema --- ['county_code', 'district_code', 'school_code', 'economically_disadvantaged', 'english_learners', 'female', 'homeless', 'male', 'migrant', 'military_connected', 'in_foster_care', 'with_disabilities']
2025-03-03 04:00:37,916 - INFO - ------- extracting sheet 'EnrollmentByRacialEthnicGroup' -------
2025-03-03 04:00:37,991 - INFO - EnrollmentByRacialEthnicGroup schema --- ['county_code', 'district_code', 'school_code', 'american_indian_or_alaska_native', 'asian', 'black_or_african_american', 'hispanic', 'native_hawaiian_or_pacific_islander', 'two_or_more_races', 'white']
2025-03-03 04:00:37,991 - INFO - ------- extracting sheet 'EnrollmentByHomeLanguage' -------
2025-03-03 04:00:38,088 - INFO - EnrollmentByHomeLanguage schema --- ['county_code', 'district_code', 'school_code', 'home_language', 'pct_of_students']
2025-03-03 04:00:38,088 - INFO - ------- joining the sheets -------
2025-03-03 04:00:38,089 - INFO - ------- extracting 2021-2022 academic year data -------
2025-03-03 04:00:38,089 - INFO - ------- extracting sheet 'Header and Contact' -------
2025-03-03 04:00:38,180 - INFO - Header and Contact schema --- ['county_code', 'district_code', 'school_code', 'county_name', 'district_name', 'school_name', 'address', 'city_state_zip']
2025-03-03 04:00:38,180 - INFO - ------- extracting sheet 'EnrollmentTrendsbyGrade' -------
2025-03-03 04:00:38,265 - INFO - EnrollmentTrendsbyGrade schema --- ['county_code', 'district_code', 'school_code', 'grade06', 'grade07', 'grade08', 'grade09', 'grade10', 'grade11', 'grade12']
2025-03-03 04:00:38,265 - INFO - ------- extracting sheet 'EnrollmentTrendsByStudentGroup' -------
2025-03-03 04:00:38,346 - INFO - EnrollmentTrendsByStudentGroup schema --- ['county_code', 'district_code', 'school_code', 'economically_disadvantaged', 'english_learners', 'female', 'homeless', 'male', 'migrant', 'military_connected', 'in_foster_care', 'with_disabilities']
2025-03-03 04:00:38,346 - INFO - ------- extracting sheet 'EnrollmentByRacialEthnicGroup' -------
2025-03-03 04:00:38,422 - INFO - EnrollmentByRacialEthnicGroup schema --- ['county_code', 'district_code', 'school_code', 'american_indian_or_alaska_native', 'asian', 'black_or_african_american', 'hispanic', 'native_hawaiian_or_pacific_islander', 'two_or_more_races', 'white']
2025-03-03 04:00:38,422 - INFO - ------- extracting sheet 'EnrollmentByHomeLanguage' -------
2025-03-03 04:00:38,528 - INFO - EnrollmentByHomeLanguage schema --- ['county_code', 'district_code', 'school_code', 'home_language', 'pct_of_students']
2025-03-03 04:00:38,528 - INFO - ------- joining the sheets -------
2025-03-03 04:00:38,528 - INFO - ------- extracting 2022-2023 academic year data -------
2025-03-03 04:00:38,528 - INFO - ------- extracting sheet 'Header and Contact' -------
2025-03-03 04:00:38,623 - INFO - Header and Contact schema --- ['county_code', 'district_code', 'school_code', 'county_name', 'district_name', 'school_name', 'address', 'city_state_zip']
2025-03-03 04:00:38,623 - INFO - ------- extracting sheet 'EnrollmentTrendsbyGrade' -------
2025-03-03 04:00:38,710 - INFO - EnrollmentTrendsbyGrade schema --- ['county_code', 'district_code', 'school_code', 'grade06', 'grade07', 'grade08', 'grade09', 'grade10', 'grade11', 'grade12']
2025-03-03 04:00:38,710 - INFO - ------- extracting sheet 'EnrollmentTrendsByStudentGroup' -------
2025-03-03 04:00:38,793 - INFO - EnrollmentTrendsByStudentGroup schema --- ['county_code', 'district_code', 'school_code', 'economically_disadvantaged', 'english_learners', 'female', 'homeless', 'male', 'migrant', 'military_connected', 'in_foster_care', 'with_disabilities']
2025-03-03 04:00:38,793 - INFO - ------- extracting sheet 'EnrollmentByRacialEthnicGroup' -------
2025-03-03 04:00:38,871 - INFO - EnrollmentByRacialEthnicGroup schema --- ['county_code', 'district_code', 'school_code', 'american_indian_or_alaska_native', 'asian', 'black_or_african_american', 'hispanic', 'native_hawaiian_or_pacific_islander', 'two_or_more_races', 'white']
2025-03-03 04:00:38,871 - INFO - ------- extracting sheet 'EnrollmentByHomeLanguage' -------
2025-03-03 04:00:38,976 - INFO - EnrollmentByHomeLanguage schema --- ['county_code', 'district_code', 'school_code', 'home_language', 'pct_of_students']
2025-03-03 04:00:38,976 - INFO - ------- joining the sheets -------
2025-03-03 04:00:38,976 - INFO - ------- merging all academic years data -------
2025-03-03 04:03:31,949 - INFO - ------- extracting 2018-2019 academic year data -------
2025-03-03 04:03:31,950 - INFO - ------- extracting sheet 'Header and Contact' -------
2025-03-03 04:03:32,105 - INFO - Header and Contact schema --- ['county_code', 'district_code', 'school_code', 'county_name', 'district_name', 'school_name', 'address', 'city_state_zip']
2025-03-03 04:03:32,105 - INFO - ------- extracting sheet 'EnrollmentTrendsbyGrade' -------
2025-03-03 04:03:32,188 - INFO - EnrollmentTrendsbyGrade schema --- ['county_code', 'district_code', 'school_code', 'grade06', 'grade07', 'grade08', 'grade09', 'grade10', 'grade11', 'grade12']
2025-03-03 04:03:32,188 - INFO - ------- extracting sheet 'EnrollmentTrendsByStudentGroup' -------
2025-03-03 04:03:32,270 - INFO - EnrollmentTrendsByStudentGroup schema --- ['county_code', 'district_code', 'school_code', 'economically_disadvantaged', 'english_learners', 'female', 'homeless', 'male', 'migrant', 'military_connected', 'in_foster_care', 'with_disabilities']
2025-03-03 04:03:32,270 - INFO - ------- extracting sheet 'EnrollmentByRacialEthnicGroup' -------
2025-03-03 04:03:32,343 - INFO - EnrollmentByRacialEthnicGroup schema --- ['county_code', 'district_code', 'school_code', 'american_indian_or_alaska_native', 'asian', 'black_or_african_american', 'hispanic', 'native_hawaiian_or_pacific_islander', 'two_or_more_races', 'white']
2025-03-03 04:03:32,343 - INFO - ------- extracting sheet 'EnrollmentByHomeLanguage' -------
2025-03-03 04:03:32,453 - INFO - EnrollmentByHomeLanguage schema --- ['county_code', 'district_code', 'school_code', 'home_language', 'pct_of_students']
2025-03-03 04:03:32,453 - INFO - ------- joining the sheets -------
2025-03-03 04:03:32,454 - INFO - ------- extracting 2019-2020 academic year data -------
2025-03-03 04:03:32,454 - INFO - ------- extracting sheet 'Header and Contact' -------
2025-03-03 04:03:32,536 - INFO - Header and Contact schema --- ['county_code', 'district_code', 'school_code', 'county_name', 'district_name', 'school_name', 'address', 'city_state_zip']
2025-03-03 04:03:32,536 - INFO - ------- extracting sheet 'EnrollmentTrendsbyGrade' -------
2025-03-03 04:03:32,622 - INFO - EnrollmentTrendsbyGrade schema --- ['county_code', 'district_code', 'school_code', 'grade06', 'grade07', 'grade08', 'grade09', 'grade10', 'grade11', 'grade12']
2025-03-03 04:03:32,622 - INFO - ------- extracting sheet 'EnrollmentTrendsByStudentGroup' -------
2025-03-03 04:03:32,735 - INFO - EnrollmentTrendsByStudentGroup schema --- ['county_code', 'district_code', 'school_code', 'economically_disadvantaged', 'english_learners', 'female', 'homeless', 'male', 'migrant', 'military_connected', 'in_foster_care', 'with_disabilities']
2025-03-03 04:03:32,735 - INFO - ------- extracting sheet 'EnrollmentByRacialEthnicGroup' -------
2025-03-03 04:03:32,808 - INFO - EnrollmentByRacialEthnicGroup schema --- ['county_code', 'district_code', 'school_code', 'american_indian_or_alaska_native', 'asian', 'black_or_african_american', 'hispanic', 'native_hawaiian_or_pacific_islander', 'two_or_more_races', 'white']
2025-03-03 04:03:32,808 - INFO - ------- extracting sheet 'EnrollmentByHomeLanguage' -------
2025-03-03 04:03:32,909 - INFO - EnrollmentByHomeLanguage schema --- ['county_code', 'district_code', 'school_code', 'home_language', 'pct_of_students']
2025-03-03 04:03:32,909 - INFO - ------- joining the sheets -------
2025-03-03 04:03:32,909 - INFO - ------- extracting 2020-2021 academic year data -------
2025-03-03 04:03:32,910 - INFO - ------- extracting sheet 'Header and Contact' -------
2025-03-03 04:03:32,996 - INFO - Header and Contact schema --- ['county_code', 'district_code', 'school_code', 'county_name', 'district_name', 'school_name', 'address', 'city_state_zip']
2025-03-03 04:03:32,996 - INFO - ------- extracting sheet 'EnrollmentTrendsbyGrade' -------
2025-03-03 04:03:33,077 - INFO - EnrollmentTrendsbyGrade schema --- ['county_code', 'district_code', 'school_code', 'grade06', 'grade07', 'grade08', 'grade09', 'grade10', 'grade11', 'grade12']
2025-03-03 04:03:33,077 - INFO - ------- extracting sheet 'EnrollmentTrendsByStudentGroup' -------
2025-03-03 04:03:33,156 - INFO - EnrollmentTrendsByStudentGroup schema --- ['county_code', 'district_code', 'school_code', 'economically_disadvantaged', 'english_learners', 'female', 'homeless', 'male', 'migrant', 'military_connected', 'in_foster_care', 'with_disabilities']
2025-03-03 04:03:33,156 - INFO - ------- extracting sheet 'EnrollmentByRacialEthnicGroup' -------
2025-03-03 04:03:33,228 - INFO - EnrollmentByRacialEthnicGroup schema --- ['county_code', 'district_code', 'school_code', 'american_indian_or_alaska_native', 'asian', 'black_or_african_american', 'hispanic', 'native_hawaiian_or_pacific_islander', 'two_or_more_races', 'white']
2025-03-03 04:03:33,228 - INFO - ------- extracting sheet 'EnrollmentByHomeLanguage' -------
2025-03-03 04:03:33,326 - INFO - EnrollmentByHomeLanguage schema --- ['county_code', 'district_code', 'school_code', 'home_language', 'pct_of_students']
2025-03-03 04:03:33,326 - INFO - ------- joining the sheets -------
2025-03-03 04:03:33,326 - INFO - ------- extracting 2021-2022 academic year data -------
2025-03-03 04:03:33,326 - INFO - ------- extracting sheet 'Header and Contact' -------
2025-03-03 04:03:33,418 - INFO - Header and Contact schema --- ['county_code', 'district_code', 'school_code', 'county_name', 'district_name', 'school_name', 'address', 'city_state_zip']
2025-03-03 04:03:33,418 - INFO - ------- extracting sheet 'EnrollmentTrendsbyGrade' -------
2025-03-03 04:03:33,508 - INFO - EnrollmentTrendsbyGrade schema --- ['county_code', 'district_code', 'school_code', 'grade06', 'grade07', 'grade08', 'grade09', 'grade10', 'grade11', 'grade12']
2025-03-03 04:03:33,508 - INFO - ------- extracting sheet 'EnrollmentTrendsByStudentGroup' -------
2025-03-03 04:03:33,589 - INFO - EnrollmentTrendsByStudentGroup schema --- ['county_code', 'district_code', 'school_code', 'economically_disadvantaged', 'english_learners', 'female', 'homeless', 'male', 'migrant', 'military_connected', 'in_foster_care', 'with_disabilities']
2025-03-03 04:03:33,590 - INFO - ------- extracting sheet 'EnrollmentByRacialEthnicGroup' -------
2025-03-03 04:03:33,666 - INFO - EnrollmentByRacialEthnicGroup schema --- ['county_code', 'district_code', 'school_code', 'american_indian_or_alaska_native', 'asian', 'black_or_african_american', 'hispanic', 'native_hawaiian_or_pacific_islander', 'two_or_more_races', 'white']
2025-03-03 04:03:33,666 - INFO - ------- extracting sheet 'EnrollmentByHomeLanguage' -------
2025-03-03 04:03:33,771 - INFO - EnrollmentByHomeLanguage schema --- ['county_code', 'district_code', 'school_code', 'home_language', 'pct_of_students']
2025-03-03 04:03:33,771 - INFO - ------- joining the sheets -------
2025-03-03 04:03:33,771 - INFO - ------- extracting 2022-2023 academic year data -------
2025-03-03 04:03:33,771 - INFO - ------- extracting sheet 'Header and Contact' -------
2025-03-03 04:03:33,865 - INFO - Header and Contact schema --- ['county_code', 'district_code', 'school_code', 'county_name', 'district_name', 'school_name', 'address', 'city_state_zip']
2025-03-03 04:03:33,865 - INFO - ------- extracting sheet 'EnrollmentTrendsbyGrade' -------
2025-03-03 04:03:33,951 - INFO - EnrollmentTrendsbyGrade schema --- ['county_code', 'district_code', 'school_code', 'grade06', 'grade07', 'grade08', 'grade09', 'grade10', 'grade11', 'grade12']
2025-03-03 04:03:33,952 - INFO - ------- extracting sheet 'EnrollmentTrendsByStudentGroup' -------
2025-03-03 04:03:34,034 - INFO - EnrollmentTrendsByStudentGroup schema --- ['county_code', 'district_code', 'school_code', 'economically_disadvantaged', 'english_learners', 'female', 'homeless', 'male', 'migrant', 'military_connected', 'in_foster_care', 'with_disabilities']
2025-03-03 04:03:34,034 - INFO - ------- extracting sheet 'EnrollmentByRacialEthnicGroup' -------
2025-03-03 04:03:34,112 - INFO - EnrollmentByRacialEthnicGroup schema --- ['county_code', 'district_code', 'school_code', 'american_indian_or_alaska_native', 'asian', 'black_or_african_american', 'hispanic', 'native_hawaiian_or_pacific_islander', 'two_or_more_races', 'white']
2025-03-03 04:03:34,113 - INFO - ------- extracting sheet 'EnrollmentByHomeLanguage' -------
2025-03-03 04:03:34,218 - INFO - EnrollmentByHomeLanguage schema --- ['county_code', 'district_code', 'school_code', 'home_language', 'pct_of_students']
2025-03-03 04:03:34,219 - INFO - ------- joining the sheets -------
2025-03-03 04:03:34,219 - INFO - ------- merging all academic years data -------
2025-03-03 04:08:14,314 - INFO - ------- extracting 2018-2019 academic year data -------
2025-03-03 04:08:14,314 - INFO - ------- extracting sheet 'Header and Contact' -------
2025-03-03 04:08:14,447 - INFO - Header and Contact schema --- ['county_code', 'district_code', 'school_code', 'county_name', 'district_name', 'school_name', 'address', 'city_state_zip']
2025-03-03 04:08:14,448 - INFO - ------- extracting sheet 'EnrollmentTrendsbyGrade' -------
2025-03-03 04:08:14,530 - INFO - EnrollmentTrendsbyGrade schema --- ['county_code', 'district_code', 'school_code', 'grade06', 'grade07', 'grade08', 'grade09', 'grade10', 'grade11', 'grade12']
2025-03-03 04:08:14,530 - INFO - ------- extracting sheet 'EnrollmentTrendsByStudentGroup' -------
2025-03-03 04:08:14,606 - INFO - EnrollmentTrendsByStudentGroup schema --- ['county_code', 'district_code', 'school_code', 'economically_disadvantaged', 'english_learners', 'female', 'homeless', 'male', 'migrant', 'military_connected', 'in_foster_care', 'with_disabilities']
2025-03-03 04:08:14,606 - INFO - ------- extracting sheet 'EnrollmentByRacialEthnicGroup' -------
2025-03-03 04:08:14,684 - INFO - EnrollmentByRacialEthnicGroup schema --- ['county_code', 'district_code', 'school_code', 'american_indian_or_alaska_native', 'asian', 'black_or_african_american', 'hispanic', 'native_hawaiian_or_pacific_islander', 'two_or_more_races', 'white']
2025-03-03 04:08:14,684 - INFO - ------- extracting sheet 'EnrollmentByHomeLanguage' -------
2025-03-03 04:08:14,784 - INFO - EnrollmentByHomeLanguage schema --- ['county_code', 'district_code', 'school_code', 'home_language', 'pct_of_students']
2025-03-03 04:08:14,784 - INFO - ------- joining the sheets -------
2025-03-03 04:08:14,791 - INFO - ------- extracting 2019-2020 academic year data -------
2025-03-03 04:08:14,792 - INFO - ------- extracting sheet 'Header and Contact' -------
2025-03-03 04:08:14,886 - INFO - Header and Contact schema --- ['county_code', 'district_code', 'school_code', 'county_name', 'district_name', 'school_name', 'address', 'city_state_zip']
2025-03-03 04:08:14,886 - INFO - ------- extracting sheet 'EnrollmentTrendsbyGrade' -------
2025-03-03 04:08:14,978 - INFO - EnrollmentTrendsbyGrade schema --- ['county_code', 'district_code', 'school_code', 'grade06', 'grade07', 'grade08', 'grade09', 'grade10', 'grade11', 'grade12']
2025-03-03 04:08:14,978 - INFO - ------- extracting sheet 'EnrollmentTrendsByStudentGroup' -------
2025-03-03 04:08:15,058 - INFO - EnrollmentTrendsByStudentGroup schema --- ['county_code', 'district_code', 'school_code', 'economically_disadvantaged', 'english_learners', 'female', 'homeless', 'male', 'migrant', 'military_connected', 'in_foster_care', 'with_disabilities']
2025-03-03 04:08:15,058 - INFO - ------- extracting sheet 'EnrollmentByRacialEthnicGroup' -------
2025-03-03 04:08:15,132 - INFO - EnrollmentByRacialEthnicGroup schema --- ['county_code', 'district_code', 'school_code', 'american_indian_or_alaska_native', 'asian', 'black_or_african_american', 'hispanic', 'native_hawaiian_or_pacific_islander', 'two_or_more_races', 'white']
2025-03-03 04:08:15,132 - INFO - ------- extracting sheet 'EnrollmentByHomeLanguage' -------
2025-03-03 04:08:15,229 - INFO - EnrollmentByHomeLanguage schema --- ['county_code', 'district_code', 'school_code', 'home_language', 'pct_of_students']
2025-03-03 04:08:15,229 - INFO - ------- joining the sheets -------
2025-03-03 04:08:15,229 - INFO - ------- extracting 2020-2021 academic year data -------
2025-03-03 04:08:15,229 - INFO - ------- extracting sheet 'Header and Contact' -------
2025-03-03 04:08:15,314 - INFO - Header and Contact schema --- ['county_code', 'district_code', 'school_code', 'county_name', 'district_name', 'school_name', 'address', 'city_state_zip']
2025-03-03 04:08:15,314 - INFO - ------- extracting sheet 'EnrollmentTrendsbyGrade' -------
2025-03-03 04:08:15,396 - INFO - EnrollmentTrendsbyGrade schema --- ['county_code', 'district_code', 'school_code', 'grade06', 'grade07', 'grade08', 'grade09', 'grade10', 'grade11', 'grade12']
2025-03-03 04:08:15,396 - INFO - ------- extracting sheet 'EnrollmentTrendsByStudentGroup' -------
2025-03-03 04:08:15,475 - INFO - EnrollmentTrendsByStudentGroup schema --- ['county_code', 'district_code', 'school_code', 'economically_disadvantaged', 'english_learners', 'female', 'homeless', 'male', 'migrant', 'military_connected', 'in_foster_care', 'with_disabilities']
2025-03-03 04:08:15,475 - INFO - ------- extracting sheet 'EnrollmentByRacialEthnicGroup' -------
2025-03-03 04:08:15,550 - INFO - EnrollmentByRacialEthnicGroup schema --- ['county_code', 'district_code', 'school_code', 'american_indian_or_alaska_native', 'asian', 'black_or_african_american', 'hispanic', 'native_hawaiian_or_pacific_islander', 'two_or_more_races', 'white']
2025-03-03 04:08:15,550 - INFO - ------- extracting sheet 'EnrollmentByHomeLanguage' -------
2025-03-03 04:08:15,650 - INFO - EnrollmentByHomeLanguage schema --- ['county_code', 'district_code', 'school_code', 'home_language', 'pct_of_students']
2025-03-03 04:08:15,650 - INFO - ------- joining the sheets -------
2025-03-03 04:08:15,650 - INFO - ------- extracting 2021-2022 academic year data -------
2025-03-03 04:08:15,650 - INFO - ------- extracting sheet 'Header and Contact' -------
2025-03-03 04:08:15,741 - INFO - Header and Contact schema --- ['county_code', 'district_code', 'school_code', 'county_name', 'district_name', 'school_name', 'address', 'city_state_zip']
2025-03-03 04:08:15,741 - INFO - ------- extracting sheet 'EnrollmentTrendsbyGrade' -------
2025-03-03 04:08:15,828 - INFO - EnrollmentTrendsbyGrade schema --- ['county_code', 'district_code', 'school_code', 'grade06', 'grade07', 'grade08', 'grade09', 'grade10', 'grade11', 'grade12']
2025-03-03 04:08:15,828 - INFO - ------- extracting sheet 'EnrollmentTrendsByStudentGroup' -------
2025-03-03 04:08:15,910 - INFO - EnrollmentTrendsByStudentGroup schema --- ['county_code', 'district_code', 'school_code', 'economically_disadvantaged', 'english_learners', 'female', 'homeless', 'male', 'migrant', 'military_connected', 'in_foster_care', 'with_disabilities']
2025-03-03 04:08:15,910 - INFO - ------- extracting sheet 'EnrollmentByRacialEthnicGroup' -------
2025-03-03 04:08:15,989 - INFO - EnrollmentByRacialEthnicGroup schema --- ['county_code', 'district_code', 'school_code', 'american_indian_or_alaska_native', 'asian', 'black_or_african_american', 'hispanic', 'native_hawaiian_or_pacific_islander', 'two_or_more_races', 'white']
2025-03-03 04:08:15,989 - INFO - ------- extracting sheet 'EnrollmentByHomeLanguage' -------
2025-03-03 04:08:16,094 - INFO - EnrollmentByHomeLanguage schema --- ['county_code', 'district_code', 'school_code', 'home_language', 'pct_of_students']
2025-03-03 04:08:16,094 - INFO - ------- joining the sheets -------
2025-03-03 04:08:16,094 - INFO - ------- extracting 2022-2023 academic year data -------
2025-03-03 04:08:16,094 - INFO - ------- extracting sheet 'Header and Contact' -------
2025-03-03 04:08:16,223 - INFO - Header and Contact schema --- ['county_code', 'district_code', 'school_code', 'county_name', 'district_name', 'school_name', 'address', 'city_state_zip']
2025-03-03 04:08:16,223 - INFO - ------- extracting sheet 'EnrollmentTrendsbyGrade' -------
2025-03-03 04:08:16,313 - INFO - EnrollmentTrendsbyGrade schema --- ['county_code', 'district_code', 'school_code', 'grade06', 'grade07', 'grade08', 'grade09', 'grade10', 'grade11', 'grade12']
2025-03-03 04:08:16,314 - INFO - ------- extracting sheet 'EnrollmentTrendsByStudentGroup' -------
2025-03-03 04:08:16,398 - INFO - EnrollmentTrendsByStudentGroup schema --- ['county_code', 'district_code', 'school_code', 'economically_disadvantaged', 'english_learners', 'female', 'homeless', 'male', 'migrant', 'military_connected', 'in_foster_care', 'with_disabilities']
2025-03-03 04:08:16,398 - INFO - ------- extracting sheet 'EnrollmentByRacialEthnicGroup' -------
2025-03-03 04:08:16,481 - INFO - EnrollmentByRacialEthnicGroup schema --- ['county_code', 'district_code', 'school_code', 'american_indian_or_alaska_native', 'asian', 'black_or_african_american', 'hispanic', 'native_hawaiian_or_pacific_islander', 'two_or_more_races', 'white']
2025-03-03 04:08:16,481 - INFO - ------- extracting sheet 'EnrollmentByHomeLanguage' -------
2025-03-03 04:08:16,590 - INFO - EnrollmentByHomeLanguage schema --- ['county_code', 'district_code', 'school_code', 'home_language', 'pct_of_students']
2025-03-03 04:08:16,590 - INFO - ------- joining the sheets -------
2025-03-03 04:08:16,590 - INFO - ------- merging all academic years data -------
2025-03-03 04:08:55,887 - INFO - ------- extracting 2018-2019 academic year data -------
2025-03-03 04:08:55,888 - INFO - ------- extracting sheet 'Header and Contact' -------
2025-03-03 04:08:56,018 - INFO - Header and Contact schema --- ['county_code', 'district_code', 'school_code', 'county_name', 'district_name', 'school_name', 'address', 'city_state_zip']
2025-03-03 04:08:56,018 - INFO - ------- extracting sheet 'EnrollmentTrendsbyGrade' -------
2025-03-03 04:08:56,105 - INFO - EnrollmentTrendsbyGrade schema --- ['county_code', 'district_code', 'school_code', 'grade06', 'grade07', 'grade08', 'grade09', 'grade10', 'grade11', 'grade12']
2025-03-03 04:08:56,105 - INFO - ------- extracting sheet 'EnrollmentTrendsByStudentGroup' -------
2025-03-03 04:08:56,180 - INFO - EnrollmentTrendsByStudentGroup schema --- ['county_code', 'district_code', 'school_code', 'economically_disadvantaged', 'english_learners', 'female', 'homeless', 'male', 'migrant', 'military_connected', 'in_foster_care', 'with_disabilities']
2025-03-03 04:08:56,180 - INFO - ------- extracting sheet 'EnrollmentByRacialEthnicGroup' -------
2025-03-03 04:08:56,252 - INFO - EnrollmentByRacialEthnicGroup schema --- ['county_code', 'district_code', 'school_code', 'american_indian_or_alaska_native', 'asian', 'black_or_african_american', 'hispanic', 'native_hawaiian_or_pacific_islander', 'two_or_more_races', 'white']
2025-03-03 04:08:56,252 - INFO - ------- extracting sheet 'EnrollmentByHomeLanguage' -------
2025-03-03 04:08:56,356 - INFO - EnrollmentByHomeLanguage schema --- ['county_code', 'district_code', 'school_code', 'home_language', 'pct_of_students']
2025-03-03 04:08:56,356 - INFO - ------- joining the sheets -------
2025-03-03 04:08:56,357 - INFO - ------- extracting 2019-2020 academic year data -------
2025-03-03 04:08:56,357 - INFO - ------- extracting sheet 'Header and Contact' -------
2025-03-03 04:08:56,437 - INFO - Header and Contact schema --- ['county_code', 'district_code', 'school_code', 'county_name', 'district_name', 'school_name', 'address', 'city_state_zip']
2025-03-03 04:08:56,437 - INFO - ------- extracting sheet 'EnrollmentTrendsbyGrade' -------
2025-03-03 04:08:56,519 - INFO - EnrollmentTrendsbyGrade schema --- ['county_code', 'district_code', 'school_code', 'grade06', 'grade07', 'grade08', 'grade09', 'grade10', 'grade11', 'grade12']
2025-03-03 04:08:56,519 - INFO - ------- extracting sheet 'EnrollmentTrendsByStudentGroup' -------
2025-03-03 04:08:56,599 - INFO - EnrollmentTrendsByStudentGroup schema --- ['county_code', 'district_code', 'school_code', 'economically_disadvantaged', 'english_learners', 'female', 'homeless', 'male', 'migrant', 'military_connected', 'in_foster_care', 'with_disabilities']
2025-03-03 04:08:56,599 - INFO - ------- extracting sheet 'EnrollmentByRacialEthnicGroup' -------
2025-03-03 04:08:56,673 - INFO - EnrollmentByRacialEthnicGroup schema --- ['county_code', 'district_code', 'school_code', 'american_indian_or_alaska_native', 'asian', 'black_or_african_american', 'hispanic', 'native_hawaiian_or_pacific_islander', 'two_or_more_races', 'white']
2025-03-03 04:08:56,673 - INFO - ------- extracting sheet 'EnrollmentByHomeLanguage' -------
2025-03-03 04:08:56,773 - INFO - EnrollmentByHomeLanguage schema --- ['county_code', 'district_code', 'school_code', 'home_language', 'pct_of_students']
2025-03-03 04:08:56,773 - INFO - ------- joining the sheets -------
2025-03-03 04:08:56,773 - INFO - ------- extracting 2020-2021 academic year data -------
2025-03-03 04:08:56,773 - INFO - ------- extracting sheet 'Header and Contact' -------
2025-03-03 04:08:56,860 - INFO - Header and Contact schema --- ['county_code', 'district_code', 'school_code', 'county_name', 'district_name', 'school_name', 'address', 'city_state_zip']
2025-03-03 04:08:56,860 - INFO - ------- extracting sheet 'EnrollmentTrendsbyGrade' -------
2025-03-03 04:08:56,943 - INFO - EnrollmentTrendsbyGrade schema --- ['county_code', 'district_code', 'school_code', 'grade06', 'grade07', 'grade08', 'grade09', 'grade10', 'grade11', 'grade12']
2025-03-03 04:08:56,944 - INFO - ------- extracting sheet 'EnrollmentTrendsByStudentGroup' -------
2025-03-03 04:08:57,023 - INFO - EnrollmentTrendsByStudentGroup schema --- ['county_code', 'district_code', 'school_code', 'economically_disadvantaged', 'english_learners', 'female', 'homeless', 'male', 'migrant', 'military_connected', 'in_foster_care', 'with_disabilities']
2025-03-03 04:08:57,023 - INFO - ------- extracting sheet 'EnrollmentByRacialEthnicGroup' -------
2025-03-03 04:08:57,099 - INFO - EnrollmentByRacialEthnicGroup schema --- ['county_code', 'district_code', 'school_code', 'american_indian_or_alaska_native', 'asian', 'black_or_african_american', 'hispanic', 'native_hawaiian_or_pacific_islander', 'two_or_more_races', 'white']
2025-03-03 04:08:57,100 - INFO - ------- extracting sheet 'EnrollmentByHomeLanguage' -------
2025-03-03 04:08:57,197 - INFO - EnrollmentByHomeLanguage schema --- ['county_code', 'district_code', 'school_code', 'home_language', 'pct_of_students']
2025-03-03 04:08:57,197 - INFO - ------- joining the sheets -------
2025-03-03 04:08:57,197 - INFO - ------- extracting 2021-2022 academic year data -------
2025-03-03 04:08:57,198 - INFO - ------- extracting sheet 'Header and Contact' -------
2025-03-03 04:08:57,289 - INFO - Header and Contact schema --- ['county_code', 'district_code', 'school_code', 'county_name', 'district_name', 'school_name', 'address', 'city_state_zip']
2025-03-03 04:08:57,289 - INFO - ------- extracting sheet 'EnrollmentTrendsbyGrade' -------
2025-03-03 04:08:57,376 - INFO - EnrollmentTrendsbyGrade schema --- ['county_code', 'district_code', 'school_code', 'grade06', 'grade07', 'grade08', 'grade09', 'grade10', 'grade11', 'grade12']
2025-03-03 04:08:57,376 - INFO - ------- extracting sheet 'EnrollmentTrendsByStudentGroup' -------
2025-03-03 04:08:57,458 - INFO - EnrollmentTrendsByStudentGroup schema --- ['county_code', 'district_code', 'school_code', 'economically_disadvantaged', 'english_learners', 'female', 'homeless', 'male', 'migrant', 'military_connected', 'in_foster_care', 'with_disabilities']
2025-03-03 04:08:57,459 - INFO - ------- extracting sheet 'EnrollmentByRacialEthnicGroup' -------
2025-03-03 04:08:57,537 - INFO - EnrollmentByRacialEthnicGroup schema --- ['county_code', 'district_code', 'school_code', 'american_indian_or_alaska_native', 'asian', 'black_or_african_american', 'hispanic', 'native_hawaiian_or_pacific_islander', 'two_or_more_races', 'white']
2025-03-03 04:08:57,537 - INFO - ------- extracting sheet 'EnrollmentByHomeLanguage' -------
2025-03-03 04:08:57,648 - INFO - EnrollmentByHomeLanguage schema --- ['county_code', 'district_code', 'school_code', 'home_language', 'pct_of_students']
2025-03-03 04:08:57,648 - INFO - ------- joining the sheets -------
2025-03-03 04:08:57,648 - INFO - ------- extracting 2022-2023 academic year data -------
2025-03-03 04:08:57,648 - INFO - ------- extracting sheet 'Header and Contact' -------
2025-03-03 04:08:57,775 - INFO - Header and Contact schema --- ['county_code', 'district_code', 'school_code', 'county_name', 'district_name', 'school_name', 'address', 'city_state_zip']
2025-03-03 04:08:57,776 - INFO - ------- extracting sheet 'EnrollmentTrendsbyGrade' -------
2025-03-03 04:08:57,864 - INFO - EnrollmentTrendsbyGrade schema --- ['county_code', 'district_code', 'school_code', 'grade06', 'grade07', 'grade08', 'grade09', 'grade10', 'grade11', 'grade12']
2025-03-03 04:08:57,864 - INFO - ------- extracting sheet 'EnrollmentTrendsByStudentGroup' -------
2025-03-03 04:08:57,949 - INFO - EnrollmentTrendsByStudentGroup schema --- ['county_code', 'district_code', 'school_code', 'economically_disadvantaged', 'english_learners', 'female', 'homeless', 'male', 'migrant', 'military_connected', 'in_foster_care', 'with_disabilities']
2025-03-03 04:08:57,949 - INFO - ------- extracting sheet 'EnrollmentByRacialEthnicGroup' -------
2025-03-03 04:08:58,029 - INFO - EnrollmentByRacialEthnicGroup schema --- ['county_code', 'district_code', 'school_code', 'american_indian_or_alaska_native', 'asian', 'black_or_african_american', 'hispanic', 'native_hawaiian_or_pacific_islander', 'two_or_more_races', 'white']
2025-03-03 04:08:58,029 - INFO - ------- extracting sheet 'EnrollmentByHomeLanguage' -------
2025-03-03 04:08:58,135 - INFO - EnrollmentByHomeLanguage schema --- ['county_code', 'district_code', 'school_code', 'home_language', 'pct_of_students']
2025-03-03 04:08:58,135 - INFO - ------- joining the sheets -------
2025-03-03 04:08:58,135 - INFO - ------- merging all academic years data -------
2025-03-03 04:09:57,424 - INFO - ------- extracting 2018-2019 academic year data -------
2025-03-03 04:09:57,425 - INFO - ------- extracting sheet 'Header and Contact' -------
2025-03-03 04:09:57,573 - INFO - ------- extracting sheet 'EnrollmentTrendsbyGrade' -------
2025-03-03 04:09:57,652 - INFO - ------- extracting sheet 'EnrollmentTrendsByStudentGroup' -------
2025-03-03 04:09:57,733 - INFO - ------- extracting sheet 'EnrollmentByRacialEthnicGroup' -------
2025-03-03 04:09:57,812 - INFO - ------- extracting sheet 'EnrollmentByHomeLanguage' -------
2025-03-03 04:09:57,913 - INFO - ------- joining the sheets -------
2025-03-03 04:09:57,914 - INFO - ------- extracting 2019-2020 academic year data -------
2025-03-03 04:09:57,914 - INFO - ------- extracting sheet 'Header and Contact' -------
2025-03-03 04:09:57,995 - INFO - ------- extracting sheet 'EnrollmentTrendsbyGrade' -------
2025-03-03 04:09:58,077 - INFO - ------- extracting sheet 'EnrollmentTrendsByStudentGroup' -------
2025-03-03 04:09:58,155 - INFO - ------- extracting sheet 'EnrollmentByRacialEthnicGroup' -------
2025-03-03 04:09:58,229 - INFO - ------- extracting sheet 'EnrollmentByHomeLanguage' -------
2025-03-03 04:09:58,330 - INFO - ------- joining the sheets -------
2025-03-03 04:09:58,330 - INFO - ------- extracting 2020-2021 academic year data -------
2025-03-03 04:09:58,330 - INFO - ------- extracting sheet 'Header and Contact' -------
2025-03-03 04:09:58,416 - INFO - ------- extracting sheet 'EnrollmentTrendsbyGrade' -------
2025-03-03 04:09:58,499 - INFO - ------- extracting sheet 'EnrollmentTrendsByStudentGroup' -------
2025-03-03 04:09:58,581 - INFO - ------- extracting sheet 'EnrollmentByRacialEthnicGroup' -------
2025-03-03 04:09:58,655 - INFO - ------- extracting sheet 'EnrollmentByHomeLanguage' -------
2025-03-03 04:09:58,757 - INFO - ------- joining the sheets -------
2025-03-03 04:09:58,757 - INFO - ------- extracting 2021-2022 academic year data -------
2025-03-03 04:09:58,757 - INFO - ------- extracting sheet 'Header and Contact' -------
2025-03-03 04:09:58,857 - INFO - ------- extracting sheet 'EnrollmentTrendsbyGrade' -------
2025-03-03 04:09:58,946 - INFO - ------- extracting sheet 'EnrollmentTrendsByStudentGroup' -------
2025-03-03 04:09:59,030 - INFO - ------- extracting sheet 'EnrollmentByRacialEthnicGroup' -------
2025-03-03 04:09:59,109 - INFO - ------- extracting sheet 'EnrollmentByHomeLanguage' -------
2025-03-03 04:09:59,223 - INFO - ------- joining the sheets -------
2025-03-03 04:09:59,223 - INFO - ------- extracting 2022-2023 academic year data -------
2025-03-03 04:09:59,223 - INFO - ------- extracting sheet 'Header and Contact' -------
2025-03-03 04:09:59,319 - INFO - ------- extracting sheet 'EnrollmentTrendsbyGrade' -------
2025-03-03 04:09:59,410 - INFO - ------- extracting sheet 'EnrollmentTrendsByStudentGroup' -------
2025-03-03 04:09:59,496 - INFO - ------- extracting sheet 'EnrollmentByRacialEthnicGroup' -------
2025-03-03 04:09:59,581 - INFO - ------- extracting sheet 'EnrollmentByHomeLanguage' -------
2025-03-03 04:09:59,695 - INFO - ------- joining the sheets -------
2025-03-03 04:09:59,696 - INFO - ------- merging all academic years data -------
2025-03-03 04:13:04,190 - INFO - ------- extracting 2018-2019 academic year data -------
2025-03-03 04:13:04,191 - INFO - ------- extracting sheet 'Header and Contact' -------
2025-03-03 04:13:04,430 - INFO - ------- extracting sheet 'EnrollmentTrendsbyGrade' -------
2025-03-03 04:13:04,511 - INFO - ------- extracting sheet 'EnrollmentTrendsByStudentGroup' -------
2025-03-03 04:13:04,585 - INFO - ------- extracting sheet 'EnrollmentByRacialEthnicGroup' -------
2025-03-03 04:13:04,657 - INFO - ------- extracting sheet 'EnrollmentByHomeLanguage' -------
2025-03-03 04:13:04,756 - INFO - ------- joining the sheets -------
2025-03-03 04:13:04,757 - INFO - ------- extracting 2019-2020 academic year data -------
2025-03-03 04:13:04,757 - INFO - ------- extracting sheet 'Header and Contact' -------
2025-03-03 04:13:04,838 - INFO - ------- extracting sheet 'EnrollmentTrendsbyGrade' -------
2025-03-03 04:13:04,920 - INFO - ------- extracting sheet 'EnrollmentTrendsByStudentGroup' -------
2025-03-03 04:13:04,999 - INFO - ------- extracting sheet 'EnrollmentByRacialEthnicGroup' -------
2025-03-03 04:13:05,076 - INFO - ------- extracting sheet 'EnrollmentByHomeLanguage' -------
2025-03-03 04:13:05,174 - INFO - ------- joining the sheets -------
2025-03-03 04:13:05,175 - INFO - ------- extracting 2020-2021 academic year data -------
2025-03-03 04:13:05,175 - INFO - ------- extracting sheet 'Header and Contact' -------
2025-03-03 04:13:05,260 - INFO - ------- extracting sheet 'EnrollmentTrendsbyGrade' -------
2025-03-03 04:13:05,342 - INFO - ------- extracting sheet 'EnrollmentTrendsByStudentGroup' -------
2025-03-03 04:13:05,420 - INFO - ------- extracting sheet 'EnrollmentByRacialEthnicGroup' -------
2025-03-03 04:13:05,500 - INFO - ------- extracting sheet 'EnrollmentByHomeLanguage' -------
2025-03-03 04:13:05,600 - INFO - ------- joining the sheets -------
2025-03-03 04:13:05,600 - INFO - ------- extracting 2021-2022 academic year data -------
2025-03-03 04:13:05,600 - INFO - ------- extracting sheet 'Header and Contact' -------
2025-03-03 04:13:05,690 - INFO - ------- extracting sheet 'EnrollmentTrendsbyGrade' -------
2025-03-03 04:13:05,777 - INFO - ------- extracting sheet 'EnrollmentTrendsByStudentGroup' -------
2025-03-03 04:13:05,860 - INFO - ------- extracting sheet 'EnrollmentByRacialEthnicGroup' -------
2025-03-03 04:13:05,939 - INFO - ------- extracting sheet 'EnrollmentByHomeLanguage' -------
2025-03-03 04:13:06,048 - INFO - ------- joining the sheets -------
2025-03-03 04:13:06,049 - INFO - ------- extracting 2022-2023 academic year data -------
2025-03-03 04:13:06,049 - INFO - ------- extracting sheet 'Header and Contact' -------
2025-03-03 04:13:06,152 - INFO - ------- extracting sheet 'EnrollmentTrendsbyGrade' -------
2025-03-03 04:13:06,242 - INFO - ------- extracting sheet 'EnrollmentTrendsByStudentGroup' -------
2025-03-03 04:13:06,327 - INFO - ------- extracting sheet 'EnrollmentByRacialEthnicGroup' -------
2025-03-03 04:13:06,442 - INFO - ------- extracting sheet 'EnrollmentByHomeLanguage' -------
2025-03-03 04:13:06,550 - INFO - ------- joining the sheets -------
2025-03-03 04:13:06,550 - INFO - ------- merging all academic years data -------
2025-03-03 04:13:06,551 - INFO - ['county_name', 'district_name', 'school_name', 'address', 'city_state_zip', 'county_district_school_code', 'grade06', 'grade07', 'grade08', 'grade09', 'grade10', 'grade11', 'grade12', 'economically_disadvantaged', 'english_learners', 'female', 'homeless', 'male', 'migrant', 'military_connected', 'in_foster_care', 'with_disabilities', 'american_indian_or_alaska_native', 'asian', 'black_or_african_american', 'hispanic', 'native_hawaiian_or_pacific_islander', 'two_or_more_races', 'white', 'home_language', 'pct_of_students', 'academic_year']
2025-03-05 00:11:17,702 - INFO - ------- extracting 2018-2019 academic year data -------
2025-03-05 00:11:17,703 - INFO - ------- extracting sheet 'Header and Contact' -------
2025-03-05 00:11:18,021 - INFO - [String, String, String, String, String, String, String, String]
2025-03-05 00:11:35,168 - INFO - ------- extracting 2018-2019 academic year data -------
2025-03-05 00:11:35,169 - INFO - ------- extracting sheet 'Header and Contact' -------
2025-03-05 00:12:04,380 - INFO - ------- extracting 2018-2019 academic year data -------
2025-03-05 00:12:04,380 - INFO - ------- extracting sheet 'Header and Contact' -------
2025-03-05 00:12:27,813 - INFO - ------- extracting 2018-2019 academic year data -------
2025-03-05 00:12:27,814 - INFO - ------- extracting sheet 'Header and Contact' -------
2025-03-05 00:12:28,058 - DEBUG - [String, String, String, String, String, String, String, String]
2025-03-05 00:24:51,612 - INFO - ------- extracting 2018-2019 academic year data -------
2025-03-05 00:24:51,613 - INFO - ------- extracting sheet 'Header and Contact' -------
2025-03-05 00:24:51,876 - DEBUG - String
2025-03-05 00:50:37,319 - INFO - ------- extracting 2018-2019 academic year data -------
2025-03-05 00:50:37,320 - INFO - ------- extracting sheet 'Header and Contact' -------
2025-03-05 00:50:37,601 - DEBUG - [String, String, String, String, String, String, String, String]
2025-03-05 00:50:37,601 - DEBUG - 'grade06' in 'Header and Contact' is casted as a String; Performing the work around;
2025-03-05 00:52:55,804 - INFO - ------- extracting 2018-2019 academic year data -------
2025-03-05 00:52:55,805 - INFO - ------- extracting sheet 'Header and Contact' -------
2025-03-05 00:52:56,036 - DEBUG - [String, String, String, String, String, String, String, String]
2025-03-05 00:54:15,479 - INFO - ------- extracting 2018-2019 academic year data -------
2025-03-05 00:54:15,480 - INFO - ------- extracting sheet 'Header and Contact' -------
2025-03-05 00:54:15,747 - DEBUG - [String, String, String, String, String, String, String, String]
2025-03-05 00:54:15,747 - ERROR - 'grade06' is not in list
2025-03-05 01:03:23,730 - INFO - ------- extracting 2018-2019 academic year data -------
2025-03-05 01:03:23,731 - INFO - ------- extracting sheet 'Header and Contact' -------
2025-03-05 01:03:24,055 - DEBUG - current schema of 'Header and Contact': Schema([('county_code', String), ('district_code', String), ('school_code', String), ('county_name', String), ('district_name', String), ('school_name', String), ('address', String), ('city_state_zip', String)])
2025-03-05 01:04:58,422 - INFO - ------- extracting 2018-2019 academic year data -------
2025-03-05 01:04:58,422 - INFO - ------- extracting sheet 'Header and Contact' -------
2025-03-05 01:04:58,705 - DEBUG - current schema of 'Header and Contact': Schema([('county_code', String), ('district_code', String), ('school_code', String), ('county_name', String), ('district_name', String), ('school_name', String), ('address', String), ('city_state_zip', String)])
2025-03-05 01:04:58,705 - INFO - ------- extracting sheet 'EnrollmentTrendsbyGrade' -------
2025-03-05 01:04:58,784 - DEBUG - current schema of 'EnrollmentTrendsbyGrade': Schema([('county_code', String), ('district_code', String), ('school_code', String), ('grade06', String), ('grade07', String), ('grade08', String), ('grade09', String), ('grade10', String), ('grade11', String), ('grade12', String)])
2025-03-05 01:04:58,784 - DEBUG - 'grade06' in 'EnrollmentTrendsbyGrade' is casted as a String; Performing the work around;
2025-03-05 01:04:58,785 - DEBUG - 'grade07' in 'EnrollmentTrendsbyGrade' is casted as a String; Performing the work around;
2025-03-05 01:04:58,785 - DEBUG - 'grade08' in 'EnrollmentTrendsbyGrade' is casted as a String; Performing the work around;
2025-03-05 01:04:58,785 - DEBUG - 'grade09' in 'EnrollmentTrendsbyGrade' is casted as a String; Performing the work around;
2025-03-05 01:04:58,785 - DEBUG - 'grade10' in 'EnrollmentTrendsbyGrade' is casted as a String; Performing the work around;
2025-03-05 01:04:58,785 - DEBUG - 'grade11' in 'EnrollmentTrendsbyGrade' is casted as a String; Performing the work around;
2025-03-05 01:04:58,785 - DEBUG - 'grade12' in 'EnrollmentTrendsbyGrade' is casted as a String; Performing the work around;
2025-03-05 01:04:58,785 - DEBUG - writing 'EnrollmentTrendsbyGrade' to io stream
2025-03-05 01:04:58,793 - ERROR - value cannot be 'null' in 'replace' expression
2025-03-05 01:07:23,041 - INFO - ------- extracting 2018-2019 academic year data -------
2025-03-05 01:07:23,047 - INFO - ------- extracting sheet 'Header and Contact' -------
2025-03-05 01:07:23,317 - DEBUG - current schema of 'Header and Contact': Schema([('county_code', String), ('district_code', String), ('school_code', String), ('county_name', String), ('district_name', String), ('school_name', String), ('address', String), ('city_state_zip', String)])
2025-03-05 01:07:23,318 - INFO - ------- extracting sheet 'EnrollmentTrendsbyGrade' -------
2025-03-05 01:07:23,404 - DEBUG - current schema of 'EnrollmentTrendsbyGrade': Schema([('county_code', String), ('district_code', String), ('school_code', String), ('grade06', String), ('grade07', String), ('grade08', String), ('grade09', String), ('grade10', String), ('grade11', String), ('grade12', String)])
2025-03-05 01:07:23,405 - DEBUG - 'grade06' in 'EnrollmentTrendsbyGrade' is casted as a String; Performing the work around;
2025-03-05 01:07:23,406 - ERROR - cannot create expression literal for value of type DataTypeClass.

Hint: Pass `allow_object=True` to accept any value and create a literal of type Object.
2025-03-05 01:08:02,932 - INFO - ------- extracting 2018-2019 academic year data -------
2025-03-05 01:08:02,933 - INFO - ------- extracting sheet 'Header and Contact' -------
2025-03-05 01:08:03,171 - DEBUG - current schema of 'Header and Contact': Schema([('county_code', String), ('district_code', String), ('school_code', String), ('county_name', String), ('district_name', String), ('school_name', String), ('address', String), ('city_state_zip', String)])
2025-03-05 01:08:03,172 - INFO - ------- extracting sheet 'EnrollmentTrendsbyGrade' -------
2025-03-05 01:08:03,254 - DEBUG - current schema of 'EnrollmentTrendsbyGrade': Schema([('county_code', String), ('district_code', String), ('school_code', String), ('grade06', String), ('grade07', String), ('grade08', String), ('grade09', String), ('grade10', String), ('grade11', String), ('grade12', String)])
2025-03-05 01:08:03,255 - DEBUG - 'grade06' in 'EnrollmentTrendsbyGrade' is casted as a String; Performing the work around;
2025-03-05 01:08:03,256 - DEBUG - 'grade07' in 'EnrollmentTrendsbyGrade' is casted as a String; Performing the work around;
2025-03-05 01:08:03,256 - DEBUG - 'grade08' in 'EnrollmentTrendsbyGrade' is casted as a String; Performing the work around;
2025-03-05 01:08:03,256 - DEBUG - 'grade09' in 'EnrollmentTrendsbyGrade' is casted as a String; Performing the work around;
2025-03-05 01:08:03,256 - DEBUG - 'grade10' in 'EnrollmentTrendsbyGrade' is casted as a String; Performing the work around;
2025-03-05 01:08:03,256 - DEBUG - 'grade11' in 'EnrollmentTrendsbyGrade' is casted as a String; Performing the work around;
2025-03-05 01:08:03,256 - DEBUG - 'grade12' in 'EnrollmentTrendsbyGrade' is casted as a String; Performing the work around;
2025-03-05 01:08:03,256 - DEBUG - writing 'EnrollmentTrendsbyGrade' to io stream
2025-03-05 01:08:03,265 - ERROR - value cannot be 'null' in 'replace' expression
2025-03-05 01:10:47,097 - INFO - ------- extracting 2018-2019 academic year data -------
2025-03-05 01:10:47,097 - INFO - ------- extracting sheet 'Header and Contact' -------
2025-03-05 01:10:47,363 - DEBUG - current schema of 'Header and Contact': Schema([('county_code', String), ('district_code', String), ('school_code', String), ('county_name', String), ('district_name', String), ('school_name', String), ('address', String), ('city_state_zip', String)])
2025-03-05 01:10:47,364 - INFO - ------- extracting sheet 'EnrollmentTrendsbyGrade' -------
2025-03-05 01:10:47,444 - DEBUG - current schema of 'EnrollmentTrendsbyGrade': Schema([('county_code', String), ('district_code', String), ('school_code', String), ('grade06', String), ('grade07', String), ('grade08', String), ('grade09', String), ('grade10', String), ('grade11', String), ('grade12', String)])
2025-03-05 01:10:47,444 - DEBUG - 'grade06' in 'EnrollmentTrendsbyGrade' is casted as a String; Performing the work around;
2025-03-05 01:10:47,445 - DEBUG - 'grade07' in 'EnrollmentTrendsbyGrade' is casted as a String; Performing the work around;
2025-03-05 01:10:47,445 - DEBUG - 'grade08' in 'EnrollmentTrendsbyGrade' is casted as a String; Performing the work around;
2025-03-05 01:10:47,445 - DEBUG - 'grade09' in 'EnrollmentTrendsbyGrade' is casted as a String; Performing the work around;
2025-03-05 01:10:47,445 - DEBUG - 'grade10' in 'EnrollmentTrendsbyGrade' is casted as a String; Performing the work around;
2025-03-05 01:10:47,445 - DEBUG - 'grade11' in 'EnrollmentTrendsbyGrade' is casted as a String; Performing the work around;
2025-03-05 01:10:47,445 - DEBUG - 'grade12' in 'EnrollmentTrendsbyGrade' is casted as a String; Performing the work around;
2025-03-05 01:10:47,445 - DEBUG - writing 'EnrollmentTrendsbyGrade' to io stream
2025-03-05 01:10:47,452 - ERROR - regex error: regex parse error:
    ^(?!-?\d+(\.\d+)?$).+$
     ^^^
error: look-around, including look-ahead and look-behind, is not supported
2025-03-05 01:14:45,307 - INFO - ------- extracting 2018-2019 academic year data -------
2025-03-05 01:14:45,308 - INFO - ------- extracting sheet 'Header and Contact' -------
2025-03-05 01:14:45,567 - DEBUG - current schema of 'Header and Contact': Schema([('county_code', String), ('district_code', String), ('school_code', String), ('county_name', String), ('district_name', String), ('school_name', String), ('address', String), ('city_state_zip', String)])
2025-03-05 01:14:45,567 - INFO - ------- extracting sheet 'EnrollmentTrendsbyGrade' -------
2025-03-05 01:14:45,650 - DEBUG - current schema of 'EnrollmentTrendsbyGrade': Schema([('county_code', String), ('district_code', String), ('school_code', String), ('grade06', String), ('grade07', String), ('grade08', String), ('grade09', String), ('grade10', String), ('grade11', String), ('grade12', String)])
2025-03-05 01:14:45,650 - DEBUG - 'grade06' in 'EnrollmentTrendsbyGrade' is casted as a String; Performing the work around;
2025-03-05 01:14:45,650 - DEBUG - 'grade07' in 'EnrollmentTrendsbyGrade' is casted as a String; Performing the work around;
2025-03-05 01:14:45,650 - DEBUG - 'grade08' in 'EnrollmentTrendsbyGrade' is casted as a String; Performing the work around;
2025-03-05 01:14:45,650 - DEBUG - 'grade09' in 'EnrollmentTrendsbyGrade' is casted as a String; Performing the work around;
2025-03-05 01:14:45,651 - DEBUG - 'grade10' in 'EnrollmentTrendsbyGrade' is casted as a String; Performing the work around;
2025-03-05 01:14:45,651 - DEBUG - 'grade11' in 'EnrollmentTrendsbyGrade' is casted as a String; Performing the work around;
2025-03-05 01:14:45,651 - DEBUG - 'grade12' in 'EnrollmentTrendsbyGrade' is casted as a String; Performing the work around;
2025-03-05 01:14:45,651 - DEBUG - writing 'EnrollmentTrendsbyGrade' to io stream
2025-03-05 01:14:45,663 - DEBUG - reading back 'EnrollmentTrendsbyGrade' from io stream
2025-03-05 01:14:45,667 - DEBUG - updated schema of 'EnrollmentTrendsbyGrade': Schema([('county_code', Int64), ('district_code', Int64), ('school_code', Int64), ('grade06', Int64), ('grade07', Int64), ('grade08', Int64), ('grade09', Int64), ('grade10', Int64), ('grade11', Int64), ('grade12', Int64)])
2025-03-05 01:14:45,670 - INFO - ------- extracting sheet 'EnrollmentTrendsByStudentGroup' -------
2025-03-05 01:14:45,745 - DEBUG - current schema of 'EnrollmentTrendsByStudentGroup': Schema([('county_code', String), ('district_code', String), ('school_code', String), ('economically_disadvantaged', String), ('english_learners', String), ('female', String), ('homeless', String), ('male', String), ('migrant', String), ('military_connected', String), ('in_foster_care', String), ('with_disabilities', String)])
2025-03-05 01:14:45,746 - DEBUG - 'economically_disadvantaged' in 'EnrollmentTrendsByStudentGroup' is casted as a String; Performing the work around;
2025-03-05 01:14:45,746 - DEBUG - 'english_learners' in 'EnrollmentTrendsByStudentGroup' is casted as a String; Performing the work around;
2025-03-05 01:14:45,746 - DEBUG - 'female' in 'EnrollmentTrendsByStudentGroup' is casted as a String; Performing the work around;
2025-03-05 01:14:45,746 - DEBUG - 'homeless' in 'EnrollmentTrendsByStudentGroup' is casted as a String; Performing the work around;
2025-03-05 01:14:45,746 - DEBUG - 'male' in 'EnrollmentTrendsByStudentGroup' is casted as a String; Performing the work around;
2025-03-05 01:14:45,746 - DEBUG - 'migrant' in 'EnrollmentTrendsByStudentGroup' is casted as a String; Performing the work around;
2025-03-05 01:14:45,746 - DEBUG - 'military_connected' in 'EnrollmentTrendsByStudentGroup' is casted as a String; Performing the work around;
2025-03-05 01:14:45,746 - DEBUG - 'in_foster_care' in 'EnrollmentTrendsByStudentGroup' is casted as a String; Performing the work around;
2025-03-05 01:14:45,746 - DEBUG - 'with_disabilities' in 'EnrollmentTrendsByStudentGroup' is casted as a String; Performing the work around;
2025-03-05 01:14:45,746 - DEBUG - writing 'EnrollmentTrendsByStudentGroup' to io stream
2025-03-05 01:14:45,747 - DEBUG - reading back 'EnrollmentTrendsByStudentGroup' from io stream
2025-03-05 01:14:45,749 - DEBUG - updated schema of 'EnrollmentTrendsByStudentGroup': Schema([('county_code', Int64), ('district_code', Int64), ('school_code', Int64), ('economically_disadvantaged', Float64), ('english_learners', Float64), ('female', Float64), ('homeless', Float64), ('male', Float64), ('migrant', Float64), ('military_connected', Float64), ('in_foster_care', Float64), ('with_disabilities', Float64)])
2025-03-05 01:14:45,750 - INFO - ------- extracting sheet 'EnrollmentByRacialEthnicGroup' -------
2025-03-05 01:14:45,824 - DEBUG - current schema of 'EnrollmentByRacialEthnicGroup': Schema([('county_code', String), ('district_code', String), ('school_code', String), ('american_indian_or_alaska_native', String), ('asian', String), ('black_or_african_american', String), ('hispanic', String), ('native_hawaiian_or_pacific_islander', String), ('two_or_more_races', String), ('white', String)])
2025-03-05 01:14:45,824 - DEBUG - 'american_indian_or_alaska_native' in 'EnrollmentByRacialEthnicGroup' is casted as a String; Performing the work around;
2025-03-05 01:14:45,824 - DEBUG - 'asian' in 'EnrollmentByRacialEthnicGroup' is casted as a String; Performing the work around;
2025-03-05 01:14:45,824 - DEBUG - 'black_or_african_american' in 'EnrollmentByRacialEthnicGroup' is casted as a String; Performing the work around;
2025-03-05 01:14:45,824 - DEBUG - 'hispanic' in 'EnrollmentByRacialEthnicGroup' is casted as a String; Performing the work around;
2025-03-05 01:14:45,824 - DEBUG - 'native_hawaiian_or_pacific_islander' in 'EnrollmentByRacialEthnicGroup' is casted as a String; Performing the work around;
2025-03-05 01:14:45,824 - DEBUG - 'two_or_more_races' in 'EnrollmentByRacialEthnicGroup' is casted as a String; Performing the work around;
2025-03-05 01:14:45,824 - DEBUG - 'white' in 'EnrollmentByRacialEthnicGroup' is casted as a String; Performing the work around;
2025-03-05 01:14:45,824 - DEBUG - writing 'EnrollmentByRacialEthnicGroup' to io stream
2025-03-05 01:14:45,825 - DEBUG - reading back 'EnrollmentByRacialEthnicGroup' from io stream
2025-03-05 01:14:45,827 - DEBUG - updated schema of 'EnrollmentByRacialEthnicGroup': Schema([('county_code', Int64), ('district_code', Int64), ('school_code', Int64), ('american_indian_or_alaska_native', Float64), ('asian', Float64), ('black_or_african_american', Float64), ('hispanic', Float64), ('native_hawaiian_or_pacific_islander', Float64), ('two_or_more_races', Float64), ('white', Float64)])
2025-03-05 01:14:45,827 - INFO - ------- extracting sheet 'EnrollmentByHomeLanguage' -------
2025-03-05 01:14:45,929 - DEBUG - current schema of 'EnrollmentByHomeLanguage': Schema([('county_code', String), ('district_code', String), ('school_code', String), ('home_language', String), ('pct_of_students', Float64)])
2025-03-05 01:14:45,929 - INFO - ------- joining the sheets -------
2025-03-05 01:14:45,929 - ERROR - expected `other` join table to be a LazyFrame, not a 'DataFrame'
2025-03-05 01:15:12,249 - INFO - ------- extracting 2018-2019 academic year data -------
2025-03-05 01:15:12,249 - INFO - ------- extracting sheet 'Header and Contact' -------
2025-03-05 01:15:12,486 - DEBUG - current schema of 'Header and Contact': Schema([('county_code', String), ('district_code', String), ('school_code', String), ('county_name', String), ('district_name', String), ('school_name', String), ('address', String), ('city_state_zip', String)])
2025-03-05 01:15:12,486 - INFO - ------- extracting sheet 'EnrollmentTrendsbyGrade' -------
2025-03-05 01:15:12,566 - DEBUG - current schema of 'EnrollmentTrendsbyGrade': Schema([('county_code', String), ('district_code', String), ('school_code', String), ('grade06', String), ('grade07', String), ('grade08', String), ('grade09', String), ('grade10', String), ('grade11', String), ('grade12', String)])
2025-03-05 01:15:12,566 - DEBUG - 'grade06' in 'EnrollmentTrendsbyGrade' is casted as a String; Performing the work around;
2025-03-05 01:15:12,566 - DEBUG - 'grade07' in 'EnrollmentTrendsbyGrade' is casted as a String; Performing the work around;
2025-03-05 01:15:12,566 - DEBUG - 'grade08' in 'EnrollmentTrendsbyGrade' is casted as a String; Performing the work around;
2025-03-05 01:15:12,567 - DEBUG - 'grade09' in 'EnrollmentTrendsbyGrade' is casted as a String; Performing the work around;
2025-03-05 01:15:12,567 - DEBUG - 'grade10' in 'EnrollmentTrendsbyGrade' is casted as a String; Performing the work around;
2025-03-05 01:15:12,567 - DEBUG - 'grade11' in 'EnrollmentTrendsbyGrade' is casted as a String; Performing the work around;
2025-03-05 01:15:12,567 - DEBUG - 'grade12' in 'EnrollmentTrendsbyGrade' is casted as a String; Performing the work around;
2025-03-05 01:15:12,567 - DEBUG - writing 'EnrollmentTrendsbyGrade' to io stream
2025-03-05 01:15:12,581 - DEBUG - reading back 'EnrollmentTrendsbyGrade' from io stream
2025-03-05 01:15:12,585 - DEBUG - updated schema of 'EnrollmentTrendsbyGrade': Schema([('county_code', Int64), ('district_code', Int64), ('school_code', Int64), ('grade06', Int64), ('grade07', Int64), ('grade08', Int64), ('grade09', Int64), ('grade10', Int64), ('grade11', Int64), ('grade12', Int64)])
2025-03-05 01:15:12,585 - INFO - ------- extracting sheet 'EnrollmentTrendsByStudentGroup' -------
2025-03-05 01:15:12,660 - DEBUG - current schema of 'EnrollmentTrendsByStudentGroup': Schema([('county_code', String), ('district_code', String), ('school_code', String), ('economically_disadvantaged', String), ('english_learners', String), ('female', String), ('homeless', String), ('male', String), ('migrant', String), ('military_connected', String), ('in_foster_care', String), ('with_disabilities', String)])
2025-03-05 01:15:12,660 - DEBUG - 'economically_disadvantaged' in 'EnrollmentTrendsByStudentGroup' is casted as a String; Performing the work around;
2025-03-05 01:15:12,660 - DEBUG - 'english_learners' in 'EnrollmentTrendsByStudentGroup' is casted as a String; Performing the work around;
2025-03-05 01:15:12,660 - DEBUG - 'female' in 'EnrollmentTrendsByStudentGroup' is casted as a String; Performing the work around;
2025-03-05 01:15:12,660 - DEBUG - 'homeless' in 'EnrollmentTrendsByStudentGroup' is casted as a String; Performing the work around;
2025-03-05 01:15:12,660 - DEBUG - 'male' in 'EnrollmentTrendsByStudentGroup' is casted as a String; Performing the work around;
2025-03-05 01:15:12,660 - DEBUG - 'migrant' in 'EnrollmentTrendsByStudentGroup' is casted as a String; Performing the work around;
2025-03-05 01:15:12,660 - DEBUG - 'military_connected' in 'EnrollmentTrendsByStudentGroup' is casted as a String; Performing the work around;
2025-03-05 01:15:12,660 - DEBUG - 'in_foster_care' in 'EnrollmentTrendsByStudentGroup' is casted as a String; Performing the work around;
2025-03-05 01:15:12,660 - DEBUG - 'with_disabilities' in 'EnrollmentTrendsByStudentGroup' is casted as a String; Performing the work around;
2025-03-05 01:15:12,660 - DEBUG - writing 'EnrollmentTrendsByStudentGroup' to io stream
2025-03-05 01:15:12,662 - DEBUG - reading back 'EnrollmentTrendsByStudentGroup' from io stream
2025-03-05 01:15:12,664 - DEBUG - updated schema of 'EnrollmentTrendsByStudentGroup': Schema([('county_code', Int64), ('district_code', Int64), ('school_code', Int64), ('economically_disadvantaged', Float64), ('english_learners', Float64), ('female', Float64), ('homeless', Float64), ('male', Float64), ('migrant', Float64), ('military_connected', Float64), ('in_foster_care', Float64), ('with_disabilities', Float64)])
2025-03-05 01:15:12,664 - INFO - ------- extracting sheet 'EnrollmentByRacialEthnicGroup' -------
2025-03-05 01:15:12,743 - DEBUG - current schema of 'EnrollmentByRacialEthnicGroup': Schema([('county_code', String), ('district_code', String), ('school_code', String), ('american_indian_or_alaska_native', String), ('asian', String), ('black_or_african_american', String), ('hispanic', String), ('native_hawaiian_or_pacific_islander', String), ('two_or_more_races', String), ('white', String)])
2025-03-05 01:15:12,743 - DEBUG - 'american_indian_or_alaska_native' in 'EnrollmentByRacialEthnicGroup' is casted as a String; Performing the work around;
2025-03-05 01:15:12,743 - DEBUG - 'asian' in 'EnrollmentByRacialEthnicGroup' is casted as a String; Performing the work around;
2025-03-05 01:15:12,743 - DEBUG - 'black_or_african_american' in 'EnrollmentByRacialEthnicGroup' is casted as a String; Performing the work around;
2025-03-05 01:15:12,743 - DEBUG - 'hispanic' in 'EnrollmentByRacialEthnicGroup' is casted as a String; Performing the work around;
2025-03-05 01:15:12,743 - DEBUG - 'native_hawaiian_or_pacific_islander' in 'EnrollmentByRacialEthnicGroup' is casted as a String; Performing the work around;
2025-03-05 01:15:12,743 - DEBUG - 'two_or_more_races' in 'EnrollmentByRacialEthnicGroup' is casted as a String; Performing the work around;
2025-03-05 01:15:12,743 - DEBUG - 'white' in 'EnrollmentByRacialEthnicGroup' is casted as a String; Performing the work around;
2025-03-05 01:15:12,743 - DEBUG - writing 'EnrollmentByRacialEthnicGroup' to io stream
2025-03-05 01:15:12,744 - DEBUG - reading back 'EnrollmentByRacialEthnicGroup' from io stream
2025-03-05 01:15:12,746 - DEBUG - updated schema of 'EnrollmentByRacialEthnicGroup': Schema([('county_code', Int64), ('district_code', Int64), ('school_code', Int64), ('american_indian_or_alaska_native', Float64), ('asian', Float64), ('black_or_african_american', Float64), ('hispanic', Float64), ('native_hawaiian_or_pacific_islander', Float64), ('two_or_more_races', Float64), ('white', Float64)])
2025-03-05 01:15:12,746 - INFO - ------- extracting sheet 'EnrollmentByHomeLanguage' -------
2025-03-05 01:15:12,844 - DEBUG - current schema of 'EnrollmentByHomeLanguage': Schema([('county_code', String), ('district_code', String), ('school_code', String), ('home_language', String), ('pct_of_students', Float64)])
2025-03-05 01:15:12,844 - INFO - ------- joining the sheets -------
2025-03-05 01:15:12,844 - INFO - ------- extracting 2019-2020 academic year data -------
2025-03-05 01:15:12,844 - INFO - ------- extracting sheet 'Header and Contact' -------
2025-03-05 01:15:12,928 - DEBUG - current schema of 'Header and Contact': Schema([('county_code', String), ('district_code', String), ('school_code', String), ('county_name', String), ('district_name', String), ('school_name', String), ('address', String), ('city_state_zip', String)])
2025-03-05 01:15:12,928 - INFO - ------- extracting sheet 'EnrollmentTrendsbyGrade' -------
2025-03-05 01:15:13,013 - DEBUG - current schema of 'EnrollmentTrendsbyGrade': Schema([('county_code', String), ('district_code', String), ('school_code', String), ('grade06', Int64), ('grade07', Int64), ('grade08', Int64), ('grade09', Int64), ('grade10', Int64), ('grade11', Int64), ('grade12', Int64)])
2025-03-05 01:15:13,013 - INFO - ------- extracting sheet 'EnrollmentTrendsByStudentGroup' -------
2025-03-05 01:15:13,089 - DEBUG - current schema of 'EnrollmentTrendsByStudentGroup': Schema([('county_code', String), ('district_code', String), ('school_code', String), ('economically_disadvantaged', Float64), ('english_learners', Float64), ('female', Float64), ('homeless', Float64), ('male', Float64), ('migrant', Float64), ('military_connected', Float64), ('in_foster_care', Float64), ('with_disabilities', Float64)])
2025-03-05 01:15:13,089 - INFO - ------- extracting sheet 'EnrollmentByRacialEthnicGroup' -------
2025-03-05 01:15:13,160 - DEBUG - current schema of 'EnrollmentByRacialEthnicGroup': Schema([('county_code', String), ('district_code', String), ('school_code', String), ('american_indian_or_alaska_native', Float64), ('asian', Float64), ('black_or_african_american', Float64), ('hispanic', Float64), ('native_hawaiian_or_pacific_islander', Float64), ('two_or_more_races', Float64), ('white', Float64)])
2025-03-05 01:15:13,160 - INFO - ------- extracting sheet 'EnrollmentByHomeLanguage' -------
2025-03-05 01:15:13,256 - DEBUG - current schema of 'EnrollmentByHomeLanguage': Schema([('county_code', String), ('district_code', String), ('school_code', String), ('home_language', String), ('pct_of_students', Float64)])
2025-03-05 01:15:13,257 - INFO - ------- joining the sheets -------
2025-03-05 01:15:13,257 - INFO - ------- extracting 2020-2021 academic year data -------
2025-03-05 01:15:13,257 - INFO - ------- extracting sheet 'Header and Contact' -------
2025-03-05 01:15:13,344 - DEBUG - current schema of 'Header and Contact': Schema([('county_code', String), ('district_code', String), ('school_code', String), ('county_name', String), ('district_name', String), ('school_name', String), ('address', String), ('city_state_zip', String)])
2025-03-05 01:15:13,344 - INFO - ------- extracting sheet 'EnrollmentTrendsbyGrade' -------
2025-03-05 01:15:13,427 - DEBUG - current schema of 'EnrollmentTrendsbyGrade': Schema([('county_code', String), ('district_code', String), ('school_code', String), ('grade06', Int64), ('grade07', Int64), ('grade08', Int64), ('grade09', Int64), ('grade10', Int64), ('grade11', Int64), ('grade12', Int64)])
2025-03-05 01:15:13,427 - INFO - ------- extracting sheet 'EnrollmentTrendsByStudentGroup' -------
2025-03-05 01:15:13,506 - DEBUG - current schema of 'EnrollmentTrendsByStudentGroup': Schema([('county_code', String), ('district_code', String), ('school_code', String), ('economically_disadvantaged', Float64), ('english_learners', Float64), ('female', String), ('homeless', Float64), ('male', String), ('migrant', Float64), ('military_connected', Float64), ('in_foster_care', Float64), ('with_disabilities', Float64)])
2025-03-05 01:15:13,506 - DEBUG - 'female' in 'EnrollmentTrendsByStudentGroup' is casted as a String; Performing the work around;
2025-03-05 01:15:13,506 - DEBUG - 'male' in 'EnrollmentTrendsByStudentGroup' is casted as a String; Performing the work around;
2025-03-05 01:15:13,506 - DEBUG - writing 'EnrollmentTrendsByStudentGroup' to io stream
2025-03-05 01:15:13,508 - DEBUG - reading back 'EnrollmentTrendsByStudentGroup' from io stream
2025-03-05 01:15:13,509 - DEBUG - updated schema of 'EnrollmentTrendsByStudentGroup': Schema([('county_code', Int64), ('district_code', Int64), ('school_code', Int64), ('economically_disadvantaged', Float64), ('english_learners', Float64), ('female', Int64), ('homeless', Float64), ('male', Int64), ('migrant', Float64), ('military_connected', Float64), ('in_foster_care', Float64), ('with_disabilities', Float64)])
2025-03-05 01:15:13,509 - INFO - ------- extracting sheet 'EnrollmentByRacialEthnicGroup' -------
2025-03-05 01:15:13,584 - DEBUG - current schema of 'EnrollmentByRacialEthnicGroup': Schema([('county_code', String), ('district_code', String), ('school_code', String), ('american_indian_or_alaska_native', Float64), ('asian', Float64), ('black_or_african_american', Float64), ('hispanic', Float64), ('native_hawaiian_or_pacific_islander', Float64), ('two_or_more_races', Float64), ('white', Float64)])
2025-03-05 01:15:13,584 - INFO - ------- extracting sheet 'EnrollmentByHomeLanguage' -------
2025-03-05 01:15:13,682 - DEBUG - current schema of 'EnrollmentByHomeLanguage': Schema([('county_code', String), ('district_code', String), ('school_code', String), ('home_language', String), ('pct_of_students', Float64)])
2025-03-05 01:15:13,682 - INFO - ------- joining the sheets -------
2025-03-05 01:15:13,682 - INFO - ------- extracting 2021-2022 academic year data -------
2025-03-05 01:15:13,683 - INFO - ------- extracting sheet 'Header and Contact' -------
2025-03-05 01:15:13,773 - DEBUG - current schema of 'Header and Contact': Schema([('county_code', String), ('district_code', String), ('school_code', String), ('county_name', String), ('district_name', String), ('school_name', String), ('address', String), ('city_state_zip', String)])
2025-03-05 01:15:13,774 - INFO - ------- extracting sheet 'EnrollmentTrendsbyGrade' -------
2025-03-05 01:15:13,859 - DEBUG - current schema of 'EnrollmentTrendsbyGrade': Schema([('county_code', String), ('district_code', String), ('school_code', String), ('grade06', Int64), ('grade07', Int64), ('grade08', Int64), ('grade09', Int64), ('grade10', Int64), ('grade11', Int64), ('grade12', Int64)])
2025-03-05 01:15:13,859 - INFO - ------- extracting sheet 'EnrollmentTrendsByStudentGroup' -------
2025-03-05 01:15:13,943 - DEBUG - current schema of 'EnrollmentTrendsByStudentGroup': Schema([('county_code', String), ('district_code', String), ('school_code', String), ('economically_disadvantaged', Float64), ('english_learners', Float64), ('female', String), ('homeless', Float64), ('male', String), ('migrant', Float64), ('military_connected', Float64), ('in_foster_care', Float64), ('with_disabilities', Float64)])
2025-03-05 01:15:13,943 - DEBUG - 'female' in 'EnrollmentTrendsByStudentGroup' is casted as a String; Performing the work around;
2025-03-05 01:15:13,943 - DEBUG - 'male' in 'EnrollmentTrendsByStudentGroup' is casted as a String; Performing the work around;
2025-03-05 01:15:13,943 - DEBUG - writing 'EnrollmentTrendsByStudentGroup' to io stream
2025-03-05 01:15:13,944 - DEBUG - reading back 'EnrollmentTrendsByStudentGroup' from io stream
2025-03-05 01:15:13,946 - DEBUG - updated schema of 'EnrollmentTrendsByStudentGroup': Schema([('county_code', Int64), ('district_code', Int64), ('school_code', Int64), ('economically_disadvantaged', Float64), ('english_learners', Float64), ('female', Int64), ('homeless', Float64), ('male', Int64), ('migrant', Float64), ('military_connected', Float64), ('in_foster_care', Float64), ('with_disabilities', Float64)])
2025-03-05 01:15:13,946 - INFO - ------- extracting sheet 'EnrollmentByRacialEthnicGroup' -------
2025-03-05 01:15:14,022 - DEBUG - current schema of 'EnrollmentByRacialEthnicGroup': Schema([('county_code', String), ('district_code', String), ('school_code', String), ('american_indian_or_alaska_native', Float64), ('asian', Float64), ('black_or_african_american', Float64), ('hispanic', Float64), ('native_hawaiian_or_pacific_islander', Float64), ('two_or_more_races', Float64), ('white', Float64)])
2025-03-05 01:15:14,022 - INFO - ------- extracting sheet 'EnrollmentByHomeLanguage' -------
2025-03-05 01:15:14,125 - DEBUG - current schema of 'EnrollmentByHomeLanguage': Schema([('county_code', String), ('district_code', String), ('school_code', String), ('home_language', String), ('pct_of_students', Float64)])
2025-03-05 01:15:14,125 - INFO - ------- joining the sheets -------
2025-03-05 01:15:14,125 - INFO - ------- extracting 2022-2023 academic year data -------
2025-03-05 01:15:14,126 - INFO - ------- extracting sheet 'Header and Contact' -------
2025-03-05 01:15:14,230 - DEBUG - current schema of 'Header and Contact': Schema([('county_code', String), ('district_code', String), ('school_code', String), ('county_name', String), ('district_name', String), ('school_name', String), ('address', String), ('city_state_zip', String)])
2025-03-05 01:15:14,230 - INFO - ------- extracting sheet 'EnrollmentTrendsbyGrade' -------
2025-03-05 01:15:14,323 - DEBUG - current schema of 'EnrollmentTrendsbyGrade': Schema([('county_code', String), ('district_code', String), ('school_code', String), ('grade06', Int64), ('grade07', Int64), ('grade08', Int64), ('grade09', Int64), ('grade10', Int64), ('grade11', Int64), ('grade12', Int64)])
2025-03-05 01:15:14,323 - INFO - ------- extracting sheet 'EnrollmentTrendsByStudentGroup' -------
2025-03-05 01:15:14,407 - DEBUG - current schema of 'EnrollmentTrendsByStudentGroup': Schema([('county_code', String), ('district_code', String), ('school_code', String), ('economically_disadvantaged', Float64), ('english_learners', Float64), ('female', String), ('homeless', Float64), ('male', String), ('migrant', Float64), ('military_connected', Float64), ('in_foster_care', Float64), ('with_disabilities', Float64)])
2025-03-05 01:15:14,407 - DEBUG - 'female' in 'EnrollmentTrendsByStudentGroup' is casted as a String; Performing the work around;
2025-03-05 01:15:14,407 - DEBUG - 'male' in 'EnrollmentTrendsByStudentGroup' is casted as a String; Performing the work around;
2025-03-05 01:15:14,407 - DEBUG - writing 'EnrollmentTrendsByStudentGroup' to io stream
2025-03-05 01:15:14,408 - DEBUG - reading back 'EnrollmentTrendsByStudentGroup' from io stream
2025-03-05 01:15:14,410 - DEBUG - updated schema of 'EnrollmentTrendsByStudentGroup': Schema([('county_code', Int64), ('district_code', Int64), ('school_code', Int64), ('economically_disadvantaged', Float64), ('english_learners', Float64), ('female', Int64), ('homeless', Float64), ('male', Int64), ('migrant', Float64), ('military_connected', Float64), ('in_foster_care', Float64), ('with_disabilities', Float64)])
2025-03-05 01:15:14,410 - INFO - ------- extracting sheet 'EnrollmentByRacialEthnicGroup' -------
2025-03-05 01:15:14,488 - DEBUG - current schema of 'EnrollmentByRacialEthnicGroup': Schema([('county_code', String), ('district_code', String), ('school_code', String), ('american_indian_or_alaska_native', Float64), ('asian', Float64), ('black_or_african_american', Float64), ('hispanic', Float64), ('native_hawaiian_or_pacific_islander', Float64), ('two_or_more_races', Float64), ('white', Float64)])
2025-03-05 01:15:14,488 - INFO - ------- extracting sheet 'EnrollmentByHomeLanguage' -------
2025-03-05 01:15:14,594 - DEBUG - current schema of 'EnrollmentByHomeLanguage': Schema([('county_code', String), ('district_code', String), ('school_code', String), ('home_language', String), ('pct_of_students', Float64)])
2025-03-05 01:15:14,594 - INFO - ------- joining the sheets -------
2025-03-05 01:15:14,594 - INFO - ------- merging all academic years data -------
2025-03-05 01:15:14,596 - ERROR - 'union'/'concat' inputs should all have the same schema,got
Schema:
name: county_name, field: String
name: district_name, field: String
name: school_name, field: String
name: address, field: String
name: city_state_zip, field: String
name: county_district_school_code, field: String
name: grade06, field: Int64
name: grade07, field: Int64
name: grade08, field: Int64
name: grade09, field: Int64
name: grade10, field: Int64
name: grade11, field: Int64
name: grade12, field: Int64
name: economically_disadvantaged, field: Float64
name: english_learners, field: Float64
name: female, field: Float64
name: homeless, field: Float64
name: male, field: Float64
name: migrant, field: Float64
name: military_connected, field: Float64
name: in_foster_care, field: Float64
name: with_disabilities, field: Float64
name: american_indian_or_alaska_native, field: Float64
name: asian, field: Float64
name: black_or_african_american, field: Float64
name: hispanic, field: Float64
name: native_hawaiian_or_pacific_islander, field: Float64
name: two_or_more_races, field: Float64
name: white, field: Float64
name: home_language, field: String
name: pct_of_students, field: Float64
name: academic_year, field: String
 and 
Schema:
name: county_name, field: String
name: district_name, field: String
name: school_name, field: String
name: address, field: String
name: city_state_zip, field: String
name: county_district_school_code, field: String
name: grade06, field: Int64
name: grade07, field: Int64
name: grade08, field: Int64
name: grade09, field: Int64
name: grade10, field: Int64
name: grade11, field: Int64
name: grade12, field: Int64
name: economically_disadvantaged, field: Float64
name: english_learners, field: Float64
name: female, field: Int64
name: homeless, field: Float64
name: male, field: Int64
name: migrant, field: Float64
name: military_connected, field: Float64
name: in_foster_care, field: Float64
name: with_disabilities, field: Float64
name: american_indian_or_alaska_native, field: Float64
name: asian, field: Float64
name: black_or_african_american, field: Float64
name: hispanic, field: Float64
name: native_hawaiian_or_pacific_islander, field: Float64
name: two_or_more_races, field: Float64
name: white, field: Float64
name: home_language, field: String
name: pct_of_students, field: Float64
name: academic_year, field: String


Resolved plan until failure:

	---> FAILED HERE RESOLVING THIS_NODE <---
 WITH_COLUMNS:
 [String(2022-2023).alias("academic_year")] 
  INNER JOIN:
  LEFT PLAN ON: [col("county_district_school_code")]
    INNER JOIN:
    LEFT PLAN ON: [col("county_district_school_code")]
      INNER JOIN:
      LEFT PLAN ON: [col("county_district_school_code")]
        INNER JOIN:
        LEFT PLAN ON: [col("county_district_school_code")]
          simple π 6/9 ["county_name", "district_name", ... 4 other columns]
             WITH_COLUMNS:
             [col("county_code").str.concat_horizontal([col("district_code"), col("school_code")]).alias("county_district_school_code")] 
              RENAME
                DF ["COUNTY_CODE", "DISTRICT_CODE", "SCHOOL_CODE", "COUNTY_NAME", ...]; PROJECT */8 COLUMNS
        RIGHT PLAN ON: [col("county_district_school_code")]
          simple π 8/11 ["grade06", "grade07", ... 6 other columns]
             WITH_COLUMNS:
             [col("county_code").str.concat_horizontal([col("district_code"), col("school_code")]).alias("county_district_school_code")] 
              RENAME
                DF ["CountyCode", "DistrictCode", "SchoolCode", "Grade06", ...]; PROJECT */10 COLUMNS
        END INNER JOIN
      RIGHT PLAN ON: [col("county_district_school_code")]
        simple π 10/13 ["economically_disadvantaged", ... 9 other columns]
           WITH_COLUMNS:
           [col("county_code").str.concat_horizontal([col("district_code"), col("school_code")]).alias("county_district_school_code")] 
            DF ["county_code", "district_code", "school_code", "economically_disadvantaged", ...]; PROJECT */12 COLUMNS
      END INNER JOIN
    RIGHT PLAN ON: [col("county_district_school_code")]
      simple π 8/11 ["american_indian_or_alaska_native", ... 7 other columns]
         WITH_COLUMNS:
         [col("county_code").str.concat_horizontal([col("district_code"), col("school_code")]).alias("county_district_school_code")] 
          RENAME
            DF ["CountyCode", "DistrictCode", "SchoolCode", "American Indian or Alaska Native", ...]; PROJECT */10 COLUMNS
    END INNER JOIN
  RIGHT PLAN ON: [col("county_district_school_code")]
    simple π 3/6 ["home_language", ... 2 other columns]
       WITH_COLUMNS:
       [col("county_code").str.concat_horizontal([col("district_code"), col("school_code")]).alias("county_district_school_code")] 
        RENAME
          DF ["CountyCode", "DistrictCode", "SchoolCode", "HomeLanguage", ...]; PROJECT */5 COLUMNS
  END INNER JOIN
2025-03-05 01:17:23,125 - INFO - ------- extracting 2018-2019 academic year data -------
2025-03-05 01:17:23,126 - INFO - ------- extracting sheet 'Header and Contact' -------
2025-03-05 01:17:23,389 - DEBUG - current schema of 'Header and Contact': Schema([('county_code', String), ('district_code', String), ('school_code', String), ('county_name', String), ('district_name', String), ('school_name', String), ('address', String), ('city_state_zip', String)])
2025-03-05 01:17:23,389 - INFO - ------- extracting sheet 'EnrollmentTrendsbyGrade' -------
2025-03-05 01:17:23,474 - DEBUG - current schema of 'EnrollmentTrendsbyGrade': Schema([('county_code', String), ('district_code', String), ('school_code', String), ('grade06', String), ('grade07', String), ('grade08', String), ('grade09', String), ('grade10', String), ('grade11', String), ('grade12', String)])
2025-03-05 01:17:23,474 - DEBUG - 'grade06' in 'EnrollmentTrendsbyGrade' is casted as a String; Performing the work around;
2025-03-05 01:17:23,478 - DEBUG - 'grade07' in 'EnrollmentTrendsbyGrade' is casted as a String; Performing the work around;
2025-03-05 01:17:23,478 - DEBUG - 'grade08' in 'EnrollmentTrendsbyGrade' is casted as a String; Performing the work around;
2025-03-05 01:17:23,478 - DEBUG - 'grade09' in 'EnrollmentTrendsbyGrade' is casted as a String; Performing the work around;
2025-03-05 01:17:23,478 - DEBUG - 'grade10' in 'EnrollmentTrendsbyGrade' is casted as a String; Performing the work around;
2025-03-05 01:17:23,478 - DEBUG - 'grade11' in 'EnrollmentTrendsbyGrade' is casted as a String; Performing the work around;
2025-03-05 01:17:23,478 - DEBUG - 'grade12' in 'EnrollmentTrendsbyGrade' is casted as a String; Performing the work around;
2025-03-05 01:17:23,479 - DEBUG - writing 'EnrollmentTrendsbyGrade' to io stream
2025-03-05 01:17:23,495 - DEBUG - reading back 'EnrollmentTrendsbyGrade' from io stream
2025-03-05 01:17:23,498 - DEBUG - updated schema of 'EnrollmentTrendsbyGrade': Schema([('county_code', Int64), ('district_code', Int64), ('school_code', Int64), ('grade06', Float64), ('grade07', Float64), ('grade08', Float64), ('grade09', Float64), ('grade10', Float64), ('grade11', Float64), ('grade12', Float64)])
2025-03-05 01:17:23,499 - INFO - ------- extracting sheet 'EnrollmentTrendsByStudentGroup' -------
2025-03-05 01:17:23,580 - DEBUG - current schema of 'EnrollmentTrendsByStudentGroup': Schema([('county_code', String), ('district_code', String), ('school_code', String), ('economically_disadvantaged', String), ('english_learners', String), ('female', String), ('homeless', String), ('male', String), ('migrant', String), ('military_connected', String), ('in_foster_care', String), ('with_disabilities', String)])
2025-03-05 01:17:23,580 - DEBUG - 'economically_disadvantaged' in 'EnrollmentTrendsByStudentGroup' is casted as a String; Performing the work around;
2025-03-05 01:17:23,580 - DEBUG - 'english_learners' in 'EnrollmentTrendsByStudentGroup' is casted as a String; Performing the work around;
2025-03-05 01:17:23,580 - DEBUG - 'female' in 'EnrollmentTrendsByStudentGroup' is casted as a String; Performing the work around;
2025-03-05 01:17:23,580 - DEBUG - 'homeless' in 'EnrollmentTrendsByStudentGroup' is casted as a String; Performing the work around;
2025-03-05 01:17:23,580 - DEBUG - 'male' in 'EnrollmentTrendsByStudentGroup' is casted as a String; Performing the work around;
2025-03-05 01:17:23,580 - DEBUG - 'migrant' in 'EnrollmentTrendsByStudentGroup' is casted as a String; Performing the work around;
2025-03-05 01:17:23,580 - DEBUG - 'military_connected' in 'EnrollmentTrendsByStudentGroup' is casted as a String; Performing the work around;
2025-03-05 01:17:23,580 - DEBUG - 'in_foster_care' in 'EnrollmentTrendsByStudentGroup' is casted as a String; Performing the work around;
2025-03-05 01:17:23,580 - DEBUG - 'with_disabilities' in 'EnrollmentTrendsByStudentGroup' is casted as a String; Performing the work around;
2025-03-05 01:17:23,580 - DEBUG - writing 'EnrollmentTrendsByStudentGroup' to io stream
2025-03-05 01:17:23,582 - DEBUG - reading back 'EnrollmentTrendsByStudentGroup' from io stream
2025-03-05 01:17:23,584 - DEBUG - updated schema of 'EnrollmentTrendsByStudentGroup': Schema([('county_code', Int64), ('district_code', Int64), ('school_code', Int64), ('economically_disadvantaged', Float64), ('english_learners', Float64), ('female', Float64), ('homeless', Float64), ('male', Float64), ('migrant', Float64), ('military_connected', Float64), ('in_foster_care', Float64), ('with_disabilities', Float64)])
2025-03-05 01:17:23,584 - INFO - ------- extracting sheet 'EnrollmentByRacialEthnicGroup' -------
2025-03-05 01:17:23,656 - DEBUG - current schema of 'EnrollmentByRacialEthnicGroup': Schema([('county_code', String), ('district_code', String), ('school_code', String), ('american_indian_or_alaska_native', String), ('asian', String), ('black_or_african_american', String), ('hispanic', String), ('native_hawaiian_or_pacific_islander', String), ('two_or_more_races', String), ('white', String)])
2025-03-05 01:17:23,656 - DEBUG - 'american_indian_or_alaska_native' in 'EnrollmentByRacialEthnicGroup' is casted as a String; Performing the work around;
2025-03-05 01:17:23,656 - DEBUG - 'asian' in 'EnrollmentByRacialEthnicGroup' is casted as a String; Performing the work around;
2025-03-05 01:17:23,656 - DEBUG - 'black_or_african_american' in 'EnrollmentByRacialEthnicGroup' is casted as a String; Performing the work around;
2025-03-05 01:17:23,656 - DEBUG - 'hispanic' in 'EnrollmentByRacialEthnicGroup' is casted as a String; Performing the work around;
2025-03-05 01:17:23,656 - DEBUG - 'native_hawaiian_or_pacific_islander' in 'EnrollmentByRacialEthnicGroup' is casted as a String; Performing the work around;
2025-03-05 01:17:23,656 - DEBUG - 'two_or_more_races' in 'EnrollmentByRacialEthnicGroup' is casted as a String; Performing the work around;
2025-03-05 01:17:23,656 - DEBUG - 'white' in 'EnrollmentByRacialEthnicGroup' is casted as a String; Performing the work around;
2025-03-05 01:17:23,656 - DEBUG - writing 'EnrollmentByRacialEthnicGroup' to io stream
2025-03-05 01:17:23,658 - DEBUG - reading back 'EnrollmentByRacialEthnicGroup' from io stream
2025-03-05 01:17:23,659 - DEBUG - updated schema of 'EnrollmentByRacialEthnicGroup': Schema([('county_code', Int64), ('district_code', Int64), ('school_code', Int64), ('american_indian_or_alaska_native', Float64), ('asian', Float64), ('black_or_african_american', Float64), ('hispanic', Float64), ('native_hawaiian_or_pacific_islander', Float64), ('two_or_more_races', Float64), ('white', Float64)])
2025-03-05 01:17:23,659 - INFO - ------- extracting sheet 'EnrollmentByHomeLanguage' -------
2025-03-05 01:17:23,758 - DEBUG - current schema of 'EnrollmentByHomeLanguage': Schema([('county_code', String), ('district_code', String), ('school_code', String), ('home_language', String), ('pct_of_students', Float64)])
2025-03-05 01:17:23,758 - INFO - ------- joining the sheets -------
2025-03-05 01:17:23,758 - INFO - ------- extracting 2019-2020 academic year data -------
2025-03-05 01:17:23,758 - INFO - ------- extracting sheet 'Header and Contact' -------
2025-03-05 01:17:23,839 - DEBUG - current schema of 'Header and Contact': Schema([('county_code', String), ('district_code', String), ('school_code', String), ('county_name', String), ('district_name', String), ('school_name', String), ('address', String), ('city_state_zip', String)])
2025-03-05 01:17:23,839 - INFO - ------- extracting sheet 'EnrollmentTrendsbyGrade' -------
2025-03-05 01:17:23,922 - DEBUG - current schema of 'EnrollmentTrendsbyGrade': Schema([('county_code', String), ('district_code', String), ('school_code', String), ('grade06', Int64), ('grade07', Int64), ('grade08', Int64), ('grade09', Int64), ('grade10', Int64), ('grade11', Int64), ('grade12', Int64)])
2025-03-05 01:17:23,922 - INFO - ------- extracting sheet 'EnrollmentTrendsByStudentGroup' -------
2025-03-05 01:17:23,998 - DEBUG - current schema of 'EnrollmentTrendsByStudentGroup': Schema([('county_code', String), ('district_code', String), ('school_code', String), ('economically_disadvantaged', Float64), ('english_learners', Float64), ('female', Float64), ('homeless', Float64), ('male', Float64), ('migrant', Float64), ('military_connected', Float64), ('in_foster_care', Float64), ('with_disabilities', Float64)])
2025-03-05 01:17:23,998 - INFO - ------- extracting sheet 'EnrollmentByRacialEthnicGroup' -------
2025-03-05 01:17:24,070 - DEBUG - current schema of 'EnrollmentByRacialEthnicGroup': Schema([('county_code', String), ('district_code', String), ('school_code', String), ('american_indian_or_alaska_native', Float64), ('asian', Float64), ('black_or_african_american', Float64), ('hispanic', Float64), ('native_hawaiian_or_pacific_islander', Float64), ('two_or_more_races', Float64), ('white', Float64)])
2025-03-05 01:17:24,071 - INFO - ------- extracting sheet 'EnrollmentByHomeLanguage' -------
2025-03-05 01:17:24,167 - DEBUG - current schema of 'EnrollmentByHomeLanguage': Schema([('county_code', String), ('district_code', String), ('school_code', String), ('home_language', String), ('pct_of_students', Float64)])
2025-03-05 01:17:24,167 - INFO - ------- joining the sheets -------
2025-03-05 01:17:24,167 - INFO - ------- extracting 2020-2021 academic year data -------
2025-03-05 01:17:24,167 - INFO - ------- extracting sheet 'Header and Contact' -------
2025-03-05 01:17:24,253 - DEBUG - current schema of 'Header and Contact': Schema([('county_code', String), ('district_code', String), ('school_code', String), ('county_name', String), ('district_name', String), ('school_name', String), ('address', String), ('city_state_zip', String)])
2025-03-05 01:17:24,253 - INFO - ------- extracting sheet 'EnrollmentTrendsbyGrade' -------
2025-03-05 01:17:24,336 - DEBUG - current schema of 'EnrollmentTrendsbyGrade': Schema([('county_code', String), ('district_code', String), ('school_code', String), ('grade06', Int64), ('grade07', Int64), ('grade08', Int64), ('grade09', Int64), ('grade10', Int64), ('grade11', Int64), ('grade12', Int64)])
2025-03-05 01:17:24,336 - INFO - ------- extracting sheet 'EnrollmentTrendsByStudentGroup' -------
2025-03-05 01:17:24,414 - DEBUG - current schema of 'EnrollmentTrendsByStudentGroup': Schema([('county_code', String), ('district_code', String), ('school_code', String), ('economically_disadvantaged', Float64), ('english_learners', Float64), ('female', String), ('homeless', Float64), ('male', String), ('migrant', Float64), ('military_connected', Float64), ('in_foster_care', Float64), ('with_disabilities', Float64)])
2025-03-05 01:17:24,414 - DEBUG - 'female' in 'EnrollmentTrendsByStudentGroup' is casted as a String; Performing the work around;
2025-03-05 01:17:24,414 - DEBUG - 'male' in 'EnrollmentTrendsByStudentGroup' is casted as a String; Performing the work around;
2025-03-05 01:17:24,414 - DEBUG - writing 'EnrollmentTrendsByStudentGroup' to io stream
2025-03-05 01:17:24,415 - DEBUG - reading back 'EnrollmentTrendsByStudentGroup' from io stream
2025-03-05 01:17:24,416 - DEBUG - updated schema of 'EnrollmentTrendsByStudentGroup': Schema([('county_code', Int64), ('district_code', Int64), ('school_code', Int64), ('economically_disadvantaged', Float64), ('english_learners', Float64), ('female', Float64), ('homeless', Float64), ('male', Float64), ('migrant', Float64), ('military_connected', Float64), ('in_foster_care', Float64), ('with_disabilities', Float64)])
2025-03-05 01:17:24,416 - INFO - ------- extracting sheet 'EnrollmentByRacialEthnicGroup' -------
2025-03-05 01:17:24,490 - DEBUG - current schema of 'EnrollmentByRacialEthnicGroup': Schema([('county_code', String), ('district_code', String), ('school_code', String), ('american_indian_or_alaska_native', Float64), ('asian', Float64), ('black_or_african_american', Float64), ('hispanic', Float64), ('native_hawaiian_or_pacific_islander', Float64), ('two_or_more_races', Float64), ('white', Float64)])
2025-03-05 01:17:24,491 - INFO - ------- extracting sheet 'EnrollmentByHomeLanguage' -------
2025-03-05 01:17:24,597 - DEBUG - current schema of 'EnrollmentByHomeLanguage': Schema([('county_code', String), ('district_code', String), ('school_code', String), ('home_language', String), ('pct_of_students', Float64)])
2025-03-05 01:17:24,597 - INFO - ------- joining the sheets -------
2025-03-05 01:17:24,597 - INFO - ------- extracting 2021-2022 academic year data -------
2025-03-05 01:17:24,597 - INFO - ------- extracting sheet 'Header and Contact' -------
2025-03-05 01:17:24,687 - DEBUG - current schema of 'Header and Contact': Schema([('county_code', String), ('district_code', String), ('school_code', String), ('county_name', String), ('district_name', String), ('school_name', String), ('address', String), ('city_state_zip', String)])
2025-03-05 01:17:24,687 - INFO - ------- extracting sheet 'EnrollmentTrendsbyGrade' -------
2025-03-05 01:17:24,773 - DEBUG - current schema of 'EnrollmentTrendsbyGrade': Schema([('county_code', String), ('district_code', String), ('school_code', String), ('grade06', Int64), ('grade07', Int64), ('grade08', Int64), ('grade09', Int64), ('grade10', Int64), ('grade11', Int64), ('grade12', Int64)])
2025-03-05 01:17:24,773 - INFO - ------- extracting sheet 'EnrollmentTrendsByStudentGroup' -------
2025-03-05 01:17:24,853 - DEBUG - current schema of 'EnrollmentTrendsByStudentGroup': Schema([('county_code', String), ('district_code', String), ('school_code', String), ('economically_disadvantaged', Float64), ('english_learners', Float64), ('female', String), ('homeless', Float64), ('male', String), ('migrant', Float64), ('military_connected', Float64), ('in_foster_care', Float64), ('with_disabilities', Float64)])
2025-03-05 01:17:24,853 - DEBUG - 'female' in 'EnrollmentTrendsByStudentGroup' is casted as a String; Performing the work around;
2025-03-05 01:17:24,853 - DEBUG - 'male' in 'EnrollmentTrendsByStudentGroup' is casted as a String; Performing the work around;
2025-03-05 01:17:24,853 - DEBUG - writing 'EnrollmentTrendsByStudentGroup' to io stream
2025-03-05 01:17:24,854 - DEBUG - reading back 'EnrollmentTrendsByStudentGroup' from io stream
2025-03-05 01:17:24,855 - DEBUG - updated schema of 'EnrollmentTrendsByStudentGroup': Schema([('county_code', Int64), ('district_code', Int64), ('school_code', Int64), ('economically_disadvantaged', Float64), ('english_learners', Float64), ('female', Float64), ('homeless', Float64), ('male', Float64), ('migrant', Float64), ('military_connected', Float64), ('in_foster_care', Float64), ('with_disabilities', Float64)])
2025-03-05 01:17:24,856 - INFO - ------- extracting sheet 'EnrollmentByRacialEthnicGroup' -------
2025-03-05 01:17:24,932 - DEBUG - current schema of 'EnrollmentByRacialEthnicGroup': Schema([('county_code', String), ('district_code', String), ('school_code', String), ('american_indian_or_alaska_native', Float64), ('asian', Float64), ('black_or_african_american', Float64), ('hispanic', Float64), ('native_hawaiian_or_pacific_islander', Float64), ('two_or_more_races', Float64), ('white', Float64)])
2025-03-05 01:17:24,932 - INFO - ------- extracting sheet 'EnrollmentByHomeLanguage' -------
2025-03-05 01:17:25,039 - DEBUG - current schema of 'EnrollmentByHomeLanguage': Schema([('county_code', String), ('district_code', String), ('school_code', String), ('home_language', String), ('pct_of_students', Float64)])
2025-03-05 01:17:25,039 - INFO - ------- joining the sheets -------
2025-03-05 01:17:25,039 - INFO - ------- extracting 2022-2023 academic year data -------
2025-03-05 01:17:25,039 - INFO - ------- extracting sheet 'Header and Contact' -------
2025-03-05 01:17:25,134 - DEBUG - current schema of 'Header and Contact': Schema([('county_code', String), ('district_code', String), ('school_code', String), ('county_name', String), ('district_name', String), ('school_name', String), ('address', String), ('city_state_zip', String)])
2025-03-05 01:17:25,134 - INFO - ------- extracting sheet 'EnrollmentTrendsbyGrade' -------
2025-03-05 01:17:25,223 - DEBUG - current schema of 'EnrollmentTrendsbyGrade': Schema([('county_code', String), ('district_code', String), ('school_code', String), ('grade06', Int64), ('grade07', Int64), ('grade08', Int64), ('grade09', Int64), ('grade10', Int64), ('grade11', Int64), ('grade12', Int64)])
2025-03-05 01:17:25,223 - INFO - ------- extracting sheet 'EnrollmentTrendsByStudentGroup' -------
2025-03-05 01:17:25,307 - DEBUG - current schema of 'EnrollmentTrendsByStudentGroup': Schema([('county_code', String), ('district_code', String), ('school_code', String), ('economically_disadvantaged', Float64), ('english_learners', Float64), ('female', String), ('homeless', Float64), ('male', String), ('migrant', Float64), ('military_connected', Float64), ('in_foster_care', Float64), ('with_disabilities', Float64)])
2025-03-05 01:17:25,307 - DEBUG - 'female' in 'EnrollmentTrendsByStudentGroup' is casted as a String; Performing the work around;
2025-03-05 01:17:25,307 - DEBUG - 'male' in 'EnrollmentTrendsByStudentGroup' is casted as a String; Performing the work around;
2025-03-05 01:17:25,308 - DEBUG - writing 'EnrollmentTrendsByStudentGroup' to io stream
2025-03-05 01:17:25,309 - DEBUG - reading back 'EnrollmentTrendsByStudentGroup' from io stream
2025-03-05 01:17:25,310 - DEBUG - updated schema of 'EnrollmentTrendsByStudentGroup': Schema([('county_code', Int64), ('district_code', Int64), ('school_code', Int64), ('economically_disadvantaged', Float64), ('english_learners', Float64), ('female', Float64), ('homeless', Float64), ('male', Float64), ('migrant', Float64), ('military_connected', Float64), ('in_foster_care', Float64), ('with_disabilities', Float64)])
2025-03-05 01:17:25,310 - INFO - ------- extracting sheet 'EnrollmentByRacialEthnicGroup' -------
2025-03-05 01:17:25,390 - DEBUG - current schema of 'EnrollmentByRacialEthnicGroup': Schema([('county_code', String), ('district_code', String), ('school_code', String), ('american_indian_or_alaska_native', Float64), ('asian', Float64), ('black_or_african_american', Float64), ('hispanic', Float64), ('native_hawaiian_or_pacific_islander', Float64), ('two_or_more_races', Float64), ('white', Float64)])
2025-03-05 01:17:25,390 - INFO - ------- extracting sheet 'EnrollmentByHomeLanguage' -------
2025-03-05 01:17:25,496 - DEBUG - current schema of 'EnrollmentByHomeLanguage': Schema([('county_code', String), ('district_code', String), ('school_code', String), ('home_language', String), ('pct_of_students', Float64)])
2025-03-05 01:17:25,496 - INFO - ------- joining the sheets -------
2025-03-05 01:17:25,496 - INFO - ------- merging all academic years data -------
2025-03-05 01:17:25,498 - ERROR - 'union'/'concat' inputs should all have the same schema,got
Schema:
name: county_name, field: String
name: district_name, field: String
name: school_name, field: String
name: address, field: String
name: city_state_zip, field: String
name: county_district_school_code, field: String
name: grade06, field: Float64
name: grade07, field: Float64
name: grade08, field: Float64
name: grade09, field: Float64
name: grade10, field: Float64
name: grade11, field: Float64
name: grade12, field: Float64
name: economically_disadvantaged, field: Float64
name: english_learners, field: Float64
name: female, field: Float64
name: homeless, field: Float64
name: male, field: Float64
name: migrant, field: Float64
name: military_connected, field: Float64
name: in_foster_care, field: Float64
name: with_disabilities, field: Float64
name: american_indian_or_alaska_native, field: Float64
name: asian, field: Float64
name: black_or_african_american, field: Float64
name: hispanic, field: Float64
name: native_hawaiian_or_pacific_islander, field: Float64
name: two_or_more_races, field: Float64
name: white, field: Float64
name: home_language, field: String
name: pct_of_students, field: Float64
name: academic_year, field: String
 and 
Schema:
name: county_name, field: String
name: district_name, field: String
name: school_name, field: String
name: address, field: String
name: city_state_zip, field: String
name: county_district_school_code, field: String
name: grade06, field: Int64
name: grade07, field: Int64
name: grade08, field: Int64
name: grade09, field: Int64
name: grade10, field: Int64
name: grade11, field: Int64
name: grade12, field: Int64
name: economically_disadvantaged, field: Float64
name: english_learners, field: Float64
name: female, field: Float64
name: homeless, field: Float64
name: male, field: Float64
name: migrant, field: Float64
name: military_connected, field: Float64
name: in_foster_care, field: Float64
name: with_disabilities, field: Float64
name: american_indian_or_alaska_native, field: Float64
name: asian, field: Float64
name: black_or_african_american, field: Float64
name: hispanic, field: Float64
name: native_hawaiian_or_pacific_islander, field: Float64
name: two_or_more_races, field: Float64
name: white, field: Float64
name: home_language, field: String
name: pct_of_students, field: Float64
name: academic_year, field: String


Resolved plan until failure:

	---> FAILED HERE RESOLVING THIS_NODE <---
 WITH_COLUMNS:
 [String(2022-2023).alias("academic_year")] 
  INNER JOIN:
  LEFT PLAN ON: [col("county_district_school_code")]
    INNER JOIN:
    LEFT PLAN ON: [col("county_district_school_code")]
      INNER JOIN:
      LEFT PLAN ON: [col("county_district_school_code")]
        INNER JOIN:
        LEFT PLAN ON: [col("county_district_school_code")]
          simple π 6/9 ["county_name", "district_name", ... 4 other columns]
             WITH_COLUMNS:
             [col("county_code").str.concat_horizontal([col("district_code"), col("school_code")]).alias("county_district_school_code")] 
              RENAME
                DF ["COUNTY_CODE", "DISTRICT_CODE", "SCHOOL_CODE", "COUNTY_NAME", ...]; PROJECT */8 COLUMNS
        RIGHT PLAN ON: [col("county_district_school_code")]
          simple π 8/11 ["grade06", "grade07", ... 6 other columns]
             WITH_COLUMNS:
             [col("county_code").str.concat_horizontal([col("district_code"), col("school_code")]).alias("county_district_school_code")] 
              RENAME
                DF ["CountyCode", "DistrictCode", "SchoolCode", "Grade06", ...]; PROJECT */10 COLUMNS
        END INNER JOIN
      RIGHT PLAN ON: [col("county_district_school_code")]
        simple π 10/13 ["economically_disadvantaged", ... 9 other columns]
           WITH_COLUMNS:
           [col("county_code").str.concat_horizontal([col("district_code"), col("school_code")]).alias("county_district_school_code")] 
            DF ["county_code", "district_code", "school_code", "economically_disadvantaged", ...]; PROJECT */12 COLUMNS
      END INNER JOIN
    RIGHT PLAN ON: [col("county_district_school_code")]
      simple π 8/11 ["american_indian_or_alaska_native", ... 7 other columns]
         WITH_COLUMNS:
         [col("county_code").str.concat_horizontal([col("district_code"), col("school_code")]).alias("county_district_school_code")] 
          RENAME
            DF ["CountyCode", "DistrictCode", "SchoolCode", "American Indian or Alaska Native", ...]; PROJECT */10 COLUMNS
    END INNER JOIN
  RIGHT PLAN ON: [col("county_district_school_code")]
    simple π 3/6 ["home_language", ... 2 other columns]
       WITH_COLUMNS:
       [col("county_code").str.concat_horizontal([col("district_code"), col("school_code")]).alias("county_district_school_code")] 
        RENAME
          DF ["CountyCode", "DistrictCode", "SchoolCode", "HomeLanguage", ...]; PROJECT */5 COLUMNS
  END INNER JOIN
2025-03-05 01:18:06,164 - INFO - ------- extracting 2018-2019 academic year data -------
2025-03-05 01:18:06,165 - INFO - ------- extracting sheet 'Header and Contact' -------
2025-03-05 01:18:06,522 - DEBUG - current schema of 'Header and Contact': Schema([('county_code', String), ('district_code', String), ('school_code', String), ('county_name', String), ('district_name', String), ('school_name', String), ('address', String), ('city_state_zip', String)])
2025-03-05 01:18:06,522 - DEBUG - updated schema of 'Header and Contact': Schema([('county_code', String), ('district_code', String), ('school_code', String), ('county_name', String), ('district_name', String), ('school_name', String), ('address', String), ('city_state_zip', String)])
2025-03-05 01:18:06,523 - INFO - ------- extracting sheet 'EnrollmentTrendsbyGrade' -------
2025-03-05 01:18:06,608 - DEBUG - current schema of 'EnrollmentTrendsbyGrade': Schema([('county_code', String), ('district_code', String), ('school_code', String), ('grade06', String), ('grade07', String), ('grade08', String), ('grade09', String), ('grade10', String), ('grade11', String), ('grade12', String)])
2025-03-05 01:18:06,608 - DEBUG - 'grade06' in 'EnrollmentTrendsbyGrade' is casted as a String; Performing the work around;
2025-03-05 01:18:06,608 - DEBUG - 'grade07' in 'EnrollmentTrendsbyGrade' is casted as a String; Performing the work around;
2025-03-05 01:18:06,608 - DEBUG - 'grade08' in 'EnrollmentTrendsbyGrade' is casted as a String; Performing the work around;
2025-03-05 01:18:06,608 - DEBUG - 'grade09' in 'EnrollmentTrendsbyGrade' is casted as a String; Performing the work around;
2025-03-05 01:18:06,609 - DEBUG - 'grade10' in 'EnrollmentTrendsbyGrade' is casted as a String; Performing the work around;
2025-03-05 01:18:06,609 - DEBUG - 'grade11' in 'EnrollmentTrendsbyGrade' is casted as a String; Performing the work around;
2025-03-05 01:18:06,609 - DEBUG - 'grade12' in 'EnrollmentTrendsbyGrade' is casted as a String; Performing the work around;
2025-03-05 01:18:06,609 - DEBUG - updated schema of 'EnrollmentTrendsbyGrade': Schema([('county_code', String), ('district_code', String), ('school_code', String), ('grade06', Float64), ('grade07', Float64), ('grade08', Float64), ('grade09', Float64), ('grade10', Float64), ('grade11', Float64), ('grade12', Float64)])
2025-03-05 01:18:06,609 - INFO - ------- extracting sheet 'EnrollmentTrendsByStudentGroup' -------
2025-03-05 01:18:06,686 - DEBUG - current schema of 'EnrollmentTrendsByStudentGroup': Schema([('county_code', String), ('district_code', String), ('school_code', String), ('economically_disadvantaged', String), ('english_learners', String), ('female', String), ('homeless', String), ('male', String), ('migrant', String), ('military_connected', String), ('in_foster_care', String), ('with_disabilities', String)])
2025-03-05 01:18:06,686 - DEBUG - 'economically_disadvantaged' in 'EnrollmentTrendsByStudentGroup' is casted as a String; Performing the work around;
2025-03-05 01:18:06,686 - DEBUG - 'english_learners' in 'EnrollmentTrendsByStudentGroup' is casted as a String; Performing the work around;
2025-03-05 01:18:06,686 - DEBUG - 'female' in 'EnrollmentTrendsByStudentGroup' is casted as a String; Performing the work around;
2025-03-05 01:18:06,686 - DEBUG - 'homeless' in 'EnrollmentTrendsByStudentGroup' is casted as a String; Performing the work around;
2025-03-05 01:18:06,686 - DEBUG - 'male' in 'EnrollmentTrendsByStudentGroup' is casted as a String; Performing the work around;
2025-03-05 01:18:06,686 - DEBUG - 'migrant' in 'EnrollmentTrendsByStudentGroup' is casted as a String; Performing the work around;
2025-03-05 01:18:06,686 - DEBUG - 'military_connected' in 'EnrollmentTrendsByStudentGroup' is casted as a String; Performing the work around;
2025-03-05 01:18:06,686 - DEBUG - 'in_foster_care' in 'EnrollmentTrendsByStudentGroup' is casted as a String; Performing the work around;
2025-03-05 01:18:06,686 - DEBUG - 'with_disabilities' in 'EnrollmentTrendsByStudentGroup' is casted as a String; Performing the work around;
2025-03-05 01:18:06,686 - DEBUG - updated schema of 'EnrollmentTrendsByStudentGroup': Schema([('county_code', String), ('district_code', String), ('school_code', String), ('economically_disadvantaged', Float64), ('english_learners', Float64), ('female', Float64), ('homeless', Float64), ('male', Float64), ('migrant', Float64), ('military_connected', Float64), ('in_foster_care', Float64), ('with_disabilities', Float64)])
2025-03-05 01:18:06,686 - INFO - ------- extracting sheet 'EnrollmentByRacialEthnicGroup' -------
2025-03-05 01:18:06,758 - DEBUG - current schema of 'EnrollmentByRacialEthnicGroup': Schema([('county_code', String), ('district_code', String), ('school_code', String), ('american_indian_or_alaska_native', String), ('asian', String), ('black_or_african_american', String), ('hispanic', String), ('native_hawaiian_or_pacific_islander', String), ('two_or_more_races', String), ('white', String)])
2025-03-05 01:18:06,758 - DEBUG - 'american_indian_or_alaska_native' in 'EnrollmentByRacialEthnicGroup' is casted as a String; Performing the work around;
2025-03-05 01:18:06,758 - DEBUG - 'asian' in 'EnrollmentByRacialEthnicGroup' is casted as a String; Performing the work around;
2025-03-05 01:18:06,758 - DEBUG - 'black_or_african_american' in 'EnrollmentByRacialEthnicGroup' is casted as a String; Performing the work around;
2025-03-05 01:18:06,758 - DEBUG - 'hispanic' in 'EnrollmentByRacialEthnicGroup' is casted as a String; Performing the work around;
2025-03-05 01:18:06,758 - DEBUG - 'native_hawaiian_or_pacific_islander' in 'EnrollmentByRacialEthnicGroup' is casted as a String; Performing the work around;
2025-03-05 01:18:06,758 - DEBUG - 'two_or_more_races' in 'EnrollmentByRacialEthnicGroup' is casted as a String; Performing the work around;
2025-03-05 01:18:06,758 - DEBUG - 'white' in 'EnrollmentByRacialEthnicGroup' is casted as a String; Performing the work around;
2025-03-05 01:18:06,758 - DEBUG - updated schema of 'EnrollmentByRacialEthnicGroup': Schema([('county_code', String), ('district_code', String), ('school_code', String), ('american_indian_or_alaska_native', Float64), ('asian', Float64), ('black_or_african_american', Float64), ('hispanic', Float64), ('native_hawaiian_or_pacific_islander', Float64), ('two_or_more_races', Float64), ('white', Float64)])
2025-03-05 01:18:06,758 - INFO - ------- extracting sheet 'EnrollmentByHomeLanguage' -------
2025-03-05 01:18:06,858 - DEBUG - current schema of 'EnrollmentByHomeLanguage': Schema([('county_code', String), ('district_code', String), ('school_code', String), ('home_language', String), ('pct_of_students', Float64)])
2025-03-05 01:18:06,858 - DEBUG - updated schema of 'EnrollmentByHomeLanguage': Schema([('county_code', String), ('district_code', String), ('school_code', String), ('home_language', String), ('pct_of_students', Float64)])
2025-03-05 01:18:06,858 - INFO - ------- joining the sheets -------
2025-03-05 01:18:06,858 - INFO - ------- extracting 2019-2020 academic year data -------
2025-03-05 01:18:06,858 - INFO - ------- extracting sheet 'Header and Contact' -------
2025-03-05 01:18:06,942 - DEBUG - current schema of 'Header and Contact': Schema([('county_code', String), ('district_code', String), ('school_code', String), ('county_name', String), ('district_name', String), ('school_name', String), ('address', String), ('city_state_zip', String)])
2025-03-05 01:18:06,942 - DEBUG - updated schema of 'Header and Contact': Schema([('county_code', String), ('district_code', String), ('school_code', String), ('county_name', String), ('district_name', String), ('school_name', String), ('address', String), ('city_state_zip', String)])
2025-03-05 01:18:06,942 - INFO - ------- extracting sheet 'EnrollmentTrendsbyGrade' -------
2025-03-05 01:18:07,030 - DEBUG - current schema of 'EnrollmentTrendsbyGrade': Schema([('county_code', String), ('district_code', String), ('school_code', String), ('grade06', Int64), ('grade07', Int64), ('grade08', Int64), ('grade09', Int64), ('grade10', Int64), ('grade11', Int64), ('grade12', Int64)])
2025-03-05 01:18:07,030 - DEBUG - updated schema of 'EnrollmentTrendsbyGrade': Schema([('county_code', String), ('district_code', String), ('school_code', String), ('grade06', Int64), ('grade07', Int64), ('grade08', Int64), ('grade09', Int64), ('grade10', Int64), ('grade11', Int64), ('grade12', Int64)])
2025-03-05 01:18:07,030 - INFO - ------- extracting sheet 'EnrollmentTrendsByStudentGroup' -------
2025-03-05 01:18:07,108 - DEBUG - current schema of 'EnrollmentTrendsByStudentGroup': Schema([('county_code', String), ('district_code', String), ('school_code', String), ('economically_disadvantaged', Float64), ('english_learners', Float64), ('female', Float64), ('homeless', Float64), ('male', Float64), ('migrant', Float64), ('military_connected', Float64), ('in_foster_care', Float64), ('with_disabilities', Float64)])
2025-03-05 01:18:07,108 - DEBUG - updated schema of 'EnrollmentTrendsByStudentGroup': Schema([('county_code', String), ('district_code', String), ('school_code', String), ('economically_disadvantaged', Float64), ('english_learners', Float64), ('female', Float64), ('homeless', Float64), ('male', Float64), ('migrant', Float64), ('military_connected', Float64), ('in_foster_care', Float64), ('with_disabilities', Float64)])
2025-03-05 01:18:07,108 - INFO - ------- extracting sheet 'EnrollmentByRacialEthnicGroup' -------
2025-03-05 01:18:07,180 - DEBUG - current schema of 'EnrollmentByRacialEthnicGroup': Schema([('county_code', String), ('district_code', String), ('school_code', String), ('american_indian_or_alaska_native', Float64), ('asian', Float64), ('black_or_african_american', Float64), ('hispanic', Float64), ('native_hawaiian_or_pacific_islander', Float64), ('two_or_more_races', Float64), ('white', Float64)])
2025-03-05 01:18:07,180 - DEBUG - updated schema of 'EnrollmentByRacialEthnicGroup': Schema([('county_code', String), ('district_code', String), ('school_code', String), ('american_indian_or_alaska_native', Float64), ('asian', Float64), ('black_or_african_american', Float64), ('hispanic', Float64), ('native_hawaiian_or_pacific_islander', Float64), ('two_or_more_races', Float64), ('white', Float64)])
2025-03-05 01:18:07,180 - INFO - ------- extracting sheet 'EnrollmentByHomeLanguage' -------
2025-03-05 01:18:07,289 - DEBUG - current schema of 'EnrollmentByHomeLanguage': Schema([('county_code', String), ('district_code', String), ('school_code', String), ('home_language', String), ('pct_of_students', Float64)])
2025-03-05 01:18:07,289 - DEBUG - updated schema of 'EnrollmentByHomeLanguage': Schema([('county_code', String), ('district_code', String), ('school_code', String), ('home_language', String), ('pct_of_students', Float64)])
2025-03-05 01:18:07,289 - INFO - ------- joining the sheets -------
2025-03-05 01:18:07,289 - INFO - ------- extracting 2020-2021 academic year data -------
2025-03-05 01:18:07,289 - INFO - ------- extracting sheet 'Header and Contact' -------
2025-03-05 01:18:07,375 - DEBUG - current schema of 'Header and Contact': Schema([('county_code', String), ('district_code', String), ('school_code', String), ('county_name', String), ('district_name', String), ('school_name', String), ('address', String), ('city_state_zip', String)])
2025-03-05 01:18:07,376 - DEBUG - updated schema of 'Header and Contact': Schema([('county_code', String), ('district_code', String), ('school_code', String), ('county_name', String), ('district_name', String), ('school_name', String), ('address', String), ('city_state_zip', String)])
2025-03-05 01:18:07,376 - INFO - ------- extracting sheet 'EnrollmentTrendsbyGrade' -------
2025-03-05 01:18:07,457 - DEBUG - current schema of 'EnrollmentTrendsbyGrade': Schema([('county_code', String), ('district_code', String), ('school_code', String), ('grade06', Int64), ('grade07', Int64), ('grade08', Int64), ('grade09', Int64), ('grade10', Int64), ('grade11', Int64), ('grade12', Int64)])
2025-03-05 01:18:07,457 - DEBUG - updated schema of 'EnrollmentTrendsbyGrade': Schema([('county_code', String), ('district_code', String), ('school_code', String), ('grade06', Int64), ('grade07', Int64), ('grade08', Int64), ('grade09', Int64), ('grade10', Int64), ('grade11', Int64), ('grade12', Int64)])
2025-03-05 01:18:07,457 - INFO - ------- extracting sheet 'EnrollmentTrendsByStudentGroup' -------
2025-03-05 01:18:07,533 - DEBUG - current schema of 'EnrollmentTrendsByStudentGroup': Schema([('county_code', String), ('district_code', String), ('school_code', String), ('economically_disadvantaged', Float64), ('english_learners', Float64), ('female', String), ('homeless', Float64), ('male', String), ('migrant', Float64), ('military_connected', Float64), ('in_foster_care', Float64), ('with_disabilities', Float64)])
2025-03-05 01:18:07,533 - DEBUG - 'female' in 'EnrollmentTrendsByStudentGroup' is casted as a String; Performing the work around;
2025-03-05 01:18:07,534 - DEBUG - 'male' in 'EnrollmentTrendsByStudentGroup' is casted as a String; Performing the work around;
2025-03-05 01:18:07,534 - DEBUG - updated schema of 'EnrollmentTrendsByStudentGroup': Schema([('county_code', String), ('district_code', String), ('school_code', String), ('economically_disadvantaged', Float64), ('english_learners', Float64), ('female', Float64), ('homeless', Float64), ('male', Float64), ('migrant', Float64), ('military_connected', Float64), ('in_foster_care', Float64), ('with_disabilities', Float64)])
2025-03-05 01:18:07,534 - INFO - ------- extracting sheet 'EnrollmentByRacialEthnicGroup' -------
2025-03-05 01:18:07,605 - DEBUG - current schema of 'EnrollmentByRacialEthnicGroup': Schema([('county_code', String), ('district_code', String), ('school_code', String), ('american_indian_or_alaska_native', Float64), ('asian', Float64), ('black_or_african_american', Float64), ('hispanic', Float64), ('native_hawaiian_or_pacific_islander', Float64), ('two_or_more_races', Float64), ('white', Float64)])
2025-03-05 01:18:07,605 - DEBUG - updated schema of 'EnrollmentByRacialEthnicGroup': Schema([('county_code', String), ('district_code', String), ('school_code', String), ('american_indian_or_alaska_native', Float64), ('asian', Float64), ('black_or_african_american', Float64), ('hispanic', Float64), ('native_hawaiian_or_pacific_islander', Float64), ('two_or_more_races', Float64), ('white', Float64)])
2025-03-05 01:18:07,605 - INFO - ------- extracting sheet 'EnrollmentByHomeLanguage' -------
2025-03-05 01:18:07,703 - DEBUG - current schema of 'EnrollmentByHomeLanguage': Schema([('county_code', String), ('district_code', String), ('school_code', String), ('home_language', String), ('pct_of_students', Float64)])
2025-03-05 01:18:07,703 - DEBUG - updated schema of 'EnrollmentByHomeLanguage': Schema([('county_code', String), ('district_code', String), ('school_code', String), ('home_language', String), ('pct_of_students', Float64)])
2025-03-05 01:18:07,703 - INFO - ------- joining the sheets -------
2025-03-05 01:18:07,703 - INFO - ------- extracting 2021-2022 academic year data -------
2025-03-05 01:18:07,703 - INFO - ------- extracting sheet 'Header and Contact' -------
2025-03-05 01:18:07,794 - DEBUG - current schema of 'Header and Contact': Schema([('county_code', String), ('district_code', String), ('school_code', String), ('county_name', String), ('district_name', String), ('school_name', String), ('address', String), ('city_state_zip', String)])
2025-03-05 01:18:07,794 - DEBUG - updated schema of 'Header and Contact': Schema([('county_code', String), ('district_code', String), ('school_code', String), ('county_name', String), ('district_name', String), ('school_name', String), ('address', String), ('city_state_zip', String)])
2025-03-05 01:18:07,794 - INFO - ------- extracting sheet 'EnrollmentTrendsbyGrade' -------
2025-03-05 01:18:07,879 - DEBUG - current schema of 'EnrollmentTrendsbyGrade': Schema([('county_code', String), ('district_code', String), ('school_code', String), ('grade06', Int64), ('grade07', Int64), ('grade08', Int64), ('grade09', Int64), ('grade10', Int64), ('grade11', Int64), ('grade12', Int64)])
2025-03-05 01:18:07,879 - DEBUG - updated schema of 'EnrollmentTrendsbyGrade': Schema([('county_code', String), ('district_code', String), ('school_code', String), ('grade06', Int64), ('grade07', Int64), ('grade08', Int64), ('grade09', Int64), ('grade10', Int64), ('grade11', Int64), ('grade12', Int64)])
2025-03-05 01:18:07,879 - INFO - ------- extracting sheet 'EnrollmentTrendsByStudentGroup' -------
2025-03-05 01:18:07,960 - DEBUG - current schema of 'EnrollmentTrendsByStudentGroup': Schema([('county_code', String), ('district_code', String), ('school_code', String), ('economically_disadvantaged', Float64), ('english_learners', Float64), ('female', String), ('homeless', Float64), ('male', String), ('migrant', Float64), ('military_connected', Float64), ('in_foster_care', Float64), ('with_disabilities', Float64)])
2025-03-05 01:18:07,961 - DEBUG - 'female' in 'EnrollmentTrendsByStudentGroup' is casted as a String; Performing the work around;
2025-03-05 01:18:07,961 - DEBUG - 'male' in 'EnrollmentTrendsByStudentGroup' is casted as a String; Performing the work around;
2025-03-05 01:18:07,961 - DEBUG - updated schema of 'EnrollmentTrendsByStudentGroup': Schema([('county_code', String), ('district_code', String), ('school_code', String), ('economically_disadvantaged', Float64), ('english_learners', Float64), ('female', Float64), ('homeless', Float64), ('male', Float64), ('migrant', Float64), ('military_connected', Float64), ('in_foster_care', Float64), ('with_disabilities', Float64)])
2025-03-05 01:18:07,961 - INFO - ------- extracting sheet 'EnrollmentByRacialEthnicGroup' -------
2025-03-05 01:18:08,037 - DEBUG - current schema of 'EnrollmentByRacialEthnicGroup': Schema([('county_code', String), ('district_code', String), ('school_code', String), ('american_indian_or_alaska_native', Float64), ('asian', Float64), ('black_or_african_american', Float64), ('hispanic', Float64), ('native_hawaiian_or_pacific_islander', Float64), ('two_or_more_races', Float64), ('white', Float64)])
2025-03-05 01:18:08,037 - DEBUG - updated schema of 'EnrollmentByRacialEthnicGroup': Schema([('county_code', String), ('district_code', String), ('school_code', String), ('american_indian_or_alaska_native', Float64), ('asian', Float64), ('black_or_african_american', Float64), ('hispanic', Float64), ('native_hawaiian_or_pacific_islander', Float64), ('two_or_more_races', Float64), ('white', Float64)])
2025-03-05 01:18:08,037 - INFO - ------- extracting sheet 'EnrollmentByHomeLanguage' -------
2025-03-05 01:18:08,140 - DEBUG - current schema of 'EnrollmentByHomeLanguage': Schema([('county_code', String), ('district_code', String), ('school_code', String), ('home_language', String), ('pct_of_students', Float64)])
2025-03-05 01:18:08,140 - DEBUG - updated schema of 'EnrollmentByHomeLanguage': Schema([('county_code', String), ('district_code', String), ('school_code', String), ('home_language', String), ('pct_of_students', Float64)])
2025-03-05 01:18:08,141 - INFO - ------- joining the sheets -------
2025-03-05 01:18:08,141 - INFO - ------- extracting 2022-2023 academic year data -------
2025-03-05 01:18:08,141 - INFO - ------- extracting sheet 'Header and Contact' -------
2025-03-05 01:18:08,232 - DEBUG - current schema of 'Header and Contact': Schema([('county_code', String), ('district_code', String), ('school_code', String), ('county_name', String), ('district_name', String), ('school_name', String), ('address', String), ('city_state_zip', String)])
2025-03-05 01:18:08,232 - DEBUG - updated schema of 'Header and Contact': Schema([('county_code', String), ('district_code', String), ('school_code', String), ('county_name', String), ('district_name', String), ('school_name', String), ('address', String), ('city_state_zip', String)])
2025-03-05 01:18:08,232 - INFO - ------- extracting sheet 'EnrollmentTrendsbyGrade' -------
2025-03-05 01:18:08,322 - DEBUG - current schema of 'EnrollmentTrendsbyGrade': Schema([('county_code', String), ('district_code', String), ('school_code', String), ('grade06', Int64), ('grade07', Int64), ('grade08', Int64), ('grade09', Int64), ('grade10', Int64), ('grade11', Int64), ('grade12', Int64)])
2025-03-05 01:18:08,322 - DEBUG - updated schema of 'EnrollmentTrendsbyGrade': Schema([('county_code', String), ('district_code', String), ('school_code', String), ('grade06', Int64), ('grade07', Int64), ('grade08', Int64), ('grade09', Int64), ('grade10', Int64), ('grade11', Int64), ('grade12', Int64)])
2025-03-05 01:18:08,322 - INFO - ------- extracting sheet 'EnrollmentTrendsByStudentGroup' -------
2025-03-05 01:18:08,409 - DEBUG - current schema of 'EnrollmentTrendsByStudentGroup': Schema([('county_code', String), ('district_code', String), ('school_code', String), ('economically_disadvantaged', Float64), ('english_learners', Float64), ('female', String), ('homeless', Float64), ('male', String), ('migrant', Float64), ('military_connected', Float64), ('in_foster_care', Float64), ('with_disabilities', Float64)])
2025-03-05 01:18:08,410 - DEBUG - 'female' in 'EnrollmentTrendsByStudentGroup' is casted as a String; Performing the work around;
2025-03-05 01:18:08,410 - DEBUG - 'male' in 'EnrollmentTrendsByStudentGroup' is casted as a String; Performing the work around;
2025-03-05 01:18:08,410 - DEBUG - updated schema of 'EnrollmentTrendsByStudentGroup': Schema([('county_code', String), ('district_code', String), ('school_code', String), ('economically_disadvantaged', Float64), ('english_learners', Float64), ('female', Float64), ('homeless', Float64), ('male', Float64), ('migrant', Float64), ('military_connected', Float64), ('in_foster_care', Float64), ('with_disabilities', Float64)])
2025-03-05 01:18:08,410 - INFO - ------- extracting sheet 'EnrollmentByRacialEthnicGroup' -------
2025-03-05 01:18:08,489 - DEBUG - current schema of 'EnrollmentByRacialEthnicGroup': Schema([('county_code', String), ('district_code', String), ('school_code', String), ('american_indian_or_alaska_native', Float64), ('asian', Float64), ('black_or_african_american', Float64), ('hispanic', Float64), ('native_hawaiian_or_pacific_islander', Float64), ('two_or_more_races', Float64), ('white', Float64)])
2025-03-05 01:18:08,490 - DEBUG - updated schema of 'EnrollmentByRacialEthnicGroup': Schema([('county_code', String), ('district_code', String), ('school_code', String), ('american_indian_or_alaska_native', Float64), ('asian', Float64), ('black_or_african_american', Float64), ('hispanic', Float64), ('native_hawaiian_or_pacific_islander', Float64), ('two_or_more_races', Float64), ('white', Float64)])
2025-03-05 01:18:08,490 - INFO - ------- extracting sheet 'EnrollmentByHomeLanguage' -------
2025-03-05 01:18:08,596 - DEBUG - current schema of 'EnrollmentByHomeLanguage': Schema([('county_code', String), ('district_code', String), ('school_code', String), ('home_language', String), ('pct_of_students', Float64)])
2025-03-05 01:18:08,596 - DEBUG - updated schema of 'EnrollmentByHomeLanguage': Schema([('county_code', String), ('district_code', String), ('school_code', String), ('home_language', String), ('pct_of_students', Float64)])
2025-03-05 01:18:08,596 - INFO - ------- joining the sheets -------
2025-03-05 01:18:08,596 - INFO - ------- merging all academic years data -------
2025-03-05 01:18:08,598 - ERROR - 'union'/'concat' inputs should all have the same schema,got
Schema:
name: county_name, field: String
name: district_name, field: String
name: school_name, field: String
name: address, field: String
name: city_state_zip, field: String
name: county_district_school_code, field: String
name: grade06, field: Float64
name: grade07, field: Float64
name: grade08, field: Float64
name: grade09, field: Float64
name: grade10, field: Float64
name: grade11, field: Float64
name: grade12, field: Float64
name: economically_disadvantaged, field: Float64
name: english_learners, field: Float64
name: female, field: Float64
name: homeless, field: Float64
name: male, field: Float64
name: migrant, field: Float64
name: military_connected, field: Float64
name: in_foster_care, field: Float64
name: with_disabilities, field: Float64
name: american_indian_or_alaska_native, field: Float64
name: asian, field: Float64
name: black_or_african_american, field: Float64
name: hispanic, field: Float64
name: native_hawaiian_or_pacific_islander, field: Float64
name: two_or_more_races, field: Float64
name: white, field: Float64
name: home_language, field: String
name: pct_of_students, field: Float64
name: academic_year, field: String
 and 
Schema:
name: county_name, field: String
name: district_name, field: String
name: school_name, field: String
name: address, field: String
name: city_state_zip, field: String
name: county_district_school_code, field: String
name: grade06, field: Int64
name: grade07, field: Int64
name: grade08, field: Int64
name: grade09, field: Int64
name: grade10, field: Int64
name: grade11, field: Int64
name: grade12, field: Int64
name: economically_disadvantaged, field: Float64
name: english_learners, field: Float64
name: female, field: Float64
name: homeless, field: Float64
name: male, field: Float64
name: migrant, field: Float64
name: military_connected, field: Float64
name: in_foster_care, field: Float64
name: with_disabilities, field: Float64
name: american_indian_or_alaska_native, field: Float64
name: asian, field: Float64
name: black_or_african_american, field: Float64
name: hispanic, field: Float64
name: native_hawaiian_or_pacific_islander, field: Float64
name: two_or_more_races, field: Float64
name: white, field: Float64
name: home_language, field: String
name: pct_of_students, field: Float64
name: academic_year, field: String


Resolved plan until failure:

	---> FAILED HERE RESOLVING THIS_NODE <---
 WITH_COLUMNS:
 [String(2022-2023).alias("academic_year")] 
  INNER JOIN:
  LEFT PLAN ON: [col("county_district_school_code")]
    INNER JOIN:
    LEFT PLAN ON: [col("county_district_school_code")]
      INNER JOIN:
      LEFT PLAN ON: [col("county_district_school_code")]
        INNER JOIN:
        LEFT PLAN ON: [col("county_district_school_code")]
          simple π 6/9 ["county_name", "district_name", ... 4 other columns]
             WITH_COLUMNS:
             [col("county_code").str.concat_horizontal([col("district_code"), col("school_code")]).alias("county_district_school_code")] 
              RENAME
                DF ["COUNTY_CODE", "DISTRICT_CODE", "SCHOOL_CODE", "COUNTY_NAME", ...]; PROJECT */8 COLUMNS
        RIGHT PLAN ON: [col("county_district_school_code")]
          simple π 8/11 ["grade06", "grade07", ... 6 other columns]
             WITH_COLUMNS:
             [col("county_code").str.concat_horizontal([col("district_code"), col("school_code")]).alias("county_district_school_code")] 
              RENAME
                DF ["CountyCode", "DistrictCode", "SchoolCode", "Grade06", ...]; PROJECT */10 COLUMNS
        END INNER JOIN
      RIGHT PLAN ON: [col("county_district_school_code")]
        simple π 10/13 ["economically_disadvantaged", ... 9 other columns]
           WITH_COLUMNS:
           [col("county_code").str.concat_horizontal([col("district_code"), col("school_code")]).alias("county_district_school_code")] 
             WITH_COLUMNS:
             [when([(col("male").is_null()) | (col("male").str.contains([String([^0-9.\-])]))]).then(null.strict_cast(String)).otherwise(col("male")).strict_cast(Float64).alias("male")] 
               WITH_COLUMNS:
               [when([(col("female").is_null()) | (col("female").str.contains([String([^0-9.\-])]))]).then(null.strict_cast(String)).otherwise(col("female")).strict_cast(Float64).alias("female")] 
                RENAME
                  DF ["CountyCode", "DistrictCode", "SchoolCode", "Economically Disadvantaged Students", ...]; PROJECT */12 COLUMNS
      END INNER JOIN
    RIGHT PLAN ON: [col("county_district_school_code")]
      simple π 8/11 ["american_indian_or_alaska_native", ... 7 other columns]
         WITH_COLUMNS:
         [col("county_code").str.concat_horizontal([col("district_code"), col("school_code")]).alias("county_district_school_code")] 
          RENAME
            DF ["CountyCode", "DistrictCode", "SchoolCode", "American Indian or Alaska Native", ...]; PROJECT */10 COLUMNS
    END INNER JOIN
  RIGHT PLAN ON: [col("county_district_school_code")]
    simple π 3/6 ["home_language", ... 2 other columns]
       WITH_COLUMNS:
       [col("county_code").str.concat_horizontal([col("district_code"), col("school_code")]).alias("county_district_school_code")] 
        RENAME
          DF ["CountyCode", "DistrictCode", "SchoolCode", "HomeLanguage", ...]; PROJECT */5 COLUMNS
  END INNER JOIN
2025-03-05 01:19:21,758 - INFO - ------- extracting 2018-2019 academic year data -------
2025-03-05 01:19:21,758 - INFO - ------- extracting sheet 'Header and Contact' -------
2025-03-05 01:19:22,026 - DEBUG - current schema of 'Header and Contact': Schema([('county_code', String), ('district_code', String), ('school_code', String), ('county_name', String), ('district_name', String), ('school_name', String), ('address', String), ('city_state_zip', String)])
2025-03-05 01:19:22,027 - INFO - ------- extracting sheet 'EnrollmentTrendsbyGrade' -------
2025-03-05 01:19:22,108 - DEBUG - current schema of 'EnrollmentTrendsbyGrade': Schema([('county_code', String), ('district_code', String), ('school_code', String), ('grade06', String), ('grade07', String), ('grade08', String), ('grade09', String), ('grade10', String), ('grade11', String), ('grade12', String)])
2025-03-05 01:19:22,108 - DEBUG - 'grade06' in 'EnrollmentTrendsbyGrade' is casted as a String; Performing the work around;
2025-03-05 01:19:22,109 - DEBUG - 'grade07' in 'EnrollmentTrendsbyGrade' is casted as a String; Performing the work around;
2025-03-05 01:19:22,109 - DEBUG - 'grade08' in 'EnrollmentTrendsbyGrade' is casted as a String; Performing the work around;
2025-03-05 01:19:22,109 - DEBUG - 'grade09' in 'EnrollmentTrendsbyGrade' is casted as a String; Performing the work around;
2025-03-05 01:19:22,109 - DEBUG - 'grade10' in 'EnrollmentTrendsbyGrade' is casted as a String; Performing the work around;
2025-03-05 01:19:22,109 - DEBUG - 'grade11' in 'EnrollmentTrendsbyGrade' is casted as a String; Performing the work around;
2025-03-05 01:19:22,109 - DEBUG - 'grade12' in 'EnrollmentTrendsbyGrade' is casted as a String; Performing the work around;
2025-03-05 01:19:22,109 - DEBUG - writing 'EnrollmentTrendsbyGrade' to io stream
2025-03-05 01:19:22,124 - DEBUG - reading back 'EnrollmentTrendsbyGrade' from io stream
2025-03-05 01:19:22,128 - DEBUG - updated schema of 'EnrollmentTrendsbyGrade': Schema([('county_code', Int64), ('district_code', Int64), ('school_code', Int64), ('grade06', Int64), ('grade07', Int64), ('grade08', Int64), ('grade09', Int64), ('grade10', Int64), ('grade11', Int64), ('grade12', Int64)])
2025-03-05 01:19:22,128 - INFO - ------- extracting sheet 'EnrollmentTrendsByStudentGroup' -------
2025-03-05 01:19:22,202 - DEBUG - current schema of 'EnrollmentTrendsByStudentGroup': Schema([('county_code', String), ('district_code', String), ('school_code', String), ('economically_disadvantaged', String), ('english_learners', String), ('female', String), ('homeless', String), ('male', String), ('migrant', String), ('military_connected', String), ('in_foster_care', String), ('with_disabilities', String)])
2025-03-05 01:19:22,202 - DEBUG - 'economically_disadvantaged' in 'EnrollmentTrendsByStudentGroup' is casted as a String; Performing the work around;
2025-03-05 01:19:22,202 - DEBUG - 'english_learners' in 'EnrollmentTrendsByStudentGroup' is casted as a String; Performing the work around;
2025-03-05 01:19:22,203 - DEBUG - 'female' in 'EnrollmentTrendsByStudentGroup' is casted as a String; Performing the work around;
2025-03-05 01:19:22,203 - DEBUG - 'homeless' in 'EnrollmentTrendsByStudentGroup' is casted as a String; Performing the work around;
2025-03-05 01:19:22,203 - DEBUG - 'male' in 'EnrollmentTrendsByStudentGroup' is casted as a String; Performing the work around;
2025-03-05 01:19:22,203 - DEBUG - 'migrant' in 'EnrollmentTrendsByStudentGroup' is casted as a String; Performing the work around;
2025-03-05 01:19:22,203 - DEBUG - 'military_connected' in 'EnrollmentTrendsByStudentGroup' is casted as a String; Performing the work around;
2025-03-05 01:19:22,203 - DEBUG - 'in_foster_care' in 'EnrollmentTrendsByStudentGroup' is casted as a String; Performing the work around;
2025-03-05 01:19:22,203 - DEBUG - 'with_disabilities' in 'EnrollmentTrendsByStudentGroup' is casted as a String; Performing the work around;
2025-03-05 01:19:22,203 - DEBUG - writing 'EnrollmentTrendsByStudentGroup' to io stream
2025-03-05 01:19:22,204 - DEBUG - reading back 'EnrollmentTrendsByStudentGroup' from io stream
2025-03-05 01:19:22,206 - DEBUG - updated schema of 'EnrollmentTrendsByStudentGroup': Schema([('county_code', Int64), ('district_code', Int64), ('school_code', Int64), ('economically_disadvantaged', Float64), ('english_learners', Float64), ('female', Float64), ('homeless', Float64), ('male', Float64), ('migrant', Float64), ('military_connected', Float64), ('in_foster_care', Float64), ('with_disabilities', Float64)])
2025-03-05 01:19:22,207 - INFO - ------- extracting sheet 'EnrollmentByRacialEthnicGroup' -------
2025-03-05 01:19:22,281 - DEBUG - current schema of 'EnrollmentByRacialEthnicGroup': Schema([('county_code', String), ('district_code', String), ('school_code', String), ('american_indian_or_alaska_native', String), ('asian', String), ('black_or_african_american', String), ('hispanic', String), ('native_hawaiian_or_pacific_islander', String), ('two_or_more_races', String), ('white', String)])
2025-03-05 01:19:22,281 - DEBUG - 'american_indian_or_alaska_native' in 'EnrollmentByRacialEthnicGroup' is casted as a String; Performing the work around;
2025-03-05 01:19:22,281 - DEBUG - 'asian' in 'EnrollmentByRacialEthnicGroup' is casted as a String; Performing the work around;
2025-03-05 01:19:22,281 - DEBUG - 'black_or_african_american' in 'EnrollmentByRacialEthnicGroup' is casted as a String; Performing the work around;
2025-03-05 01:19:22,281 - DEBUG - 'hispanic' in 'EnrollmentByRacialEthnicGroup' is casted as a String; Performing the work around;
2025-03-05 01:19:22,281 - DEBUG - 'native_hawaiian_or_pacific_islander' in 'EnrollmentByRacialEthnicGroup' is casted as a String; Performing the work around;
2025-03-05 01:19:22,281 - DEBUG - 'two_or_more_races' in 'EnrollmentByRacialEthnicGroup' is casted as a String; Performing the work around;
2025-03-05 01:19:22,281 - DEBUG - 'white' in 'EnrollmentByRacialEthnicGroup' is casted as a String; Performing the work around;
2025-03-05 01:19:22,281 - DEBUG - writing 'EnrollmentByRacialEthnicGroup' to io stream
2025-03-05 01:19:22,283 - DEBUG - reading back 'EnrollmentByRacialEthnicGroup' from io stream
2025-03-05 01:19:22,284 - DEBUG - updated schema of 'EnrollmentByRacialEthnicGroup': Schema([('county_code', Int64), ('district_code', Int64), ('school_code', Int64), ('american_indian_or_alaska_native', Float64), ('asian', Float64), ('black_or_african_american', Float64), ('hispanic', Float64), ('native_hawaiian_or_pacific_islander', Float64), ('two_or_more_races', Float64), ('white', Float64)])
2025-03-05 01:19:22,284 - INFO - ------- extracting sheet 'EnrollmentByHomeLanguage' -------
2025-03-05 01:19:22,392 - DEBUG - current schema of 'EnrollmentByHomeLanguage': Schema([('county_code', String), ('district_code', String), ('school_code', String), ('home_language', String), ('pct_of_students', Float64)])
2025-03-05 01:19:22,392 - INFO - ------- joining the sheets -------
2025-03-05 01:19:22,393 - INFO - ------- extracting 2019-2020 academic year data -------
2025-03-05 01:19:22,393 - INFO - ------- extracting sheet 'Header and Contact' -------
2025-03-05 01:19:22,475 - DEBUG - current schema of 'Header and Contact': Schema([('county_code', String), ('district_code', String), ('school_code', String), ('county_name', String), ('district_name', String), ('school_name', String), ('address', String), ('city_state_zip', String)])
2025-03-05 01:19:22,475 - INFO - ------- extracting sheet 'EnrollmentTrendsbyGrade' -------
2025-03-05 01:19:22,557 - DEBUG - current schema of 'EnrollmentTrendsbyGrade': Schema([('county_code', String), ('district_code', String), ('school_code', String), ('grade06', Int64), ('grade07', Int64), ('grade08', Int64), ('grade09', Int64), ('grade10', Int64), ('grade11', Int64), ('grade12', Int64)])
2025-03-05 01:19:22,558 - INFO - ------- extracting sheet 'EnrollmentTrendsByStudentGroup' -------
2025-03-05 01:19:22,637 - DEBUG - current schema of 'EnrollmentTrendsByStudentGroup': Schema([('county_code', String), ('district_code', String), ('school_code', String), ('economically_disadvantaged', Float64), ('english_learners', Float64), ('female', Float64), ('homeless', Float64), ('male', Float64), ('migrant', Float64), ('military_connected', Float64), ('in_foster_care', Float64), ('with_disabilities', Float64)])
2025-03-05 01:19:22,637 - INFO - ------- extracting sheet 'EnrollmentByRacialEthnicGroup' -------
2025-03-05 01:19:22,711 - DEBUG - current schema of 'EnrollmentByRacialEthnicGroup': Schema([('county_code', String), ('district_code', String), ('school_code', String), ('american_indian_or_alaska_native', Float64), ('asian', Float64), ('black_or_african_american', Float64), ('hispanic', Float64), ('native_hawaiian_or_pacific_islander', Float64), ('two_or_more_races', Float64), ('white', Float64)])
2025-03-05 01:19:22,711 - INFO - ------- extracting sheet 'EnrollmentByHomeLanguage' -------
2025-03-05 01:19:22,810 - DEBUG - current schema of 'EnrollmentByHomeLanguage': Schema([('county_code', String), ('district_code', String), ('school_code', String), ('home_language', String), ('pct_of_students', Float64)])
2025-03-05 01:19:22,810 - INFO - ------- joining the sheets -------
2025-03-05 01:19:22,810 - INFO - ------- extracting 2020-2021 academic year data -------
2025-03-05 01:19:22,811 - INFO - ------- extracting sheet 'Header and Contact' -------
2025-03-05 01:19:22,899 - DEBUG - current schema of 'Header and Contact': Schema([('county_code', String), ('district_code', String), ('school_code', String), ('county_name', String), ('district_name', String), ('school_name', String), ('address', String), ('city_state_zip', String)])
2025-03-05 01:19:22,900 - INFO - ------- extracting sheet 'EnrollmentTrendsbyGrade' -------
2025-03-05 01:19:22,982 - DEBUG - current schema of 'EnrollmentTrendsbyGrade': Schema([('county_code', String), ('district_code', String), ('school_code', String), ('grade06', Int64), ('grade07', Int64), ('grade08', Int64), ('grade09', Int64), ('grade10', Int64), ('grade11', Int64), ('grade12', Int64)])
2025-03-05 01:19:22,982 - INFO - ------- extracting sheet 'EnrollmentTrendsByStudentGroup' -------
2025-03-05 01:19:23,061 - DEBUG - current schema of 'EnrollmentTrendsByStudentGroup': Schema([('county_code', String), ('district_code', String), ('school_code', String), ('economically_disadvantaged', Float64), ('english_learners', Float64), ('female', String), ('homeless', Float64), ('male', String), ('migrant', Float64), ('military_connected', Float64), ('in_foster_care', Float64), ('with_disabilities', Float64)])
2025-03-05 01:19:23,061 - DEBUG - 'female' in 'EnrollmentTrendsByStudentGroup' is casted as a String; Performing the work around;
2025-03-05 01:19:23,061 - DEBUG - 'male' in 'EnrollmentTrendsByStudentGroup' is casted as a String; Performing the work around;
2025-03-05 01:19:23,061 - DEBUG - writing 'EnrollmentTrendsByStudentGroup' to io stream
2025-03-05 01:19:23,062 - DEBUG - reading back 'EnrollmentTrendsByStudentGroup' from io stream
2025-03-05 01:19:23,064 - DEBUG - updated schema of 'EnrollmentTrendsByStudentGroup': Schema([('county_code', Int64), ('district_code', Int64), ('school_code', Int64), ('economically_disadvantaged', Float64), ('english_learners', Float64), ('female', Int64), ('homeless', Float64), ('male', Int64), ('migrant', Float64), ('military_connected', Float64), ('in_foster_care', Float64), ('with_disabilities', Float64)])
2025-03-05 01:19:23,064 - INFO - ------- extracting sheet 'EnrollmentByRacialEthnicGroup' -------
2025-03-05 01:19:23,143 - DEBUG - current schema of 'EnrollmentByRacialEthnicGroup': Schema([('county_code', String), ('district_code', String), ('school_code', String), ('american_indian_or_alaska_native', Float64), ('asian', Float64), ('black_or_african_american', Float64), ('hispanic', Float64), ('native_hawaiian_or_pacific_islander', Float64), ('two_or_more_races', Float64), ('white', Float64)])
2025-03-05 01:19:23,143 - INFO - ------- extracting sheet 'EnrollmentByHomeLanguage' -------
2025-03-05 01:19:23,242 - DEBUG - current schema of 'EnrollmentByHomeLanguage': Schema([('county_code', String), ('district_code', String), ('school_code', String), ('home_language', String), ('pct_of_students', Float64)])
2025-03-05 01:19:23,243 - INFO - ------- joining the sheets -------
2025-03-05 01:19:23,243 - INFO - ------- extracting 2021-2022 academic year data -------
2025-03-05 01:19:23,243 - INFO - ------- extracting sheet 'Header and Contact' -------
2025-03-05 01:19:23,338 - DEBUG - current schema of 'Header and Contact': Schema([('county_code', String), ('district_code', String), ('school_code', String), ('county_name', String), ('district_name', String), ('school_name', String), ('address', String), ('city_state_zip', String)])
2025-03-05 01:19:23,338 - INFO - ------- extracting sheet 'EnrollmentTrendsbyGrade' -------
2025-03-05 01:19:23,427 - DEBUG - current schema of 'EnrollmentTrendsbyGrade': Schema([('county_code', String), ('district_code', String), ('school_code', String), ('grade06', Int64), ('grade07', Int64), ('grade08', Int64), ('grade09', Int64), ('grade10', Int64), ('grade11', Int64), ('grade12', Int64)])
2025-03-05 01:19:23,427 - INFO - ------- extracting sheet 'EnrollmentTrendsByStudentGroup' -------
2025-03-05 01:19:23,509 - DEBUG - current schema of 'EnrollmentTrendsByStudentGroup': Schema([('county_code', String), ('district_code', String), ('school_code', String), ('economically_disadvantaged', Float64), ('english_learners', Float64), ('female', String), ('homeless', Float64), ('male', String), ('migrant', Float64), ('military_connected', Float64), ('in_foster_care', Float64), ('with_disabilities', Float64)])
2025-03-05 01:19:23,509 - DEBUG - 'female' in 'EnrollmentTrendsByStudentGroup' is casted as a String; Performing the work around;
2025-03-05 01:19:23,509 - DEBUG - 'male' in 'EnrollmentTrendsByStudentGroup' is casted as a String; Performing the work around;
2025-03-05 01:19:23,509 - DEBUG - writing 'EnrollmentTrendsByStudentGroup' to io stream
2025-03-05 01:19:23,511 - DEBUG - reading back 'EnrollmentTrendsByStudentGroup' from io stream
2025-03-05 01:19:23,512 - DEBUG - updated schema of 'EnrollmentTrendsByStudentGroup': Schema([('county_code', Int64), ('district_code', Int64), ('school_code', Int64), ('economically_disadvantaged', Float64), ('english_learners', Float64), ('female', Int64), ('homeless', Float64), ('male', Int64), ('migrant', Float64), ('military_connected', Float64), ('in_foster_care', Float64), ('with_disabilities', Float64)])
2025-03-05 01:19:23,512 - INFO - ------- extracting sheet 'EnrollmentByRacialEthnicGroup' -------
2025-03-05 01:19:23,589 - DEBUG - current schema of 'EnrollmentByRacialEthnicGroup': Schema([('county_code', String), ('district_code', String), ('school_code', String), ('american_indian_or_alaska_native', Float64), ('asian', Float64), ('black_or_african_american', Float64), ('hispanic', Float64), ('native_hawaiian_or_pacific_islander', Float64), ('two_or_more_races', Float64), ('white', Float64)])
2025-03-05 01:19:23,589 - INFO - ------- extracting sheet 'EnrollmentByHomeLanguage' -------
2025-03-05 01:19:23,695 - DEBUG - current schema of 'EnrollmentByHomeLanguage': Schema([('county_code', String), ('district_code', String), ('school_code', String), ('home_language', String), ('pct_of_students', Float64)])
2025-03-05 01:19:23,696 - INFO - ------- joining the sheets -------
2025-03-05 01:19:23,696 - INFO - ------- extracting 2022-2023 academic year data -------
2025-03-05 01:19:23,696 - INFO - ------- extracting sheet 'Header and Contact' -------
2025-03-05 01:19:23,790 - DEBUG - current schema of 'Header and Contact': Schema([('county_code', String), ('district_code', String), ('school_code', String), ('county_name', String), ('district_name', String), ('school_name', String), ('address', String), ('city_state_zip', String)])
2025-03-05 01:19:23,790 - INFO - ------- extracting sheet 'EnrollmentTrendsbyGrade' -------
2025-03-05 01:19:23,879 - DEBUG - current schema of 'EnrollmentTrendsbyGrade': Schema([('county_code', String), ('district_code', String), ('school_code', String), ('grade06', Int64), ('grade07', Int64), ('grade08', Int64), ('grade09', Int64), ('grade10', Int64), ('grade11', Int64), ('grade12', Int64)])
2025-03-05 01:19:23,880 - INFO - ------- extracting sheet 'EnrollmentTrendsByStudentGroup' -------
2025-03-05 01:19:24,071 - DEBUG - current schema of 'EnrollmentTrendsByStudentGroup': Schema([('county_code', String), ('district_code', String), ('school_code', String), ('economically_disadvantaged', Float64), ('english_learners', Float64), ('female', String), ('homeless', Float64), ('male', String), ('migrant', Float64), ('military_connected', Float64), ('in_foster_care', Float64), ('with_disabilities', Float64)])
2025-03-05 01:19:24,071 - DEBUG - 'female' in 'EnrollmentTrendsByStudentGroup' is casted as a String; Performing the work around;
2025-03-05 01:19:24,072 - DEBUG - 'male' in 'EnrollmentTrendsByStudentGroup' is casted as a String; Performing the work around;
2025-03-05 01:19:24,072 - DEBUG - writing 'EnrollmentTrendsByStudentGroup' to io stream
2025-03-05 01:19:24,073 - DEBUG - reading back 'EnrollmentTrendsByStudentGroup' from io stream
2025-03-05 01:19:24,075 - DEBUG - updated schema of 'EnrollmentTrendsByStudentGroup': Schema([('county_code', Int64), ('district_code', Int64), ('school_code', Int64), ('economically_disadvantaged', Float64), ('english_learners', Float64), ('female', Int64), ('homeless', Float64), ('male', Int64), ('migrant', Float64), ('military_connected', Float64), ('in_foster_care', Float64), ('with_disabilities', Float64)])
2025-03-05 01:19:24,076 - INFO - ------- extracting sheet 'EnrollmentByRacialEthnicGroup' -------
2025-03-05 01:19:24,172 - DEBUG - current schema of 'EnrollmentByRacialEthnicGroup': Schema([('county_code', String), ('district_code', String), ('school_code', String), ('american_indian_or_alaska_native', Float64), ('asian', Float64), ('black_or_african_american', Float64), ('hispanic', Float64), ('native_hawaiian_or_pacific_islander', Float64), ('two_or_more_races', Float64), ('white', Float64)])
2025-03-05 01:19:24,172 - INFO - ------- extracting sheet 'EnrollmentByHomeLanguage' -------
2025-03-05 01:19:24,313 - DEBUG - current schema of 'EnrollmentByHomeLanguage': Schema([('county_code', String), ('district_code', String), ('school_code', String), ('home_language', String), ('pct_of_students', Float64)])
2025-03-05 01:19:24,313 - INFO - ------- joining the sheets -------
2025-03-05 01:19:24,313 - INFO - ------- merging all academic years data -------
2025-03-05 01:19:24,315 - ERROR - 'union'/'concat' inputs should all have the same schema,got
Schema:
name: county_name, field: String
name: district_name, field: String
name: school_name, field: String
name: address, field: String
name: city_state_zip, field: String
name: county_district_school_code, field: String
name: grade06, field: Int64
name: grade07, field: Int64
name: grade08, field: Int64
name: grade09, field: Int64
name: grade10, field: Int64
name: grade11, field: Int64
name: grade12, field: Int64
name: economically_disadvantaged, field: Float64
name: english_learners, field: Float64
name: female, field: Float64
name: homeless, field: Float64
name: male, field: Float64
name: migrant, field: Float64
name: military_connected, field: Float64
name: in_foster_care, field: Float64
name: with_disabilities, field: Float64
name: american_indian_or_alaska_native, field: Float64
name: asian, field: Float64
name: black_or_african_american, field: Float64
name: hispanic, field: Float64
name: native_hawaiian_or_pacific_islander, field: Float64
name: two_or_more_races, field: Float64
name: white, field: Float64
name: home_language, field: String
name: pct_of_students, field: Float64
name: academic_year, field: String
 and 
Schema:
name: county_name, field: String
name: district_name, field: String
name: school_name, field: String
name: address, field: String
name: city_state_zip, field: String
name: county_district_school_code, field: String
name: grade06, field: Int64
name: grade07, field: Int64
name: grade08, field: Int64
name: grade09, field: Int64
name: grade10, field: Int64
name: grade11, field: Int64
name: grade12, field: Int64
name: economically_disadvantaged, field: Float64
name: english_learners, field: Float64
name: female, field: Int64
name: homeless, field: Float64
name: male, field: Int64
name: migrant, field: Float64
name: military_connected, field: Float64
name: in_foster_care, field: Float64
name: with_disabilities, field: Float64
name: american_indian_or_alaska_native, field: Float64
name: asian, field: Float64
name: black_or_african_american, field: Float64
name: hispanic, field: Float64
name: native_hawaiian_or_pacific_islander, field: Float64
name: two_or_more_races, field: Float64
name: white, field: Float64
name: home_language, field: String
name: pct_of_students, field: Float64
name: academic_year, field: String


Resolved plan until failure:

	---> FAILED HERE RESOLVING THIS_NODE <---
 WITH_COLUMNS:
 [String(2022-2023).alias("academic_year")] 
  INNER JOIN:
  LEFT PLAN ON: [col("county_district_school_code")]
    INNER JOIN:
    LEFT PLAN ON: [col("county_district_school_code")]
      INNER JOIN:
      LEFT PLAN ON: [col("county_district_school_code")]
        INNER JOIN:
        LEFT PLAN ON: [col("county_district_school_code")]
          simple π 6/9 ["county_name", "district_name", ... 4 other columns]
             WITH_COLUMNS:
             [col("county_code").str.concat_horizontal([col("district_code"), col("school_code")]).alias("county_district_school_code")] 
              RENAME
                DF ["COUNTY_CODE", "DISTRICT_CODE", "SCHOOL_CODE", "COUNTY_NAME", ...]; PROJECT */8 COLUMNS
        RIGHT PLAN ON: [col("county_district_school_code")]
          simple π 8/11 ["grade06", "grade07", ... 6 other columns]
             WITH_COLUMNS:
             [col("county_code").str.concat_horizontal([col("district_code"), col("school_code")]).alias("county_district_school_code")] 
              RENAME
                DF ["CountyCode", "DistrictCode", "SchoolCode", "Grade06", ...]; PROJECT */10 COLUMNS
        END INNER JOIN
      RIGHT PLAN ON: [col("county_district_school_code")]
        simple π 10/13 ["economically_disadvantaged", ... 9 other columns]
           WITH_COLUMNS:
           [col("county_code").str.concat_horizontal([col("district_code"), col("school_code")]).alias("county_district_school_code")] 
            DF ["county_code", "district_code", "school_code", "economically_disadvantaged", ...]; PROJECT */12 COLUMNS
      END INNER JOIN
    RIGHT PLAN ON: [col("county_district_school_code")]
      simple π 8/11 ["american_indian_or_alaska_native", ... 7 other columns]
         WITH_COLUMNS:
         [col("county_code").str.concat_horizontal([col("district_code"), col("school_code")]).alias("county_district_school_code")] 
          RENAME
            DF ["CountyCode", "DistrictCode", "SchoolCode", "American Indian or Alaska Native", ...]; PROJECT */10 COLUMNS
    END INNER JOIN
  RIGHT PLAN ON: [col("county_district_school_code")]
    simple π 3/6 ["home_language", ... 2 other columns]
       WITH_COLUMNS:
       [col("county_code").str.concat_horizontal([col("district_code"), col("school_code")]).alias("county_district_school_code")] 
        RENAME
          DF ["CountyCode", "DistrictCode", "SchoolCode", "HomeLanguage", ...]; PROJECT */5 COLUMNS
  END INNER JOIN
2025-03-05 01:22:14,494 - INFO - ------- extracting 2018-2019 academic year data -------
2025-03-05 01:22:14,494 - INFO - ------- extracting sheet 'Header and Contact' -------
2025-03-05 01:22:14,815 - DEBUG - current schema of 'Header and Contact': Schema([('county_code', String), ('district_code', String), ('school_code', String), ('county_name', String), ('district_name', String), ('school_name', String), ('address', String), ('city_state_zip', String)])
2025-03-05 01:22:14,816 - DEBUG - updated schema of 'Header and Contact': Schema([('county_code', Float64), ('district_code', Float64), ('school_code', Float64), ('county_name', Float64), ('district_name', Float64), ('school_name', Float64), ('address', Float64), ('city_state_zip', Float64)])
2025-03-05 01:22:14,817 - INFO - ------- extracting sheet 'EnrollmentTrendsbyGrade' -------
2025-03-05 01:22:14,896 - DEBUG - current schema of 'EnrollmentTrendsbyGrade': Schema([('county_code', String), ('district_code', String), ('school_code', String), ('grade06', String), ('grade07', String), ('grade08', String), ('grade09', String), ('grade10', String), ('grade11', String), ('grade12', String)])
2025-03-05 01:22:14,896 - DEBUG - 'grade06' in 'EnrollmentTrendsbyGrade' is casted as a String; Performing the work around;
2025-03-05 01:22:14,897 - DEBUG - 'grade07' in 'EnrollmentTrendsbyGrade' is casted as a String; Performing the work around;
2025-03-05 01:22:14,897 - DEBUG - 'grade08' in 'EnrollmentTrendsbyGrade' is casted as a String; Performing the work around;
2025-03-05 01:22:14,897 - DEBUG - 'grade09' in 'EnrollmentTrendsbyGrade' is casted as a String; Performing the work around;
2025-03-05 01:22:14,897 - DEBUG - 'grade10' in 'EnrollmentTrendsbyGrade' is casted as a String; Performing the work around;
2025-03-05 01:22:14,897 - DEBUG - 'grade11' in 'EnrollmentTrendsbyGrade' is casted as a String; Performing the work around;
2025-03-05 01:22:14,897 - DEBUG - 'grade12' in 'EnrollmentTrendsbyGrade' is casted as a String; Performing the work around;
2025-03-05 01:22:14,897 - DEBUG - updated schema of 'EnrollmentTrendsbyGrade': Schema([('county_code', Float64), ('district_code', Float64), ('school_code', Float64), ('grade06', Float64), ('grade07', Float64), ('grade08', Float64), ('grade09', Float64), ('grade10', Float64), ('grade11', Float64), ('grade12', Float64)])
2025-03-05 01:22:14,897 - INFO - ------- extracting sheet 'EnrollmentTrendsByStudentGroup' -------
2025-03-05 01:22:14,981 - DEBUG - current schema of 'EnrollmentTrendsByStudentGroup': Schema([('county_code', String), ('district_code', String), ('school_code', String), ('economically_disadvantaged', String), ('english_learners', String), ('female', String), ('homeless', String), ('male', String), ('migrant', String), ('military_connected', String), ('in_foster_care', String), ('with_disabilities', String)])
2025-03-05 01:22:14,981 - DEBUG - 'economically_disadvantaged' in 'EnrollmentTrendsByStudentGroup' is casted as a String; Performing the work around;
2025-03-05 01:22:14,981 - DEBUG - 'english_learners' in 'EnrollmentTrendsByStudentGroup' is casted as a String; Performing the work around;
2025-03-05 01:22:14,981 - DEBUG - 'female' in 'EnrollmentTrendsByStudentGroup' is casted as a String; Performing the work around;
2025-03-05 01:22:14,981 - DEBUG - 'homeless' in 'EnrollmentTrendsByStudentGroup' is casted as a String; Performing the work around;
2025-03-05 01:22:14,981 - DEBUG - 'male' in 'EnrollmentTrendsByStudentGroup' is casted as a String; Performing the work around;
2025-03-05 01:22:14,981 - DEBUG - 'migrant' in 'EnrollmentTrendsByStudentGroup' is casted as a String; Performing the work around;
2025-03-05 01:22:14,981 - DEBUG - 'military_connected' in 'EnrollmentTrendsByStudentGroup' is casted as a String; Performing the work around;
2025-03-05 01:22:14,981 - DEBUG - 'in_foster_care' in 'EnrollmentTrendsByStudentGroup' is casted as a String; Performing the work around;
2025-03-05 01:22:14,981 - DEBUG - 'with_disabilities' in 'EnrollmentTrendsByStudentGroup' is casted as a String; Performing the work around;
2025-03-05 01:22:14,981 - DEBUG - updated schema of 'EnrollmentTrendsByStudentGroup': Schema([('county_code', Float64), ('district_code', Float64), ('school_code', Float64), ('economically_disadvantaged', Float64), ('english_learners', Float64), ('female', Float64), ('homeless', Float64), ('male', Float64), ('migrant', Float64), ('military_connected', Float64), ('in_foster_care', Float64), ('with_disabilities', Float64)])
2025-03-05 01:22:14,981 - INFO - ------- extracting sheet 'EnrollmentByRacialEthnicGroup' -------
2025-03-05 01:22:15,055 - DEBUG - current schema of 'EnrollmentByRacialEthnicGroup': Schema([('county_code', String), ('district_code', String), ('school_code', String), ('american_indian_or_alaska_native', String), ('asian', String), ('black_or_african_american', String), ('hispanic', String), ('native_hawaiian_or_pacific_islander', String), ('two_or_more_races', String), ('white', String)])
2025-03-05 01:22:15,055 - DEBUG - 'american_indian_or_alaska_native' in 'EnrollmentByRacialEthnicGroup' is casted as a String; Performing the work around;
2025-03-05 01:22:15,055 - DEBUG - 'asian' in 'EnrollmentByRacialEthnicGroup' is casted as a String; Performing the work around;
2025-03-05 01:22:15,055 - DEBUG - 'black_or_african_american' in 'EnrollmentByRacialEthnicGroup' is casted as a String; Performing the work around;
2025-03-05 01:22:15,055 - DEBUG - 'hispanic' in 'EnrollmentByRacialEthnicGroup' is casted as a String; Performing the work around;
2025-03-05 01:22:15,055 - DEBUG - 'native_hawaiian_or_pacific_islander' in 'EnrollmentByRacialEthnicGroup' is casted as a String; Performing the work around;
2025-03-05 01:22:15,055 - DEBUG - 'two_or_more_races' in 'EnrollmentByRacialEthnicGroup' is casted as a String; Performing the work around;
2025-03-05 01:22:15,055 - DEBUG - 'white' in 'EnrollmentByRacialEthnicGroup' is casted as a String; Performing the work around;
2025-03-05 01:22:15,055 - DEBUG - updated schema of 'EnrollmentByRacialEthnicGroup': Schema([('county_code', Float64), ('district_code', Float64), ('school_code', Float64), ('american_indian_or_alaska_native', Float64), ('asian', Float64), ('black_or_african_american', Float64), ('hispanic', Float64), ('native_hawaiian_or_pacific_islander', Float64), ('two_or_more_races', Float64), ('white', Float64)])
2025-03-05 01:22:15,055 - INFO - ------- extracting sheet 'EnrollmentByHomeLanguage' -------
2025-03-05 01:22:15,156 - DEBUG - current schema of 'EnrollmentByHomeLanguage': Schema([('county_code', String), ('district_code', String), ('school_code', String), ('home_language', String), ('pct_of_students', Float64)])
2025-03-05 01:22:15,156 - DEBUG - updated schema of 'EnrollmentByHomeLanguage': Schema([('county_code', Float64), ('district_code', Float64), ('school_code', Float64), ('home_language', Float64), ('pct_of_students', Float64)])
2025-03-05 01:22:15,156 - INFO - ------- joining the sheets -------
2025-03-05 01:22:15,156 - INFO - ------- extracting 2019-2020 academic year data -------
2025-03-05 01:22:15,156 - INFO - ------- extracting sheet 'Header and Contact' -------
2025-03-05 01:22:15,237 - DEBUG - current schema of 'Header and Contact': Schema([('county_code', String), ('district_code', String), ('school_code', String), ('county_name', String), ('district_name', String), ('school_name', String), ('address', String), ('city_state_zip', String)])
2025-03-05 01:22:15,237 - DEBUG - updated schema of 'Header and Contact': Schema([('county_code', Float64), ('district_code', Float64), ('school_code', Float64), ('county_name', Float64), ('district_name', Float64), ('school_name', Float64), ('address', Float64), ('city_state_zip', Float64)])
2025-03-05 01:22:15,237 - INFO - ------- extracting sheet 'EnrollmentTrendsbyGrade' -------
2025-03-05 01:22:15,322 - DEBUG - current schema of 'EnrollmentTrendsbyGrade': Schema([('county_code', String), ('district_code', String), ('school_code', String), ('grade06', Int64), ('grade07', Int64), ('grade08', Int64), ('grade09', Int64), ('grade10', Int64), ('grade11', Int64), ('grade12', Int64)])
2025-03-05 01:22:15,323 - DEBUG - updated schema of 'EnrollmentTrendsbyGrade': Schema([('county_code', Float64), ('district_code', Float64), ('school_code', Float64), ('grade06', Float64), ('grade07', Float64), ('grade08', Float64), ('grade09', Float64), ('grade10', Float64), ('grade11', Float64), ('grade12', Float64)])
2025-03-05 01:22:15,323 - INFO - ------- extracting sheet 'EnrollmentTrendsByStudentGroup' -------
2025-03-05 01:22:15,398 - DEBUG - current schema of 'EnrollmentTrendsByStudentGroup': Schema([('county_code', String), ('district_code', String), ('school_code', String), ('economically_disadvantaged', Float64), ('english_learners', Float64), ('female', Float64), ('homeless', Float64), ('male', Float64), ('migrant', Float64), ('military_connected', Float64), ('in_foster_care', Float64), ('with_disabilities', Float64)])
2025-03-05 01:22:15,398 - DEBUG - updated schema of 'EnrollmentTrendsByStudentGroup': Schema([('county_code', Float64), ('district_code', Float64), ('school_code', Float64), ('economically_disadvantaged', Float64), ('english_learners', Float64), ('female', Float64), ('homeless', Float64), ('male', Float64), ('migrant', Float64), ('military_connected', Float64), ('in_foster_care', Float64), ('with_disabilities', Float64)])
2025-03-05 01:22:15,398 - INFO - ------- extracting sheet 'EnrollmentByRacialEthnicGroup' -------
2025-03-05 01:22:15,471 - DEBUG - current schema of 'EnrollmentByRacialEthnicGroup': Schema([('county_code', String), ('district_code', String), ('school_code', String), ('american_indian_or_alaska_native', Float64), ('asian', Float64), ('black_or_african_american', Float64), ('hispanic', Float64), ('native_hawaiian_or_pacific_islander', Float64), ('two_or_more_races', Float64), ('white', Float64)])
2025-03-05 01:22:15,471 - DEBUG - updated schema of 'EnrollmentByRacialEthnicGroup': Schema([('county_code', Float64), ('district_code', Float64), ('school_code', Float64), ('american_indian_or_alaska_native', Float64), ('asian', Float64), ('black_or_african_american', Float64), ('hispanic', Float64), ('native_hawaiian_or_pacific_islander', Float64), ('two_or_more_races', Float64), ('white', Float64)])
2025-03-05 01:22:15,471 - INFO - ------- extracting sheet 'EnrollmentByHomeLanguage' -------
2025-03-05 01:22:15,568 - DEBUG - current schema of 'EnrollmentByHomeLanguage': Schema([('county_code', String), ('district_code', String), ('school_code', String), ('home_language', String), ('pct_of_students', Float64)])
2025-03-05 01:22:15,568 - DEBUG - updated schema of 'EnrollmentByHomeLanguage': Schema([('county_code', Float64), ('district_code', Float64), ('school_code', Float64), ('home_language', Float64), ('pct_of_students', Float64)])
2025-03-05 01:22:15,568 - INFO - ------- joining the sheets -------
2025-03-05 01:22:15,568 - INFO - ------- extracting 2020-2021 academic year data -------
2025-03-05 01:22:15,568 - INFO - ------- extracting sheet 'Header and Contact' -------
2025-03-05 01:22:15,653 - DEBUG - current schema of 'Header and Contact': Schema([('county_code', String), ('district_code', String), ('school_code', String), ('county_name', String), ('district_name', String), ('school_name', String), ('address', String), ('city_state_zip', String)])
2025-03-05 01:22:15,654 - DEBUG - updated schema of 'Header and Contact': Schema([('county_code', Float64), ('district_code', Float64), ('school_code', Float64), ('county_name', Float64), ('district_name', Float64), ('school_name', Float64), ('address', Float64), ('city_state_zip', Float64)])
2025-03-05 01:22:15,654 - INFO - ------- extracting sheet 'EnrollmentTrendsbyGrade' -------
2025-03-05 01:22:15,734 - DEBUG - current schema of 'EnrollmentTrendsbyGrade': Schema([('county_code', String), ('district_code', String), ('school_code', String), ('grade06', Int64), ('grade07', Int64), ('grade08', Int64), ('grade09', Int64), ('grade10', Int64), ('grade11', Int64), ('grade12', Int64)])
2025-03-05 01:22:15,734 - DEBUG - updated schema of 'EnrollmentTrendsbyGrade': Schema([('county_code', Float64), ('district_code', Float64), ('school_code', Float64), ('grade06', Float64), ('grade07', Float64), ('grade08', Float64), ('grade09', Float64), ('grade10', Float64), ('grade11', Float64), ('grade12', Float64)])
2025-03-05 01:22:15,735 - INFO - ------- extracting sheet 'EnrollmentTrendsByStudentGroup' -------
2025-03-05 01:22:15,811 - DEBUG - current schema of 'EnrollmentTrendsByStudentGroup': Schema([('county_code', String), ('district_code', String), ('school_code', String), ('economically_disadvantaged', Float64), ('english_learners', Float64), ('female', String), ('homeless', Float64), ('male', String), ('migrant', Float64), ('military_connected', Float64), ('in_foster_care', Float64), ('with_disabilities', Float64)])
2025-03-05 01:22:15,811 - DEBUG - 'female' in 'EnrollmentTrendsByStudentGroup' is casted as a String; Performing the work around;
2025-03-05 01:22:15,811 - DEBUG - 'male' in 'EnrollmentTrendsByStudentGroup' is casted as a String; Performing the work around;
2025-03-05 01:22:15,811 - DEBUG - updated schema of 'EnrollmentTrendsByStudentGroup': Schema([('county_code', Float64), ('district_code', Float64), ('school_code', Float64), ('economically_disadvantaged', Float64), ('english_learners', Float64), ('female', Float64), ('homeless', Float64), ('male', Float64), ('migrant', Float64), ('military_connected', Float64), ('in_foster_care', Float64), ('with_disabilities', Float64)])
2025-03-05 01:22:15,811 - INFO - ------- extracting sheet 'EnrollmentByRacialEthnicGroup' -------
2025-03-05 01:22:15,883 - DEBUG - current schema of 'EnrollmentByRacialEthnicGroup': Schema([('county_code', String), ('district_code', String), ('school_code', String), ('american_indian_or_alaska_native', Float64), ('asian', Float64), ('black_or_african_american', Float64), ('hispanic', Float64), ('native_hawaiian_or_pacific_islander', Float64), ('two_or_more_races', Float64), ('white', Float64)])
2025-03-05 01:22:15,884 - DEBUG - updated schema of 'EnrollmentByRacialEthnicGroup': Schema([('county_code', Float64), ('district_code', Float64), ('school_code', Float64), ('american_indian_or_alaska_native', Float64), ('asian', Float64), ('black_or_african_american', Float64), ('hispanic', Float64), ('native_hawaiian_or_pacific_islander', Float64), ('two_or_more_races', Float64), ('white', Float64)])
2025-03-05 01:22:15,884 - INFO - ------- extracting sheet 'EnrollmentByHomeLanguage' -------
2025-03-05 01:22:15,981 - DEBUG - current schema of 'EnrollmentByHomeLanguage': Schema([('county_code', String), ('district_code', String), ('school_code', String), ('home_language', String), ('pct_of_students', Float64)])
2025-03-05 01:22:15,982 - DEBUG - updated schema of 'EnrollmentByHomeLanguage': Schema([('county_code', Float64), ('district_code', Float64), ('school_code', Float64), ('home_language', Float64), ('pct_of_students', Float64)])
2025-03-05 01:22:15,982 - INFO - ------- joining the sheets -------
2025-03-05 01:22:15,982 - INFO - ------- extracting 2021-2022 academic year data -------
2025-03-05 01:22:15,982 - INFO - ------- extracting sheet 'Header and Contact' -------
2025-03-05 01:22:16,073 - DEBUG - current schema of 'Header and Contact': Schema([('county_code', String), ('district_code', String), ('school_code', String), ('county_name', String), ('district_name', String), ('school_name', String), ('address', String), ('city_state_zip', String)])
2025-03-05 01:22:16,073 - DEBUG - updated schema of 'Header and Contact': Schema([('county_code', Float64), ('district_code', Float64), ('school_code', Float64), ('county_name', Float64), ('district_name', Float64), ('school_name', Float64), ('address', Float64), ('city_state_zip', Float64)])
2025-03-05 01:22:16,073 - INFO - ------- extracting sheet 'EnrollmentTrendsbyGrade' -------
2025-03-05 01:22:16,158 - DEBUG - current schema of 'EnrollmentTrendsbyGrade': Schema([('county_code', String), ('district_code', String), ('school_code', String), ('grade06', Int64), ('grade07', Int64), ('grade08', Int64), ('grade09', Int64), ('grade10', Int64), ('grade11', Int64), ('grade12', Int64)])
2025-03-05 01:22:16,158 - DEBUG - updated schema of 'EnrollmentTrendsbyGrade': Schema([('county_code', Float64), ('district_code', Float64), ('school_code', Float64), ('grade06', Float64), ('grade07', Float64), ('grade08', Float64), ('grade09', Float64), ('grade10', Float64), ('grade11', Float64), ('grade12', Float64)])
2025-03-05 01:22:16,159 - INFO - ------- extracting sheet 'EnrollmentTrendsByStudentGroup' -------
2025-03-05 01:22:16,239 - DEBUG - current schema of 'EnrollmentTrendsByStudentGroup': Schema([('county_code', String), ('district_code', String), ('school_code', String), ('economically_disadvantaged', Float64), ('english_learners', Float64), ('female', String), ('homeless', Float64), ('male', String), ('migrant', Float64), ('military_connected', Float64), ('in_foster_care', Float64), ('with_disabilities', Float64)])
2025-03-05 01:22:16,239 - DEBUG - 'female' in 'EnrollmentTrendsByStudentGroup' is casted as a String; Performing the work around;
2025-03-05 01:22:16,239 - DEBUG - 'male' in 'EnrollmentTrendsByStudentGroup' is casted as a String; Performing the work around;
2025-03-05 01:22:16,239 - DEBUG - updated schema of 'EnrollmentTrendsByStudentGroup': Schema([('county_code', Float64), ('district_code', Float64), ('school_code', Float64), ('economically_disadvantaged', Float64), ('english_learners', Float64), ('female', Float64), ('homeless', Float64), ('male', Float64), ('migrant', Float64), ('military_connected', Float64), ('in_foster_care', Float64), ('with_disabilities', Float64)])
2025-03-05 01:22:16,239 - INFO - ------- extracting sheet 'EnrollmentByRacialEthnicGroup' -------
2025-03-05 01:22:16,317 - DEBUG - current schema of 'EnrollmentByRacialEthnicGroup': Schema([('county_code', String), ('district_code', String), ('school_code', String), ('american_indian_or_alaska_native', Float64), ('asian', Float64), ('black_or_african_american', Float64), ('hispanic', Float64), ('native_hawaiian_or_pacific_islander', Float64), ('two_or_more_races', Float64), ('white', Float64)])
2025-03-05 01:22:16,317 - DEBUG - updated schema of 'EnrollmentByRacialEthnicGroup': Schema([('county_code', Float64), ('district_code', Float64), ('school_code', Float64), ('american_indian_or_alaska_native', Float64), ('asian', Float64), ('black_or_african_american', Float64), ('hispanic', Float64), ('native_hawaiian_or_pacific_islander', Float64), ('two_or_more_races', Float64), ('white', Float64)])
2025-03-05 01:22:16,317 - INFO - ------- extracting sheet 'EnrollmentByHomeLanguage' -------
2025-03-05 01:22:16,421 - DEBUG - current schema of 'EnrollmentByHomeLanguage': Schema([('county_code', String), ('district_code', String), ('school_code', String), ('home_language', String), ('pct_of_students', Float64)])
2025-03-05 01:22:16,421 - DEBUG - updated schema of 'EnrollmentByHomeLanguage': Schema([('county_code', Float64), ('district_code', Float64), ('school_code', Float64), ('home_language', Float64), ('pct_of_students', Float64)])
2025-03-05 01:22:16,421 - INFO - ------- joining the sheets -------
2025-03-05 01:22:16,421 - INFO - ------- extracting 2022-2023 academic year data -------
2025-03-05 01:22:16,421 - INFO - ------- extracting sheet 'Header and Contact' -------
2025-03-05 01:22:16,513 - DEBUG - current schema of 'Header and Contact': Schema([('county_code', String), ('district_code', String), ('school_code', String), ('county_name', String), ('district_name', String), ('school_name', String), ('address', String), ('city_state_zip', String)])
2025-03-05 01:22:16,514 - DEBUG - updated schema of 'Header and Contact': Schema([('county_code', Float64), ('district_code', Float64), ('school_code', Float64), ('county_name', Float64), ('district_name', Float64), ('school_name', Float64), ('address', Float64), ('city_state_zip', Float64)])
2025-03-05 01:22:16,514 - INFO - ------- extracting sheet 'EnrollmentTrendsbyGrade' -------
2025-03-05 01:22:16,601 - DEBUG - current schema of 'EnrollmentTrendsbyGrade': Schema([('county_code', String), ('district_code', String), ('school_code', String), ('grade06', Int64), ('grade07', Int64), ('grade08', Int64), ('grade09', Int64), ('grade10', Int64), ('grade11', Int64), ('grade12', Int64)])
2025-03-05 01:22:16,601 - DEBUG - updated schema of 'EnrollmentTrendsbyGrade': Schema([('county_code', Float64), ('district_code', Float64), ('school_code', Float64), ('grade06', Float64), ('grade07', Float64), ('grade08', Float64), ('grade09', Float64), ('grade10', Float64), ('grade11', Float64), ('grade12', Float64)])
2025-03-05 01:22:16,601 - INFO - ------- extracting sheet 'EnrollmentTrendsByStudentGroup' -------
2025-03-05 01:22:16,684 - DEBUG - current schema of 'EnrollmentTrendsByStudentGroup': Schema([('county_code', String), ('district_code', String), ('school_code', String), ('economically_disadvantaged', Float64), ('english_learners', Float64), ('female', String), ('homeless', Float64), ('male', String), ('migrant', Float64), ('military_connected', Float64), ('in_foster_care', Float64), ('with_disabilities', Float64)])
2025-03-05 01:22:16,684 - DEBUG - 'female' in 'EnrollmentTrendsByStudentGroup' is casted as a String; Performing the work around;
2025-03-05 01:22:16,684 - DEBUG - 'male' in 'EnrollmentTrendsByStudentGroup' is casted as a String; Performing the work around;
2025-03-05 01:22:16,684 - DEBUG - updated schema of 'EnrollmentTrendsByStudentGroup': Schema([('county_code', Float64), ('district_code', Float64), ('school_code', Float64), ('economically_disadvantaged', Float64), ('english_learners', Float64), ('female', Float64), ('homeless', Float64), ('male', Float64), ('migrant', Float64), ('military_connected', Float64), ('in_foster_care', Float64), ('with_disabilities', Float64)])
2025-03-05 01:22:16,684 - INFO - ------- extracting sheet 'EnrollmentByRacialEthnicGroup' -------
2025-03-05 01:22:16,764 - DEBUG - current schema of 'EnrollmentByRacialEthnicGroup': Schema([('county_code', String), ('district_code', String), ('school_code', String), ('american_indian_or_alaska_native', Float64), ('asian', Float64), ('black_or_african_american', Float64), ('hispanic', Float64), ('native_hawaiian_or_pacific_islander', Float64), ('two_or_more_races', Float64), ('white', Float64)])
2025-03-05 01:22:16,764 - DEBUG - updated schema of 'EnrollmentByRacialEthnicGroup': Schema([('county_code', Float64), ('district_code', Float64), ('school_code', Float64), ('american_indian_or_alaska_native', Float64), ('asian', Float64), ('black_or_african_american', Float64), ('hispanic', Float64), ('native_hawaiian_or_pacific_islander', Float64), ('two_or_more_races', Float64), ('white', Float64)])
2025-03-05 01:22:16,764 - INFO - ------- extracting sheet 'EnrollmentByHomeLanguage' -------
2025-03-05 01:22:16,869 - DEBUG - current schema of 'EnrollmentByHomeLanguage': Schema([('county_code', String), ('district_code', String), ('school_code', String), ('home_language', String), ('pct_of_students', Float64)])
2025-03-05 01:22:16,869 - DEBUG - updated schema of 'EnrollmentByHomeLanguage': Schema([('county_code', Float64), ('district_code', Float64), ('school_code', Float64), ('home_language', Float64), ('pct_of_students', Float64)])
2025-03-05 01:22:16,869 - INFO - ------- joining the sheets -------
2025-03-05 01:22:16,870 - INFO - ------- merging all academic years data -------
2025-03-05 01:22:16,871 - INFO - ['county_name', 'district_name', 'school_name', 'address', 'city_state_zip', 'county_district_school_code', 'grade06', 'grade07', 'grade08', 'grade09', 'grade10', 'grade11', 'grade12', 'economically_disadvantaged', 'english_learners', 'female', 'homeless', 'male', 'migrant', 'military_connected', 'in_foster_care', 'with_disabilities', 'american_indian_or_alaska_native', 'asian', 'black_or_african_american', 'hispanic', 'native_hawaiian_or_pacific_islander', 'two_or_more_races', 'white', 'home_language', 'pct_of_students', 'academic_year']
2025-03-05 01:31:44,945 - INFO - ------- extracting 2018-2019 academic year data -------
2025-03-05 01:31:44,946 - INFO - ------- extracting sheet 'Header and Contact' -------
2025-03-05 01:31:45,218 - INFO - current schema of 'Header and Contact': Schema([('county_code', String), ('district_code', String), ('school_code', String), ('county_name', String), ('district_name', String), ('school_name', String), ('address', String), ('city_state_zip', String)])
2025-03-05 01:31:45,220 - INFO - updated schema of 'Header and Contact': Schema([('county_code', Float64), ('district_code', Float64), ('school_code', Float64), ('county_name', Float64), ('district_name', Float64), ('school_name', Float64), ('address', Float64), ('city_state_zip', Float64)])
2025-03-05 01:31:45,220 - INFO - ------- extracting sheet 'EnrollmentTrendsbyGrade' -------
2025-03-05 01:31:45,302 - INFO - current schema of 'EnrollmentTrendsbyGrade': Schema([('county_code', String), ('district_code', String), ('school_code', String), ('grade06', String), ('grade07', String), ('grade08', String), ('grade09', String), ('grade10', String), ('grade11', String), ('grade12', String)])
2025-03-05 01:31:45,303 - INFO - 'grade06' in 'EnrollmentTrendsbyGrade' is casted as a String; Performing the work around;
2025-03-05 01:31:45,304 - INFO - 'grade07' in 'EnrollmentTrendsbyGrade' is casted as a String; Performing the work around;
2025-03-05 01:31:45,304 - INFO - 'grade08' in 'EnrollmentTrendsbyGrade' is casted as a String; Performing the work around;
2025-03-05 01:31:45,304 - INFO - 'grade09' in 'EnrollmentTrendsbyGrade' is casted as a String; Performing the work around;
2025-03-05 01:31:45,304 - INFO - 'grade10' in 'EnrollmentTrendsbyGrade' is casted as a String; Performing the work around;
2025-03-05 01:31:45,304 - INFO - 'grade11' in 'EnrollmentTrendsbyGrade' is casted as a String; Performing the work around;
2025-03-05 01:31:45,304 - INFO - 'grade12' in 'EnrollmentTrendsbyGrade' is casted as a String; Performing the work around;
2025-03-05 01:31:45,304 - INFO - updated schema of 'EnrollmentTrendsbyGrade': Schema([('county_code', Float64), ('district_code', Float64), ('school_code', Float64), ('grade06', Float64), ('grade07', Float64), ('grade08', Float64), ('grade09', Float64), ('grade10', Float64), ('grade11', Float64), ('grade12', Float64)])
2025-03-05 01:31:45,304 - INFO - ------- extracting sheet 'EnrollmentTrendsByStudentGroup' -------
2025-03-05 01:31:45,379 - INFO - current schema of 'EnrollmentTrendsByStudentGroup': Schema([('county_code', String), ('district_code', String), ('school_code', String), ('economically_disadvantaged', String), ('english_learners', String), ('female', String), ('homeless', String), ('male', String), ('migrant', String), ('military_connected', String), ('in_foster_care', String), ('with_disabilities', String)])
2025-03-05 01:31:45,379 - INFO - 'economically_disadvantaged' in 'EnrollmentTrendsByStudentGroup' is casted as a String; Performing the work around;
2025-03-05 01:31:45,379 - INFO - 'english_learners' in 'EnrollmentTrendsByStudentGroup' is casted as a String; Performing the work around;
2025-03-05 01:31:45,379 - INFO - 'female' in 'EnrollmentTrendsByStudentGroup' is casted as a String; Performing the work around;
2025-03-05 01:31:45,379 - INFO - 'homeless' in 'EnrollmentTrendsByStudentGroup' is casted as a String; Performing the work around;
2025-03-05 01:31:45,379 - INFO - 'male' in 'EnrollmentTrendsByStudentGroup' is casted as a String; Performing the work around;
2025-03-05 01:31:45,380 - INFO - 'migrant' in 'EnrollmentTrendsByStudentGroup' is casted as a String; Performing the work around;
2025-03-05 01:31:45,380 - INFO - 'military_connected' in 'EnrollmentTrendsByStudentGroup' is casted as a String; Performing the work around;
2025-03-05 01:31:45,380 - INFO - 'in_foster_care' in 'EnrollmentTrendsByStudentGroup' is casted as a String; Performing the work around;
2025-03-05 01:31:45,380 - INFO - 'with_disabilities' in 'EnrollmentTrendsByStudentGroup' is casted as a String; Performing the work around;
2025-03-05 01:31:45,380 - INFO - updated schema of 'EnrollmentTrendsByStudentGroup': Schema([('county_code', Float64), ('district_code', Float64), ('school_code', Float64), ('economically_disadvantaged', Float64), ('english_learners', Float64), ('female', Float64), ('homeless', Float64), ('male', Float64), ('migrant', Float64), ('military_connected', Float64), ('in_foster_care', Float64), ('with_disabilities', Float64)])
2025-03-05 01:31:45,380 - INFO - ------- extracting sheet 'EnrollmentByRacialEthnicGroup' -------
2025-03-05 01:31:45,453 - INFO - current schema of 'EnrollmentByRacialEthnicGroup': Schema([('county_code', String), ('district_code', String), ('school_code', String), ('american_indian_or_alaska_native', String), ('asian', String), ('black_or_african_american', String), ('hispanic', String), ('native_hawaiian_or_pacific_islander', String), ('two_or_more_races', String), ('white', String)])
2025-03-05 01:31:45,453 - INFO - 'american_indian_or_alaska_native' in 'EnrollmentByRacialEthnicGroup' is casted as a String; Performing the work around;
2025-03-05 01:31:45,453 - INFO - 'asian' in 'EnrollmentByRacialEthnicGroup' is casted as a String; Performing the work around;
2025-03-05 01:31:45,453 - INFO - 'black_or_african_american' in 'EnrollmentByRacialEthnicGroup' is casted as a String; Performing the work around;
2025-03-05 01:31:45,453 - INFO - 'hispanic' in 'EnrollmentByRacialEthnicGroup' is casted as a String; Performing the work around;
2025-03-05 01:31:45,453 - INFO - 'native_hawaiian_or_pacific_islander' in 'EnrollmentByRacialEthnicGroup' is casted as a String; Performing the work around;
2025-03-05 01:31:45,453 - INFO - 'two_or_more_races' in 'EnrollmentByRacialEthnicGroup' is casted as a String; Performing the work around;
2025-03-05 01:31:45,453 - INFO - 'white' in 'EnrollmentByRacialEthnicGroup' is casted as a String; Performing the work around;
2025-03-05 01:31:45,453 - INFO - updated schema of 'EnrollmentByRacialEthnicGroup': Schema([('county_code', Float64), ('district_code', Float64), ('school_code', Float64), ('american_indian_or_alaska_native', Float64), ('asian', Float64), ('black_or_african_american', Float64), ('hispanic', Float64), ('native_hawaiian_or_pacific_islander', Float64), ('two_or_more_races', Float64), ('white', Float64)])
2025-03-05 01:31:45,453 - INFO - ------- extracting sheet 'EnrollmentByHomeLanguage' -------
2025-03-05 01:31:45,556 - INFO - current schema of 'EnrollmentByHomeLanguage': Schema([('county_code', String), ('district_code', String), ('school_code', String), ('home_language', String), ('pct_of_students', Float64)])
2025-03-05 01:31:45,556 - INFO - updated schema of 'EnrollmentByHomeLanguage': Schema([('county_code', Float64), ('district_code', Float64), ('school_code', Float64), ('home_language', Float64), ('pct_of_students', Float64)])
2025-03-05 01:31:45,556 - INFO - ------- joining the sheets -------
2025-03-05 01:31:45,556 - INFO - ------- extracting 2019-2020 academic year data -------
2025-03-05 01:31:45,556 - INFO - ------- extracting sheet 'Header and Contact' -------
2025-03-05 01:31:45,637 - INFO - current schema of 'Header and Contact': Schema([('county_code', String), ('district_code', String), ('school_code', String), ('county_name', String), ('district_name', String), ('school_name', String), ('address', String), ('city_state_zip', String)])
2025-03-05 01:31:45,637 - INFO - updated schema of 'Header and Contact': Schema([('county_code', Float64), ('district_code', Float64), ('school_code', Float64), ('county_name', Float64), ('district_name', Float64), ('school_name', Float64), ('address', Float64), ('city_state_zip', Float64)])
2025-03-05 01:31:45,637 - INFO - ------- extracting sheet 'EnrollmentTrendsbyGrade' -------
2025-03-05 01:31:45,724 - INFO - current schema of 'EnrollmentTrendsbyGrade': Schema([('county_code', String), ('district_code', String), ('school_code', String), ('grade06', Int64), ('grade07', Int64), ('grade08', Int64), ('grade09', Int64), ('grade10', Int64), ('grade11', Int64), ('grade12', Int64)])
2025-03-05 01:31:45,724 - INFO - updated schema of 'EnrollmentTrendsbyGrade': Schema([('county_code', Float64), ('district_code', Float64), ('school_code', Float64), ('grade06', Float64), ('grade07', Float64), ('grade08', Float64), ('grade09', Float64), ('grade10', Float64), ('grade11', Float64), ('grade12', Float64)])
2025-03-05 01:31:45,724 - INFO - ------- extracting sheet 'EnrollmentTrendsByStudentGroup' -------
2025-03-05 01:31:45,801 - INFO - current schema of 'EnrollmentTrendsByStudentGroup': Schema([('county_code', String), ('district_code', String), ('school_code', String), ('economically_disadvantaged', Float64), ('english_learners', Float64), ('female', Float64), ('homeless', Float64), ('male', Float64), ('migrant', Float64), ('military_connected', Float64), ('in_foster_care', Float64), ('with_disabilities', Float64)])
2025-03-05 01:31:45,801 - INFO - updated schema of 'EnrollmentTrendsByStudentGroup': Schema([('county_code', Float64), ('district_code', Float64), ('school_code', Float64), ('economically_disadvantaged', Float64), ('english_learners', Float64), ('female', Float64), ('homeless', Float64), ('male', Float64), ('migrant', Float64), ('military_connected', Float64), ('in_foster_care', Float64), ('with_disabilities', Float64)])
2025-03-05 01:31:45,801 - INFO - ------- extracting sheet 'EnrollmentByRacialEthnicGroup' -------
2025-03-05 01:31:45,873 - INFO - current schema of 'EnrollmentByRacialEthnicGroup': Schema([('county_code', String), ('district_code', String), ('school_code', String), ('american_indian_or_alaska_native', Float64), ('asian', Float64), ('black_or_african_american', Float64), ('hispanic', Float64), ('native_hawaiian_or_pacific_islander', Float64), ('two_or_more_races', Float64), ('white', Float64)])
2025-03-05 01:31:45,873 - INFO - updated schema of 'EnrollmentByRacialEthnicGroup': Schema([('county_code', Float64), ('district_code', Float64), ('school_code', Float64), ('american_indian_or_alaska_native', Float64), ('asian', Float64), ('black_or_african_american', Float64), ('hispanic', Float64), ('native_hawaiian_or_pacific_islander', Float64), ('two_or_more_races', Float64), ('white', Float64)])
2025-03-05 01:31:45,873 - INFO - ------- extracting sheet 'EnrollmentByHomeLanguage' -------
2025-03-05 01:31:45,972 - INFO - current schema of 'EnrollmentByHomeLanguage': Schema([('county_code', String), ('district_code', String), ('school_code', String), ('home_language', String), ('pct_of_students', Float64)])
2025-03-05 01:31:45,972 - INFO - updated schema of 'EnrollmentByHomeLanguage': Schema([('county_code', Float64), ('district_code', Float64), ('school_code', Float64), ('home_language', Float64), ('pct_of_students', Float64)])
2025-03-05 01:31:45,972 - INFO - ------- joining the sheets -------
2025-03-05 01:31:45,972 - INFO - ------- extracting 2020-2021 academic year data -------
2025-03-05 01:31:45,972 - INFO - ------- extracting sheet 'Header and Contact' -------
2025-03-05 01:31:46,056 - INFO - current schema of 'Header and Contact': Schema([('county_code', String), ('district_code', String), ('school_code', String), ('county_name', String), ('district_name', String), ('school_name', String), ('address', String), ('city_state_zip', String)])
2025-03-05 01:31:46,057 - INFO - updated schema of 'Header and Contact': Schema([('county_code', Float64), ('district_code', Float64), ('school_code', Float64), ('county_name', Float64), ('district_name', Float64), ('school_name', Float64), ('address', Float64), ('city_state_zip', Float64)])
2025-03-05 01:31:46,057 - INFO - ------- extracting sheet 'EnrollmentTrendsbyGrade' -------
2025-03-05 01:31:46,138 - INFO - current schema of 'EnrollmentTrendsbyGrade': Schema([('county_code', String), ('district_code', String), ('school_code', String), ('grade06', Int64), ('grade07', Int64), ('grade08', Int64), ('grade09', Int64), ('grade10', Int64), ('grade11', Int64), ('grade12', Int64)])
2025-03-05 01:31:46,138 - INFO - updated schema of 'EnrollmentTrendsbyGrade': Schema([('county_code', Float64), ('district_code', Float64), ('school_code', Float64), ('grade06', Float64), ('grade07', Float64), ('grade08', Float64), ('grade09', Float64), ('grade10', Float64), ('grade11', Float64), ('grade12', Float64)])
2025-03-05 01:31:46,138 - INFO - ------- extracting sheet 'EnrollmentTrendsByStudentGroup' -------
2025-03-05 01:31:46,216 - INFO - current schema of 'EnrollmentTrendsByStudentGroup': Schema([('county_code', String), ('district_code', String), ('school_code', String), ('economically_disadvantaged', Float64), ('english_learners', Float64), ('female', String), ('homeless', Float64), ('male', String), ('migrant', Float64), ('military_connected', Float64), ('in_foster_care', Float64), ('with_disabilities', Float64)])
2025-03-05 01:31:46,216 - INFO - 'female' in 'EnrollmentTrendsByStudentGroup' is casted as a String; Performing the work around;
2025-03-05 01:31:46,216 - INFO - 'male' in 'EnrollmentTrendsByStudentGroup' is casted as a String; Performing the work around;
2025-03-05 01:31:46,216 - INFO - updated schema of 'EnrollmentTrendsByStudentGroup': Schema([('county_code', Float64), ('district_code', Float64), ('school_code', Float64), ('economically_disadvantaged', Float64), ('english_learners', Float64), ('female', Float64), ('homeless', Float64), ('male', Float64), ('migrant', Float64), ('military_connected', Float64), ('in_foster_care', Float64), ('with_disabilities', Float64)])
2025-03-05 01:31:46,216 - INFO - ------- extracting sheet 'EnrollmentByRacialEthnicGroup' -------
2025-03-05 01:31:46,295 - INFO - current schema of 'EnrollmentByRacialEthnicGroup': Schema([('county_code', String), ('district_code', String), ('school_code', String), ('american_indian_or_alaska_native', Float64), ('asian', Float64), ('black_or_african_american', Float64), ('hispanic', Float64), ('native_hawaiian_or_pacific_islander', Float64), ('two_or_more_races', Float64), ('white', Float64)])
2025-03-05 01:31:46,295 - INFO - updated schema of 'EnrollmentByRacialEthnicGroup': Schema([('county_code', Float64), ('district_code', Float64), ('school_code', Float64), ('american_indian_or_alaska_native', Float64), ('asian', Float64), ('black_or_african_american', Float64), ('hispanic', Float64), ('native_hawaiian_or_pacific_islander', Float64), ('two_or_more_races', Float64), ('white', Float64)])
2025-03-05 01:31:46,295 - INFO - ------- extracting sheet 'EnrollmentByHomeLanguage' -------
2025-03-05 01:31:46,402 - INFO - current schema of 'EnrollmentByHomeLanguage': Schema([('county_code', String), ('district_code', String), ('school_code', String), ('home_language', String), ('pct_of_students', Float64)])
2025-03-05 01:31:46,402 - INFO - updated schema of 'EnrollmentByHomeLanguage': Schema([('county_code', Float64), ('district_code', Float64), ('school_code', Float64), ('home_language', Float64), ('pct_of_students', Float64)])
2025-03-05 01:31:46,402 - INFO - ------- joining the sheets -------
2025-03-05 01:31:46,402 - INFO - ------- extracting 2021-2022 academic year data -------
2025-03-05 01:31:46,402 - INFO - ------- extracting sheet 'Header and Contact' -------
2025-03-05 01:31:46,493 - INFO - current schema of 'Header and Contact': Schema([('county_code', String), ('district_code', String), ('school_code', String), ('county_name', String), ('district_name', String), ('school_name', String), ('address', String), ('city_state_zip', String)])
2025-03-05 01:31:46,494 - INFO - updated schema of 'Header and Contact': Schema([('county_code', Float64), ('district_code', Float64), ('school_code', Float64), ('county_name', Float64), ('district_name', Float64), ('school_name', Float64), ('address', Float64), ('city_state_zip', Float64)])
2025-03-05 01:31:46,494 - INFO - ------- extracting sheet 'EnrollmentTrendsbyGrade' -------
2025-03-05 01:31:46,580 - INFO - current schema of 'EnrollmentTrendsbyGrade': Schema([('county_code', String), ('district_code', String), ('school_code', String), ('grade06', Int64), ('grade07', Int64), ('grade08', Int64), ('grade09', Int64), ('grade10', Int64), ('grade11', Int64), ('grade12', Int64)])
2025-03-05 01:31:46,580 - INFO - updated schema of 'EnrollmentTrendsbyGrade': Schema([('county_code', Float64), ('district_code', Float64), ('school_code', Float64), ('grade06', Float64), ('grade07', Float64), ('grade08', Float64), ('grade09', Float64), ('grade10', Float64), ('grade11', Float64), ('grade12', Float64)])
2025-03-05 01:31:46,580 - INFO - ------- extracting sheet 'EnrollmentTrendsByStudentGroup' -------
2025-03-05 01:31:46,661 - INFO - current schema of 'EnrollmentTrendsByStudentGroup': Schema([('county_code', String), ('district_code', String), ('school_code', String), ('economically_disadvantaged', Float64), ('english_learners', Float64), ('female', String), ('homeless', Float64), ('male', String), ('migrant', Float64), ('military_connected', Float64), ('in_foster_care', Float64), ('with_disabilities', Float64)])
2025-03-05 01:31:46,661 - INFO - 'female' in 'EnrollmentTrendsByStudentGroup' is casted as a String; Performing the work around;
2025-03-05 01:31:46,661 - INFO - 'male' in 'EnrollmentTrendsByStudentGroup' is casted as a String; Performing the work around;
2025-03-05 01:31:46,661 - INFO - updated schema of 'EnrollmentTrendsByStudentGroup': Schema([('county_code', Float64), ('district_code', Float64), ('school_code', Float64), ('economically_disadvantaged', Float64), ('english_learners', Float64), ('female', Float64), ('homeless', Float64), ('male', Float64), ('migrant', Float64), ('military_connected', Float64), ('in_foster_care', Float64), ('with_disabilities', Float64)])
2025-03-05 01:31:46,662 - INFO - ------- extracting sheet 'EnrollmentByRacialEthnicGroup' -------
2025-03-05 01:31:46,739 - INFO - current schema of 'EnrollmentByRacialEthnicGroup': Schema([('county_code', String), ('district_code', String), ('school_code', String), ('american_indian_or_alaska_native', Float64), ('asian', Float64), ('black_or_african_american', Float64), ('hispanic', Float64), ('native_hawaiian_or_pacific_islander', Float64), ('two_or_more_races', Float64), ('white', Float64)])
2025-03-05 01:31:46,739 - INFO - updated schema of 'EnrollmentByRacialEthnicGroup': Schema([('county_code', Float64), ('district_code', Float64), ('school_code', Float64), ('american_indian_or_alaska_native', Float64), ('asian', Float64), ('black_or_african_american', Float64), ('hispanic', Float64), ('native_hawaiian_or_pacific_islander', Float64), ('two_or_more_races', Float64), ('white', Float64)])
2025-03-05 01:31:46,739 - INFO - ------- extracting sheet 'EnrollmentByHomeLanguage' -------
2025-03-05 01:31:46,841 - INFO - current schema of 'EnrollmentByHomeLanguage': Schema([('county_code', String), ('district_code', String), ('school_code', String), ('home_language', String), ('pct_of_students', Float64)])
2025-03-05 01:31:46,841 - INFO - updated schema of 'EnrollmentByHomeLanguage': Schema([('county_code', Float64), ('district_code', Float64), ('school_code', Float64), ('home_language', Float64), ('pct_of_students', Float64)])
2025-03-05 01:31:46,842 - INFO - ------- joining the sheets -------
2025-03-05 01:31:46,842 - INFO - ------- extracting 2022-2023 academic year data -------
2025-03-05 01:31:46,842 - INFO - ------- extracting sheet 'Header and Contact' -------
2025-03-05 01:31:46,936 - INFO - current schema of 'Header and Contact': Schema([('county_code', String), ('district_code', String), ('school_code', String), ('county_name', String), ('district_name', String), ('school_name', String), ('address', String), ('city_state_zip', String)])
2025-03-05 01:31:46,936 - INFO - updated schema of 'Header and Contact': Schema([('county_code', Float64), ('district_code', Float64), ('school_code', Float64), ('county_name', Float64), ('district_name', Float64), ('school_name', Float64), ('address', Float64), ('city_state_zip', Float64)])
2025-03-05 01:31:46,936 - INFO - ------- extracting sheet 'EnrollmentTrendsbyGrade' -------
2025-03-05 01:31:47,024 - INFO - current schema of 'EnrollmentTrendsbyGrade': Schema([('county_code', String), ('district_code', String), ('school_code', String), ('grade06', Int64), ('grade07', Int64), ('grade08', Int64), ('grade09', Int64), ('grade10', Int64), ('grade11', Int64), ('grade12', Int64)])
2025-03-05 01:31:47,024 - INFO - updated schema of 'EnrollmentTrendsbyGrade': Schema([('county_code', Float64), ('district_code', Float64), ('school_code', Float64), ('grade06', Float64), ('grade07', Float64), ('grade08', Float64), ('grade09', Float64), ('grade10', Float64), ('grade11', Float64), ('grade12', Float64)])
2025-03-05 01:31:47,024 - INFO - ------- extracting sheet 'EnrollmentTrendsByStudentGroup' -------
2025-03-05 01:31:47,107 - INFO - current schema of 'EnrollmentTrendsByStudentGroup': Schema([('county_code', String), ('district_code', String), ('school_code', String), ('economically_disadvantaged', Float64), ('english_learners', Float64), ('female', String), ('homeless', Float64), ('male', String), ('migrant', Float64), ('military_connected', Float64), ('in_foster_care', Float64), ('with_disabilities', Float64)])
2025-03-05 01:31:47,107 - INFO - 'female' in 'EnrollmentTrendsByStudentGroup' is casted as a String; Performing the work around;
2025-03-05 01:31:47,107 - INFO - 'male' in 'EnrollmentTrendsByStudentGroup' is casted as a String; Performing the work around;
2025-03-05 01:31:47,107 - INFO - updated schema of 'EnrollmentTrendsByStudentGroup': Schema([('county_code', Float64), ('district_code', Float64), ('school_code', Float64), ('economically_disadvantaged', Float64), ('english_learners', Float64), ('female', Float64), ('homeless', Float64), ('male', Float64), ('migrant', Float64), ('military_connected', Float64), ('in_foster_care', Float64), ('with_disabilities', Float64)])
2025-03-05 01:31:47,107 - INFO - ------- extracting sheet 'EnrollmentByRacialEthnicGroup' -------
2025-03-05 01:31:47,186 - INFO - current schema of 'EnrollmentByRacialEthnicGroup': Schema([('county_code', String), ('district_code', String), ('school_code', String), ('american_indian_or_alaska_native', Float64), ('asian', Float64), ('black_or_african_american', Float64), ('hispanic', Float64), ('native_hawaiian_or_pacific_islander', Float64), ('two_or_more_races', Float64), ('white', Float64)])
2025-03-05 01:31:47,186 - INFO - updated schema of 'EnrollmentByRacialEthnicGroup': Schema([('county_code', Float64), ('district_code', Float64), ('school_code', Float64), ('american_indian_or_alaska_native', Float64), ('asian', Float64), ('black_or_african_american', Float64), ('hispanic', Float64), ('native_hawaiian_or_pacific_islander', Float64), ('two_or_more_races', Float64), ('white', Float64)])
2025-03-05 01:31:47,186 - INFO - ------- extracting sheet 'EnrollmentByHomeLanguage' -------
2025-03-05 01:31:47,292 - INFO - current schema of 'EnrollmentByHomeLanguage': Schema([('county_code', String), ('district_code', String), ('school_code', String), ('home_language', String), ('pct_of_students', Float64)])
2025-03-05 01:31:47,292 - INFO - updated schema of 'EnrollmentByHomeLanguage': Schema([('county_code', Float64), ('district_code', Float64), ('school_code', Float64), ('home_language', Float64), ('pct_of_students', Float64)])
2025-03-05 01:31:47,292 - INFO - ------- joining the sheets -------
2025-03-05 01:31:47,292 - INFO - ------- merging all academic years data -------
2025-03-05 01:31:47,294 - INFO - merged data schema: Schema([('county_name', Float64), ('district_name', Float64), ('school_name', Float64), ('address', Float64), ('city_state_zip', Float64), ('county_district_school_code', String), ('grade06', Float64), ('grade07', Float64), ('grade08', Float64), ('grade09', Float64), ('grade10', Float64), ('grade11', Float64), ('grade12', Float64), ('economically_disadvantaged', Float64), ('english_learners', Float64), ('female', Float64), ('homeless', Float64), ('male', Float64), ('migrant', Float64), ('military_connected', Float64), ('in_foster_care', Float64), ('with_disabilities', Float64), ('american_indian_or_alaska_native', Float64), ('asian', Float64), ('black_or_african_american', Float64), ('hispanic', Float64), ('native_hawaiian_or_pacific_islander', Float64), ('two_or_more_races', Float64), ('white', Float64), ('home_language', Float64), ('pct_of_students', Float64), ('academic_year', String)])
2025-03-05 01:31:47,310 - ERROR - conversion from `str` to `f64` failed in column 'county_name' for 313 out of 313 values: ["Atlantic", "Atlantic", … "Bergen"]
2025-03-05 01:33:52,807 - INFO - ------- extracting 2018-2019 academic year data -------
2025-03-05 01:33:52,808 - INFO - ------- extracting sheet 'Header and Contact' -------
2025-03-05 01:33:53,092 - INFO - current schema of 'Header and Contact': Schema([('county_code', String), ('district_code', String), ('school_code', String), ('county_name', String), ('district_name', String), ('school_name', String), ('address', String), ('city_state_zip', String)])
2025-03-05 01:33:53,092 - INFO - updated schema of 'Header and Contact': Schema([('county_code', String), ('district_code', String), ('school_code', String), ('county_name', String), ('district_name', String), ('school_name', String), ('address', String), ('city_state_zip', String)])
2025-03-05 01:33:53,093 - INFO - ------- extracting sheet 'EnrollmentTrendsbyGrade' -------
2025-03-05 01:33:53,175 - INFO - current schema of 'EnrollmentTrendsbyGrade': Schema([('county_code', String), ('district_code', String), ('school_code', String), ('grade06', String), ('grade07', String), ('grade08', String), ('grade09', String), ('grade10', String), ('grade11', String), ('grade12', String)])
2025-03-05 01:33:53,175 - INFO - 'grade06' in 'EnrollmentTrendsbyGrade' is casted as a String; Performing the work around;
2025-03-05 01:33:53,177 - INFO - 'grade07' in 'EnrollmentTrendsbyGrade' is casted as a String; Performing the work around;
2025-03-05 01:33:53,177 - INFO - 'grade08' in 'EnrollmentTrendsbyGrade' is casted as a String; Performing the work around;
2025-03-05 01:33:53,177 - INFO - 'grade09' in 'EnrollmentTrendsbyGrade' is casted as a String; Performing the work around;
2025-03-05 01:33:53,177 - INFO - 'grade10' in 'EnrollmentTrendsbyGrade' is casted as a String; Performing the work around;
2025-03-05 01:33:53,177 - INFO - 'grade11' in 'EnrollmentTrendsbyGrade' is casted as a String; Performing the work around;
2025-03-05 01:33:53,177 - INFO - 'grade12' in 'EnrollmentTrendsbyGrade' is casted as a String; Performing the work around;
2025-03-05 01:33:53,177 - INFO - updated schema of 'EnrollmentTrendsbyGrade': Schema([('county_code', String), ('district_code', String), ('school_code', String), ('grade06', Float64), ('grade07', Float64), ('grade08', Float64), ('grade09', Float64), ('grade10', Float64), ('grade11', Float64), ('grade12', Float64)])
2025-03-05 01:33:53,177 - INFO - ------- extracting sheet 'EnrollmentTrendsByStudentGroup' -------
2025-03-05 01:33:53,254 - INFO - current schema of 'EnrollmentTrendsByStudentGroup': Schema([('county_code', String), ('district_code', String), ('school_code', String), ('economically_disadvantaged', String), ('english_learners', String), ('female', String), ('homeless', String), ('male', String), ('migrant', String), ('military_connected', String), ('in_foster_care', String), ('with_disabilities', String)])
2025-03-05 01:33:53,254 - INFO - 'economically_disadvantaged' in 'EnrollmentTrendsByStudentGroup' is casted as a String; Performing the work around;
2025-03-05 01:33:53,254 - INFO - 'english_learners' in 'EnrollmentTrendsByStudentGroup' is casted as a String; Performing the work around;
2025-03-05 01:33:53,254 - INFO - 'female' in 'EnrollmentTrendsByStudentGroup' is casted as a String; Performing the work around;
2025-03-05 01:33:53,254 - INFO - 'homeless' in 'EnrollmentTrendsByStudentGroup' is casted as a String; Performing the work around;
2025-03-05 01:33:53,254 - INFO - 'male' in 'EnrollmentTrendsByStudentGroup' is casted as a String; Performing the work around;
2025-03-05 01:33:53,254 - INFO - 'migrant' in 'EnrollmentTrendsByStudentGroup' is casted as a String; Performing the work around;
2025-03-05 01:33:53,254 - INFO - 'military_connected' in 'EnrollmentTrendsByStudentGroup' is casted as a String; Performing the work around;
2025-03-05 01:33:53,254 - INFO - 'in_foster_care' in 'EnrollmentTrendsByStudentGroup' is casted as a String; Performing the work around;
2025-03-05 01:33:53,254 - INFO - 'with_disabilities' in 'EnrollmentTrendsByStudentGroup' is casted as a String; Performing the work around;
2025-03-05 01:33:53,254 - INFO - updated schema of 'EnrollmentTrendsByStudentGroup': Schema([('county_code', String), ('district_code', String), ('school_code', String), ('economically_disadvantaged', Float64), ('english_learners', Float64), ('female', Float64), ('homeless', Float64), ('male', Float64), ('migrant', Float64), ('military_connected', Float64), ('in_foster_care', Float64), ('with_disabilities', Float64)])
2025-03-05 01:33:53,254 - INFO - ------- extracting sheet 'EnrollmentByRacialEthnicGroup' -------
2025-03-05 01:33:53,326 - INFO - current schema of 'EnrollmentByRacialEthnicGroup': Schema([('county_code', String), ('district_code', String), ('school_code', String), ('american_indian_or_alaska_native', String), ('asian', String), ('black_or_african_american', String), ('hispanic', String), ('native_hawaiian_or_pacific_islander', String), ('two_or_more_races', String), ('white', String)])
2025-03-05 01:33:53,326 - INFO - 'american_indian_or_alaska_native' in 'EnrollmentByRacialEthnicGroup' is casted as a String; Performing the work around;
2025-03-05 01:33:53,326 - INFO - 'asian' in 'EnrollmentByRacialEthnicGroup' is casted as a String; Performing the work around;
2025-03-05 01:33:53,326 - INFO - 'black_or_african_american' in 'EnrollmentByRacialEthnicGroup' is casted as a String; Performing the work around;
2025-03-05 01:33:53,326 - INFO - 'hispanic' in 'EnrollmentByRacialEthnicGroup' is casted as a String; Performing the work around;
2025-03-05 01:33:53,326 - INFO - 'native_hawaiian_or_pacific_islander' in 'EnrollmentByRacialEthnicGroup' is casted as a String; Performing the work around;
2025-03-05 01:33:53,327 - INFO - 'two_or_more_races' in 'EnrollmentByRacialEthnicGroup' is casted as a String; Performing the work around;
2025-03-05 01:33:53,327 - INFO - 'white' in 'EnrollmentByRacialEthnicGroup' is casted as a String; Performing the work around;
2025-03-05 01:33:53,327 - INFO - updated schema of 'EnrollmentByRacialEthnicGroup': Schema([('county_code', String), ('district_code', String), ('school_code', String), ('american_indian_or_alaska_native', Float64), ('asian', Float64), ('black_or_african_american', Float64), ('hispanic', Float64), ('native_hawaiian_or_pacific_islander', Float64), ('two_or_more_races', Float64), ('white', Float64)])
2025-03-05 01:33:53,327 - INFO - ------- extracting sheet 'EnrollmentByHomeLanguage' -------
2025-03-05 01:33:53,435 - INFO - current schema of 'EnrollmentByHomeLanguage': Schema([('county_code', String), ('district_code', String), ('school_code', String), ('home_language', String), ('pct_of_students', Float64)])
2025-03-05 01:33:53,435 - INFO - updated schema of 'EnrollmentByHomeLanguage': Schema([('county_code', String), ('district_code', String), ('school_code', String), ('home_language', String), ('pct_of_students', Float64)])
2025-03-05 01:33:53,435 - INFO - ------- joining the sheets -------
2025-03-05 01:33:53,439 - INFO - ------- extracting 2019-2020 academic year data -------
2025-03-05 01:33:53,439 - INFO - ------- extracting sheet 'Header and Contact' -------
2025-03-05 01:33:53,528 - INFO - current schema of 'Header and Contact': Schema([('county_code', String), ('district_code', String), ('school_code', String), ('county_name', String), ('district_name', String), ('school_name', String), ('address', String), ('city_state_zip', String)])
2025-03-05 01:33:53,528 - INFO - updated schema of 'Header and Contact': Schema([('county_code', String), ('district_code', String), ('school_code', String), ('county_name', String), ('district_name', String), ('school_name', String), ('address', String), ('city_state_zip', String)])
2025-03-05 01:33:53,528 - INFO - ------- extracting sheet 'EnrollmentTrendsbyGrade' -------
2025-03-05 01:33:53,613 - INFO - current schema of 'EnrollmentTrendsbyGrade': Schema([('county_code', String), ('district_code', String), ('school_code', String), ('grade06', Int64), ('grade07', Int64), ('grade08', Int64), ('grade09', Int64), ('grade10', Int64), ('grade11', Int64), ('grade12', Int64)])
2025-03-05 01:33:53,613 - INFO - updated schema of 'EnrollmentTrendsbyGrade': Schema([('county_code', String), ('district_code', String), ('school_code', String), ('grade06', Float64), ('grade07', Float64), ('grade08', Float64), ('grade09', Float64), ('grade10', Float64), ('grade11', Float64), ('grade12', Float64)])
2025-03-05 01:33:53,613 - INFO - ------- extracting sheet 'EnrollmentTrendsByStudentGroup' -------
2025-03-05 01:33:53,690 - INFO - current schema of 'EnrollmentTrendsByStudentGroup': Schema([('county_code', String), ('district_code', String), ('school_code', String), ('economically_disadvantaged', Float64), ('english_learners', Float64), ('female', Float64), ('homeless', Float64), ('male', Float64), ('migrant', Float64), ('military_connected', Float64), ('in_foster_care', Float64), ('with_disabilities', Float64)])
2025-03-05 01:33:53,690 - INFO - updated schema of 'EnrollmentTrendsByStudentGroup': Schema([('county_code', String), ('district_code', String), ('school_code', String), ('economically_disadvantaged', Float64), ('english_learners', Float64), ('female', Float64), ('homeless', Float64), ('male', Float64), ('migrant', Float64), ('military_connected', Float64), ('in_foster_care', Float64), ('with_disabilities', Float64)])
2025-03-05 01:33:53,690 - INFO - ------- extracting sheet 'EnrollmentByRacialEthnicGroup' -------
2025-03-05 01:33:53,764 - INFO - current schema of 'EnrollmentByRacialEthnicGroup': Schema([('county_code', String), ('district_code', String), ('school_code', String), ('american_indian_or_alaska_native', Float64), ('asian', Float64), ('black_or_african_american', Float64), ('hispanic', Float64), ('native_hawaiian_or_pacific_islander', Float64), ('two_or_more_races', Float64), ('white', Float64)])
2025-03-05 01:33:53,765 - INFO - updated schema of 'EnrollmentByRacialEthnicGroup': Schema([('county_code', String), ('district_code', String), ('school_code', String), ('american_indian_or_alaska_native', Float64), ('asian', Float64), ('black_or_african_american', Float64), ('hispanic', Float64), ('native_hawaiian_or_pacific_islander', Float64), ('two_or_more_races', Float64), ('white', Float64)])
2025-03-05 01:33:53,765 - INFO - ------- extracting sheet 'EnrollmentByHomeLanguage' -------
2025-03-05 01:33:53,862 - INFO - current schema of 'EnrollmentByHomeLanguage': Schema([('county_code', String), ('district_code', String), ('school_code', String), ('home_language', String), ('pct_of_students', Float64)])
2025-03-05 01:33:53,862 - INFO - updated schema of 'EnrollmentByHomeLanguage': Schema([('county_code', String), ('district_code', String), ('school_code', String), ('home_language', String), ('pct_of_students', Float64)])
2025-03-05 01:33:53,862 - INFO - ------- joining the sheets -------
2025-03-05 01:33:53,862 - INFO - ------- extracting 2020-2021 academic year data -------
2025-03-05 01:33:53,862 - INFO - ------- extracting sheet 'Header and Contact' -------
2025-03-05 01:33:53,951 - INFO - current schema of 'Header and Contact': Schema([('county_code', String), ('district_code', String), ('school_code', String), ('county_name', String), ('district_name', String), ('school_name', String), ('address', String), ('city_state_zip', String)])
2025-03-05 01:33:53,951 - INFO - updated schema of 'Header and Contact': Schema([('county_code', String), ('district_code', String), ('school_code', String), ('county_name', String), ('district_name', String), ('school_name', String), ('address', String), ('city_state_zip', String)])
2025-03-05 01:33:53,951 - INFO - ------- extracting sheet 'EnrollmentTrendsbyGrade' -------
2025-03-05 01:33:54,035 - INFO - current schema of 'EnrollmentTrendsbyGrade': Schema([('county_code', String), ('district_code', String), ('school_code', String), ('grade06', Int64), ('grade07', Int64), ('grade08', Int64), ('grade09', Int64), ('grade10', Int64), ('grade11', Int64), ('grade12', Int64)])
2025-03-05 01:33:54,035 - INFO - updated schema of 'EnrollmentTrendsbyGrade': Schema([('county_code', String), ('district_code', String), ('school_code', String), ('grade06', Float64), ('grade07', Float64), ('grade08', Float64), ('grade09', Float64), ('grade10', Float64), ('grade11', Float64), ('grade12', Float64)])
2025-03-05 01:33:54,035 - INFO - ------- extracting sheet 'EnrollmentTrendsByStudentGroup' -------
2025-03-05 01:33:54,111 - INFO - current schema of 'EnrollmentTrendsByStudentGroup': Schema([('county_code', String), ('district_code', String), ('school_code', String), ('economically_disadvantaged', Float64), ('english_learners', Float64), ('female', String), ('homeless', Float64), ('male', String), ('migrant', Float64), ('military_connected', Float64), ('in_foster_care', Float64), ('with_disabilities', Float64)])
2025-03-05 01:33:54,111 - INFO - 'female' in 'EnrollmentTrendsByStudentGroup' is casted as a String; Performing the work around;
2025-03-05 01:33:54,111 - INFO - 'male' in 'EnrollmentTrendsByStudentGroup' is casted as a String; Performing the work around;
2025-03-05 01:33:54,111 - INFO - updated schema of 'EnrollmentTrendsByStudentGroup': Schema([('county_code', String), ('district_code', String), ('school_code', String), ('economically_disadvantaged', Float64), ('english_learners', Float64), ('female', Float64), ('homeless', Float64), ('male', Float64), ('migrant', Float64), ('military_connected', Float64), ('in_foster_care', Float64), ('with_disabilities', Float64)])
2025-03-05 01:33:54,111 - INFO - ------- extracting sheet 'EnrollmentByRacialEthnicGroup' -------
2025-03-05 01:33:54,185 - INFO - current schema of 'EnrollmentByRacialEthnicGroup': Schema([('county_code', String), ('district_code', String), ('school_code', String), ('american_indian_or_alaska_native', Float64), ('asian', Float64), ('black_or_african_american', Float64), ('hispanic', Float64), ('native_hawaiian_or_pacific_islander', Float64), ('two_or_more_races', Float64), ('white', Float64)])
2025-03-05 01:33:54,185 - INFO - updated schema of 'EnrollmentByRacialEthnicGroup': Schema([('county_code', String), ('district_code', String), ('school_code', String), ('american_indian_or_alaska_native', Float64), ('asian', Float64), ('black_or_african_american', Float64), ('hispanic', Float64), ('native_hawaiian_or_pacific_islander', Float64), ('two_or_more_races', Float64), ('white', Float64)])
2025-03-05 01:33:54,185 - INFO - ------- extracting sheet 'EnrollmentByHomeLanguage' -------
2025-03-05 01:33:54,283 - INFO - current schema of 'EnrollmentByHomeLanguage': Schema([('county_code', String), ('district_code', String), ('school_code', String), ('home_language', String), ('pct_of_students', Float64)])
2025-03-05 01:33:54,283 - INFO - updated schema of 'EnrollmentByHomeLanguage': Schema([('county_code', String), ('district_code', String), ('school_code', String), ('home_language', String), ('pct_of_students', Float64)])
2025-03-05 01:33:54,283 - INFO - ------- joining the sheets -------
2025-03-05 01:33:54,284 - INFO - ------- extracting 2021-2022 academic year data -------
2025-03-05 01:33:54,284 - INFO - ------- extracting sheet 'Header and Contact' -------
2025-03-05 01:33:54,373 - INFO - current schema of 'Header and Contact': Schema([('county_code', String), ('district_code', String), ('school_code', String), ('county_name', String), ('district_name', String), ('school_name', String), ('address', String), ('city_state_zip', String)])
2025-03-05 01:33:54,373 - INFO - updated schema of 'Header and Contact': Schema([('county_code', String), ('district_code', String), ('school_code', String), ('county_name', String), ('district_name', String), ('school_name', String), ('address', String), ('city_state_zip', String)])
2025-03-05 01:33:54,373 - INFO - ------- extracting sheet 'EnrollmentTrendsbyGrade' -------
2025-03-05 01:33:54,470 - INFO - current schema of 'EnrollmentTrendsbyGrade': Schema([('county_code', String), ('district_code', String), ('school_code', String), ('grade06', Int64), ('grade07', Int64), ('grade08', Int64), ('grade09', Int64), ('grade10', Int64), ('grade11', Int64), ('grade12', Int64)])
2025-03-05 01:33:54,470 - INFO - updated schema of 'EnrollmentTrendsbyGrade': Schema([('county_code', String), ('district_code', String), ('school_code', String), ('grade06', Float64), ('grade07', Float64), ('grade08', Float64), ('grade09', Float64), ('grade10', Float64), ('grade11', Float64), ('grade12', Float64)])
2025-03-05 01:33:54,470 - INFO - ------- extracting sheet 'EnrollmentTrendsByStudentGroup' -------
2025-03-05 01:33:54,552 - INFO - current schema of 'EnrollmentTrendsByStudentGroup': Schema([('county_code', String), ('district_code', String), ('school_code', String), ('economically_disadvantaged', Float64), ('english_learners', Float64), ('female', String), ('homeless', Float64), ('male', String), ('migrant', Float64), ('military_connected', Float64), ('in_foster_care', Float64), ('with_disabilities', Float64)])
2025-03-05 01:33:54,552 - INFO - 'female' in 'EnrollmentTrendsByStudentGroup' is casted as a String; Performing the work around;
2025-03-05 01:33:54,552 - INFO - 'male' in 'EnrollmentTrendsByStudentGroup' is casted as a String; Performing the work around;
2025-03-05 01:33:54,552 - INFO - updated schema of 'EnrollmentTrendsByStudentGroup': Schema([('county_code', String), ('district_code', String), ('school_code', String), ('economically_disadvantaged', Float64), ('english_learners', Float64), ('female', Float64), ('homeless', Float64), ('male', Float64), ('migrant', Float64), ('military_connected', Float64), ('in_foster_care', Float64), ('with_disabilities', Float64)])
2025-03-05 01:33:54,552 - INFO - ------- extracting sheet 'EnrollmentByRacialEthnicGroup' -------
2025-03-05 01:33:54,628 - INFO - current schema of 'EnrollmentByRacialEthnicGroup': Schema([('county_code', String), ('district_code', String), ('school_code', String), ('american_indian_or_alaska_native', Float64), ('asian', Float64), ('black_or_african_american', Float64), ('hispanic', Float64), ('native_hawaiian_or_pacific_islander', Float64), ('two_or_more_races', Float64), ('white', Float64)])
2025-03-05 01:33:54,628 - INFO - updated schema of 'EnrollmentByRacialEthnicGroup': Schema([('county_code', String), ('district_code', String), ('school_code', String), ('american_indian_or_alaska_native', Float64), ('asian', Float64), ('black_or_african_american', Float64), ('hispanic', Float64), ('native_hawaiian_or_pacific_islander', Float64), ('two_or_more_races', Float64), ('white', Float64)])
2025-03-05 01:33:54,629 - INFO - ------- extracting sheet 'EnrollmentByHomeLanguage' -------
2025-03-05 01:33:54,753 - INFO - current schema of 'EnrollmentByHomeLanguage': Schema([('county_code', String), ('district_code', String), ('school_code', String), ('home_language', String), ('pct_of_students', Float64)])
2025-03-05 01:33:54,753 - INFO - updated schema of 'EnrollmentByHomeLanguage': Schema([('county_code', String), ('district_code', String), ('school_code', String), ('home_language', String), ('pct_of_students', Float64)])
2025-03-05 01:33:54,753 - INFO - ------- joining the sheets -------
2025-03-05 01:33:54,753 - INFO - ------- extracting 2022-2023 academic year data -------
2025-03-05 01:33:54,753 - INFO - ------- extracting sheet 'Header and Contact' -------
2025-03-05 01:33:54,850 - INFO - current schema of 'Header and Contact': Schema([('county_code', String), ('district_code', String), ('school_code', String), ('county_name', String), ('district_name', String), ('school_name', String), ('address', String), ('city_state_zip', String)])
2025-03-05 01:33:54,850 - INFO - updated schema of 'Header and Contact': Schema([('county_code', String), ('district_code', String), ('school_code', String), ('county_name', String), ('district_name', String), ('school_name', String), ('address', String), ('city_state_zip', String)])
2025-03-05 01:33:54,850 - INFO - ------- extracting sheet 'EnrollmentTrendsbyGrade' -------
2025-03-05 01:33:54,961 - INFO - current schema of 'EnrollmentTrendsbyGrade': Schema([('county_code', String), ('district_code', String), ('school_code', String), ('grade06', Int64), ('grade07', Int64), ('grade08', Int64), ('grade09', Int64), ('grade10', Int64), ('grade11', Int64), ('grade12', Int64)])
2025-03-05 01:33:54,961 - INFO - updated schema of 'EnrollmentTrendsbyGrade': Schema([('county_code', String), ('district_code', String), ('school_code', String), ('grade06', Float64), ('grade07', Float64), ('grade08', Float64), ('grade09', Float64), ('grade10', Float64), ('grade11', Float64), ('grade12', Float64)])
2025-03-05 01:33:54,961 - INFO - ------- extracting sheet 'EnrollmentTrendsByStudentGroup' -------
2025-03-05 01:33:55,048 - INFO - current schema of 'EnrollmentTrendsByStudentGroup': Schema([('county_code', String), ('district_code', String), ('school_code', String), ('economically_disadvantaged', Float64), ('english_learners', Float64), ('female', String), ('homeless', Float64), ('male', String), ('migrant', Float64), ('military_connected', Float64), ('in_foster_care', Float64), ('with_disabilities', Float64)])
2025-03-05 01:33:55,048 - INFO - 'female' in 'EnrollmentTrendsByStudentGroup' is casted as a String; Performing the work around;
2025-03-05 01:33:55,049 - INFO - 'male' in 'EnrollmentTrendsByStudentGroup' is casted as a String; Performing the work around;
2025-03-05 01:33:55,049 - INFO - updated schema of 'EnrollmentTrendsByStudentGroup': Schema([('county_code', String), ('district_code', String), ('school_code', String), ('economically_disadvantaged', Float64), ('english_learners', Float64), ('female', Float64), ('homeless', Float64), ('male', Float64), ('migrant', Float64), ('military_connected', Float64), ('in_foster_care', Float64), ('with_disabilities', Float64)])
2025-03-05 01:33:55,049 - INFO - ------- extracting sheet 'EnrollmentByRacialEthnicGroup' -------
2025-03-05 01:33:55,129 - INFO - current schema of 'EnrollmentByRacialEthnicGroup': Schema([('county_code', String), ('district_code', String), ('school_code', String), ('american_indian_or_alaska_native', Float64), ('asian', Float64), ('black_or_african_american', Float64), ('hispanic', Float64), ('native_hawaiian_or_pacific_islander', Float64), ('two_or_more_races', Float64), ('white', Float64)])
2025-03-05 01:33:55,129 - INFO - updated schema of 'EnrollmentByRacialEthnicGroup': Schema([('county_code', String), ('district_code', String), ('school_code', String), ('american_indian_or_alaska_native', Float64), ('asian', Float64), ('black_or_african_american', Float64), ('hispanic', Float64), ('native_hawaiian_or_pacific_islander', Float64), ('two_or_more_races', Float64), ('white', Float64)])
2025-03-05 01:33:55,129 - INFO - ------- extracting sheet 'EnrollmentByHomeLanguage' -------
2025-03-05 01:33:55,237 - INFO - current schema of 'EnrollmentByHomeLanguage': Schema([('county_code', String), ('district_code', String), ('school_code', String), ('home_language', String), ('pct_of_students', Float64)])
2025-03-05 01:33:55,237 - INFO - updated schema of 'EnrollmentByHomeLanguage': Schema([('county_code', String), ('district_code', String), ('school_code', String), ('home_language', String), ('pct_of_students', Float64)])
2025-03-05 01:33:55,237 - INFO - ------- joining the sheets -------
2025-03-05 01:33:55,237 - INFO - ------- merging all academic years data -------
2025-03-05 01:33:55,239 - INFO - merged data schema: Schema([('county_name', String), ('district_name', String), ('school_name', String), ('address', String), ('city_state_zip', String), ('county_district_school_code', String), ('grade06', Float64), ('grade07', Float64), ('grade08', Float64), ('grade09', Float64), ('grade10', Float64), ('grade11', Float64), ('grade12', Float64), ('economically_disadvantaged', Float64), ('english_learners', Float64), ('female', Float64), ('homeless', Float64), ('male', Float64), ('migrant', Float64), ('military_connected', Float64), ('in_foster_care', Float64), ('with_disabilities', Float64), ('american_indian_or_alaska_native', Float64), ('asian', Float64), ('black_or_african_american', Float64), ('hispanic', Float64), ('native_hawaiian_or_pacific_islander', Float64), ('two_or_more_races', Float64), ('white', Float64), ('home_language', String), ('pct_of_students', Float64), ('academic_year', String)])
2025-03-05 01:33:55,289 - INFO - ------- all academic years data is merged & exported to /Users/nebula/Documents/MS-DataScience/Spring-2025/MP(DS-700B)/NJ-HighSchool/nj_doe/merged_data_export.csv -------
2025-03-05 01:49:20,253 - INFO - ------- extracting 2018-2019 academic year data -------
2025-03-05 01:49:20,254 - INFO - ------- extracting sheet 'Header and Contact' -------
2025-03-05 01:49:20,552 - INFO - current schema of 'Header and Contact': Schema([('county_code', String), ('district_code', String), ('school_code', String), ('county_name', String), ('district_name', String), ('school_name', String), ('address', String), ('city_state_zip', String)])
2025-03-05 01:49:20,552 - INFO - updated schema of 'Header and Contact': Schema([('county_code', String), ('district_code', String), ('school_code', String), ('county_name', String), ('district_name', String), ('school_name', String), ('address', String), ('city_state_zip', String)])
2025-03-05 01:49:20,552 - INFO - ------- extracting sheet 'EnrollmentTrendsbyGrade' -------
2025-03-05 01:49:20,633 - INFO - current schema of 'EnrollmentTrendsbyGrade': Schema([('county_code', String), ('district_code', String), ('school_code', String), ('grade06', String), ('grade07', String), ('grade08', String), ('grade09', String), ('grade10', String), ('grade11', String), ('grade12', String)])
2025-03-05 01:49:20,633 - INFO - 'grade06' in 'EnrollmentTrendsbyGrade' is casted as a String; Performing the work around;
2025-03-05 01:49:20,634 - INFO - 'grade07' in 'EnrollmentTrendsbyGrade' is casted as a String; Performing the work around;
2025-03-05 01:49:20,634 - INFO - 'grade08' in 'EnrollmentTrendsbyGrade' is casted as a String; Performing the work around;
2025-03-05 01:49:20,634 - INFO - 'grade09' in 'EnrollmentTrendsbyGrade' is casted as a String; Performing the work around;
2025-03-05 01:49:20,634 - INFO - 'grade10' in 'EnrollmentTrendsbyGrade' is casted as a String; Performing the work around;
2025-03-05 01:49:20,635 - INFO - 'grade11' in 'EnrollmentTrendsbyGrade' is casted as a String; Performing the work around;
2025-03-05 01:49:20,635 - INFO - 'grade12' in 'EnrollmentTrendsbyGrade' is casted as a String; Performing the work around;
2025-03-05 01:49:20,635 - INFO - updated schema of 'EnrollmentTrendsbyGrade': Schema([('county_code', String), ('district_code', String), ('school_code', String), ('grade06', Float64), ('grade07', Float64), ('grade08', Float64), ('grade09', Float64), ('grade10', Float64), ('grade11', Float64), ('grade12', Float64)])
2025-03-05 01:49:20,635 - INFO - ------- extracting sheet 'EnrollmentTrendsByStudentGroup' -------
2025-03-05 01:49:20,714 - INFO - current schema of 'EnrollmentTrendsByStudentGroup': Schema([('county_code', String), ('district_code', String), ('school_code', String), ('economically_disadvantaged', String), ('english_learners', String), ('female', String), ('homeless', String), ('male', String), ('migrant', String), ('military_connected', String), ('in_foster_care', String), ('with_disabilities', String)])
2025-03-05 01:49:20,714 - INFO - 'economically_disadvantaged' in 'EnrollmentTrendsByStudentGroup' is casted as a String; Performing the work around;
2025-03-05 01:49:20,715 - INFO - 'english_learners' in 'EnrollmentTrendsByStudentGroup' is casted as a String; Performing the work around;
2025-03-05 01:49:20,715 - INFO - 'female' in 'EnrollmentTrendsByStudentGroup' is casted as a String; Performing the work around;
2025-03-05 01:49:20,715 - INFO - 'homeless' in 'EnrollmentTrendsByStudentGroup' is casted as a String; Performing the work around;
2025-03-05 01:49:20,715 - INFO - 'male' in 'EnrollmentTrendsByStudentGroup' is casted as a String; Performing the work around;
2025-03-05 01:49:20,715 - INFO - 'migrant' in 'EnrollmentTrendsByStudentGroup' is casted as a String; Performing the work around;
2025-03-05 01:49:20,715 - INFO - 'military_connected' in 'EnrollmentTrendsByStudentGroup' is casted as a String; Performing the work around;
2025-03-05 01:49:20,715 - INFO - 'in_foster_care' in 'EnrollmentTrendsByStudentGroup' is casted as a String; Performing the work around;
2025-03-05 01:49:20,715 - INFO - 'with_disabilities' in 'EnrollmentTrendsByStudentGroup' is casted as a String; Performing the work around;
2025-03-05 01:49:20,715 - INFO - updated schema of 'EnrollmentTrendsByStudentGroup': Schema([('county_code', String), ('district_code', String), ('school_code', String), ('economically_disadvantaged', Float64), ('english_learners', Float64), ('female', Float64), ('homeless', Float64), ('male', Float64), ('migrant', Float64), ('military_connected', Float64), ('in_foster_care', Float64), ('with_disabilities', Float64)])
2025-03-05 01:49:20,715 - INFO - ------- extracting sheet 'EnrollmentByRacialEthnicGroup' -------
2025-03-05 01:49:20,786 - INFO - current schema of 'EnrollmentByRacialEthnicGroup': Schema([('county_code', String), ('district_code', String), ('school_code', String), ('american_indian_or_alaska_native', String), ('asian', String), ('black_or_african_american', String), ('hispanic', String), ('native_hawaiian_or_pacific_islander', String), ('two_or_more_races', String), ('white', String)])
2025-03-05 01:49:20,786 - INFO - 'american_indian_or_alaska_native' in 'EnrollmentByRacialEthnicGroup' is casted as a String; Performing the work around;
2025-03-05 01:49:20,786 - INFO - 'asian' in 'EnrollmentByRacialEthnicGroup' is casted as a String; Performing the work around;
2025-03-05 01:49:20,786 - INFO - 'black_or_african_american' in 'EnrollmentByRacialEthnicGroup' is casted as a String; Performing the work around;
2025-03-05 01:49:20,786 - INFO - 'hispanic' in 'EnrollmentByRacialEthnicGroup' is casted as a String; Performing the work around;
2025-03-05 01:49:20,786 - INFO - 'native_hawaiian_or_pacific_islander' in 'EnrollmentByRacialEthnicGroup' is casted as a String; Performing the work around;
2025-03-05 01:49:20,786 - INFO - 'two_or_more_races' in 'EnrollmentByRacialEthnicGroup' is casted as a String; Performing the work around;
2025-03-05 01:49:20,787 - INFO - 'white' in 'EnrollmentByRacialEthnicGroup' is casted as a String; Performing the work around;
2025-03-05 01:49:20,787 - INFO - updated schema of 'EnrollmentByRacialEthnicGroup': Schema([('county_code', String), ('district_code', String), ('school_code', String), ('american_indian_or_alaska_native', Float64), ('asian', Float64), ('black_or_african_american', Float64), ('hispanic', Float64), ('native_hawaiian_or_pacific_islander', Float64), ('two_or_more_races', Float64), ('white', Float64)])
2025-03-05 01:49:20,787 - INFO - ------- extracting sheet 'EnrollmentByHomeLanguage' -------
2025-03-05 01:49:20,887 - INFO - current schema of 'EnrollmentByHomeLanguage': Schema([('county_code', String), ('district_code', String), ('school_code', String), ('home_language', String), ('pct_of_students', Float64)])
2025-03-05 01:49:20,887 - INFO - updated schema of 'EnrollmentByHomeLanguage': Schema([('county_code', String), ('district_code', String), ('school_code', String), ('home_language', String), ('pct_of_students', Float64)])
2025-03-05 01:49:20,887 - INFO - ------- joining the sheets -------
2025-03-05 01:49:20,887 - INFO - ------- extracting 2019-2020 academic year data -------
2025-03-05 01:49:20,888 - INFO - ------- extracting sheet 'Header and Contact' -------
2025-03-05 01:49:20,968 - INFO - current schema of 'Header and Contact': Schema([('county_code', String), ('district_code', String), ('school_code', String), ('county_name', String), ('district_name', String), ('school_name', String), ('address', String), ('city_state_zip', String)])
2025-03-05 01:49:20,968 - INFO - updated schema of 'Header and Contact': Schema([('county_code', String), ('district_code', String), ('school_code', String), ('county_name', String), ('district_name', String), ('school_name', String), ('address', String), ('city_state_zip', String)])
2025-03-05 01:49:20,968 - INFO - ------- extracting sheet 'EnrollmentTrendsbyGrade' -------
2025-03-05 01:49:21,055 - INFO - current schema of 'EnrollmentTrendsbyGrade': Schema([('county_code', String), ('district_code', String), ('school_code', String), ('grade06', Int64), ('grade07', Int64), ('grade08', Int64), ('grade09', Int64), ('grade10', Int64), ('grade11', Int64), ('grade12', Int64)])
2025-03-05 01:49:21,055 - INFO - updated schema of 'EnrollmentTrendsbyGrade': Schema([('county_code', String), ('district_code', String), ('school_code', String), ('grade06', Float64), ('grade07', Float64), ('grade08', Float64), ('grade09', Float64), ('grade10', Float64), ('grade11', Float64), ('grade12', Float64)])
2025-03-05 01:49:21,055 - INFO - ------- extracting sheet 'EnrollmentTrendsByStudentGroup' -------
2025-03-05 01:49:21,131 - INFO - current schema of 'EnrollmentTrendsByStudentGroup': Schema([('county_code', String), ('district_code', String), ('school_code', String), ('economically_disadvantaged', Float64), ('english_learners', Float64), ('female', Float64), ('homeless', Float64), ('male', Float64), ('migrant', Float64), ('military_connected', Float64), ('in_foster_care', Float64), ('with_disabilities', Float64)])
2025-03-05 01:49:21,131 - INFO - updated schema of 'EnrollmentTrendsByStudentGroup': Schema([('county_code', String), ('district_code', String), ('school_code', String), ('economically_disadvantaged', Float64), ('english_learners', Float64), ('female', Float64), ('homeless', Float64), ('male', Float64), ('migrant', Float64), ('military_connected', Float64), ('in_foster_care', Float64), ('with_disabilities', Float64)])
2025-03-05 01:49:21,131 - INFO - ------- extracting sheet 'EnrollmentByRacialEthnicGroup' -------
2025-03-05 01:49:21,205 - INFO - current schema of 'EnrollmentByRacialEthnicGroup': Schema([('county_code', String), ('district_code', String), ('school_code', String), ('american_indian_or_alaska_native', Float64), ('asian', Float64), ('black_or_african_american', Float64), ('hispanic', Float64), ('native_hawaiian_or_pacific_islander', Float64), ('two_or_more_races', Float64), ('white', Float64)])
2025-03-05 01:49:21,205 - INFO - updated schema of 'EnrollmentByRacialEthnicGroup': Schema([('county_code', String), ('district_code', String), ('school_code', String), ('american_indian_or_alaska_native', Float64), ('asian', Float64), ('black_or_african_american', Float64), ('hispanic', Float64), ('native_hawaiian_or_pacific_islander', Float64), ('two_or_more_races', Float64), ('white', Float64)])
2025-03-05 01:49:21,206 - INFO - ------- extracting sheet 'EnrollmentByHomeLanguage' -------
2025-03-05 01:49:21,306 - INFO - current schema of 'EnrollmentByHomeLanguage': Schema([('county_code', String), ('district_code', String), ('school_code', String), ('home_language', String), ('pct_of_students', Float64)])
2025-03-05 01:49:21,306 - INFO - updated schema of 'EnrollmentByHomeLanguage': Schema([('county_code', String), ('district_code', String), ('school_code', String), ('home_language', String), ('pct_of_students', Float64)])
2025-03-05 01:49:21,306 - INFO - ------- joining the sheets -------
2025-03-05 01:49:21,306 - INFO - ------- extracting 2020-2021 academic year data -------
2025-03-05 01:49:21,306 - INFO - ------- extracting sheet 'Header and Contact' -------
2025-03-05 01:49:21,391 - INFO - current schema of 'Header and Contact': Schema([('county_code', String), ('district_code', String), ('school_code', String), ('county_name', String), ('district_name', String), ('school_name', String), ('address', String), ('city_state_zip', String)])
2025-03-05 01:49:21,391 - INFO - updated schema of 'Header and Contact': Schema([('county_code', String), ('district_code', String), ('school_code', String), ('county_name', String), ('district_name', String), ('school_name', String), ('address', String), ('city_state_zip', String)])
2025-03-05 01:49:21,391 - INFO - ------- extracting sheet 'EnrollmentTrendsbyGrade' -------
2025-03-05 01:49:21,473 - INFO - current schema of 'EnrollmentTrendsbyGrade': Schema([('county_code', String), ('district_code', String), ('school_code', String), ('grade06', Int64), ('grade07', Int64), ('grade08', Int64), ('grade09', Int64), ('grade10', Int64), ('grade11', Int64), ('grade12', Int64)])
2025-03-05 01:49:21,473 - INFO - updated schema of 'EnrollmentTrendsbyGrade': Schema([('county_code', String), ('district_code', String), ('school_code', String), ('grade06', Float64), ('grade07', Float64), ('grade08', Float64), ('grade09', Float64), ('grade10', Float64), ('grade11', Float64), ('grade12', Float64)])
2025-03-05 01:49:21,473 - INFO - ------- extracting sheet 'EnrollmentTrendsByStudentGroup' -------
2025-03-05 01:49:21,551 - INFO - current schema of 'EnrollmentTrendsByStudentGroup': Schema([('county_code', String), ('district_code', String), ('school_code', String), ('economically_disadvantaged', Float64), ('english_learners', Float64), ('female', String), ('homeless', Float64), ('male', String), ('migrant', Float64), ('military_connected', Float64), ('in_foster_care', Float64), ('with_disabilities', Float64)])
2025-03-05 01:49:21,551 - INFO - 'female' in 'EnrollmentTrendsByStudentGroup' is casted as a String; Performing the work around;
2025-03-05 01:49:21,551 - INFO - 'male' in 'EnrollmentTrendsByStudentGroup' is casted as a String; Performing the work around;
2025-03-05 01:49:21,551 - INFO - updated schema of 'EnrollmentTrendsByStudentGroup': Schema([('county_code', String), ('district_code', String), ('school_code', String), ('economically_disadvantaged', Float64), ('english_learners', Float64), ('female', Float64), ('homeless', Float64), ('male', Float64), ('migrant', Float64), ('military_connected', Float64), ('in_foster_care', Float64), ('with_disabilities', Float64)])
2025-03-05 01:49:21,551 - INFO - ------- extracting sheet 'EnrollmentByRacialEthnicGroup' -------
2025-03-05 01:49:21,623 - INFO - current schema of 'EnrollmentByRacialEthnicGroup': Schema([('county_code', String), ('district_code', String), ('school_code', String), ('american_indian_or_alaska_native', Float64), ('asian', Float64), ('black_or_african_american', Float64), ('hispanic', Float64), ('native_hawaiian_or_pacific_islander', Float64), ('two_or_more_races', Float64), ('white', Float64)])
2025-03-05 01:49:21,623 - INFO - updated schema of 'EnrollmentByRacialEthnicGroup': Schema([('county_code', String), ('district_code', String), ('school_code', String), ('american_indian_or_alaska_native', Float64), ('asian', Float64), ('black_or_african_american', Float64), ('hispanic', Float64), ('native_hawaiian_or_pacific_islander', Float64), ('two_or_more_races', Float64), ('white', Float64)])
2025-03-05 01:49:21,623 - INFO - ------- extracting sheet 'EnrollmentByHomeLanguage' -------
2025-03-05 01:49:21,720 - INFO - current schema of 'EnrollmentByHomeLanguage': Schema([('county_code', String), ('district_code', String), ('school_code', String), ('home_language', String), ('pct_of_students', Float64)])
2025-03-05 01:49:21,721 - INFO - updated schema of 'EnrollmentByHomeLanguage': Schema([('county_code', String), ('district_code', String), ('school_code', String), ('home_language', String), ('pct_of_students', Float64)])
2025-03-05 01:49:21,721 - INFO - ------- joining the sheets -------
2025-03-05 01:49:21,721 - INFO - ------- extracting 2021-2022 academic year data -------
2025-03-05 01:49:21,721 - INFO - ------- extracting sheet 'Header and Contact' -------
2025-03-05 01:49:21,812 - INFO - current schema of 'Header and Contact': Schema([('county_code', String), ('district_code', String), ('school_code', String), ('county_name', String), ('district_name', String), ('school_name', String), ('address', String), ('city_state_zip', String)])
2025-03-05 01:49:21,812 - INFO - updated schema of 'Header and Contact': Schema([('county_code', String), ('district_code', String), ('school_code', String), ('county_name', String), ('district_name', String), ('school_name', String), ('address', String), ('city_state_zip', String)])
2025-03-05 01:49:21,812 - INFO - ------- extracting sheet 'EnrollmentTrendsbyGrade' -------
2025-03-05 01:49:21,899 - INFO - current schema of 'EnrollmentTrendsbyGrade': Schema([('county_code', String), ('district_code', String), ('school_code', String), ('grade06', Int64), ('grade07', Int64), ('grade08', Int64), ('grade09', Int64), ('grade10', Int64), ('grade11', Int64), ('grade12', Int64)])
2025-03-05 01:49:21,899 - INFO - updated schema of 'EnrollmentTrendsbyGrade': Schema([('county_code', String), ('district_code', String), ('school_code', String), ('grade06', Float64), ('grade07', Float64), ('grade08', Float64), ('grade09', Float64), ('grade10', Float64), ('grade11', Float64), ('grade12', Float64)])
2025-03-05 01:49:21,899 - INFO - ------- extracting sheet 'EnrollmentTrendsByStudentGroup' -------
2025-03-05 01:49:21,995 - INFO - current schema of 'EnrollmentTrendsByStudentGroup': Schema([('county_code', String), ('district_code', String), ('school_code', String), ('economically_disadvantaged', Float64), ('english_learners', Float64), ('female', String), ('homeless', Float64), ('male', String), ('migrant', Float64), ('military_connected', Float64), ('in_foster_care', Float64), ('with_disabilities', Float64)])
2025-03-05 01:49:21,995 - INFO - 'female' in 'EnrollmentTrendsByStudentGroup' is casted as a String; Performing the work around;
2025-03-05 01:49:21,995 - INFO - 'male' in 'EnrollmentTrendsByStudentGroup' is casted as a String; Performing the work around;
2025-03-05 01:49:21,995 - INFO - updated schema of 'EnrollmentTrendsByStudentGroup': Schema([('county_code', String), ('district_code', String), ('school_code', String), ('economically_disadvantaged', Float64), ('english_learners', Float64), ('female', Float64), ('homeless', Float64), ('male', Float64), ('migrant', Float64), ('military_connected', Float64), ('in_foster_care', Float64), ('with_disabilities', Float64)])
2025-03-05 01:49:21,995 - INFO - ------- extracting sheet 'EnrollmentByRacialEthnicGroup' -------
2025-03-05 01:49:22,072 - INFO - current schema of 'EnrollmentByRacialEthnicGroup': Schema([('county_code', String), ('district_code', String), ('school_code', String), ('american_indian_or_alaska_native', Float64), ('asian', Float64), ('black_or_african_american', Float64), ('hispanic', Float64), ('native_hawaiian_or_pacific_islander', Float64), ('two_or_more_races', Float64), ('white', Float64)])
2025-03-05 01:49:22,072 - INFO - updated schema of 'EnrollmentByRacialEthnicGroup': Schema([('county_code', String), ('district_code', String), ('school_code', String), ('american_indian_or_alaska_native', Float64), ('asian', Float64), ('black_or_african_american', Float64), ('hispanic', Float64), ('native_hawaiian_or_pacific_islander', Float64), ('two_or_more_races', Float64), ('white', Float64)])
2025-03-05 01:49:22,072 - INFO - ------- extracting sheet 'EnrollmentByHomeLanguage' -------
2025-03-05 01:49:22,176 - INFO - current schema of 'EnrollmentByHomeLanguage': Schema([('county_code', String), ('district_code', String), ('school_code', String), ('home_language', String), ('pct_of_students', Float64)])
2025-03-05 01:49:22,176 - INFO - updated schema of 'EnrollmentByHomeLanguage': Schema([('county_code', String), ('district_code', String), ('school_code', String), ('home_language', String), ('pct_of_students', Float64)])
2025-03-05 01:49:22,176 - INFO - ------- joining the sheets -------
2025-03-05 01:49:22,176 - INFO - ------- extracting 2022-2023 academic year data -------
2025-03-05 01:49:22,177 - INFO - ------- extracting sheet 'Header and Contact' -------
2025-03-05 01:49:22,269 - INFO - current schema of 'Header and Contact': Schema([('county_code', String), ('district_code', String), ('school_code', String), ('county_name', String), ('district_name', String), ('school_name', String), ('address', String), ('city_state_zip', String)])
2025-03-05 01:49:22,269 - INFO - updated schema of 'Header and Contact': Schema([('county_code', String), ('district_code', String), ('school_code', String), ('county_name', String), ('district_name', String), ('school_name', String), ('address', String), ('city_state_zip', String)])
2025-03-05 01:49:22,269 - INFO - ------- extracting sheet 'EnrollmentTrendsbyGrade' -------
2025-03-05 01:49:22,356 - INFO - current schema of 'EnrollmentTrendsbyGrade': Schema([('county_code', String), ('district_code', String), ('school_code', String), ('grade06', Int64), ('grade07', Int64), ('grade08', Int64), ('grade09', Int64), ('grade10', Int64), ('grade11', Int64), ('grade12', Int64)])
2025-03-05 01:49:22,356 - INFO - updated schema of 'EnrollmentTrendsbyGrade': Schema([('county_code', String), ('district_code', String), ('school_code', String), ('grade06', Float64), ('grade07', Float64), ('grade08', Float64), ('grade09', Float64), ('grade10', Float64), ('grade11', Float64), ('grade12', Float64)])
2025-03-05 01:49:22,356 - INFO - ------- extracting sheet 'EnrollmentTrendsByStudentGroup' -------
2025-03-05 01:49:22,439 - INFO - current schema of 'EnrollmentTrendsByStudentGroup': Schema([('county_code', String), ('district_code', String), ('school_code', String), ('economically_disadvantaged', Float64), ('english_learners', Float64), ('female', String), ('homeless', Float64), ('male', String), ('migrant', Float64), ('military_connected', Float64), ('in_foster_care', Float64), ('with_disabilities', Float64)])
2025-03-05 01:49:22,439 - INFO - 'female' in 'EnrollmentTrendsByStudentGroup' is casted as a String; Performing the work around;
2025-03-05 01:49:22,439 - INFO - 'male' in 'EnrollmentTrendsByStudentGroup' is casted as a String; Performing the work around;
2025-03-05 01:49:22,439 - INFO - updated schema of 'EnrollmentTrendsByStudentGroup': Schema([('county_code', String), ('district_code', String), ('school_code', String), ('economically_disadvantaged', Float64), ('english_learners', Float64), ('female', Float64), ('homeless', Float64), ('male', Float64), ('migrant', Float64), ('military_connected', Float64), ('in_foster_care', Float64), ('with_disabilities', Float64)])
2025-03-05 01:49:22,439 - INFO - ------- extracting sheet 'EnrollmentByRacialEthnicGroup' -------
2025-03-05 01:49:22,519 - INFO - current schema of 'EnrollmentByRacialEthnicGroup': Schema([('county_code', String), ('district_code', String), ('school_code', String), ('american_indian_or_alaska_native', Float64), ('asian', Float64), ('black_or_african_american', Float64), ('hispanic', Float64), ('native_hawaiian_or_pacific_islander', Float64), ('two_or_more_races', Float64), ('white', Float64)])
2025-03-05 01:49:22,519 - INFO - updated schema of 'EnrollmentByRacialEthnicGroup': Schema([('county_code', String), ('district_code', String), ('school_code', String), ('american_indian_or_alaska_native', Float64), ('asian', Float64), ('black_or_african_american', Float64), ('hispanic', Float64), ('native_hawaiian_or_pacific_islander', Float64), ('two_or_more_races', Float64), ('white', Float64)])
2025-03-05 01:49:22,519 - INFO - ------- extracting sheet 'EnrollmentByHomeLanguage' -------
2025-03-05 01:49:22,625 - INFO - current schema of 'EnrollmentByHomeLanguage': Schema([('county_code', String), ('district_code', String), ('school_code', String), ('home_language', String), ('pct_of_students', Float64)])
2025-03-05 01:49:22,625 - INFO - updated schema of 'EnrollmentByHomeLanguage': Schema([('county_code', String), ('district_code', String), ('school_code', String), ('home_language', String), ('pct_of_students', Float64)])
2025-03-05 01:49:22,625 - INFO - ------- joining the sheets -------
2025-03-05 01:49:22,625 - INFO - ------- merging all academic years data -------
2025-03-05 01:49:22,627 - INFO - merged data schema: Schema([('county_name', String), ('district_name', String), ('school_name', String), ('address', String), ('city_state_zip', String), ('county_district_school_code', String), ('grade06', Float64), ('grade07', Float64), ('grade08', Float64), ('grade09', Float64), ('grade10', Float64), ('grade11', Float64), ('grade12', Float64), ('economically_disadvantaged', Float64), ('english_learners', Float64), ('female', Float64), ('homeless', Float64), ('male', Float64), ('migrant', Float64), ('military_connected', Float64), ('in_foster_care', Float64), ('with_disabilities', Float64), ('american_indian_or_alaska_native', Float64), ('asian', Float64), ('black_or_african_american', Float64), ('hispanic', Float64), ('native_hawaiian_or_pacific_islander', Float64), ('two_or_more_races', Float64), ('white', Float64), ('home_language', String), ('pct_of_students', Float64), ('academic_year', String)])
2025-03-05 01:49:22,627 - ERROR - Object of type type is not JSON serializable
2025-03-05 01:51:27,849 - INFO - ------- extracting 2018-2019 academic year data -------
2025-03-05 01:51:27,850 - INFO - ------- extracting sheet 'Header and Contact' -------
2025-03-05 01:51:28,175 - INFO - current schema of 'Header and Contact': Schema([('county_code', String), ('district_code', String), ('school_code', String), ('county_name', String), ('district_name', String), ('school_name', String), ('address', String), ('city_state_zip', String)])
2025-03-05 01:51:28,175 - INFO - updated schema of 'Header and Contact': Schema([('county_code', String), ('district_code', String), ('school_code', String), ('county_name', String), ('district_name', String), ('school_name', String), ('address', String), ('city_state_zip', String)])
2025-03-05 01:51:28,175 - INFO - ------- extracting sheet 'EnrollmentTrendsbyGrade' -------
2025-03-05 01:51:28,254 - INFO - current schema of 'EnrollmentTrendsbyGrade': Schema([('county_code', String), ('district_code', String), ('school_code', String), ('grade06', String), ('grade07', String), ('grade08', String), ('grade09', String), ('grade10', String), ('grade11', String), ('grade12', String)])
2025-03-05 01:51:28,254 - INFO - 'grade06' in 'EnrollmentTrendsbyGrade' is casted as a String; Performing the work around;
2025-03-05 01:51:28,256 - INFO - 'grade07' in 'EnrollmentTrendsbyGrade' is casted as a String; Performing the work around;
2025-03-05 01:51:28,256 - INFO - 'grade08' in 'EnrollmentTrendsbyGrade' is casted as a String; Performing the work around;
2025-03-05 01:51:28,257 - INFO - 'grade09' in 'EnrollmentTrendsbyGrade' is casted as a String; Performing the work around;
2025-03-05 01:51:28,257 - INFO - 'grade10' in 'EnrollmentTrendsbyGrade' is casted as a String; Performing the work around;
2025-03-05 01:51:28,257 - INFO - 'grade11' in 'EnrollmentTrendsbyGrade' is casted as a String; Performing the work around;
2025-03-05 01:51:28,257 - INFO - 'grade12' in 'EnrollmentTrendsbyGrade' is casted as a String; Performing the work around;
2025-03-05 01:51:28,257 - INFO - updated schema of 'EnrollmentTrendsbyGrade': Schema([('county_code', String), ('district_code', String), ('school_code', String), ('grade06', Float64), ('grade07', Float64), ('grade08', Float64), ('grade09', Float64), ('grade10', Float64), ('grade11', Float64), ('grade12', Float64)])
2025-03-05 01:51:28,257 - INFO - ------- extracting sheet 'EnrollmentTrendsByStudentGroup' -------
2025-03-05 01:51:28,334 - INFO - current schema of 'EnrollmentTrendsByStudentGroup': Schema([('county_code', String), ('district_code', String), ('school_code', String), ('economically_disadvantaged', String), ('english_learners', String), ('female', String), ('homeless', String), ('male', String), ('migrant', String), ('military_connected', String), ('in_foster_care', String), ('with_disabilities', String)])
2025-03-05 01:51:28,334 - INFO - 'economically_disadvantaged' in 'EnrollmentTrendsByStudentGroup' is casted as a String; Performing the work around;
2025-03-05 01:51:28,334 - INFO - 'english_learners' in 'EnrollmentTrendsByStudentGroup' is casted as a String; Performing the work around;
2025-03-05 01:51:28,334 - INFO - 'female' in 'EnrollmentTrendsByStudentGroup' is casted as a String; Performing the work around;
2025-03-05 01:51:28,334 - INFO - 'homeless' in 'EnrollmentTrendsByStudentGroup' is casted as a String; Performing the work around;
2025-03-05 01:51:28,334 - INFO - 'male' in 'EnrollmentTrendsByStudentGroup' is casted as a String; Performing the work around;
2025-03-05 01:51:28,334 - INFO - 'migrant' in 'EnrollmentTrendsByStudentGroup' is casted as a String; Performing the work around;
2025-03-05 01:51:28,334 - INFO - 'military_connected' in 'EnrollmentTrendsByStudentGroup' is casted as a String; Performing the work around;
2025-03-05 01:51:28,334 - INFO - 'in_foster_care' in 'EnrollmentTrendsByStudentGroup' is casted as a String; Performing the work around;
2025-03-05 01:51:28,334 - INFO - 'with_disabilities' in 'EnrollmentTrendsByStudentGroup' is casted as a String; Performing the work around;
2025-03-05 01:51:28,334 - INFO - updated schema of 'EnrollmentTrendsByStudentGroup': Schema([('county_code', String), ('district_code', String), ('school_code', String), ('economically_disadvantaged', Float64), ('english_learners', Float64), ('female', Float64), ('homeless', Float64), ('male', Float64), ('migrant', Float64), ('military_connected', Float64), ('in_foster_care', Float64), ('with_disabilities', Float64)])
2025-03-05 01:51:28,334 - INFO - ------- extracting sheet 'EnrollmentByRacialEthnicGroup' -------
2025-03-05 01:51:28,407 - INFO - current schema of 'EnrollmentByRacialEthnicGroup': Schema([('county_code', String), ('district_code', String), ('school_code', String), ('american_indian_or_alaska_native', String), ('asian', String), ('black_or_african_american', String), ('hispanic', String), ('native_hawaiian_or_pacific_islander', String), ('two_or_more_races', String), ('white', String)])
2025-03-05 01:51:28,407 - INFO - 'american_indian_or_alaska_native' in 'EnrollmentByRacialEthnicGroup' is casted as a String; Performing the work around;
2025-03-05 01:51:28,407 - INFO - 'asian' in 'EnrollmentByRacialEthnicGroup' is casted as a String; Performing the work around;
2025-03-05 01:51:28,407 - INFO - 'black_or_african_american' in 'EnrollmentByRacialEthnicGroup' is casted as a String; Performing the work around;
2025-03-05 01:51:28,407 - INFO - 'hispanic' in 'EnrollmentByRacialEthnicGroup' is casted as a String; Performing the work around;
2025-03-05 01:51:28,407 - INFO - 'native_hawaiian_or_pacific_islander' in 'EnrollmentByRacialEthnicGroup' is casted as a String; Performing the work around;
2025-03-05 01:51:28,407 - INFO - 'two_or_more_races' in 'EnrollmentByRacialEthnicGroup' is casted as a String; Performing the work around;
2025-03-05 01:51:28,407 - INFO - 'white' in 'EnrollmentByRacialEthnicGroup' is casted as a String; Performing the work around;
2025-03-05 01:51:28,407 - INFO - updated schema of 'EnrollmentByRacialEthnicGroup': Schema([('county_code', String), ('district_code', String), ('school_code', String), ('american_indian_or_alaska_native', Float64), ('asian', Float64), ('black_or_african_american', Float64), ('hispanic', Float64), ('native_hawaiian_or_pacific_islander', Float64), ('two_or_more_races', Float64), ('white', Float64)])
2025-03-05 01:51:28,407 - INFO - ------- extracting sheet 'EnrollmentByHomeLanguage' -------
2025-03-05 01:51:28,507 - INFO - current schema of 'EnrollmentByHomeLanguage': Schema([('county_code', String), ('district_code', String), ('school_code', String), ('home_language', String), ('pct_of_students', Float64)])
2025-03-05 01:51:28,507 - INFO - updated schema of 'EnrollmentByHomeLanguage': Schema([('county_code', String), ('district_code', String), ('school_code', String), ('home_language', String), ('pct_of_students', Float64)])
2025-03-05 01:51:28,507 - INFO - ------- joining the sheets -------
2025-03-05 01:51:28,507 - INFO - ------- extracting 2019-2020 academic year data -------
2025-03-05 01:51:28,507 - INFO - ------- extracting sheet 'Header and Contact' -------
2025-03-05 01:51:28,588 - INFO - current schema of 'Header and Contact': Schema([('county_code', String), ('district_code', String), ('school_code', String), ('county_name', String), ('district_name', String), ('school_name', String), ('address', String), ('city_state_zip', String)])
2025-03-05 01:51:28,588 - INFO - updated schema of 'Header and Contact': Schema([('county_code', String), ('district_code', String), ('school_code', String), ('county_name', String), ('district_name', String), ('school_name', String), ('address', String), ('city_state_zip', String)])
2025-03-05 01:51:28,589 - INFO - ------- extracting sheet 'EnrollmentTrendsbyGrade' -------
2025-03-05 01:51:28,675 - INFO - current schema of 'EnrollmentTrendsbyGrade': Schema([('county_code', String), ('district_code', String), ('school_code', String), ('grade06', Int64), ('grade07', Int64), ('grade08', Int64), ('grade09', Int64), ('grade10', Int64), ('grade11', Int64), ('grade12', Int64)])
2025-03-05 01:51:28,675 - INFO - updated schema of 'EnrollmentTrendsbyGrade': Schema([('county_code', String), ('district_code', String), ('school_code', String), ('grade06', Float64), ('grade07', Float64), ('grade08', Float64), ('grade09', Float64), ('grade10', Float64), ('grade11', Float64), ('grade12', Float64)])
2025-03-05 01:51:28,675 - INFO - ------- extracting sheet 'EnrollmentTrendsByStudentGroup' -------
2025-03-05 01:51:28,749 - INFO - current schema of 'EnrollmentTrendsByStudentGroup': Schema([('county_code', String), ('district_code', String), ('school_code', String), ('economically_disadvantaged', Float64), ('english_learners', Float64), ('female', Float64), ('homeless', Float64), ('male', Float64), ('migrant', Float64), ('military_connected', Float64), ('in_foster_care', Float64), ('with_disabilities', Float64)])
2025-03-05 01:51:28,750 - INFO - updated schema of 'EnrollmentTrendsByStudentGroup': Schema([('county_code', String), ('district_code', String), ('school_code', String), ('economically_disadvantaged', Float64), ('english_learners', Float64), ('female', Float64), ('homeless', Float64), ('male', Float64), ('migrant', Float64), ('military_connected', Float64), ('in_foster_care', Float64), ('with_disabilities', Float64)])
2025-03-05 01:51:28,750 - INFO - ------- extracting sheet 'EnrollmentByRacialEthnicGroup' -------
2025-03-05 01:51:28,820 - INFO - current schema of 'EnrollmentByRacialEthnicGroup': Schema([('county_code', String), ('district_code', String), ('school_code', String), ('american_indian_or_alaska_native', Float64), ('asian', Float64), ('black_or_african_american', Float64), ('hispanic', Float64), ('native_hawaiian_or_pacific_islander', Float64), ('two_or_more_races', Float64), ('white', Float64)])
2025-03-05 01:51:28,821 - INFO - updated schema of 'EnrollmentByRacialEthnicGroup': Schema([('county_code', String), ('district_code', String), ('school_code', String), ('american_indian_or_alaska_native', Float64), ('asian', Float64), ('black_or_african_american', Float64), ('hispanic', Float64), ('native_hawaiian_or_pacific_islander', Float64), ('two_or_more_races', Float64), ('white', Float64)])
2025-03-05 01:51:28,821 - INFO - ------- extracting sheet 'EnrollmentByHomeLanguage' -------
2025-03-05 01:51:28,918 - INFO - current schema of 'EnrollmentByHomeLanguage': Schema([('county_code', String), ('district_code', String), ('school_code', String), ('home_language', String), ('pct_of_students', Float64)])
2025-03-05 01:51:28,918 - INFO - updated schema of 'EnrollmentByHomeLanguage': Schema([('county_code', String), ('district_code', String), ('school_code', String), ('home_language', String), ('pct_of_students', Float64)])
2025-03-05 01:51:28,918 - INFO - ------- joining the sheets -------
2025-03-05 01:51:28,918 - INFO - ------- extracting 2020-2021 academic year data -------
2025-03-05 01:51:28,918 - INFO - ------- extracting sheet 'Header and Contact' -------
2025-03-05 01:51:29,005 - INFO - current schema of 'Header and Contact': Schema([('county_code', String), ('district_code', String), ('school_code', String), ('county_name', String), ('district_name', String), ('school_name', String), ('address', String), ('city_state_zip', String)])
2025-03-05 01:51:29,005 - INFO - updated schema of 'Header and Contact': Schema([('county_code', String), ('district_code', String), ('school_code', String), ('county_name', String), ('district_name', String), ('school_name', String), ('address', String), ('city_state_zip', String)])
2025-03-05 01:51:29,005 - INFO - ------- extracting sheet 'EnrollmentTrendsbyGrade' -------
2025-03-05 01:51:29,087 - INFO - current schema of 'EnrollmentTrendsbyGrade': Schema([('county_code', String), ('district_code', String), ('school_code', String), ('grade06', Int64), ('grade07', Int64), ('grade08', Int64), ('grade09', Int64), ('grade10', Int64), ('grade11', Int64), ('grade12', Int64)])
2025-03-05 01:51:29,087 - INFO - updated schema of 'EnrollmentTrendsbyGrade': Schema([('county_code', String), ('district_code', String), ('school_code', String), ('grade06', Float64), ('grade07', Float64), ('grade08', Float64), ('grade09', Float64), ('grade10', Float64), ('grade11', Float64), ('grade12', Float64)])
2025-03-05 01:51:29,087 - INFO - ------- extracting sheet 'EnrollmentTrendsByStudentGroup' -------
2025-03-05 01:51:29,164 - INFO - current schema of 'EnrollmentTrendsByStudentGroup': Schema([('county_code', String), ('district_code', String), ('school_code', String), ('economically_disadvantaged', Float64), ('english_learners', Float64), ('female', String), ('homeless', Float64), ('male', String), ('migrant', Float64), ('military_connected', Float64), ('in_foster_care', Float64), ('with_disabilities', Float64)])
2025-03-05 01:51:29,164 - INFO - 'female' in 'EnrollmentTrendsByStudentGroup' is casted as a String; Performing the work around;
2025-03-05 01:51:29,164 - INFO - 'male' in 'EnrollmentTrendsByStudentGroup' is casted as a String; Performing the work around;
2025-03-05 01:51:29,164 - INFO - updated schema of 'EnrollmentTrendsByStudentGroup': Schema([('county_code', String), ('district_code', String), ('school_code', String), ('economically_disadvantaged', Float64), ('english_learners', Float64), ('female', Float64), ('homeless', Float64), ('male', Float64), ('migrant', Float64), ('military_connected', Float64), ('in_foster_care', Float64), ('with_disabilities', Float64)])
2025-03-05 01:51:29,164 - INFO - ------- extracting sheet 'EnrollmentByRacialEthnicGroup' -------
2025-03-05 01:51:29,236 - INFO - current schema of 'EnrollmentByRacialEthnicGroup': Schema([('county_code', String), ('district_code', String), ('school_code', String), ('american_indian_or_alaska_native', Float64), ('asian', Float64), ('black_or_african_american', Float64), ('hispanic', Float64), ('native_hawaiian_or_pacific_islander', Float64), ('two_or_more_races', Float64), ('white', Float64)])
2025-03-05 01:51:29,236 - INFO - updated schema of 'EnrollmentByRacialEthnicGroup': Schema([('county_code', String), ('district_code', String), ('school_code', String), ('american_indian_or_alaska_native', Float64), ('asian', Float64), ('black_or_african_american', Float64), ('hispanic', Float64), ('native_hawaiian_or_pacific_islander', Float64), ('two_or_more_races', Float64), ('white', Float64)])
2025-03-05 01:51:29,236 - INFO - ------- extracting sheet 'EnrollmentByHomeLanguage' -------
2025-03-05 01:51:29,338 - INFO - current schema of 'EnrollmentByHomeLanguage': Schema([('county_code', String), ('district_code', String), ('school_code', String), ('home_language', String), ('pct_of_students', Float64)])
2025-03-05 01:51:29,338 - INFO - updated schema of 'EnrollmentByHomeLanguage': Schema([('county_code', String), ('district_code', String), ('school_code', String), ('home_language', String), ('pct_of_students', Float64)])
2025-03-05 01:51:29,338 - INFO - ------- joining the sheets -------
2025-03-05 01:51:29,338 - INFO - ------- extracting 2021-2022 academic year data -------
2025-03-05 01:51:29,338 - INFO - ------- extracting sheet 'Header and Contact' -------
2025-03-05 01:51:29,430 - INFO - current schema of 'Header and Contact': Schema([('county_code', String), ('district_code', String), ('school_code', String), ('county_name', String), ('district_name', String), ('school_name', String), ('address', String), ('city_state_zip', String)])
2025-03-05 01:51:29,430 - INFO - updated schema of 'Header and Contact': Schema([('county_code', String), ('district_code', String), ('school_code', String), ('county_name', String), ('district_name', String), ('school_name', String), ('address', String), ('city_state_zip', String)])
2025-03-05 01:51:29,430 - INFO - ------- extracting sheet 'EnrollmentTrendsbyGrade' -------
2025-03-05 01:51:29,515 - INFO - current schema of 'EnrollmentTrendsbyGrade': Schema([('county_code', String), ('district_code', String), ('school_code', String), ('grade06', Int64), ('grade07', Int64), ('grade08', Int64), ('grade09', Int64), ('grade10', Int64), ('grade11', Int64), ('grade12', Int64)])
2025-03-05 01:51:29,515 - INFO - updated schema of 'EnrollmentTrendsbyGrade': Schema([('county_code', String), ('district_code', String), ('school_code', String), ('grade06', Float64), ('grade07', Float64), ('grade08', Float64), ('grade09', Float64), ('grade10', Float64), ('grade11', Float64), ('grade12', Float64)])
2025-03-05 01:51:29,515 - INFO - ------- extracting sheet 'EnrollmentTrendsByStudentGroup' -------
2025-03-05 01:51:29,596 - INFO - current schema of 'EnrollmentTrendsByStudentGroup': Schema([('county_code', String), ('district_code', String), ('school_code', String), ('economically_disadvantaged', Float64), ('english_learners', Float64), ('female', String), ('homeless', Float64), ('male', String), ('migrant', Float64), ('military_connected', Float64), ('in_foster_care', Float64), ('with_disabilities', Float64)])
2025-03-05 01:51:29,596 - INFO - 'female' in 'EnrollmentTrendsByStudentGroup' is casted as a String; Performing the work around;
2025-03-05 01:51:29,596 - INFO - 'male' in 'EnrollmentTrendsByStudentGroup' is casted as a String; Performing the work around;
2025-03-05 01:51:29,596 - INFO - updated schema of 'EnrollmentTrendsByStudentGroup': Schema([('county_code', String), ('district_code', String), ('school_code', String), ('economically_disadvantaged', Float64), ('english_learners', Float64), ('female', Float64), ('homeless', Float64), ('male', Float64), ('migrant', Float64), ('military_connected', Float64), ('in_foster_care', Float64), ('with_disabilities', Float64)])
2025-03-05 01:51:29,596 - INFO - ------- extracting sheet 'EnrollmentByRacialEthnicGroup' -------
2025-03-05 01:51:29,672 - INFO - current schema of 'EnrollmentByRacialEthnicGroup': Schema([('county_code', String), ('district_code', String), ('school_code', String), ('american_indian_or_alaska_native', Float64), ('asian', Float64), ('black_or_african_american', Float64), ('hispanic', Float64), ('native_hawaiian_or_pacific_islander', Float64), ('two_or_more_races', Float64), ('white', Float64)])
2025-03-05 01:51:29,672 - INFO - updated schema of 'EnrollmentByRacialEthnicGroup': Schema([('county_code', String), ('district_code', String), ('school_code', String), ('american_indian_or_alaska_native', Float64), ('asian', Float64), ('black_or_african_american', Float64), ('hispanic', Float64), ('native_hawaiian_or_pacific_islander', Float64), ('two_or_more_races', Float64), ('white', Float64)])
2025-03-05 01:51:29,672 - INFO - ------- extracting sheet 'EnrollmentByHomeLanguage' -------
2025-03-05 01:51:29,777 - INFO - current schema of 'EnrollmentByHomeLanguage': Schema([('county_code', String), ('district_code', String), ('school_code', String), ('home_language', String), ('pct_of_students', Float64)])
2025-03-05 01:51:29,777 - INFO - updated schema of 'EnrollmentByHomeLanguage': Schema([('county_code', String), ('district_code', String), ('school_code', String), ('home_language', String), ('pct_of_students', Float64)])
2025-03-05 01:51:29,777 - INFO - ------- joining the sheets -------
2025-03-05 01:51:29,777 - INFO - ------- extracting 2022-2023 academic year data -------
2025-03-05 01:51:29,777 - INFO - ------- extracting sheet 'Header and Contact' -------
2025-03-05 01:51:29,870 - INFO - current schema of 'Header and Contact': Schema([('county_code', String), ('district_code', String), ('school_code', String), ('county_name', String), ('district_name', String), ('school_name', String), ('address', String), ('city_state_zip', String)])
2025-03-05 01:51:29,870 - INFO - updated schema of 'Header and Contact': Schema([('county_code', String), ('district_code', String), ('school_code', String), ('county_name', String), ('district_name', String), ('school_name', String), ('address', String), ('city_state_zip', String)])
2025-03-05 01:51:29,870 - INFO - ------- extracting sheet 'EnrollmentTrendsbyGrade' -------
2025-03-05 01:51:29,959 - INFO - current schema of 'EnrollmentTrendsbyGrade': Schema([('county_code', String), ('district_code', String), ('school_code', String), ('grade06', Int64), ('grade07', Int64), ('grade08', Int64), ('grade09', Int64), ('grade10', Int64), ('grade11', Int64), ('grade12', Int64)])
2025-03-05 01:51:29,959 - INFO - updated schema of 'EnrollmentTrendsbyGrade': Schema([('county_code', String), ('district_code', String), ('school_code', String), ('grade06', Float64), ('grade07', Float64), ('grade08', Float64), ('grade09', Float64), ('grade10', Float64), ('grade11', Float64), ('grade12', Float64)])
2025-03-05 01:51:29,959 - INFO - ------- extracting sheet 'EnrollmentTrendsByStudentGroup' -------
2025-03-05 01:51:30,052 - INFO - current schema of 'EnrollmentTrendsByStudentGroup': Schema([('county_code', String), ('district_code', String), ('school_code', String), ('economically_disadvantaged', Float64), ('english_learners', Float64), ('female', String), ('homeless', Float64), ('male', String), ('migrant', Float64), ('military_connected', Float64), ('in_foster_care', Float64), ('with_disabilities', Float64)])
2025-03-05 01:51:30,052 - INFO - 'female' in 'EnrollmentTrendsByStudentGroup' is casted as a String; Performing the work around;
2025-03-05 01:51:30,052 - INFO - 'male' in 'EnrollmentTrendsByStudentGroup' is casted as a String; Performing the work around;
2025-03-05 01:51:30,052 - INFO - updated schema of 'EnrollmentTrendsByStudentGroup': Schema([('county_code', String), ('district_code', String), ('school_code', String), ('economically_disadvantaged', Float64), ('english_learners', Float64), ('female', Float64), ('homeless', Float64), ('male', Float64), ('migrant', Float64), ('military_connected', Float64), ('in_foster_care', Float64), ('with_disabilities', Float64)])
2025-03-05 01:51:30,052 - INFO - ------- extracting sheet 'EnrollmentByRacialEthnicGroup' -------
2025-03-05 01:51:30,132 - INFO - current schema of 'EnrollmentByRacialEthnicGroup': Schema([('county_code', String), ('district_code', String), ('school_code', String), ('american_indian_or_alaska_native', Float64), ('asian', Float64), ('black_or_african_american', Float64), ('hispanic', Float64), ('native_hawaiian_or_pacific_islander', Float64), ('two_or_more_races', Float64), ('white', Float64)])
2025-03-05 01:51:30,132 - INFO - updated schema of 'EnrollmentByRacialEthnicGroup': Schema([('county_code', String), ('district_code', String), ('school_code', String), ('american_indian_or_alaska_native', Float64), ('asian', Float64), ('black_or_african_american', Float64), ('hispanic', Float64), ('native_hawaiian_or_pacific_islander', Float64), ('two_or_more_races', Float64), ('white', Float64)])
2025-03-05 01:51:30,132 - INFO - ------- extracting sheet 'EnrollmentByHomeLanguage' -------
2025-03-05 01:51:30,239 - INFO - current schema of 'EnrollmentByHomeLanguage': Schema([('county_code', String), ('district_code', String), ('school_code', String), ('home_language', String), ('pct_of_students', Float64)])
2025-03-05 01:51:30,240 - INFO - updated schema of 'EnrollmentByHomeLanguage': Schema([('county_code', String), ('district_code', String), ('school_code', String), ('home_language', String), ('pct_of_students', Float64)])
2025-03-05 01:51:30,240 - INFO - ------- joining the sheets -------
2025-03-05 01:51:30,240 - INFO - ------- merging all academic years data -------
2025-03-05 01:51:30,241 - INFO - merged data schema: Schema([('county_name', String), ('district_name', String), ('school_name', String), ('address', String), ('city_state_zip', String), ('county_district_school_code', String), ('grade06', Float64), ('grade07', Float64), ('grade08', Float64), ('grade09', Float64), ('grade10', Float64), ('grade11', Float64), ('grade12', Float64), ('economically_disadvantaged', Float64), ('english_learners', Float64), ('female', Float64), ('homeless', Float64), ('male', Float64), ('migrant', Float64), ('military_connected', Float64), ('in_foster_care', Float64), ('with_disabilities', Float64), ('american_indian_or_alaska_native', Float64), ('asian', Float64), ('black_or_african_american', Float64), ('hispanic', Float64), ('native_hawaiian_or_pacific_islander', Float64), ('two_or_more_races', Float64), ('white', Float64), ('home_language', String), ('pct_of_students', Float64), ('academic_year', String)])
2025-03-05 01:51:30,241 - ERROR - descriptor '__repr__' of 'str' object needs an argument
2025-03-05 01:52:34,778 - INFO - ------- extracting 2018-2019 academic year data -------
2025-03-05 01:52:34,778 - INFO - ------- extracting sheet 'Header and Contact' -------
2025-03-05 01:52:35,091 - INFO - current schema of 'Header and Contact': Schema([('county_code', String), ('district_code', String), ('school_code', String), ('county_name', String), ('district_name', String), ('school_name', String), ('address', String), ('city_state_zip', String)])
2025-03-05 01:52:35,091 - INFO - updated schema of 'Header and Contact': Schema([('county_code', String), ('district_code', String), ('school_code', String), ('county_name', String), ('district_name', String), ('school_name', String), ('address', String), ('city_state_zip', String)])
2025-03-05 01:52:35,091 - INFO - ------- extracting sheet 'EnrollmentTrendsbyGrade' -------
2025-03-05 01:52:35,173 - INFO - current schema of 'EnrollmentTrendsbyGrade': Schema([('county_code', String), ('district_code', String), ('school_code', String), ('grade06', String), ('grade07', String), ('grade08', String), ('grade09', String), ('grade10', String), ('grade11', String), ('grade12', String)])
2025-03-05 01:52:35,174 - INFO - 'grade06' in 'EnrollmentTrendsbyGrade' is casted as a String; Performing the work around;
2025-03-05 01:52:35,176 - INFO - 'grade07' in 'EnrollmentTrendsbyGrade' is casted as a String; Performing the work around;
2025-03-05 01:52:35,176 - INFO - 'grade08' in 'EnrollmentTrendsbyGrade' is casted as a String; Performing the work around;
2025-03-05 01:52:35,176 - INFO - 'grade09' in 'EnrollmentTrendsbyGrade' is casted as a String; Performing the work around;
2025-03-05 01:52:35,176 - INFO - 'grade10' in 'EnrollmentTrendsbyGrade' is casted as a String; Performing the work around;
2025-03-05 01:52:35,176 - INFO - 'grade11' in 'EnrollmentTrendsbyGrade' is casted as a String; Performing the work around;
2025-03-05 01:52:35,176 - INFO - 'grade12' in 'EnrollmentTrendsbyGrade' is casted as a String; Performing the work around;
2025-03-05 01:52:35,176 - INFO - updated schema of 'EnrollmentTrendsbyGrade': Schema([('county_code', String), ('district_code', String), ('school_code', String), ('grade06', Float64), ('grade07', Float64), ('grade08', Float64), ('grade09', Float64), ('grade10', Float64), ('grade11', Float64), ('grade12', Float64)])
2025-03-05 01:52:35,176 - INFO - ------- extracting sheet 'EnrollmentTrendsByStudentGroup' -------
2025-03-05 01:52:35,302 - INFO - current schema of 'EnrollmentTrendsByStudentGroup': Schema([('county_code', String), ('district_code', String), ('school_code', String), ('economically_disadvantaged', String), ('english_learners', String), ('female', String), ('homeless', String), ('male', String), ('migrant', String), ('military_connected', String), ('in_foster_care', String), ('with_disabilities', String)])
2025-03-05 01:52:35,302 - INFO - 'economically_disadvantaged' in 'EnrollmentTrendsByStudentGroup' is casted as a String; Performing the work around;
2025-03-05 01:52:35,302 - INFO - 'english_learners' in 'EnrollmentTrendsByStudentGroup' is casted as a String; Performing the work around;
2025-03-05 01:52:35,302 - INFO - 'female' in 'EnrollmentTrendsByStudentGroup' is casted as a String; Performing the work around;
2025-03-05 01:52:35,302 - INFO - 'homeless' in 'EnrollmentTrendsByStudentGroup' is casted as a String; Performing the work around;
2025-03-05 01:52:35,302 - INFO - 'male' in 'EnrollmentTrendsByStudentGroup' is casted as a String; Performing the work around;
2025-03-05 01:52:35,302 - INFO - 'migrant' in 'EnrollmentTrendsByStudentGroup' is casted as a String; Performing the work around;
2025-03-05 01:52:35,303 - INFO - 'military_connected' in 'EnrollmentTrendsByStudentGroup' is casted as a String; Performing the work around;
2025-03-05 01:52:35,303 - INFO - 'in_foster_care' in 'EnrollmentTrendsByStudentGroup' is casted as a String; Performing the work around;
2025-03-05 01:52:35,303 - INFO - 'with_disabilities' in 'EnrollmentTrendsByStudentGroup' is casted as a String; Performing the work around;
2025-03-05 01:52:35,303 - INFO - updated schema of 'EnrollmentTrendsByStudentGroup': Schema([('county_code', String), ('district_code', String), ('school_code', String), ('economically_disadvantaged', Float64), ('english_learners', Float64), ('female', Float64), ('homeless', Float64), ('male', Float64), ('migrant', Float64), ('military_connected', Float64), ('in_foster_care', Float64), ('with_disabilities', Float64)])
2025-03-05 01:52:35,303 - INFO - ------- extracting sheet 'EnrollmentByRacialEthnicGroup' -------
2025-03-05 01:52:35,381 - INFO - current schema of 'EnrollmentByRacialEthnicGroup': Schema([('county_code', String), ('district_code', String), ('school_code', String), ('american_indian_or_alaska_native', String), ('asian', String), ('black_or_african_american', String), ('hispanic', String), ('native_hawaiian_or_pacific_islander', String), ('two_or_more_races', String), ('white', String)])
2025-03-05 01:52:35,381 - INFO - 'american_indian_or_alaska_native' in 'EnrollmentByRacialEthnicGroup' is casted as a String; Performing the work around;
2025-03-05 01:52:35,382 - INFO - 'asian' in 'EnrollmentByRacialEthnicGroup' is casted as a String; Performing the work around;
2025-03-05 01:52:35,382 - INFO - 'black_or_african_american' in 'EnrollmentByRacialEthnicGroup' is casted as a String; Performing the work around;
2025-03-05 01:52:35,382 - INFO - 'hispanic' in 'EnrollmentByRacialEthnicGroup' is casted as a String; Performing the work around;
2025-03-05 01:52:35,382 - INFO - 'native_hawaiian_or_pacific_islander' in 'EnrollmentByRacialEthnicGroup' is casted as a String; Performing the work around;
2025-03-05 01:52:35,382 - INFO - 'two_or_more_races' in 'EnrollmentByRacialEthnicGroup' is casted as a String; Performing the work around;
2025-03-05 01:52:35,382 - INFO - 'white' in 'EnrollmentByRacialEthnicGroup' is casted as a String; Performing the work around;
2025-03-05 01:52:35,382 - INFO - updated schema of 'EnrollmentByRacialEthnicGroup': Schema([('county_code', String), ('district_code', String), ('school_code', String), ('american_indian_or_alaska_native', Float64), ('asian', Float64), ('black_or_african_american', Float64), ('hispanic', Float64), ('native_hawaiian_or_pacific_islander', Float64), ('two_or_more_races', Float64), ('white', Float64)])
2025-03-05 01:52:35,382 - INFO - ------- extracting sheet 'EnrollmentByHomeLanguage' -------
2025-03-05 01:52:35,492 - INFO - current schema of 'EnrollmentByHomeLanguage': Schema([('county_code', String), ('district_code', String), ('school_code', String), ('home_language', String), ('pct_of_students', Float64)])
2025-03-05 01:52:35,492 - INFO - updated schema of 'EnrollmentByHomeLanguage': Schema([('county_code', String), ('district_code', String), ('school_code', String), ('home_language', String), ('pct_of_students', Float64)])
2025-03-05 01:52:35,492 - INFO - ------- joining the sheets -------
2025-03-05 01:52:35,493 - INFO - ------- extracting 2019-2020 academic year data -------
2025-03-05 01:52:35,493 - INFO - ------- extracting sheet 'Header and Contact' -------
2025-03-05 01:52:35,602 - INFO - current schema of 'Header and Contact': Schema([('county_code', String), ('district_code', String), ('school_code', String), ('county_name', String), ('district_name', String), ('school_name', String), ('address', String), ('city_state_zip', String)])
2025-03-05 01:52:35,602 - INFO - updated schema of 'Header and Contact': Schema([('county_code', String), ('district_code', String), ('school_code', String), ('county_name', String), ('district_name', String), ('school_name', String), ('address', String), ('city_state_zip', String)])
2025-03-05 01:52:35,602 - INFO - ------- extracting sheet 'EnrollmentTrendsbyGrade' -------
2025-03-05 01:52:35,690 - INFO - current schema of 'EnrollmentTrendsbyGrade': Schema([('county_code', String), ('district_code', String), ('school_code', String), ('grade06', Int64), ('grade07', Int64), ('grade08', Int64), ('grade09', Int64), ('grade10', Int64), ('grade11', Int64), ('grade12', Int64)])
2025-03-05 01:52:35,690 - INFO - updated schema of 'EnrollmentTrendsbyGrade': Schema([('county_code', String), ('district_code', String), ('school_code', String), ('grade06', Float64), ('grade07', Float64), ('grade08', Float64), ('grade09', Float64), ('grade10', Float64), ('grade11', Float64), ('grade12', Float64)])
2025-03-05 01:52:35,690 - INFO - ------- extracting sheet 'EnrollmentTrendsByStudentGroup' -------
2025-03-05 01:52:35,765 - INFO - current schema of 'EnrollmentTrendsByStudentGroup': Schema([('county_code', String), ('district_code', String), ('school_code', String), ('economically_disadvantaged', Float64), ('english_learners', Float64), ('female', Float64), ('homeless', Float64), ('male', Float64), ('migrant', Float64), ('military_connected', Float64), ('in_foster_care', Float64), ('with_disabilities', Float64)])
2025-03-05 01:52:35,766 - INFO - updated schema of 'EnrollmentTrendsByStudentGroup': Schema([('county_code', String), ('district_code', String), ('school_code', String), ('economically_disadvantaged', Float64), ('english_learners', Float64), ('female', Float64), ('homeless', Float64), ('male', Float64), ('migrant', Float64), ('military_connected', Float64), ('in_foster_care', Float64), ('with_disabilities', Float64)])
2025-03-05 01:52:35,766 - INFO - ------- extracting sheet 'EnrollmentByRacialEthnicGroup' -------
2025-03-05 01:52:35,839 - INFO - current schema of 'EnrollmentByRacialEthnicGroup': Schema([('county_code', String), ('district_code', String), ('school_code', String), ('american_indian_or_alaska_native', Float64), ('asian', Float64), ('black_or_african_american', Float64), ('hispanic', Float64), ('native_hawaiian_or_pacific_islander', Float64), ('two_or_more_races', Float64), ('white', Float64)])
2025-03-05 01:52:35,839 - INFO - updated schema of 'EnrollmentByRacialEthnicGroup': Schema([('county_code', String), ('district_code', String), ('school_code', String), ('american_indian_or_alaska_native', Float64), ('asian', Float64), ('black_or_african_american', Float64), ('hispanic', Float64), ('native_hawaiian_or_pacific_islander', Float64), ('two_or_more_races', Float64), ('white', Float64)])
2025-03-05 01:52:35,839 - INFO - ------- extracting sheet 'EnrollmentByHomeLanguage' -------
2025-03-05 01:52:35,939 - INFO - current schema of 'EnrollmentByHomeLanguage': Schema([('county_code', String), ('district_code', String), ('school_code', String), ('home_language', String), ('pct_of_students', Float64)])
2025-03-05 01:52:35,940 - INFO - updated schema of 'EnrollmentByHomeLanguage': Schema([('county_code', String), ('district_code', String), ('school_code', String), ('home_language', String), ('pct_of_students', Float64)])
2025-03-05 01:52:35,940 - INFO - ------- joining the sheets -------
2025-03-05 01:52:35,940 - INFO - ------- extracting 2020-2021 academic year data -------
2025-03-05 01:52:35,940 - INFO - ------- extracting sheet 'Header and Contact' -------
2025-03-05 01:52:36,035 - INFO - current schema of 'Header and Contact': Schema([('county_code', String), ('district_code', String), ('school_code', String), ('county_name', String), ('district_name', String), ('school_name', String), ('address', String), ('city_state_zip', String)])
2025-03-05 01:52:36,035 - INFO - updated schema of 'Header and Contact': Schema([('county_code', String), ('district_code', String), ('school_code', String), ('county_name', String), ('district_name', String), ('school_name', String), ('address', String), ('city_state_zip', String)])
2025-03-05 01:52:36,035 - INFO - ------- extracting sheet 'EnrollmentTrendsbyGrade' -------
2025-03-05 01:52:36,119 - INFO - current schema of 'EnrollmentTrendsbyGrade': Schema([('county_code', String), ('district_code', String), ('school_code', String), ('grade06', Int64), ('grade07', Int64), ('grade08', Int64), ('grade09', Int64), ('grade10', Int64), ('grade11', Int64), ('grade12', Int64)])
2025-03-05 01:52:36,119 - INFO - updated schema of 'EnrollmentTrendsbyGrade': Schema([('county_code', String), ('district_code', String), ('school_code', String), ('grade06', Float64), ('grade07', Float64), ('grade08', Float64), ('grade09', Float64), ('grade10', Float64), ('grade11', Float64), ('grade12', Float64)])
2025-03-05 01:52:36,119 - INFO - ------- extracting sheet 'EnrollmentTrendsByStudentGroup' -------
2025-03-05 01:52:36,205 - INFO - current schema of 'EnrollmentTrendsByStudentGroup': Schema([('county_code', String), ('district_code', String), ('school_code', String), ('economically_disadvantaged', Float64), ('english_learners', Float64), ('female', String), ('homeless', Float64), ('male', String), ('migrant', Float64), ('military_connected', Float64), ('in_foster_care', Float64), ('with_disabilities', Float64)])
2025-03-05 01:52:36,206 - INFO - 'female' in 'EnrollmentTrendsByStudentGroup' is casted as a String; Performing the work around;
2025-03-05 01:52:36,206 - INFO - 'male' in 'EnrollmentTrendsByStudentGroup' is casted as a String; Performing the work around;
2025-03-05 01:52:36,206 - INFO - updated schema of 'EnrollmentTrendsByStudentGroup': Schema([('county_code', String), ('district_code', String), ('school_code', String), ('economically_disadvantaged', Float64), ('english_learners', Float64), ('female', Float64), ('homeless', Float64), ('male', Float64), ('migrant', Float64), ('military_connected', Float64), ('in_foster_care', Float64), ('with_disabilities', Float64)])
2025-03-05 01:52:36,206 - INFO - ------- extracting sheet 'EnrollmentByRacialEthnicGroup' -------
2025-03-05 01:52:36,280 - INFO - current schema of 'EnrollmentByRacialEthnicGroup': Schema([('county_code', String), ('district_code', String), ('school_code', String), ('american_indian_or_alaska_native', Float64), ('asian', Float64), ('black_or_african_american', Float64), ('hispanic', Float64), ('native_hawaiian_or_pacific_islander', Float64), ('two_or_more_races', Float64), ('white', Float64)])
2025-03-05 01:52:36,280 - INFO - updated schema of 'EnrollmentByRacialEthnicGroup': Schema([('county_code', String), ('district_code', String), ('school_code', String), ('american_indian_or_alaska_native', Float64), ('asian', Float64), ('black_or_african_american', Float64), ('hispanic', Float64), ('native_hawaiian_or_pacific_islander', Float64), ('two_or_more_races', Float64), ('white', Float64)])
2025-03-05 01:52:36,280 - INFO - ------- extracting sheet 'EnrollmentByHomeLanguage' -------
2025-03-05 01:52:36,394 - INFO - current schema of 'EnrollmentByHomeLanguage': Schema([('county_code', String), ('district_code', String), ('school_code', String), ('home_language', String), ('pct_of_students', Float64)])
2025-03-05 01:52:36,394 - INFO - updated schema of 'EnrollmentByHomeLanguage': Schema([('county_code', String), ('district_code', String), ('school_code', String), ('home_language', String), ('pct_of_students', Float64)])
2025-03-05 01:52:36,394 - INFO - ------- joining the sheets -------
2025-03-05 01:52:36,394 - INFO - ------- extracting 2021-2022 academic year data -------
2025-03-05 01:52:36,394 - INFO - ------- extracting sheet 'Header and Contact' -------
2025-03-05 01:52:36,491 - INFO - current schema of 'Header and Contact': Schema([('county_code', String), ('district_code', String), ('school_code', String), ('county_name', String), ('district_name', String), ('school_name', String), ('address', String), ('city_state_zip', String)])
2025-03-05 01:52:36,491 - INFO - updated schema of 'Header and Contact': Schema([('county_code', String), ('district_code', String), ('school_code', String), ('county_name', String), ('district_name', String), ('school_name', String), ('address', String), ('city_state_zip', String)])
2025-03-05 01:52:36,491 - INFO - ------- extracting sheet 'EnrollmentTrendsbyGrade' -------
2025-03-05 01:52:36,578 - INFO - current schema of 'EnrollmentTrendsbyGrade': Schema([('county_code', String), ('district_code', String), ('school_code', String), ('grade06', Int64), ('grade07', Int64), ('grade08', Int64), ('grade09', Int64), ('grade10', Int64), ('grade11', Int64), ('grade12', Int64)])
2025-03-05 01:52:36,578 - INFO - updated schema of 'EnrollmentTrendsbyGrade': Schema([('county_code', String), ('district_code', String), ('school_code', String), ('grade06', Float64), ('grade07', Float64), ('grade08', Float64), ('grade09', Float64), ('grade10', Float64), ('grade11', Float64), ('grade12', Float64)])
2025-03-05 01:52:36,579 - INFO - ------- extracting sheet 'EnrollmentTrendsByStudentGroup' -------
2025-03-05 01:52:36,661 - INFO - current schema of 'EnrollmentTrendsByStudentGroup': Schema([('county_code', String), ('district_code', String), ('school_code', String), ('economically_disadvantaged', Float64), ('english_learners', Float64), ('female', String), ('homeless', Float64), ('male', String), ('migrant', Float64), ('military_connected', Float64), ('in_foster_care', Float64), ('with_disabilities', Float64)])
2025-03-05 01:52:36,661 - INFO - 'female' in 'EnrollmentTrendsByStudentGroup' is casted as a String; Performing the work around;
2025-03-05 01:52:36,662 - INFO - 'male' in 'EnrollmentTrendsByStudentGroup' is casted as a String; Performing the work around;
2025-03-05 01:52:36,662 - INFO - updated schema of 'EnrollmentTrendsByStudentGroup': Schema([('county_code', String), ('district_code', String), ('school_code', String), ('economically_disadvantaged', Float64), ('english_learners', Float64), ('female', Float64), ('homeless', Float64), ('male', Float64), ('migrant', Float64), ('military_connected', Float64), ('in_foster_care', Float64), ('with_disabilities', Float64)])
2025-03-05 01:52:36,662 - INFO - ------- extracting sheet 'EnrollmentByRacialEthnicGroup' -------
2025-03-05 01:52:36,740 - INFO - current schema of 'EnrollmentByRacialEthnicGroup': Schema([('county_code', String), ('district_code', String), ('school_code', String), ('american_indian_or_alaska_native', Float64), ('asian', Float64), ('black_or_african_american', Float64), ('hispanic', Float64), ('native_hawaiian_or_pacific_islander', Float64), ('two_or_more_races', Float64), ('white', Float64)])
2025-03-05 01:52:36,740 - INFO - updated schema of 'EnrollmentByRacialEthnicGroup': Schema([('county_code', String), ('district_code', String), ('school_code', String), ('american_indian_or_alaska_native', Float64), ('asian', Float64), ('black_or_african_american', Float64), ('hispanic', Float64), ('native_hawaiian_or_pacific_islander', Float64), ('two_or_more_races', Float64), ('white', Float64)])
2025-03-05 01:52:36,740 - INFO - ------- extracting sheet 'EnrollmentByHomeLanguage' -------
2025-03-05 01:52:36,845 - INFO - current schema of 'EnrollmentByHomeLanguage': Schema([('county_code', String), ('district_code', String), ('school_code', String), ('home_language', String), ('pct_of_students', Float64)])
2025-03-05 01:52:36,845 - INFO - updated schema of 'EnrollmentByHomeLanguage': Schema([('county_code', String), ('district_code', String), ('school_code', String), ('home_language', String), ('pct_of_students', Float64)])
2025-03-05 01:52:36,845 - INFO - ------- joining the sheets -------
2025-03-05 01:52:36,846 - INFO - ------- extracting 2022-2023 academic year data -------
2025-03-05 01:52:36,846 - INFO - ------- extracting sheet 'Header and Contact' -------
2025-03-05 01:52:36,939 - INFO - current schema of 'Header and Contact': Schema([('county_code', String), ('district_code', String), ('school_code', String), ('county_name', String), ('district_name', String), ('school_name', String), ('address', String), ('city_state_zip', String)])
2025-03-05 01:52:36,939 - INFO - updated schema of 'Header and Contact': Schema([('county_code', String), ('district_code', String), ('school_code', String), ('county_name', String), ('district_name', String), ('school_name', String), ('address', String), ('city_state_zip', String)])
2025-03-05 01:52:36,939 - INFO - ------- extracting sheet 'EnrollmentTrendsbyGrade' -------
2025-03-05 01:52:37,031 - INFO - current schema of 'EnrollmentTrendsbyGrade': Schema([('county_code', String), ('district_code', String), ('school_code', String), ('grade06', Int64), ('grade07', Int64), ('grade08', Int64), ('grade09', Int64), ('grade10', Int64), ('grade11', Int64), ('grade12', Int64)])
2025-03-05 01:52:37,031 - INFO - updated schema of 'EnrollmentTrendsbyGrade': Schema([('county_code', String), ('district_code', String), ('school_code', String), ('grade06', Float64), ('grade07', Float64), ('grade08', Float64), ('grade09', Float64), ('grade10', Float64), ('grade11', Float64), ('grade12', Float64)])
2025-03-05 01:52:37,031 - INFO - ------- extracting sheet 'EnrollmentTrendsByStudentGroup' -------
2025-03-05 01:52:37,119 - INFO - current schema of 'EnrollmentTrendsByStudentGroup': Schema([('county_code', String), ('district_code', String), ('school_code', String), ('economically_disadvantaged', Float64), ('english_learners', Float64), ('female', String), ('homeless', Float64), ('male', String), ('migrant', Float64), ('military_connected', Float64), ('in_foster_care', Float64), ('with_disabilities', Float64)])
2025-03-05 01:52:37,119 - INFO - 'female' in 'EnrollmentTrendsByStudentGroup' is casted as a String; Performing the work around;
2025-03-05 01:52:37,119 - INFO - 'male' in 'EnrollmentTrendsByStudentGroup' is casted as a String; Performing the work around;
2025-03-05 01:52:37,119 - INFO - updated schema of 'EnrollmentTrendsByStudentGroup': Schema([('county_code', String), ('district_code', String), ('school_code', String), ('economically_disadvantaged', Float64), ('english_learners', Float64), ('female', Float64), ('homeless', Float64), ('male', Float64), ('migrant', Float64), ('military_connected', Float64), ('in_foster_care', Float64), ('with_disabilities', Float64)])
2025-03-05 01:52:37,119 - INFO - ------- extracting sheet 'EnrollmentByRacialEthnicGroup' -------
2025-03-05 01:52:37,199 - INFO - current schema of 'EnrollmentByRacialEthnicGroup': Schema([('county_code', String), ('district_code', String), ('school_code', String), ('american_indian_or_alaska_native', Float64), ('asian', Float64), ('black_or_african_american', Float64), ('hispanic', Float64), ('native_hawaiian_or_pacific_islander', Float64), ('two_or_more_races', Float64), ('white', Float64)])
2025-03-05 01:52:37,200 - INFO - updated schema of 'EnrollmentByRacialEthnicGroup': Schema([('county_code', String), ('district_code', String), ('school_code', String), ('american_indian_or_alaska_native', Float64), ('asian', Float64), ('black_or_african_american', Float64), ('hispanic', Float64), ('native_hawaiian_or_pacific_islander', Float64), ('two_or_more_races', Float64), ('white', Float64)])
2025-03-05 01:52:37,200 - INFO - ------- extracting sheet 'EnrollmentByHomeLanguage' -------
2025-03-05 01:52:37,307 - INFO - current schema of 'EnrollmentByHomeLanguage': Schema([('county_code', String), ('district_code', String), ('school_code', String), ('home_language', String), ('pct_of_students', Float64)])
2025-03-05 01:52:37,308 - INFO - updated schema of 'EnrollmentByHomeLanguage': Schema([('county_code', String), ('district_code', String), ('school_code', String), ('home_language', String), ('pct_of_students', Float64)])
2025-03-05 01:52:37,308 - INFO - ------- joining the sheets -------
2025-03-05 01:52:37,308 - INFO - ------- merging all academic years data -------
2025-03-05 01:52:37,309 - INFO - merged data schema: Schema([('county_name', String), ('district_name', String), ('school_name', String), ('address', String), ('city_state_zip', String), ('county_district_school_code', String), ('grade06', Float64), ('grade07', Float64), ('grade08', Float64), ('grade09', Float64), ('grade10', Float64), ('grade11', Float64), ('grade12', Float64), ('economically_disadvantaged', Float64), ('english_learners', Float64), ('female', Float64), ('homeless', Float64), ('male', Float64), ('migrant', Float64), ('military_connected', Float64), ('in_foster_care', Float64), ('with_disabilities', Float64), ('american_indian_or_alaska_native', Float64), ('asian', Float64), ('black_or_african_american', Float64), ('hispanic', Float64), ('native_hawaiian_or_pacific_islander', Float64), ('two_or_more_races', Float64), ('white', Float64), ('home_language', String), ('pct_of_students', Float64), ('academic_year', String)])
2025-03-05 01:52:37,310 - INFO - ------- exported merged data schema to '/Users/nebula/Documents/MS-DataScience/Spring-2025/MP(DS-700B)/NJ-HighSchool/nj_doe/merged_data_schema.json' -------
2025-03-05 01:52:37,369 - INFO - ------- all academic years data is exported to '/Users/nebula/Documents/MS-DataScience/Spring-2025/MP(DS-700B)/NJ-HighSchool/nj_doe/merged_data_export.csv' -------
2025-03-30 15:54:00,208 - INFO - ------- extracting 2018-2019 academic year data -------
2025-03-30 15:54:00,209 - INFO - ------- extracting sheet 'Header and Contact' -------
2025-03-30 15:54:01,351 - INFO - current schema of 'Header and Contact': Schema([('county_code', String), ('district_code', String), ('school_code', String), ('county_name', String), ('district_name', String), ('school_name', String), ('address', String), ('city_state_zip', String)])
2025-03-30 15:54:01,351 - INFO - updated schema of 'Header and Contact': Schema([('county_code', String), ('district_code', String), ('school_code', String), ('county_name', String), ('district_name', String), ('school_name', String), ('address', String), ('city_state_zip', String)])
2025-03-30 15:54:01,351 - INFO - ------- extracting sheet 'EnrollmentTrendsbyGrade' -------
2025-03-30 17:44:17,133 - ERROR - (pymysql.err.OperationalError) (1170, "BLOB/TEXT column 'academic_year' used in key specification without a key length")
[SQL: ALTER TABLE nj_doe ADD PRIMARY KEY (academic_year, county_district_school_code);]
(Background on this error at: https://sqlalche.me/e/20/e3q8)
2025-03-30 18:06:27,281 - INFO - ------- loaded '.env' variables -------
2025-03-30 18:06:27,633 - INFO - ------- writing data to MySQL database -------
2025-03-30 18:06:37,899 - INFO - 51141 inserted into nj_doe table
2025-03-30 18:08:03,381 - INFO - ------- loaded '.env' variables -------
2025-03-30 18:08:03,728 - INFO - ------- writing data to MySQL database -------
2025-03-30 18:08:12,554 - INFO - 51141 rows inserted into vg472.nj_doe table
