county_name,district_name,school_name,street_address,city,state,zipcode,zipcode_extn,county_district_school_code
Middlesex,Edison Township School District,Edison High School,50 BOULEVARD OF THE EAGLES,EDISON,NJ,08817,,23-1290-050
Burlington,Cinnaminson Township School District,Eleanor Rush Intermediate School,1200 WYNWOOD DRIVE,CINNAMINSON,NJ,08077,2404,05-0840-060
Bergen,South Hackensack School District,Memorial School,DYER AVENUE,SOUTH HACKENSACK,NJ,07606,1537,03-4870-050
Essex,Fairfield Public Schools School District,Stevenson,15 KNOLL ROAD,FAIRFIELD,NJ,07004,,13-1465-005
Hunterdon,North Hunterdon-Voorhees Regional High School District,North Hunterdon High School,1445 State Route 31,Annandale,NJ,08801,,19-3660-050
Middlesex,East Brunswick Township School District,Central Elementary School,371 CRANBURY ROAD,EAST BRUNSWICK,NJ,08816,,23-1170-070
Passaic,Bloomingdale School District,Martha B. Day Elementary School,225 RAFKIND ROAD,BLOOMINGDALE,NJ,07403,,31-0420-020
Ocean,Brick Township Public School District,Lanes Mill Elementary School,1891 LANES MILL RD,BRICK,NJ,08724,1445,29-0530-045
Burlington,Florence Township School District,Roebling Elementary School,1330 HORNBERGER AVE,ROEBLING,NJ,08554,,05-1520-070
Camden,Cherry Hill School District,Bret Harte Elementary School,1909 Queen Anne Dr.,CHERRY HILL,NJ,08003,2843,07-0800-068
Cumberland,Millville School District,Lakeside Middle School,2 N  SHARP ST,MILLVILLE,NJ,08332,,11-3230-077
Middlesex,East Brunswick Township School District,Memorial Elementary School,14 INNES ROAD,E BRUNSWICK,NJ,08816,,23-1170-120
Burlington,Mount Holly Township Public School District,Gertrude C. Folwell Elementary School,455 JACKSONVILLE RD,MOUNT HOLLY,NJ,08060,9622,05-3430-050
Monmouth,Middletown Township Public School District,Bayshore Middle School,834 LEONARDVILLE ROAD,LEONARDO,NJ,07737,1796,25-3160-055
Middlesex,Edison Township School District,Thomas Jefferson Middle School,450 DIVISION STREET,EDISON,NJ,08817,,23-1290-060
Essex,Newark Public School District,Branch Brook School,228 RIDGE ST,NEWARK,NJ,07104,1204,13-3570-270
Morris,Rockaway Borough School District,Lincoln Elementary School,37 KELLER AVENUE,ROCKAWAY,NJ,07866,3921,27-4480-060
Burlington,Evesham Township School District,Marlton Elementary,190 TOMLINSON MILL ROAD,MARLTON,NJ,08053,,05-1420-058
Monmouth,Union Beach Public School District,Memorial School,221 MORNINGSIDE AVENUE,UNION BEACH,NJ,07735,3098,25-5230-050
Atlantic,Galloway Township Public Schools,Arthur Rann Elementary School,515 S EIGHTH AVE,GALLOWAY,NJ,08205,,01-1690-015
Monmouth,Matawan-Aberdeen Regional School District,Cambridge Park Elementary School,One Crest Way,Aberdeen,NJ,07747,,25-3040-040
Morris,Dover Public School District,Dover Middle School,302 EAST MCFARLAN STREET,DOVER,NJ,07801,,27-1110-065
Cumberland,Bridgeton City School District,Bridgeton High School,111 N WEST AVENUE,BRIDGETON,NJ,08302,,11-0540-020
Middlesex,Middlesex County Vocational and Technical School District,Middlesex County Voc Academy Math Science &Engineering Technologies,100 TECHNOLOGY DRIVE,EDISON,NJ,08837,,23-3150-010
Union,Plainfield Public School District,Jefferson Elementary School,1700 W. FRONT ST,PLAINFIELD,NJ,07063,,39-4160-150
Hunterdon,Clinton Township School District,Clinton Township Middle School,34 GRAYROCK ROAD,CLINTON,NJ,08809,,19-0920-050
Monmouth,Manalapan-Englishtown Regional Schools School District,Clark Mills School,34 GORDONS CORNER ROAD,MANALAPAN,NJ,07726,3798,25-2920-050
Bergen,Tenafly Public School District,J Spencer Smith School,101 DOWNEY DRIVE,TENAFLY,NJ,07670,,03-5160-070
Middlesex,Metuchen Public School District,Mildred B. Moss Elementary School,16 SIMPSON PLACE,METUCHEN,NJ,08840,,23-3120-090
Passaic,Wayne Township Public School District,Pines Lake Elementary School,511 PINES LAKE DRIVE,WAYNE,NJ,07470,,31-5570-120
Essex,Newark Public School District,Lincoln,87 RICHELIEU TER,NEWARK,NJ,07106,2419,13-3570-490
Hudson,Bayonne School District,Bayonne Alternative High School,669 Avenue A,Bayonne,NJ,07002,,17-0220-010
Mercer,Hamilton Township Public School District,Kisthardt Elementary School,215 HARCOURT DRIVE,HAMILTON,NJ,08610,4213,21-1950-150
Ocean,Brick Township Public School District,Brick Township High School,346 CHAMBERS BRIDGE RD,BRICK TOWN,NJ,08723,2804,29-0530-020
Essex,East Orange School District,J. Garfield Jackson Sr. Academy,106 PROSPECT STREET,EAST ORANGE,NJ,07017,2203,13-1210-170
Bergen,Waldwick School District,Crescent Elementary School,165 CRESCENT AVENUE,WALDWICK,NJ,07463,,03-5410-040
Bergen,Garfield Public School District,Garfield High School,500 PALISADE AVE,GARFIELD,NJ,07026,2637,03-1700-050
Monmouth,Red Bank Borough Public School District,Red Bank Primary School,222 RIVER STREET,RED  BANK,NJ,07701,1397,25-4360-075
Passaic,Pompton Lakes School District,Lakeside School,316 LAKESIDE AVENUE,POMPTON LAKES,NJ,07442,1299,31-4230-055
Salem,Pittsgrove Township School District,Elmer Elementary School,207 Front Street,Elmer,NJ,08318,,33-4150-080
Camden,Voorhees Township School District,Voorhees Middle School,1000 HOLLY OAK DR,VOORHEES,NJ,08043,,07-5400-100
Hunterdon,South Hunterdon Regional School District,South Hunterdon Regional High School,301 Mt Airy Harbourton Rd,Lambertville,NJ,08530,,19-1376-050
Essex,Belleville Public School District,Sandy Lane Nursery School,-,- - -,NJ,,,13-0250-301
Burlington,Shamong Township School District,Indian Mills Elementary School,112 INDIAN MILLS ROAD,SHAMONG,NJ,08088,9512,05-4740-050
Gloucester,Mantua Township School District,Sewell Elementary School,40 MCANALLY DR,SEWELL,NJ,08080,,15-2990-050
Essex,East Orange School District,Cicely L. Tyson Community Elementary School,45 North Arlington Street,EAST ORANGE,NJ,07017,,13-1210-140
Bergen,Closter Public School District,Tenakill Middle School,275 High Street,CLOSTER,NJ,07624,1809,03-0930-060
Charters,College Achieve Paterson Charter School,College Achieve Paterson Charter School,21 Market Street,Paterson,NJ,07501,,80-7892-909
Hudson,Jersey City Public Schools,Dr. Charles P. DeFuccio School,214 PLAINFIELD AVE,JERSEY CITY,NJ,07306,7006,17-2390-330
Ocean,Toms River Regional School District,Toms River High School North,1245 OLD FREEHOLD ROAD,TOMS RIVER,NJ,08753,1304,29-5190-040
Morris,Jefferson Township Public School District,Jefferson Township High School,1010 WELDON RD   RD2,OAK RIDGE,NJ,07438,9511,27-2380-020
Burlington,Delanco Township School District,M. Joan Pearson Elementary School,1301 BURLINGTON AVE,DELANCO,NJ,08075,,05-1030-030
Hudson,Weehawken Public School District,Weehawken High School,53 LIBERTY PLACE,WEEHAWKEN,NJ,07086,,17-5580-050
Mercer,West Windsor-Plainsboro Regional School District,Village Elementary School,601 NEW VILLAGE ROAD,West Windsor,NJ,08550,,21-5715-160
Monmouth,Middletown Township Public School District,Ocean Avenue Elementary School,235 OCEAN AVENUE,NORTH MIDDLETOWN,NJ,07748,2798,25-3160-080
Passaic,Passaic City School District,Theodore Roosevelt School No. 10,151 Harrison St.,Passaic,NJ,07055,,31-3970-130
Gloucester,Woodbury City Public School District,West End Memorial Elementary School,215 Queen Street,Woodbury,NJ,08096,,15-5860-110
Union,Elizabeth Public Schools,George Washington Academy School No. 1,250 BROADWAY,ELIZABETH,NJ,07206,1857,39-1320-090
Camden,Gloucester City Public School District,Cold Springs School,1194 MARKET STREET,GLOUCESTER CITY,NJ,08030,,07-1770-160
Morris,Denville Township K-8 School District,Lakeview Elementary School,44 COOPER ROAD,DENVILLE,NJ,07834,,27-1090-050
Camden,Collingswood Public School District,Mark Newbie Elementary School,2 EAST BROWNING RD,COLLINGSWOOD,NJ,08108,,07-0940-060
Essex,Newark Public School District,Technology High School,223 BROADWAY,NEWARK,NJ,07102,,13-3570-056
Hudson,Bayonne School District,Nicholas Oresko Community School,33 East 24th Street,BAYONNE,NJ,07002,,17-0220-140
Essex,South Orange-Maplewood School District,Columbia High School,17 PARKER AVE,MAPLEWOOD,NJ,07040,1327,13-4900-030
Bergen,Garfield Public School District,Washington Irving School #4,12 MADONNA PLACE,GARFIELD,NJ,07026,,03-1700-120
Essex,Newark Public School District,Mt Vernon Place School,142 MOUNT VERNON PL,NEWARK,NJ,07106,3303,13-3570-570
Mercer,West Windsor-Plainsboro Regional School District,J.V.B. Wicoff Elementary School,510 PLAINSBORO ROAD,PLAINSBORO,NJ,08536,,21-5715-050
Somerset,Bridgewater-Raritan Regional School District,Adamsville Primary School,400 Union Avenue,Bridgewater,NJ,08807,,35-0555-030
Charters,Unity Charter School,Unity Charter School,1 Evergreen Place,MORRISTOWN,NJ,07960,,80-8050-990
Union,Cranford Public School District,Bloomingdale Avenue School,200 BLOOMINGDALE AVENUE,CRANFORD,NJ,07016,,39-0980-040
Monmouth,Wall Township Public School District,Old Mill Elementary School,2119 OLD MILL ROAD,SEA GIRT,NJ,08750,1199,25-5420-077
Bergen,Lodi School District,Columbus School,370 WESTERVELT PLACE,LODI,NJ,07644,,03-2740-060
Monmouth,Middletown Township Public School District,Harmony Elementary School,100 Murphy Road,NEW MONMOUTH,NJ,07748,1699,25-3160-095
Cumberland,Vineland Public School District,Thomas W. Wallace Jr. Middle School,688 NORTH MILL ROAD,VINELAND,NJ,08360,2635,11-5390-280
Burlington,Maple Shade School District,Howard R. Yocum Elementary School,748 NORTH FORKLANDING ROAD,MAPLE SHADE,NJ,08052,,05-3010-090
Union,Elizabeth Public Schools,Frances C. Smith Early Childhood Center No 50,1000 SOUTH ELMORA AVE,ELIZABETH,NJ,07202,,39-1320-350
Burlington,Pemberton Township School District,Fort Dix Elementary School,1199 FORT DIX  JULIUSTOWN ROAD,FORT DIX,NJ,08640,5780,05-4050-110
Union,Township of Union School District,Hannah Caldwell Elementary,1120 COMMERCE AVENUE,UNION,NJ,07083,,39-5290-083
Union,Elizabeth Public Schools,Ronald Reagan Academy School No. 30,730 PENNSYLVANIA AVE,ELIZABETH,NJ,07208,,39-1320-305
Monmouth,Freehold Township School District,Early Childhood Learning Center,610 STILLWELLS CORNER ROAD,FREEHOLD,NJ,07728,,25-1660-070
Camden,Pennsauken Township Board of Education School District,Baldwin Elementary School,41ST & SHARON TERRACE,PENNSAUKEN,NJ,08110,,07-4060-090
Middlesex,Woodbridge Township School District,Iselin Middle School,900 WOODRUFF STREET,ISELIN,NJ,08830,,23-5850-080
Gloucester,Mantua Township School District,J. Mason Tomlin Elementary School,393 MAIN ST,MANTUA,NJ,08051,,15-2990-040
Hudson,Jersey City Public Schools,Gladys Nunery School,123 CLAREMONT AVE,JERSEY CITY,NJ,07305,3603,17-2390-260
Middlesex,North Brunswick Township School District,North Brunswick Twp. Middle School,100 Renaissance Blvd,North Brunswick,NJ,08902,,23-3620-300
Essex,Newark Public School District,Hawkins Street School,8 HAWKINS ST,NEWARK,NJ,07105,3918,13-3570-460
Essex,West Orange Public Schools,Mount Pleasant Elementary School,9 MANGER ROAD,WEST ORANGE,NJ,07052,,13-5680-140
Middlesex,Edison Township School District,James Madison Primary School,840 NEW DOVER ROAD,EDISON,NJ,08820,,23-1290-092
Union,Township of Union School District,Connecticut Farms Elementary,875 STUYVESANT AVENUE,UNION,NJ,07083,,39-5290-090
Charters,Marion P. Thomas Charter School,Marion P. Thomas Charter School,88-108 Shipman Street,NEWARK,NJ,07102,,80-7210-940
Union,Roselle Public Schools,Kindergarten Success Academy,150 EAST 3RD AVENUE,ROSELLE,NJ,07203,,39-4540-300
Morris,Randolph Township School District,Shongum School,9 ARROW PLACE,RANDOLPH,NJ,07869,,27-4330-080
Morris,Parsippany-Troy Hills Township School District,Parsippany High School,309 Baldwin Rd,Parsippany,NJ,07054,,27-3950-050
Bergen,Bergen County Vocational Technical School District,Bergen County Academies,200 Hackensack Avenue,Hackensack,NJ,07601,6110,03-0290-020
Bergen,Hasbrouck Heights School District,Hasbrouck Heights High School,365 BOULEVARD,HASBROUCK HEIGHTS,NJ,07604,1402,03-2080-050
Union,Summit Public School District,Washington Elementary School,507 MORRIS AVE,SUMMIT,NJ,07901,1544,39-5090-120
Essex,Newark Public School District,Barringer High School,90 PARKER ST,NEWARK,NJ,07104,1028,13-3570-020
Burlington,Willingboro Public School District,Levitt Intermediate School,"80 Martin Luther King, Jr. Pkwy",Willingboro,NJ,08046,,05-5805-301
Middlesex,Jamesburg Public School District,John F. Kennedy Elementary School,28 FRONT STREET,JAMESBURG,NJ,08831,,23-2370-080
Monmouth,Middletown Township Public School District,Port Monmouth Elementary School,202 MAIN STREET,PORT MONMOUTH,NJ,07758,1299,25-3160-150
Passaic,Clifton Public School District,Clifton Early Learner Academies,290 Brighton Road,Clifton,NJ,07012,,31-0900-301
Middlesex,Monroe Township School District,Brookside Elementary School,370 BUCKELEW AVENUE,MONROE TOWNSHIP,NJ,08831,,23-3290-050
Essex,Newark Public School District,Malcolm X Shabazz High School,80 JOHNSON AVE,NEWARK,NJ,07108,,13-3570-050
Essex,Essex Fells School District,Essex Fells Elementary School,102 HAWTHORNE RD,ESSEX FELLS,NJ,07021,1120,13-1400-050
Gloucester,Washington Township School District,Grenloch Terrace Early Childhood Center,251 WOODBURY  TURNERSVILLE RD,SEWELL,NJ,08080,,15-5500-030
Gloucester,Delsea Regional High School District,Delsea Regional Middle School,FRIES MILL RD,FRANKLINVILLE,NJ,08322,,15-4940-060
Gloucester,National Park Boro School District,National Park School,516 LAKEHURST AVE,NATIONAL PARK,NJ,08063,1534,15-3490-050
Camden,Gloucester Township Public Schools,Glendora Elementary School,201 STATION AVE,GLENDORA,NJ,08029,,07-1780-060
Somerset,North Plainfield School District,Stony Brook School,269 Grove Street,North Plainfield,NJ,07060,4005,35-3670-090
Union,Cranford Public School District,Livingston Avenue School,75 LIVINGSTON AVENUE,CRANFORD,NJ,07016,,39-0980-080
Monmouth,Middletown Township Public School District,Leonardo Elementary School,14 HOSFORD AVENUE,LEONARDO,NJ,07737,1797,25-3160-110
Camden,Camden City School District,Harry C. Sharp Elementary School,928 North 32nd Street,CAMDEN,NJ,08105,,07-0680-300
Monmouth,Oceanport School District,Wolf Hill School,29 WOLF HILL AVENUE,OCEANPORT,NJ,07757,1000,25-3830-050
Passaic,Passaic City School District,Mahatma Gandhi School Number 25,64 Parker Ave,Passaic,NJ,07055,,31-3970-307
Essex,East Orange School District,East Orange STEM Academy High School,129 RENSHAW AVENUE,EAST ORANGE,NJ,07017,3308,13-1210-030
Hudson,Bayonne School District,Washington Community School #9,191 AVENUE B,BAYONNE,NJ,07002,,17-0220-120
Union,Plainfield Public School District,Evergreen Elementary School,1033 EVERGREEN AVE,PLAINFIELD,NJ,07060,2613,39-4160-140
Essex,Belleville Public School District,Hornblower Early Education Elementary School,229 Main Street,Belleville,NJ,07109,,13-0250-300
Middlesex,Perth Amboy Public School District,Edward J. Patten Elementary School,500 CHARLES STREET,PERTH AMBOY,NJ,08861,,23-4090-065
Warren,Hackettstown Public School District,Hackettstown Middle School,500 WASHINGTON STREET,HACKETTSTOWN,NJ,07840,2230,41-1870-060
Charters,Robert Treat Academy Charter School,Robert Treat Academy Charter School,443 CLIFTON AVENUE,NEWARK,NJ,07104,1339,80-7730-970
Essex,Belleville Public School District,Belleville PS7,20 PASSAIC AVE,BELLEVILLE,NJ,07109,1864,13-0250-070
Bergen,Lyndhurst School District,Columbus School,640 LAKE AVE,LYNDHURST,NJ,07071,1207,03-2860-060
Essex,Glen Ridge Public School District,Ridgewood Avenue School,235 RIDGEWOOD AVE,GLEN RIDGE,NJ,07028,1019,13-1750-075
Passaic,Clifton Public School District,School #17,361 LEXINGTON AVENUE,CLIFTON,NJ,07011,,31-0900-230
Atlantic,Galloway Township Public Schools,Galloway Township Middle School,100 S  REEDS ROAD,GALLOWAY,NJ,08205,,01-1690-016
Bergen,Montvale Board of Education School District,Memorial Elementary School,53 Grand Avenue West,Montvale,NJ,07645,,03-3330-030
Essex,Newark Public School District,Newark innovation Academy,190 MUHAMMAD ALI AVENUE,NEWARK,NJ,07108,,13-3570-003
Hunterdon,Kingwood Township School District,Kingwood Township School,880 COUNTY ROAD 519,FRENCHTOWN,NJ,08825,9731,19-2450-050
Morris,Jefferson Township Public School District,White Rock Elementary School,2 FRANCINE PLACE,OAK RIDGE,NJ,07438,9515,27-2380-070
Morris,Mendham Township School District,Mendham Township Middle School,16 WASHINGTON VALLEY ROAD,BROOKSIDE,NJ,07926,,27-3100-060
Bergen,Demarest School District,Luther Lee Emerson School,15 COLUMBUS ROAD,DEMAREST,NJ,07627,,03-1070-050
Ocean,Toms River Regional School District,Toms River Intermediate School South,1675 PINEWALD ROAD,BEACHWOOD,NJ,08722,,29-5190-061
Mercer,Trenton Public School District,Dr. Martin Luther King Middle School,401-411 Brunswick Ave,Trenton,NJ,08638,,21-5210-305
Burlington,Lumberton Township Board of Education,Florence L. Walther School,56 CHESTNUT STREET,LUMBERTON,NJ,08048,0008,05-2850-050
Middlesex,Sayreville School District,Cheesequake School,111 Highway 34,Matawan,NJ,07747,,23-4660-301
Bergen,Ridgefield Park Public School District,Roosevelt  Elementary School,508 TEANECK ROAD,RIDGEFIELD PARK,NJ,07660,,03-4380-080
Hunterdon,Hunterdon County Vocational School District,Hunterdon County Academies,1445 State Route 31,Annandale,NJ,08801,,19-2308-300
Ocean,Berkeley Township School District,Berkeley Township Elementary School,10 EMORY AVENUE,BAYVILLE,NJ,08721,,29-0320-025
Burlington,Bordentown Regional School District,Clara Barton Elementary,100 CROSSWICKS ST,BORDENTOWN,NJ,08505,1739,05-0475-060
Union,Township of Union School District,Jefferson Elementary,155 HILTON AVENUE,UNION,NJ,07083,,39-5290-085
Morris,Parsippany-Troy Hills Township School District,Knollwood Elementary School,445 Knoll Road,Lake Hiawatha,NJ,07034,,27-3950-065
Essex,Belleville Public School District,Belleville PS9,301 RALPH ST,BELLEVILLE,NJ,07109,3309,13-0250-090
Essex,Newark Public School District,Arts High School,550 M  L  KING BLVD,NEWARK,NJ,07102,1214,13-3570-010
Somerset,North Plainfield School District,North Plainfield High School,34 Wilson Avenue,North Plainfield,NJ,07060,4075,35-3670-050
Camden,Gloucester Township Public Schools,Charles W. Lewis Middle School,875 ERIAL ROAD,BLACKWOOD,NJ,08012,,07-1780-035
Cape May,Upper Township School District,Upper Township Middle School,525 PERRY RD,PETERSBURG,NJ,08270,,09-5340-030
Charters,Riverbank Charter School of Excellence,Riverbank Charter School of Excellence,1300 Hornberger Ave,Roebling,NJ,08554,,80-6026-908
Bergen,Palisades Park School District,Palisades Park Jr-Sr High School,VETERANS PLAZA,PALISADES PARK,NJ,07650,,03-3910-050
Passaic,Paterson Public School District,School 10,48 MERCER STREET,PATERSON,NJ,07524,2429,31-4010-140
Union,Union County Educational Services Commission,Crossroads School,45 CARDINAL DRIVE,WESTFIELD,NJ,07090,,39-5245-050
Bergen,Glen Rock Public School District,Clara E Coleman School,100 PINELYNN RD,GLEN ROCK,NJ,07452,3025,03-1760-090
Morris,Rockaway Township School District,Copeland Middle School,100 LAKE SHORE DRIVE,ROCKAWAY,NJ,07866,,27-4490-015
Gloucester,Deptford Township Public School District,Pine Acres Early Childhood Center,720 PURDUE AVE,WENONAH,NJ,08090,,15-1100-130
Bergen,Lyndhurst School District,Lincoln School,281 RIDGE RD,LYNDHURST,NJ,07071,1928,03-2860-090
Bergen,Fair Lawn Public School District,Lyncrest Elementary School,9-04 MORLOT AVE,FAIR LAWN,NJ,07410,,03-1450-100
Charters,Creativity CoLaboratory Charter School,Creativity CoLaboratory Charter School,457 Shirley Road,Elmer,NJ,08318,,80-7897-923
Camden,Winslow Township School District,Winslow Township Middle School,30 COOPER FOLLY ROAD,ATCO,NJ,08004,,07-5820-020
Passaic,Clifton Public School District,School #2,1270 VAN HOUTEN AVENUE,CLIFTON,NJ,07013,,31-0900-090
Union,Hillside Public School District,George Washington School,1530 LESLIE ST,HILLSIDE,NJ,07205,1206,39-2190-110
Middlesex,Highland Park Boro School District,Irving Primary School,121 SOUTH ELEVENTH AVENUE,HIGHLAND PARK,NJ,08904,,23-2150-070
Bergen,East Rutherford School District,McKenzie School,125 CARLTON AVENUE,EAST RUTHERFORD,NJ,07073,,03-1230-080
Monmouth,Marlboro Township School District,Frank Defino Central Elementary School,175 Route 79 North,MARLBORO,NJ,07746,1056,25-3030-030
Somerset,Bernards Township School District,Liberty Corner School,61 Church Street,Liberty Corner,NJ,07938,,35-0350-080
Hudson,West New York Board of Education,Albio Sires Elementary School,6300 PALISADE AVE,WEST NEW YORK,NJ,07093,2318,17-5670-080
Morris,Morris School District,Thomas Jefferson School,JAMES STREET & OGDEN PLACE,MORRISTOWN,NJ,07960,,27-3385-110
Charters,Elysian Charter School,Elysian Charter School of Hoboken,1460 GARDEN STREET,HOBOKEN,NJ,07030,,80-6420-925
Morris,Boonton Town School District,Boonton High School,306 LATHROP AVENUE,BOONTON,NJ,07005,2220,27-0450-020
Charters,Soaraing Heights Charter School,Soaring Heights Charter School,1 ROMAR AVENUE,JERSEY CITY,NJ,07305,,80-7830-980
Bergen,Ramsey School District,Ramsey High School,256 E  MAIN STREET,RAMSEY,NJ,07446,1927,03-4310-050
Salem,Pennsville Public School District,Central Park Elementary School,43 OLIVER AVE,PENNSVILLE,NJ,08070,1531,33-4075-060
Essex,Belleville Public School District,Belleville High School,100 PASSAIC AVE,BELLEVILLE,NJ,07109,1807,13-0250-020
Camden,Camden City School District,Henry B. Wilson Family School,2250 South 8th Street,CAMDEN,NJ,08104,,07-0680-350
Union,Berkeley Heights School District,William Woodruff School,BRIARWOOD DR WEST,BERKELEY HTS,NJ,07922,,39-0310-050
Morris,Pequannock Township School District,Hillview School,206 Boulevard,Pompton Plains,NJ,07444,1903,27-4080-055
Passaic,Paterson Public School District,International High School,200 Grand Street,PATERSON,NJ,07501,,31-4010-035
Burlington,Rancocas Valley Regional High School District,Rancocas Valley Regional High School,520 JACKSONVILLE ROAD,MOUNT HOLLY,NJ,08060,9622,05-4320-050
Atlantic,Greater Egg Harbor Regional High School District,Absegami High School,201 S  WRANGLEBORO ROAD,GALLOWAY,NJ,08205,9554,01-1790-040
Morris,Long Hill Township School District,Millington Elementary School,91 Northfield Road,Millington,NJ,07946,1352,27-4000-060
Essex,ORANGE BOARD OF EDUCATION School District,Orange Early Childhood Center,397 Park Avenue,Orange,NJ,07050,,13-3880-300
Monmouth,Holmdel Township School District,Holmdel High School,36 CRAWFORDS CORNER ROAD,HOLMDEL,NJ,07733,1999,25-2230-020
Passaic,Ringwood School District,Robert Erskine School,88 ERSKINE ROAD,RINGWOOD,NJ,07456,2150,31-4400-060
Sussex,Hopatcong Borough School District,Durban Avenue Elementary School,616 Durban Avenue,Hopatcong,NJ,07843,,37-2240-035
Burlington,Medford Township School District,Milton H. Allen Elementary School,24 ALLEN AVENUE,MEDFORD,NJ,08055,2402,05-3080-060
Sussex,Newton Public School District,Newton High School,44 RYERSON AVENUE,NEWTON,NJ,07860,,37-3590-050
Essex,Bloomfield Township School District,Bloomfield Middle School,60 Huck Road,Bloomfield,NJ,07003,4144,13-0410-030
Sussex,Vernon Township School District,Cedar Mountain Primary School,17 SAMMIS ROAD,VERNON,NJ,07462,0420,37-5360-023
Middlesex,New Brunswick School District,Lincoln Annex School,165 Somerset St,New Brunswick,NJ,08901,,23-3530-300
Passaic,Clifton Public School District,Christopher Columbus Middle School,350 PIAGET AVENUE,CLIFTON,NJ,07011,,31-0900-035
Mercer,Area Vocational Technical Schools of Mercer County,MCVS Arthur R. Sypek Center,129 BULL RUN ROAD,PENNINGTON,NJ,08534,1303,21-3105-040
Monmouth,Bayshore Jointure Commission School District,Developmental Learning Center,100 Tornillo Way,Tinton Falls,NJ,07712,,25-0225-030
Bergen,Westwood Regional School District,Westwood Junior/Senior High School,701 RIDGEWOOD ROAD,TOWNSHIP OF WASHINGTON,NJ,07676,,03-5755-050
Monmouth,Keansburg School District,Port Monmouth Road School,142 PORT MONMOUTH ROAD,KEANSBURG,NJ,07734,1998,25-2400-040
Monmouth,Rumson-Fair Haven Regional High School District,Rumson-Fair Haven Regional High School,74 RIDGE ROAD,RUMSON,NJ,07760,1896,25-4580-050
Essex,Millburn Township School District,South Mountain School,2 SOUTHERN SLOPE DRIVE,MILLBURN,NJ,07041,,13-3190-100
Morris,Riverdale School District,Riverdale School,52 NEWARK POMPTON TURNPIKE,RIVERDALE,NJ,07457,,27-4440-050
Hudson,Union City School District,Colin Powell Elementary School,1500 New York Avenue,Union City,NJ,07087,,17-5240-300
Salem,Salem City School District,Salem Middle School,51 NEW MARKET STREET,SALEM,NJ,08079,9048,33-4630-090
Somerset,Bound Brook School District,Bound Brook High School,111 West Union Avenue,Bound Brook,NJ,08805,,35-0490-020
Monmouth,Eatontown Public School District,Memorial Middle School,7 GRANT AVENUE,EATONTOWN,NJ,07724,1398,25-1260-070
Mercer,Trenton Public School District,Luis Munoz-Rivera MS,400 N  Montgomery Street,Trenton,NJ,08618,,21-5210-240
Morris,Boonton Township School District,Rockaway Valley School,11 VALLEY ROAD,BOONTON TOWNSHIP,NJ,07005,,27-0460-060
Monmouth,Henry Hudson Regional School District,Henry Hudson Regional School,1 GRAND TOUR,HIGHLANDS,NJ,07732,2001,25-2120-050
Essex,Livingston Board of Education School District,Collins Elementary School,67 MARTIN RD,LIVINGSTON,NJ,07039,4631,13-2730-080
Hudson,Kearny,Lincoln Middle School,121 BEECH ST,KEARNY,NJ,07032,2707,17-2410-090
Burlington,Bass River Township Board of Education,Bass River Township Elementary School,11 NORTH MAPLE AVENUE,NEW GRETNA,NJ,08224,0304,05-0200-050
Burlington,Mansfield Township School District,John Hydock Elementary School,19 LOCUST AVE,COLUMBUS,NJ,08022,9504,05-2960-030
Monmouth,Upper Freehold Regional School District,Stonebridge Middle School,1252 Yardville-Allentown Road,Allentown,NJ,08501,,25-5310-070
Passaic,Wayne Township Public School District,Packanack Elementary School,190 OAKWOOD DRIVE,WAYNE,NJ,07470,5652,31-5570-110
Warren,Phillipsburg School District,Phillipsburg Elementary School,525 Warren Street,PHILLIPSBURG,NJ,08865,3419,41-4100-105
Atlantic,Buena Regional School District,John C. Milanesi Elementary School,880 HARDING HIGHWAY,BUENA,NJ,08310,9701,01-0590-055
Passaic,Paterson Public School District,Newcomers,482-506 MARKET STREET,PATERSON,NJ,07501,,31-4010-150
Charters,Community Charter School of Paterson,Community Charter School of Paterson,75 SPRUCE ST,PATERSON,NJ,07501,1720,80-6021-905
Mercer,Hamilton Township Public School District,Alexander Elementary School,20 ROBERT FROST DRIVE,HAMILTON,NJ,08690,2331,21-1950-085
Union,Scotch Plains-Fanwood School District,Evergreen Elementary School,2280 EVERGREEN AVENUE,SCOTCH PLAINS,NJ,07076,,39-4670-090
Bergen,Carlstadt PublicSchool District,Carlstadt Public School,550 WASHINGTON STREET,CARLSTADT,NJ,07072,,03-0740-050
Monmouth,Matawan-Aberdeen Regional School District,Cliffwood Elementary School,422 CLIFFWOOD AVENUE,CLIFFWOOD,NJ,07721,1195,25-3040-060
Essex,Newark Public School District,Hawthorne Avenue School,428 HAWTHORNE AVE,NEWARK,NJ,07112,,13-3570-470
Essex,South Orange-Maplewood School District,Montrose Early Childhood Center,358 Clark Street,South Orange,NJ,07079,,13-4900-300
Hudson,Jersey City Public Schools,James F. Murray School,339 STEGMAN PARKWAY,JERSEY CITY,NJ,07305,1408,17-2390-350
Gloucester,Pitman Boro School District,Pitman Middle School,138 East Holly Avenue,Pitman,NJ,08071,1014,15-4140-075
Middlesex,Sayreville School District,Harry S. Truman Elementary School,ONE TAFT PLACE,PARLIN,NJ,08859,1672,23-4660-075
Monmouth,Manalapan-Englishtown Regional Schools School District,Manalapan-Englishtown Middle School,155 MILLHURST ROAD,Manalapan,NJ,07726,4006,25-2920-060
Morris,Morris County Vocational School District,Academy for Environmental Science,1010 Weldon Road,Oak Ridge,NJ,07438,,27-3365-300
Essex,Essex Regional Educational Services Commission,Essex Junior Academy,520 Pompton Avenue,Cedar Grove,NJ,07009,,13-1387-040
Gloucester,Logan Township School District,Center Square School,100 Peachwood Drive,Logan Township,NJ,08085,,15-2750-025
Morris,Parsippany-Troy Hills Township School District,Lake Hiawatha Elementary School,1 Lincoln Avenue,Lake Hiawatha,NJ,07034,,27-3950-070
Atlantic,Atlantic City School District,Chelsea Heights School,4101  Filbert Avenue,Atlantic City,NJ,08401,1023,01-0110-050
Gloucester,Greenwich Township School District,Nehaunsey Middle School,415 SWEDESBORO ROAD,GIBBSTOWN,NJ,08027,,15-1830-060
Ocean,Lakewood Township School District,Piner Elementary School,1141 E County Line Road,Lakewood,NJ,08701,,29-2520-301
Essex,Belleville Public School District,Belleville PS8,183 UNION AVE,BELLEVILLE,NJ,07109,1628,13-0250-080
Essex,Newark Public School District,NJ Regional Day School  - Newark,334 LYONS AVE,NEWARK,NJ,07112,1441,13-3570-004
Essex,West Orange Public Schools,St. Cloud Elementary School,71 SHERIDAN AVE,W ORANGE,NJ,07052,2635,13-5680-170
Salem,Pittsgrove Township School District,Olivet Elementary School,235 SHEEP PEN ROAD,PITTSGROVE,NJ,08318,8901,33-4150-060
Camden,Waterford Township School District,Atco Elementary School,2162 Cooper Road,Atco,NJ,08004,1033,07-5560-040
Mercer,Lawrence Township Public School District,Lawrence Middle School,2455 PRINCETON PIKE,LAWRENCEVILLE,NJ,08648,3938,21-2580-050
Morris,Mount Olive Township School District,Mountain View Elementary School,118 CLOVER HILL DRIVE,FLANDERS,NJ,07836,,27-3450-060
Somerset,Hillsborough Township Public School District,Hillsborough High School,466 Raider Boulevard,Hillsborough,NJ,08844,,35-2170-030
Camden,Camden City School District,Forest Hill School,1625 Wildwood Avenue,CAMDEN,NJ,08103,,07-0680-205
Passaic,Passaic City School District,Passaic High School No. 12,170 Paulison Ave.,Passaic,NJ,07055,,31-3970-050
Monmouth,Marlboro Township School District,Asher Holmes Elementary School,48 MENZEL LANE,MORGANVILLE,NJ,07751,1298,25-3030-070
Hudson,Jersey City Public Schools,Alfred Zampella School,201 NORTH ST,JERSEY CITY,NJ,07307,3336,17-2390-240
Hudson,Jersey City Public Schools,Ezra L. Nolan School,88 GATES AVE,JERSEY CITY,NJ,07305,2448,17-2390-345
Salem,Elsinboro Township School District,Elsinboro Township School,631 SALEM  FORT ELFSBORG ROAD,SALEM,NJ,08079,,33-1350-050
Hudson,Jersey City Public Schools,Dr Ronald McNair High School,123 COLES  STREET,JERSEY CITY,NJ,07302,,17-2390-075
Gloucester,Deptford Township Public School District,Deptford Township High School,575 S FOX RUN RD,DEPTFORD,NJ,08096,4203,15-1100-040
Essex,Cedar Grove Township School District,Cedar Grove High School,90 Rugby Road,Cedar Grove,NJ,07009,,13-0760-050
Bergen,Woodcliff Lake School District,Woodcliff Middle School,134 WOODCLIFF AVE,WOODCLIFF LAKE,NJ,07677,8245,03-5880-050
Monmouth,Marlboro Township School District,David C Abbott Early Learning Center,171 TENNENT ROAD,MORGANVILLE,NJ,07751,,25-3030-043
Salem,Salem County Special Services School District,Cumberland Campus,13 Ramah Road,Bridgeton,NJ,08302,,33-4635-300
Bergen,Bergen County Special Services School District,N. A. Bleshman Regional Day School,333 EAST RIDGEWOOD AVENUE,PARAMUS,NJ,07652,,03-0285-002
Cape May,Avalon School District,Avalon Elementary School,235 32ND STREET,AVALON,NJ,08202,1776,09-0170-010
Essex,Newark Public School District,Weequahic High School,279 CHANCELLOR AVE,NEWARK,NJ,07112,1201,13-3570-070
Somerset,Montgomery Township School District,Village Elementary School,100 Main Boulevard,Skillman,NJ,08558,,35-3320-105
Atlantic,Atlantic City School District,Brighton Avenue School,30 N. Brighton Avenue,Atlantic City,NJ,08401,,01-0110-300
Burlington,Mount Laurel Township School District,Larchmont Elementary School,301 LARCHMONT BLVD,MOUNT LAUREL,NJ,08054,,05-3440-055
Cape May,Middle Township Public School District,Middle Township Elementary #4,300 E PACIFIC AVE,CAPE MAY COURT HOUSE,NJ,08210,,09-3130-091
Hudson,Jersey City Public Schools,Infinity Institute,193 Old Bergen Road,Jersey City,NJ,07305,,17-2390-002
Camden,Gloucester City Public School District,Gloucester City Middle School,1300 Market Street,Gloucester City,NJ,08030,,07-1770-300
Warren,Belvidere School District,Belvidere High School,809 OXFORD STREET,BELVIDERE,NJ,07823,,41-0280-020
Gloucester,Paulsboro School District,Billingsport Elementary School,441 NASSAU AVE,PAULSBORO,NJ,08066,,15-4020-060
Burlington,Beverly City School,Beverly City School District,601 BENTLEY AVE,BEVERLY,NJ,08010,,05-0380-025
Essex,Glen Ridge Public School District,Central School,180 Hillside Ave,Glen Ridge,NJ,07028,,13-1750-300
Burlington,Burlington County Special Services School District,Burlington County Alternative High School,1020 Briggs Road,Mt. Laurel,NJ,08054,,05-0605-011
Bergen,Lodi School District,Washington School,310 N  MAIN STREET,LODI,NJ,07644,,03-2740-090
Mercer,Trenton Public Schools,Monument Elementary School,145 Pennington Avenue,Trenton,NJ,08618,,21-5210-250
Charters,Ridge and Valley Charter School,Ridge and Valley Charter School,1234 STATE ROUTE 94,Frelinghuysen,NJ,07825,,80-7727-900
Camden,Gloucester Township Public Schools,"James W. Lilley, Jr. Elementary School",1275 WILLIAMSTOWN ROAD,ERIAL,NJ,08081,,07-1780-085
Ocean,Stafford Township School District,Ocean Acres Elementary School,489 Nautilus Drive,Manahawkin,NJ,08050,,29-5020-065
Middlesex,New Brunswick School District,A Chester Redshaw School,216 Livingston Avenue,NEW BRUNSWICK,NJ,08901,2930,23-3530-060
Camden,Pennsauken Township Board of Education School District,Pennsauken High School,800 HYLTON ROAD,PENNSAUKEN,NJ,08110,,07-4060-050
Burlington,Pemberton Township School District,Helen A. Fort Middle School,101 FORT DIX ROAD,PEMBERTON,NJ,08068,,05-4050-050
Essex,East Orange School District,John L. Costley Middle School,116 HAMILTON ST,EAST ORANGE,NJ,07017,2912,13-1210-070
Monmouth,Wall Township Public School District,Wall High School,1630 18TH AVE,WALL,NJ,07719,1199,25-5420-050
Bergen,Teaneck School District,William Cullen Bryant School,1 TRYON AVENUE,TEANECK,NJ,07666,,03-5150-080
Warren,Mansfield Township Elementary School District,Mansfield Township Elementary,50 PORT MURRAY ROAD,PORT MURRAY,NJ,07865,9702,41-2970-050
Middlesex,Middlesex County Vocational and Technical School District,Middlesex County Vocational School  East  Brunswick,112 RUES LANE,EAST BRUNSWICK,NJ,08816,4235,23-3150-040
Bergen,Maywood School District,Memorial School,764 GRANT AVE,MAYWOOD,NJ,07607,1621,03-3060-070
Gloucester,Clayton Public School District,Herma S. Simmons Elementary School,300 WEST CHESTNUT STREET,CLAYTON,NJ,08312,1700,15-0860-040
Ocean,Jackson Township School District,Crawford-Rodriguez Elementary School,1025 Larsen Road,Jackson,NJ,08527,3497,29-2360-030
Burlington,North Hanover Township School District,North Hanover Township Upper Elementary School,351 MONMOUTH ROAD,WRIGHTSTOWN,NJ,08652,,05-3650-036
Sussex,Sparta Township Public School District,Sparta High School,70 WEST MOUNTAIN ROAD,SPARTA,NJ,07871,,37-4960-050
Middlesex,Woodbridge Township School District,Lynn Crest Elementary School,98 IRA AVENUE,COLONIA,NJ,07067,,23-5850-210
Passaic,Paterson Public School District,"Dr. Martin Luther King, Jr. Educational Complex",851 E  28TH STREET,PATERSON,NJ,07513,,31-4010-312
Union,Berkeley Heights School District,Thomas P. Hughes School,446 SNYDER AVE,BERKELEY HTS,NJ,07922,2017,39-0310-020
Burlington,Westampton Township Public School District,Westampton Township Middle School,700 RANCOCAS ROAD,WESTAMPTON,NJ,08060,9601,05-5720-050
Morris,Mount Olive Township School District,Tinc Rd. Elementary School,24 TINC ROAD,FLANDERS,NJ,07836,,27-3450-070
Essex,Verona Public School District,Frederic N. Brown Elementary School,125 GROVE AVE,VERONA,NJ,07044,1621,13-5370-080
Essex,East Orange School District,Johnnie L. Cochran Jr. Academy,190 MIDLAND AVENUE,EAST ORANGE,NJ,07017,,13-1210-190
Monmouth,Howell Township Public School District,Aldrich Elementary School,615 ALDRICH ROAD,HOWELL,NJ,07731,1936,25-2290-005
Morris,Chester School District,Bragg Elementary School,250 Route 24,Chester,NJ,07930,,27-0820-030
Somerset,Franklin Township Public Schools,Hillcrest School,500 Franklin Blvd,Somerset,NJ,08873,3030,35-1610-100
Burlington,Riverside Township School District,Riverside High School,112 E WASHINGTON STREET,RIVERSIDE,NJ,08075,,05-4450-050
Essex,Millburn Township School District,Millburn High School,462 MILLBURN AVE,MILLBURN,NJ,07041,1210,13-3190-050
Monmouth,Middletown Township Public School District,Navesink Elementary School,151 MONMOUTH AVENUE,ATLANTIC HIGHLANDS,NJ,07716,,25-3160-140
Monmouth,LONG BRANCH PUBLIC SCHOOL District,Long Branch High School,404 Indiana Avenue,LONG BRANCH,NJ,07740,5557,25-2770-050
Burlington,Mount Laurel Township School District,Springville Elementary School,520 HARTFORD ROAD,MT  LAUREL,NJ,08054,,05-3440-075
Bergen,Northern Valley Regional High School District,Northern Valley Central,200 Summit Street,Norwood,NJ,07648,,03-3710-300
Essex,Roseland School District,Lester C Noecker,100 PASSAIC AVE,ROSELAND,NJ,07068,,13-4530-020
Union,Elizabeth Public Schools,Benjamin Franklin School No. 13,248 RIPLEY PL,ELIZABETH,NJ,07206,2122,39-1320-160
Sussex,Sparta Township Public School District,Mohawk Avenue School,18 Mohawk Avneue,Sparta,NJ,07871,,37-4960-300
Cape May,Cape May County Technical High School District,Cape May County Technical High SChool,188 CREST HAVEN RD,CAPE MAY COURT HOUSE,NJ,08210,,09-0720-030
Monmouth,Manalapan-Englishtown Regional Schools School District,John I. Dawes Early Learning Center,38 GORDONS CORNER ROAD,MANALAPAN,NJ,07726,,25-2920-120
Ocean,Manchester Township School District,Manchester Regional Day School,890 TOMS RIVER ROAD,JACKSON,NJ,08527,9105,29-2940-008
Burlington,Medford Lakes School District,Nokomis School,135 Mudjekeewis Trail,Medford Lakes,NJ,08055,,05-3070-050
Gloucester,Clayton Public School District,Clayton High School,55 POP KRAMER BLVD,CLAYTON,NJ,08312,1700,15-0860-030
Essex,Bloomfield Township School District,Watsessing Elementary School,71 Prospect Street,Bloomfield,NJ,07003,3223,13-0410-150
Union,Roselle Public Schools,Washington Elementary School,501 WASHINGTON AVENUE,ROSELLE,NJ,07203,2329,39-4540-050
Charters,Bergen Arts and Science Charter School,Bergen Arts and Sciences Charter School,200 MACARTHUR AVENUE,GARFIELD,NJ,07026,,80-6013-900
Gloucester,Woodbury City Public School District,Evergreen Avenue Elementary School,160 North Evergreen Avenue,Woodbury,NJ,08096,,15-5860-090
Bergen,Teaneck School District,Nathaniel Hawthorne Elementary School,201 FYCKE LANE,TEANECK,NJ,07666,,03-5150-110
Middlesex,Piscataway Township School District,Quibbletown Middle School,99 ACADEMY STREET,PISCATAWAY,NJ,08854,,23-4130-055
Middlesex,Woodbridge Township School District,Woodbridge High School,25 SAMUEL LUPO PLACE,WOODBRIDGE,NJ,07095,,23-5850-050
Gloucester,Township of Franklin School District,Caroline L. Reutter School,2150 DELSEA DR,FRANKLINVILLE,NJ,08322,2522,15-1590-070
Cumberland,Millville School District,Holly Heights Elementary School,2509 E MAIN ST,MILLVILLE,NJ,08332,9639,11-3230-075
Essex,East Orange School District,Mildred Barry Garvin Elementary,1 GROVE PLACE,EAST ORANGE,NJ,07017,4706,13-1210-100
Essex,South Orange-Maplewood School District,Maplewood Middle School,7 BURNETT ST,MAPLEWOOD,NJ,07040,2620,13-4900-040
Union,Elizabeth Public Schools,Dr. Antonia Pantoja School No. 27,505 -517 MORRIS AVENUE,ELIZABETH,NJ,07208,,39-1320-310
Somerset,Bridgewater-Raritan Regional School District,Bridgewater-Raritan Middle School,128 Merriwood Road,Bridgewater,NJ,08807,,35-0555-010
Middlesex,Sayreville School District,Dwight D. Eisenhower Elementary School,601 ERNSTON ROAD,PARLIN,NJ,08859,2126,23-4660-070
Somerset,Bound Brook School District,Smalley Elementary School,163 Cherry Ave,Bound Brook,NJ,08805,,35-0490-303
Bergen,Fort Lee School District,School No. 1,250 HOYM STREET,FORT LEE,NJ,07024,,03-1550-060
Bergen,Ridgewood Public School District,Somerville Elementary School,45 SOUTH PLEASANT AVE,RIDGEWOOD,NJ,07451,,03-4390-100
Middlesex,Woodbridge Township School District,Indiana Avenue Elementary School,INDIANA AVENUE,ISELIN,NJ,08830,,23-5850-160
Morris,Harding Township School District,Harding Township School,34 LEES HILL ROAD,NEW VERNON,NJ,07976,0248,27-2010-050
Union,Hillside Public School District,Hillside Innovation Academy,195 Virginia St-1100 Woodruff Ave,Hillside,NJ,07205,,39-2190-300
Bergen,Midland Park School District,Godwin Elementary School,41 E. Center Street,Midland Park,NJ,07432,,03-3170-300
Camden,Cherry Hill School District,Joyce Kilmer Elementary School,2900 Chapel Ave.,CHERRY HILL,NJ,08002,1661,07-0800-105
Camden,Haddonfield School District,Elizabeth Haddon School,501 WEST REDMAN AVENUE,HADDONFIELD,NJ,08033,,07-1900-080
Bergen,Fort Lee School District,School No. 4,1193 ANDERSON AVE,FORT LEE,NJ,07024,1761,03-1550-090
Middlesex,South Brunswick School District,Cambridge Elementary School,35 CAMBRIDGE ROAD,KENDALL PARK,NJ,08824,,23-4860-060
Monmouth,Monmouth Regional High School,Monmouth Regional High School,ONE NORMAN J  FIELD WAY,TINTON FALLS,NJ,07724,3299,25-3270-050
Mercer,East Windsor Regional School District,Walter C. Black Elementary School,371 STOCKTON STREET,HIGHTSTOWN,NJ,08520,,21-1245-080
Monmouth,Manalapan-Englishtown Regional Schools School District,Taylor Mills School,77 GORDONS CORNER ROAD,Manalapan,NJ,07726,1599,25-2920-090
Morris,Parsippany-Troy Hills Township School District,Intervale Elementary School,60 Pitt Road,Boonton,NJ,07005,,27-3950-064
Burlington,Eastampton Township School District,Eastampton Township Community School,1 STUDENT DRIVE,EASTAMPTON,NJ,08060,9626,05-1250-060
Gloucester,Harrison Township School District,Pleasant Valley School,401 CEDAR RD,MULLICA HILL,NJ,08062,9494,15-2070-080
Bergen,Englewood Public School District,Dwight Morrow High School/Academies@Englewood,274 KNICKERBOCKER RD,ENGLEWOOD,NJ,07631,1534,03-1370-040
Hudson,Union City School District,Union Hill Middle School,3800 HUDSON AVE,UNION CITY,NJ,07087,6020,17-5240-150
Morris,Mount Olive Township School District,Chester M. Stephens Elementary School,99 SUNSET DRIVE,BUDD LAKE,NJ,07828,,27-3450-050
Mercer,Hamilton Township Public School District,Mercerville Elementary School,60 REGINA AVENUE,HAMILTON,NJ,08619,2202,21-1950-210
Hudson,Hudson County Schools of Technology School District,Explore Middle School,180-9th St,JERSEY CITY,NJ,07302,,17-2295-090
Ocean,Plumsted Township School District,New Egypt Middle School,115 EVERGREEN ROAD,NEW EGYPT,NJ,08533,1316,29-4190-080
Essex,Newark Public School District,John F. Kennedy School,311 S TENTH ST,NEWARK,NJ,07103,2114,13-3570-477
Bergen,Paramus Public School District,Parkway Elementary School,145 E. RIDGEWOOD AVENUE,PARAMUS,NJ,07652,,03-3930-100
Camden,Cherry Hill School District,A. Russell Knight Elementary School,140 Old Carriage Rd.,CHERRY HILL,NJ,08034,3332,07-0800-058
Bergen,Emerson Public School District,Memorial School,1 Haines Avenue,Emerson,NJ,07630,,03-1360-070
Hunterdon,Lebanon Borough School District,Lebanon Borough School,6 MAPLE ST,LEBANON,NJ,08833,9707,19-2590-050
Sussex,Andover Regional School District,Long Pond School,707 LIMECREST RD,NEWTON,NJ,07860,,37-0090-040
Middlesex,Sayreville School District,Project Before at Selover School,150 Lincoln St,South Amboy,NJ,08879,,23-4660-300
Somerset,Bridgewater-Raritan Regional School District,Eisenhower Intermediate School,791 Eisenhower Avenue,Bridgewater,NJ,08807,,35-0555-048
Bergen,Waldwick School District,Waldwick Middle School,155 WYCKOFF AVENUE,WALDWICK,NJ,07463,,03-5410-070
Ocean,Barnegat Township School District,Joseph T. Donahue Elementary School,200 BENGAL BLVD,BARNEGAT,NJ,08005,,29-0185-080
Hudson,Hudson County Schools of Technology School District,Bayonne Academy,669 Avenue A,Bayonne,NJ,07094,1851,17-2295-305
Middlesex,Woodbridge Township School District,Menlo Park Terrace Elementary School,19 MARYKNOLL ROAD,METUCHEN,NJ,08840,,23-5850-230
Hunterdon,Clinton-Glen Gardner School District,Clinton Public School,10 SCHOOL STREET,CLINTON,NJ,08809,,19-0910-030
Union,Township of Union School District,Franklin Elementary,1500 LINDY TERRACE,UNION,NJ,07083,4752,39-5290-100
Monmouth,Freehold Regional High School District,Marlboro High School,95 NORTH MAIN STREET,MARLBORO,NJ,07746,1055,25-1650-080
Camden,Camden City School District,Alfred Cramer College Preparatory Lab School,2800 MICKLE STREET,CAMDEN,NJ,08105,2274,07-0680-170
Bergen,Fort Lee School District,School No. 3,2405 SECOND STREET,FORT LEE,NJ,07024,,03-1550-080
Sussex,Vernon Township School District,Glen Meadow Middle School,7 SAMMIS ROAD,VERNON,NJ,07462,0516,37-5360-025
Union,Hillside Public School District,Walter O. Krumbiegel Middle School,145 HILLSIDE AVE,HILLSIDE,NJ,07205,1858,39-2190-085
Hudson,West New York Board of Education,Early Childhood School,5204 HUDSON AVE,WEST NEW YORK,NJ,07093,2614,17-5670-055
Middlesex,Woodbridge Township School District,Ross Street Elementary School,ROSS STREET,WOODBRIDGE,NJ,07095,,23-5850-280
Passaic,Woodland Park School District,Charles Olbon School,50 LINCOLN LANE,Woodland Park,NJ,07424,,31-5690-065
Charters,University Academy Charter High School,University Academy Charter High School,275 WEST SIDE AVENUE,JERSEY CITY,NJ,07305,,80-8060-990
Atlantic,Somers Point School District,New York Avenue Elementary School,121 WEST NEW YORK AVENUE,SOMERS POINT,NJ,08244,1408,01-4800-060
Passaic,Paterson Public School District,New Roberto Clemente,482-506 MARKET STREET,PATERSON,NJ,07501,,31-4010-316
Union,Elizabeth Public Schools,Donald Stewart Early Childhood Center No 51,544 PENNSYLVANIA AVENUE,ELIZABETH,NJ,07207,,39-1320-355
Camden,Gloucester Township Public Schools,Glen Landing Middle School,85 LITTLE GLOUCESTER ROAD,BLACKWOOD,NJ,08012,,07-1780-055
Essex,Newark Public School District,West Side High School,403 South Orange Avenue,Newark,NJ,07103,,13-3570-080
Mercer,West Windsor-Plainsboro Regional School District,Millstone River School,75 GROVERS MILL ROAD,PLAINSBORO,NJ,08536,,21-5715-150
Passaic,Passaic City School District,Passaic Academy for Science and Engineering,291 Lafayette Avenue,Passaic,NJ,07055,,31-3970-301
Morris,Morris Plains School District,Mountain Way School,205 Mountain Way,MORRIS PLAINS,NJ,07950,,27-3380-030
Union,New Providence School District,New Providence Middle School,35 PIONEER DRIVE,NEW PROVIDENCE,NJ,07974,,39-3560-080
Mercer,Ewing Township School District,Gilmore J Fisher Middle School,1325 LOWER FERRY ROAD,EWING,NJ,08618,1409,21-1430-060
Hudson,Jersey City Public Schools,Dr. Paul Rafalides School,362 UNION ST,JERSEY CITY,NJ,07304,1212,17-2390-270
Middlesex,Old Bridge Township School District,Virgil I. Grissom Elementary School,ONE SIMS AVENUE,OLD BRIDGE,NJ,08857,1435,23-3845-163
Union,Elizabeth Public Schools,Abraham Lincoln School No. 14,50 Grove Street,ELIZABETH,NJ,07202,2327,39-1320-170
Middlesex,East Brunswick Township School District,Irwin Elementary School,71 RACETRACK ROAD,EAST BRUNSWICK,NJ,08816,,23-1170-090
Union,Westfield Public School District,Westfield Senior High School,550 Dorian Road,Westfield,NJ,07090,3302,39-5730-050
Middlesex,North Brunswick Township School District,Linwood Middle School,25 LINWOOD PLACE,NORTH BRUNSWICK,NJ,08902,,23-3620-065
Charters,Middlesex County STEM Charter School,Middlesex County STEM Charter School,430 Market Street,Perth Amboy,NJ,08861,,80-7896-923
Gloucester,Harrison Township School District,Harrison Township Elementary School,120 N MAIN STREET,MULLICA HILL,NJ,08062,9494,15-2070-050
Ocean,Ocean County Vocational Technical School District,Ocean County Vocational Technical School Jackson Center,850 TOMS RIVER ROAD,JACKSON,NJ,08527,9241,29-3790-020
Passaic,Paterson Public School District,Garrett Morgan Academy,200 Grand Street,Paterson,NJ,07501,,31-4010-308
Warren,Pohatcong Township School District,Pohatcong Township School,240 RTE  519,PHILLIPSBURG,NJ,08865,,41-4200-040
Mercer,Trenton Public School District,Grant Elementary School,159 N  Clinton Avenue,Trenton,NJ,08609,,21-5210-200
Union,Berkeley Heights School District,Governor Livingston High School,175 WATCHUNG BOULEVARD,BERKELEY HEIGHTS,NJ,07922,,39-0310-005
Passaic,Paterson Public School District,Alexander Hamilton Academy,11  27 16TH AVENUE,PATERSON,NJ,07501,,31-4010-043
Essex,Nutley Public School District,Lincoln School,301 HARRISON ST,NUTLEY,NJ,07110,2614,13-3750-070
Bergen,Teaneck School District,James Russell Lowell Elementary School,1025 LINCOLN PLACE,TEANECK,NJ,07666,,03-5150-130
Cape May,Lower Township Elementary School District,Maud Abrams School,714 TOWNBANK RD,CAPE MAY,NJ,08204,4650,09-2840-060
Passaic,Paterson Public School District,School 20,500 EAST 37TH STREET,PATERSON,NJ,07504,1739,31-4010-240
Charters,Atlantic Community Charter School,Atlantic Community Charter School,112 South New York Rd,Galloway,NJ,08205,,80-6060-942
Bergen,Glen Rock Public School District,Central School,600 S MAPLE AVE,GLEN ROCK,NJ,07452,1821,03-1760-080
Morris,Rockaway Township School District,Dennis B O'Brien Elementary School,16 MINERAL SPRING DRIVE,DOVER,NJ,07801,,27-4490-025
Passaic,Paterson Public School District,Edward W. Kilpatrick,295-315 ELLISON STREET,PATERSON,NJ,07501,,31-4010-047
Essex,Nutley Public School District,Washington School,155 WASHINGTON AVE,NUTLEY,NJ,07110,3501,13-3750-100
Burlington,Lenape Regional High School District,Seneca High School,110 CARRANZA ROAD,TABERNACLE,NJ,08088,,05-2610-070
Charters,The Barack Obama Green Charter High School District,The Barack Obama Green Charter High School,35 Watchung ave,Plainfield,NJ,07060,,80-6033-902
Union,Roselle Public Schools,Roselle Preschool,1305 St Georges Avenue,Roselle,NJ,07203,,39-4540-120
Hudson,North Bergen School District,McKinley Elementary School,3110 LIBERTY AVE,NORTH BERGEN,NJ,07047,2319,17-3610-100
Camden,Berlin Township School District,John F Kennedy Elementary School,228 Mt Vernon Avenue,West Berlin,NJ,08091,,07-0340-050
Monmouth,Marlboro Township School District,Frank J. Dugan Elementary School,48 TOPANEMUS ROAD,MARLBORO,NJ,07746,2320,25-3030-040
Gloucester,Paulsboro School District,Paulsboro High School,670 N DELAWARE ST,PAULSBORO,NJ,08066,,15-4020-050
Gloucester,Kingsway Regional School District,Kingsway Regional High School,201 KINGS HIGHWAY,WOOLWICH TWP,NJ,08085,9608,15-2440-050
Union,Rahway Public School District,Roosevelt Elementary School,811 ST GEORGE AVE,RAHWAY,NJ,07065,2626,39-4290-120
Gloucester,East Greenwich Township School District,Samuel Mickle School,559 KINGS HIGHWAY,MICKLETON,NJ,08056,,15-1180-045
Hudson,Union City School District,Theodore Roosevelt Elementary School,4507 HUDSON AVE,UNION CITY,NJ,07087,6317,17-5240-110
Ocean,Berkeley Township School District,H & M Potter School,60 VEEDER LANE,BAYVILLE,NJ,08721,1833,29-0320-040
Warren,Warren Hills Regional School District,Warren Hills Regional High School,41 JACKSON VALLEY ROAD,WASHINGTON,NJ,07882,,41-5465-050
Essex,Newark Public School District,Louise A. Spencer Elementary School,66 MUHAMMAD ALI AVENUE,NEWARK,NJ,07108,2914,13-3570-495
Morris,Washington Township School District,Flocktown-Kossmann Elementary School,90 FLOCKTOWN ROAD,LONG VALLEY,NJ,07853,8919,27-5520-030
Hunterdon,South Hunterdon Regional School District,West Amwell Township School,1417 Rt 179,Lambertville,NJ,08530,,19-1376-030
Warren,Hope Township School District,Hope Township School,320 JOHNSONBURG ROAD,HOPE,NJ,07844,0293,41-2250-050
Passaic,Pompton Lakes School District,Lincoln School,40 MILL STREET,POMPTON LAKES,NJ,07442,1490,31-4230-070
Union,Elizabeth Public Schools,Dr. Martin Luther King Jr. Early Childhood Center No 52,130 TRUMBULL STREET,ELIZABETH,NJ,07206,,39-1320-360
Union,Union County Educational Services Commission,Hillcrest Academy-North,2630 PLAINFIELD AVENUE,SCOTCH PLAINS,NJ,07076,2462,39-5245-020
Bergen,Cresskill Public School District,Edward H. Bryan,51 BROOKSIDE AVE,CRESSKILL,NJ,07626,,03-0990-050
Burlington,Delanco Township School District,Walnut Street School,411 WALNUT ST,DELANCO,NJ,08075,4645,05-1030-060
Cape May,Dennis Township School District,Dennis Township Primary School,601 HAGAN ROAD,CAPE MAY COURT HOUSE,NJ,08210,,09-1080-040
Camden,Black Horse Pike Regional School District,Timber Creek Regional High School,501 JARVIS ROAD,ERIAL,NJ,08081,,07-0390-030
Atlantic,Hamilton Township School District,George L. Hess Educational Complex,700 BABCOCK ROAD,MAYS LANDING,NJ,08330,,01-1940-055
Middlesex,South Brunswick School District,Crossroads South Middle School,195 Major Road,MONMOUTH JUNCTION,NJ,08852,,23-4860-075
Monmouth,Colts Neck Township School District,Cedar Drive Middle School,73 CEDAR DRIVE,COLTS NECK,NJ,07722,1698,25-0945-030
Hudson,Jersey City Public Schools,Joseph H. Brensinger School,600 BERGEN AVE,JERSEY CITY,NJ,07304,,17-2390-360
Ocean,Long Beach Island Consolidated School District,Long Beach Island Grade School,201    20TH STREET,SHIP BOTTOM,NJ,08008,,29-2760-050
Middlesex,Old Bridge Township School District,Madison Park Elementary School,33 HARVARD RD,PARLIN,NJ,08859,1211,23-3845-120
Sussex,Stillwater Township School District,Stillwater Township School,904 STILLWATER ROAD,STILLWATER,NJ,07875,,37-5040-050
Mercer,Robbinsville Public Schools,Robbinsville High School,155 ROBBINSVILLE EDINBURG RD,ROBBINSVILLE,NJ,08691,,21-5510-030
Cape May,Middle Township Public School District,Middle Township Elementary #2,101 WEST PACIFIC AVE,CAPE MAY COURT HOUSE,NJ,08210,,09-3130-085
Essex,South Orange-Maplewood School District,Clinton Elementary School,27 BERKSHIRE RD,MAPLEWOOD,NJ,07040,1429,13-4900-060
Ocean,Brick Township Public School District,Osbornville Elementary School,218 DRUM POINT RD,BRICK,NJ,08723,6312,29-0530-070
Camden,Haddon Township School District,Van Sciver Elementary School,625 RHOADS AVENUE,HADDONFIELD,NJ,08033,,07-1890-100
Hudson,Bayonne School District,Midtown Community School #8,550 AVENUE A,BAYONNE,NJ,07002,,17-0220-085
Hudson,Jersey City Public Schools,Rafael Cordero y Molina,158 ERIE ST,JERSEY CITY,NJ,07302,1718,17-2390-300
Passaic,Clifton Public School District,School #1,158 PARK SLOPE,CLIFTON,NJ,07011,,31-0900-080
Camden,HADDON HEIGHTS School District,Haddon Heights Jr./Sr. High School,301 SECOND AVENUE,HADDON HEIGHTS,NJ,08035,,07-1880-050
Morris,Randolph Township School District,Fernbrook School,206 QUAKER CHURCH ROAD,RANDOLPH,NJ,07869,,27-4330-065
Union,Cranford Public School District,Walnut Avenue School,370 WALNUT AVENUE,CRANFORD,NJ,07016,,39-0980-110
Camden,Camden City School District,Camden Big Picture Learning Academy,1725 Park Boulevard,CAMDEN,NJ,08103,,07-0680-305
Essex,Caldwell-West Caldwell School District,Grover Cleveland Middle School,36 ACADEMY RD,CALDWELL,NJ,07006,,13-0660-060
Cape May,Upper Township School District,Upper Township Elementary School,50 OLD TUCKAHOE RD,MARMORA,NJ,08223,,09-5340-050
Middlesex,Monroe Township School District,Woodland School,42 Harrison Ave,Monroe Township,NJ,08831,,23-3290-030
Passaic,North Haledon School District,Memorial Elementary School,201 Squaw Brook Rd.,NORTH HALEDON,NJ,07508,2720,31-3640-060
Cumberland,Upper Deerfield Township School District,Woodruff Middle School,1385 Highway 77,Seabrook,NJ,08302,4261,11-5300-070
Ocean,Toms River Regional School District,North Dover Elementary School,1759 NEW HAMPSHIRE AVENUE,TOMS RIVER,NJ,08753,,29-5190-080
Ocean,Tuckerton Borough School District,Tuckerton Elementary School,MARINE STREET,TUCKERTON,NJ,08087,,29-5220-050
Passaic,Ringwood School District,Martin J. Ryerson School,130 VALLEY ROAD,RINGWOOD,NJ,07456,,31-4400-053
Atlantic,Brigantine Public School District,Brigantine Community School,301 East Evans Blvd,Brigantine,NJ,08203,,01-0570-300
Essex,East Orange School District,Patrick F. Healy Middle School,116 HAMILTON ST,EAST ORANGE,NJ,07017,2912,13-1210-095
Monmouth,Oceanport School District,Maple Place Middle School,MAPLE PLACE,OCEANPORT,NJ,07757,1600,25-3830-030
Middlesex,Edison Township School District,James Madison Intermediate School,838 NEW DOVER ROAD,EDISON,NJ,08820,,23-1290-090
Monmouth,Hazlet Township Public School District,Lillian Drive School,28 LILLIAN DRIVE,HAZLET,NJ,07730,2699,25-2105-085
Bergen,Lodi School District,Thomas Jefferson Middle School,75 FIRST STREET,LODI,NJ,07644,,03-2740-067
Essex,Glen Ridge Public School District,Forest Avenue School,287 FOREST AVE,GLEN RIDGE,NJ,07028,1818,13-1750-070
Passaic,Little Falls Township Public School District,Little Falls Township Public School # 3,Little Falls School # 3,LITTLE FALLS,NJ,07424,1082,31-2700-070
Bergen,Rochelle Park School District,Midland School #1,300 ROCHELLE AVE,ROCHELLE PARK,NJ,07662,3915,03-4470-050
Gloucester,Washington Township School District,Birches Elementary School,416 WESTMINSTER BLVD,TURNERSVILLE,NJ,08012,1625,15-5500-027
Mercer,Hopewell Valley Regional School District,Stony Brook Elementary School,20 STEPHENSON ROAD,PENNINGTON,NJ,08534,,21-2280-065
Essex,Newark Public School District,Luis Muñoz Marin Elementary School,663 Broadway,Newark,NJ,07104,,13-3570-301
Morris,Mountain Lakes Public School District,Wildwood Elementary School,51 Glen Rd.,Mountain Lakes,NJ,07046,,27-3460-080
Camden,"KIPP: Cooper Norcross, A New Jersey Nonprofit Corporation","KIPP: Cooper Norcross, A New Jersey Nonprofit Corporation",525 Clinton Street,Camden,NJ,08103,,07-1799-111
Bergen,Ramsey School District,Mary A. Hubbard Elementary School,10 HUBBARD LANE,RAMSEY,NJ,07446,2202,03-4310-070
Essex,ORANGE BOARD OF EDUCATION School District,Rosa Parks/Central Community School,369 MAIN STREET,ORANGE,NJ,07050,,13-3880-105
Gloucester,Wenonah  Boro School District,Wenonah Elementary School,200 N CLINTON AVE,WENONAH,NJ,08090,,15-5590-050
Somerset,Bridgewater-Raritan Regional School District,Bradley Gardens Primary School,148 Pine Street,Bridgewater,NJ,08807,,35-0555-040
Camden,Pine Hill School District,Dr. Albert M. Bean School,70 E THIRD AVE,PINE HILL,NJ,08021,6204,07-4110-060
Union,Plainfield Public School District,Hubbard Middle School,661 W EIGHTH ST,PLAINFIELD,NJ,07060,2233,39-4160-060
Essex,Newark Public School District,Science Park High School,260 NORFOLK STREET,NEWARK,NJ,07102,,13-3570-055
Union,Summit Public School District,Primary Center at Jefferson,110 ASHWOOD AVENUE,SUMMIT,NJ,07091,,39-5090-150
Passaic,Paterson Public School District,School of Health Science,5-7 Colt St,PATERSON,NJ,07505,,31-4010-004
Bergen,Wyckoff Township Public School District,Calvin Coolidge Elementary School,420 GRANDVIEW AVE,WYCKOFF,NJ,07481,2517,03-5920-020
Bergen,Wallington Boro School District,Jefferson (Annex) Elementary School,6 Bond Street,WALLINGTON,NJ,07057,,03-5430-060
Union,Cranford Public School District,Cranford High School,201 WEST END PLACE,CRANFORD,NJ,07016,,39-0980-030
Hudson,East Newark School District,East Newark Middle School,15 Frank E. Rodgrs Blvd. South,Harrison,NJ,07029,,17-1200-300
Hudson,Jersey City Public Schools,Rev. Dr. Ercel F. Webb School,264 VAN HORNE STREET,JERSEY CITY,NJ,07304,,17-2390-200
Ocean,Berkeley Township School District,Bayville Elementary School,356 ATLANTIC CITY BLVD,BAYVILLE,NJ,08721,1246,29-0320-020
Camden,Camden City School District,Yorkship Elementary School,1251 Collings Road,CAMDEN,NJ,08104,,07-0680-360
Union,Union County Vocational-Technical School District,"Raymond J. Lesniak Experience, Strength, & Hope Recovery HS",121-125 Chestnut Street,Roselle,NJ,07203,,39-5260-300
Bergen,Paramus Public School District,Midland Elementary School,241 WEST MIDLAND AVENUE,PARAMUS,NJ,07652,,03-3930-090
Bergen,Oakland Public School District,Manito Elementary School,111 MANITO AVE,OAKLAND,NJ,07436,4012,03-3760-060
Hudson,Bayonne School District,Bayonne High School,669 AVENUE A,BAYONNE,NJ,07002,,17-0220-020
Bergen,Dumont Public School District,Honiss Elementary\Middle School,31 DEPEW ST,DUMONT,NJ,07628,3601,03-1130-060
Gloucester,Woodbury City Public School District,Woodbury Jr-Sr High School,25 N. Broad Street,Woodbury,NJ,08096,4602,15-5860-050
Middlesex,East Brunswick Township School District,Hammarskjold Middle School,200 RUES LANE,E BRUNSWICK,NJ,08816,,23-1170-056
Essex,Newark Public School District,Salome Ureña Elementary School,284 First Avenue,Newark,NJ,07104,,13-3570-317
Middlesex,Woodbridge Township School District,Avenel Middle School,WOODBINE AVENUE,AVENEL,NJ,07001,,23-5850-045
Charters,Achievers Early College Prep Charter School,Achievers Early College Prep Charter School,500 Smith Street,Trenton,NJ,08611,,80-7895-920
Hunterdon,Delaware Township School District,Delaware Township School,501 ROSEMONT  RINGOES ROAD,SERGEANTSVILLE,NJ,08557,,19-1040-040
Somerset,Manville School District,Roosevelt School,410 Brooks Boulevard,Manville,NJ,08835,,35-3000-080
Bergen,Franklin Lakes School District,Colonial Road School,749 Colonial Road,Franklin Lakes,NJ,07417,,03-1580-040
Monmouth,Marlboro Township School District,Marlboro Memorial Middle School,71 NOLAN ROAD,MORGANVILLE,NJ,07751,,25-3030-048
Monmouth,Belmar Elementary School District,Belmar Elementary,1101 MAIN STREET,BELMAR,NJ,07719,2727,25-0270-020
Essex,East Orange School District,Sojourner Truth Middle School,116 HAMILTON ST,EAST ORANGE,NJ,07017,2912,13-1210-135
Essex,Newark Public School District,Newark Vocational High School,301 West Kinney St,Newark,NJ,07103,2927,13-3570-045
Bergen,Ramapo Indian Hills Regional High School District,Indian Hills High School,97 YAWPO AVE,OAKLAND,NJ,07436,2740,03-4300-030
Warren,Blairstown Elementary Township School District,Blairstown Elementary School,1 SUNSET HILL ROAD,BLAIRSTOWN,NJ,07825,,41-0400-030
Bergen,Bergen County Special Services School District,Autistic,540 Farview Avenue,Paramus,NJ,07652,,03-0285-100
Union,Winfield Township,Winfield Township,7 1/2 GULFSTREAM AVENUE,WINFIELD,NJ,07036,,39-5810-060
Atlantic,Buena Regional School District,Dr. J.P. Cleary Elementary School,1501 CENTRAL AVE,MINOTOLA,NJ,08341,,01-0590-300
Bergen,Bergen County Vocational Technical School District,Bergen County Technical High School - Paramus,E.285 Pascack Road,Paramus,NJ,07652,4237,03-0290-030
Burlington,New Hanover Township,New Hanover Township School,122 FORT DIX STREET,WRIGHTSTOWN,NJ,08562,,05-3540-050
Camden,Lindenwold Public School District,Lindenwold School Four,900 Gibbsboro Rd.,LINDENWOLD,NJ,08021,,07-2670-040
Essex,Montclair Public School District,Watchung Elementary School,14 GARDEN ST,MONTCLAIR,NJ,07042,4116,13-3310-170
Hudson,Kearny,Kearny High School,336 DEVON ST,KEARNY,NJ,07032,2612,17-2410-050
Charters,The Ethical Community Charter School,The Ethical Community Charter School,95 Broadway,JERSEY CITY,NJ,07306,,80-6030-912
Union,Elizabeth Public Schools,Elmora School No. 12,638 MAGIE AVE,ELIZABETH,NJ,07208,1505,39-1320-150
Middlesex,Cranbury Township School District,Cranbury School,23 N MAIN ST,CRANBURY,NJ,08512,3203,23-0970-030
Middlesex,Dunellen Public School District,Dunellen High School,411 First Street,DUNELLEN,NJ,08812,,23-1140-040
Middlesex,Middlesex County Vocational and Technical School District,Middlesex County Vocational School Perth Amboy,457 HIGH STREET,PERTH AMBOY,NJ,08861,,23-3150-060
Camden,HADDON HEIGHTS School District,Seventh Avenue,316 Seventh Avenue,HADDON HEIGHTS,NJ,08035,,07-1880-090
Middlesex,South Amboy School District,South Amboy Middle/High School,200 GOVERNOR HAROLD G  HOFFMAN,SOUTH AMBOY,NJ,08879,,23-4830-030
Monmouth,Deal Boro School District,Deal Elementary School,201 ROSELD AVENUE,DEAL,NJ,07723,1098,25-1000-040
Morris,Morris School District,Alfred Vail School,125 SPEEDWELL AVENUE,MORRIS PLAINS,NJ,07950,,27-3385-065
Charters,Pride Academy Charter School District,Pride Academy Charter School,117 ELMWOOD AVE,EAST ORANGE,NJ,07018,,80-6020-985
Middlesex,New Brunswick School District,Woodrow Wilson Elementary School,133 TUNISON RD,NEW BRUNSWICK,NJ,08901,1652,23-3530-140
Morris,Morris County Vocational School District,Morris County School of Technology,400 EAST MAIN STREET,DENVILLE,NJ,07834,2516,27-3365-050
Hudson,Bayonne School District,Mary J Donohoe Community School,38 DODGE STREET,BAYONNE,NJ,07002,,17-0220-080
Monmouth,Asbury Park School District,Asbury Park High School,1001 SUNSET AVENUE,ASBURY PARK,NJ,07712,5099,25-0100-010
Ocean,Brick Township Public School District,Midstreams Elementary School,500 MIDSTREAMS RD,BRICK TOWN,NJ,08724,3816,29-0530-060
Bergen,Alpine School District,Alpine Elementary School,500 HILLSIDE AVENUE,ALPINE,NJ,07620,,03-0080-010
Essex,Irvington Public School District,University Middle School,255 MYRTLE AVE,IRVINGTON,NJ,07111,2621,13-2330-135
Monmouth,LONG BRANCH PUBLIC SCHOOL District,A A Anastasia Elementary School,92 SEVENTH AVENUE,LONG BRANCH,NJ,07740,,25-2770-065
Hunterdon,Hampton Borough School District,Hampton Borough School,32  41 SOUTH STREET,HAMPTON,NJ,08827,9502,19-1970-050
Hudson,Jersey City Public Schools,Dr. Maya Angelou Elementary School,239 Ocean Avenue,JERSEY CITY,NJ,07305,2626,17-2390-190
Bergen,Rutherford School District,Washington School,89 WOOD ST,RUTHERFORD,NJ,07070,1571,03-4600-110
Charters,Central Jersey College Prep Charter School,Central Jersey College Prep Charter School,101 Mettlers Road,Somerset,NJ,08873,1235,80-6018-900
Monmouth,Monmouth County Vocational School District,Academy of Law & Public Safety,255 West End Avenue,Long Branch,NJ,07740,,25-3260-301
Morris,Hanover Township School District,Salem Drive School,29 SALEM DRIVE,WHIPPANY,NJ,07981,,27-2000-060
Camden,Collingswood Public School District,Collingswood Middle School,414 COLLINGS AVE,COLLINGSWOOD,NJ,08108,,07-0940-040
Ocean,Toms River Regional School District,West Dover Elementary School,50 BLUE JAY DRIVE,TOMS RIVER,NJ,08753,,29-5190-120
Warren,Franklin Township School District,Franklin Township School,52 ASBURY  BROADWAY ROAD,WASHINGTON,NJ,07882,,41-1620-050
Mercer,Hamilton Township Public School District,Albert E Grice Middle School,901 WHITEHORSE HAMILTON SQ,HAMILTON,NJ,08610,1426,21-1950-070
Mercer,Mercer County Special Services School District,Mercer High School,1030 Old Trenton Road,Hamilton,NJ,08690,1230,21-3103-055
Ocean,Brick Township Public School District,Emma Havens Young Elementary School,43 DRUM POINT RD,BRICK,NJ,08723,6021,29-0530-035
Ocean,Southern Regional School District,Southern Regional High School,90 CEDAR BRIDGE ROAD,MANAHAWKIN,NJ,08050,3022,29-4950-050
Gloucester,Logan Township School District,Logan Middle School,110 School Lane,Logan Township,NJ,08085,,15-2750-300
Essex,West Orange Public Schools,West Orange High School,51 CONFORTI AVE,WEST ORANGE,NJ,07052,2829,13-5680-050
Monmouth,Middletown Township Public School District,Thorne Middle School,70 MURPHY ROAD,PORT MONMOUTH,NJ,07758,1099,25-3160-059
Bergen,Fair Lawn Public School District,Westmoreland Elementary School,16-50 Parmelee Ave.,FAIR LAWN,NJ,07410,,03-1450-160
Ocean,Little Egg Harbor Township School District,Frog Pond Elementary School,305 FROG POND ROAD,LITTLE EGG HARBOR,NJ,08087,,29-2690-030
Camden,Camden City School District,Henry L. Bonsall Family School,1575 Mount Ephraim Avenue,Camden,NJ,08103,,07-0680-301
Passaic,Northern Region Educational Services Commission,Skylands School for the Exceptional,c/o Butler High School,Butler,NJ,07405,,31-3975-090
Morris,Randolph Township School District,Center Grove School,25 SCHOOL HOUSE ROAD,RANDOLPH,NJ,07869,,27-4330-057
Union,Roselle Park Public School District,"Ernest J. Finizio, Jr. - Aldene School",339 West Webster Avenue,ROSELLE PARK,NJ,07204,1617,39-4550-060
Gloucester,Greenwich Township School District,Broad Street Elementary School,255 WEST BROAD ST,GIBBSTOWN,NJ,08027,,15-1830-050
Camden,Stratford School District,Samuel S. Yellin Elementary School,111 WARWICK ROAD,STRATFORD,NJ,08084,,07-5080-060
Gloucester,Washington Township School District,Whitman Elementary School,827 WHITMAN SCHOOL DR,TURNERSVILLE,NJ,08012,1186,15-5500-070
Ocean,Lacey Township School District,Lanoka Harbor Elementary School,281 MANCHESTER AVE,LANOKA HARBOR,NJ,08734,,29-2480-060
Mercer,Hopewell Valley Regional School District,Hopewell Elementary School,35 PRINCETON AVENUE,HOPEWELL,NJ,08525,,21-2280-055
Middlesex,Perth Amboy Public School District,Edmund Hmieleski Early Childhood Center,925 AMBOY AVENUE,PERTH AMBOY,NJ,08861,,23-4090-080
Hudson,Kearny,Franklin Elementary School,100 DAVIS AVE,KEARNY,NJ,07032,3328,17-2410-070
Essex,Irvington Public School District,Union Avenue Middle School,427     UNION AVE,IRVINGTON,NJ,07111,2811,13-2330-140
Bergen,New Milford Public School District,Bertrand F. Gibbs Elementary School,195 SUTTON PLACE,NEW MILFORD,NJ,07646,,03-3550-070
Middlesex,Old Bridge Township School District,Memorial Elementary School,11 ELY AVE,LAURENCE HARBOR,NJ,08879,,23-3845-130
Mercer,Hamilton Township Public School District,Klockner Elementary School,830 KLOCKNER AVENUE,HAMILTON,NJ,08619,2933,21-1950-160
Monmouth,Fair Haven School District,Viola L Sickles School,25 WILLOW STREET,FAIR HAVEN,NJ,07704,3599,25-1440-060
Burlington,Bordentown Regional School District,Bordentown Regional High School,318 WARD AVE,BORDENTOWN,NJ,08505,9615,05-0475-050
Warren,Allamuchy Township School District,Mountain Villa School,1686 County Rt 517,Allamuchy,NJ,07820,,41-0030-020
Hudson,Jersey City Public Schools,Middle School # 4,107 BRIGHT STREET,JERSEY CITY,NJ,07302,,17-2390-105
Bergen,Bergenfield Borough School District,Jefferson Elementary School,200 HICKORY AVENUE,BERGENFIELD,NJ,07621,,03-0300-060
Burlington,Chesterfield Township School District,Chesterfield Township Elementary School,30 Saddle Way,Chesterfield,NJ,08515,,05-0830-025
Camden,Camden City School District,Early Childhood Development Center,1602 Pine Street,CAMDEN,NJ,08103,,07-0680-025
Middlesex,Edison Township School District,Benjamin Franklin Elementary School,2485 WOODBRIDGE AVENUE,EDISON,NJ,08817,,23-1290-065
Charters,Benjamin Banneker Preparatory Charter School,Benjamin Banneker Preparatory Charter School,300 Willingboro Way,Willingboro,NJ,08046,,80-6076-961
Mercer,Hamilton Township Public School District,Hamilton East - Steinert,2900 KLOCKNER ROAD,HAMILTON,NJ,08690,,21-1950-050
Morris,Rockaway Township School District,Katharine D Malone Elementary School,524 GREEN POND ROAD,ROCKAWAY,NJ,07866,,27-4490-030
Hudson,Jersey City Public Schools,"Whitney M. Young, Jr. School",135 STEGMAN ST,JERSEY CITY,NJ,07305,3208,17-2390-170
Ocean,Eagleswood Township School District,Eagleswood Elementary School,511 ROUTE 9,WEST CREEK,NJ,08092,,29-1150-020
Passaic,Paterson Public School District,Eastside High School,150 Park Avenue,Paterson,NJ,07501,,31-4010-040
Essex,Millburn Township School District,Millburn Middle School,25 OLD SHORT HILLS RD,MILLBURN,NJ,07041,,13-3190-060
Bergen,Mahwah Township Public School District,Ramapo Ridge,150 RIDGE ROAD,MAHWAH,NJ,07430,,03-2900-076
Morris,Pequannock Township School District,Pequannock Valley School,493 Newark Pompton Tpke.,Pompton Plains,NJ,07444,1923,27-4080-080
Sussex,Ogdensburg Borough School District,Ogdensburg Borough School,100 MAIN STREET,OGDENSBURG,NJ,07439,,37-3840-050
Cape May,Middle Township Public School District,Middle Township Elementary #1,215 ELDREDGE ROAD,CAPE MAY COURT HOUSE,NJ,08210,,09-3130-080
Middlesex,Woodbridge Township School District,Fords Middle School,FANNING STREET,FORDS,NJ,08863,,23-5850-070
Morris,Roxbury Township School District,Roxbury High School,ONE BRYANT DRIVE,SUCCASUNNA,NJ,07876,1640,27-4560-050
Burlington,Burlington Township School District,Fountain Woods Elementary School,601 FOUNTAIN AVENUE,BURLINGTON,NJ,08016,,05-0620-037
Bergen,Lyndhurst Public School District,Lyndhurst Middle School,625 Page Avenue,Lyndhurst,NJ,07071,,03-2860-302
Cape May,Wildwood City School District,Wildwood High School,4300 PACIFIC AVE,WILDWOOD,NJ,08260,,09-5790-050
Morris,Mount Olive Township School District,Mount Olive High School,18 COREY ROAD,FLANDERS,NJ,07836,,27-3450-010
Essex,West Orange Public Schools,Gregory Elementary School,301 GREGORY AVE,W ORANGE,NJ,07052,4439,13-5680-120
Essex,Newark Public School District,Early Childhood School - West,26 Speedway Avenue,Newark,NJ,07106,,13-3570-308
Atlantic,Egg Harbor City School District,Charles L. Spragg School,601 BUFFALO AVE,EGG HARBOR CITY,NJ,08215,2105,01-1300-020
Somerset,Manville School District,Manville High School,1100 Brooks Boulevard,Manville,NJ,08835,,35-3000-050
Union,Elizabeth Public Schools,Christopher Columbus School No. 15,511 THIRD AVE,ELIZABETH,NJ,07202,3907,39-1320-180
Burlington,Tabernacle Township School District,Kenneth R. Olson Middle School,132 NEW ROAD,TABERNACLE,NJ,08088,,05-5130-040
Burlington,Mount Laurel Township School District,Hartford Upper Elementary School,397 HARTFORD ROAD,MOUNT LAUREL,NJ,08054,,05-3440-047
Mercer,Area Vocational Technical Schools of Mercer County,Mercer County Technical School STEM Academy,229 Bull Run Road,Pennington,NJ,08534,,21-3105-302
Middlesex,Old Bridge Township School District,Walter M. Schirra Elementary School,ONE AWN ST,OLD BRIDGE,NJ,08857,1819,23-3845-165
Salem,UPPER PITTSGROVE TWP School District,Upper Pittsgrove School,235 PINE TAVERN ROAD,MONROEVILLE,NJ,08343,9402,33-5320-070
Charters,Hoboken Charter School,Hoboken Charter School,713 Washington St,Hoboken,NJ,07030,,80-6720-930
Gloucester,West Deptford Township School District,Red Bank Elementary School,192 PHILADELPHIA AVE,WEST DEPTFORD,NJ,08086,9703,15-5620-111
Ocean,Southern Regional School District,Southern Regional Middle School,75 CEDAR BRIDGE ROAD,MANAHAWKIN,NJ,08050,3056,29-4950-060
Cumberland,Cumberland County Board of Vocational Education,Cumberland County Technical Education Center,3400 College Drive,Millville,NJ,08332,,11-0995-030
Atlantic,Greater Egg Harbor Regional High School District,Cedar Creek High School,1701 New York Ave.,EGG HARBOR CITY,NJ,08215,1606,01-1790-060
Ocean,Brick Township Public School District,Herbertsville Elementary School,2282 LANES MILL RD,BRICK,NJ,08724,1003,29-0530-040
Bergen,Upper Saddle River School District,Emil A. Cavallini Middle School,392 W  SADDLE RIVER RD,UPPER SADDLE RIVER,NJ,07458,,03-5330-050
Morris,Mount Arlington Public School District,Mount Arlington Public School,235 HOWARD BOULEVARD,MT  ARLINGTON,NJ,07856,,27-3410-050
Union,Elizabeth Public Schools,Admiral William F. Halsey Jr. Health & Public Safety Academy,641 South Street,Elizabeth,NJ,07202,,39-1320-402
Burlington,Medford Township School District,Haines Sixth Grade Center,162 STOKES ROAD,MEDFORD,NJ,08055,,05-3080-050
Morris,East Hanover Township School District,Frank J Smith Elementary,27 GREEN DRIVE,EAST HANOVER,NJ,07936,3798,27-1190-035
Warren,Phillipsburg School District,Phillipsburg Middle School,200 Hillcrest Blvd.,PHILLIPSBURG,NJ,08865,,41-4100-110
Essex,Newark Public School District,Abington Avenue School,209 ABINGTON AVE,NEWARK,NJ,07107,2507,13-3570-170
Camden,Camden City School District,Cooper's Poynt Family School,201 State Street,CAMDEN,NJ,08102,,07-0680-165
Sussex,Lafayette Township School District,Lafayette Township School,178 BEAVER RUN ROAD,LAFAYETTE,NJ,07848,,37-2490-050
Mercer,Mercer County Special Services School District,Mercer Elementary School,1020 Old Trenton Road,Hamilton,NJ,08690,,21-3103-070
Essex,Newark Public School District,Newark School of Fashion & Design,239 Woodside Avenue,Newark,NJ,07104,,13-3570-319
Charters,College Achieve Greater Asbury Park Charter School,College Achieve Greater Asbury Park Charter School,3455 W. Bangs Avenue,Neptune,NJ,07753,,80-7891-904
Burlington,Moorestown Township Public School District,Mary E. Roberts Elementary School,290 CRESCENT AVENUE,MOORESTOWN,NJ,08057,,05-3360-100
Middlesex,New Brunswick School District,New Brunswick Middle School,1125 Livingston Avenue,NEW BRUNSWICK,NJ,08901,,23-3530-055
Sussex,Byram Township School District,Byram Lakes Elementary School,11 MANSFIELD DRIVE,STANHOPE,NJ,07874,,37-0640-010
Ocean,Brick Township Public School District,Brick Township Memorial High School,2001 LANES MILL RD,BRICK,NJ,08724,1405,29-0530-025
Hudson,Bayonne School District,Walter F. Robinson Community School,95 WEST 31ST STREET,BAYONNE,NJ,07002,,17-0220-030
Mercer,West Windsor-Plainsboro Regional School District,Dutch Neck Elementary School,392 VILLAGE ROAD EAST,West Windsor,NJ,08550,,21-5715-030
Ocean,Toms River Regional School District,Toms River High School South,55 HYERS STREET,TOMS RIVER,NJ,08753,,29-5190-050
Atlantic,Galloway Township Public Schools,Smithville Elementary School,37 S  OLD PORT REPUBLIC ROAD,GALLOWAY,NJ,08205,,01-1690-048
Burlington,Medford Township School District,Chairville Elementary School,36 CHAIRVILLE ROAD,MEDFORD,NJ,08055,,05-3080-030
Burlington,Mount Holly Township Public School District,F. W. Holbein Middle School,333 LEVIS DRIVE,MOUNT HOLLY,NJ,08060,,05-3430-060
Salem,Woodstown-Pilesgrove Regional School District,Woodstown High School,WOODSTOWN HIGH SCHOOL,WOODSTOWN,NJ,08098,1392,33-5910-050
Middlesex,Woodbridge Township School District,Pennsylvania Avenue Elementary School,PENNSYLVANIA AVENUE,COLONIA,NJ,07067,,23-5850-260
Union,Elizabeth Public Schools,iPrep Academy School No 8,221-227 Court Street,Elizabeth,NJ,07206,,39-1320-301
Gloucester,Gloucester County Vocational-Technical School District,Gloucester County Institute of Technology,1360 Tanyard Road,Sewell,NJ,08080,9510,15-1775-010
Monmouth,Marlboro Township School District,Marlboro Middle School,355 COUNTY ROAD 520,MARLBORO,NJ,07746,1057,25-3030-050
Morris,West Morris Regional High School District,West Morris Mendham High School,65 EAST MAIN STREET,MENDHAM,NJ,07945,,27-5660-050
Bergen,Englewood Public School District,Janis E. Dismus Middle School,325 Tryon Avenue,ENGLEWOOD,NJ,07631,,03-1370-076
Burlington,Mansfield Township School District,Mansfield Township Elementary School,200 MANSFIELD ROAD EAST,COLUMBUS,NJ,08022,,05-2960-040
Camden,Woodlynne School District,Woodlynne Boro Public School,131 ELM AVENUE,WOODLYNNE,NJ,08107,,07-5900-050
Union,Linden Public School District,Number 5,1014 BOWER STREET,LINDEN,NJ,07036,,39-2660-120
Gloucester,Glassboro School District,Glassboro High School,560 Joseph L Bowe Blvd,Glassboro,NJ,08028,,15-1730-050
Cumberland,Deerfield Township School District,Deerfield Township School District,419  MORTON AVE,ROSENHAYN,NJ,08352,0375,11-1020-040
Somerset,Hillsborough Township Public School District,Hillsborough Township Middle School,260 Triangle Road,Hillsborough,NJ,08844,,35-2170-035
Cumberland,Millville School District,Millville Senior High School,200 WADE BLVD,MILLVILLE,NJ,08332,2206,11-3230-050
Middlesex,Highland Park Boro School District,Bartle Elementary School,435 MANSFIELD STREET,HIGHLAND PARK,NJ,08904,,23-2150-085
Burlington,Medford Township School District,Taunton Forge Elementary School,32 EVERGREEN TRAIL,MEDFORD,NJ,08055,,05-3080-070
Monmouth,Freehold Township School District,Laura Donovan School,237 STONEHURST BLVD,FREEHOLD,NJ,07728,3198,25-1660-026
Hudson,Jersey City Public Schools,Charles E. Trefurt School,96 FRANKLIN ST,JERSEY CITY,NJ,07307,,17-2390-120
Atlantic,Buena Regional School District,Collings Lakes Elementary School,620 CAINS MILL RD  & LAKE GEOR,WILLIAMSTOWN,NJ,08094,8419,01-0590-045
Bergen,Tenafly Public School District,Tenafly Middle School,10 SUNSET LANE,TENAFLY,NJ,07670,,03-5160-095
Monmouth,Howell Township Public School District,Greenville Elementary School,210 RAMTOWN  GREENVILLE ROAD,HOWELL,NJ,07731,,25-2290-012
Morris,School District of the Chathams,Southern Boulevard School,192 SOUTHERN BOULEVARD,CHATHAM,NJ,07928,1324,27-0785-080
Bergen,South  Bergen Jointure Commission School District,Maywood Campus,404 MAYWOOD AVENUE,MAYWOOD,NJ,07607,,03-4845-060
Ocean,Ocean County Vocational Technical School District,Performing Arts Academy of the Ocean County Vocational Tech,Joint Base McGuire-Dix-Lakehurst,LAKEHURST,NJ,08733,,29-3790-055
Warren,Washington Borough School District,Taylor Street Elementary School,16  24 TAYLOR STREET,WASHINGTON,NJ,07882,1494,41-5480-060
Hunterdon,High Bridge Borough School District,High Bridge Middle School,50 THOMAS ST,HIGH BRIDGE,NJ,08829,2010,19-2140-055
Bergen,Elmwood Park School District,Gilbert Avenue School,151 GILBERT AVENUE,ELMWOOD PARK,NJ,07407,,03-1345-080
Mercer,Hamilton Township Public School District,Morgan Elementary School,38 STAMFORD ROAD,HAMILTON,NJ,08619,1446,21-1950-220
Mercer,Hamilton Township Public School District,Yardville Heights Elementary School,3880 SOUTH BROAD STREET,HAMILTON,NJ,08620,2502,21-1950-270
Passaic,Wayne Township Public School District,Randall Carter Elementary School,531 ALPS ROAD,WAYNE,NJ,07470,4672,31-5570-135
Burlington,Willingboro Public School District,Willingboro High School,20 JFK WAY,WILLINGBORO,NJ,08046,2121,05-5805-053
Bergen,Leonia Public School District,Leonia High School,100 Christie Heights Street,Leonia,NJ,07605,1525,03-2620-050
Bergen,Pascack Valley Regional High School District,Pascack Valley High School,200 Piermont Avenue,Hillsdale,NJ,07642,,03-3960-050
Charters,Millville Public Charter School,Millville Public Charter School,1101 Wheaton Avenue,Millville,NJ,08332,,80-6069-952
Burlington,Moorestown Township Public School District,Moorestown Upper Elementary School,325 BORTON LANDING ROAD,MOORESTOWN,NJ,08057,,05-3360-115
Passaic,Passaic City School District,Passaic Preparatory Academy,252 Boulevard,Passaic,NJ,07055,,31-3970-302
Passaic,Clifton Public School District,School #13,782 VAN HOUTEN AVENUE,CLIFTON,NJ,07013,,31-0900-180
Charters,Jersey City Global Charter School,Jersey City Global Charter School,255 Congress Street,Jersey City,NJ,07307,,80-6093-981
Burlington,Evesham Township School District,Frances DeMasi Elementary School,199 EVESBORO  MEDFORD RD,MARLTON,NJ,08053,,05-1420-030
Monmouth,Township of Ocean School District,Ocean Township Elementary School,555 DOW AVENUE,OAKHURST,NJ,07755,1199,25-3810-060
Middlesex,Woodbridge Township School District,Lafayette Estates Elementary School,FORD AVENUE,FORDS,NJ,08863,,23-5850-200
Essex,Essex Regional Educational Services Commission,Essex Campus Academy,369 PASSAIC AVENUE,FAIRFIELD,NJ,07004,,13-1387-020
Mercer,Trenton Public School District,Jefferson Elementary School,1 Whittlesey Road,Trenton,NJ,08618,,21-5210-230
Hudson,Jersey City Public Schools,Dr. Michael Conti School,182 MERSELES ST,JERSEY CITY,NJ,07302,2235,17-2390-110
Middlesex,Old Bridge Township School District,Southwood Elementary School,64 SOUTHWOOD DR,OLD BRIDGE,NJ,08857,1453,23-3845-150
Monmouth,Neptune Township School District,Neptune Middle School,2300 HECK AVENUE,NEPTUNE,NJ,07753,4493,25-3510-055
Essex,Glen Ridge Public School District,Glen Ridge High School,200 RIDGEWOOD AVE,GLEN RIDGE,NJ,07028,1228,13-1750-050
Middlesex,Edison Township School District,James Monroe Elementary School,7 Sharp Rd,Edison,NJ,08837,,23-1290-093
Union,Union County Vocational-Technical School District,Academy For Performing Arts,1776 RARITAN ROAD,SCOTCH PLAINS,NJ,07076,2997,39-5260-035
Middlesex,South Plainfield School District,Franklin Elementary School,1000 FRANKLIN AVE,SOUTH PLAINFIELD,NJ,07080,,23-4910-060
Hudson,Hudson County Schools of Technology School District,Academy of Career and Technical Education,One High Tech Way,Secaucus,NJ,07094,,17-2295-300
Passaic,Paterson Public School District,Alternative High School,350 MARKET STREET,PATERSON,NJ,07501,,31-4010-006
Essex,Livingston Board of Education School District,Mount Pleasant Middle School,11 BROADLAWN DR,LIVINGSTON,NJ,07039,3117,13-2730-060
Warren,White Township Consolidated School District,White Township Consolidated School,565 CR 519,BELVIDERE,NJ,07823,9798,41-5780-050
Bergen,Tenafly Public School District,Malcolm S Mackay School,111 JEFFERSON AVENUE,TENAFLY,NJ,07670,,03-5160-080
Bergen,Ridgewood Public School District,Ridge Elementary School,325 WEST RIDGEWOOD AVE,RIDGEWOOD,NJ,07450,3624,03-4390-090
Ocean,Jackson Township School District,Howard C. Johnson Elementary School,1021 Larsen Road,Jackson,NJ,08527,3497,29-2360-044
Middlesex,Highland Park Boro School District,Highland Park High School,102 NORTH FIFTH AVENUE,HIGHLAND PARK,NJ,08904,,23-2150-050
Ocean,Lakewood Township School District,Lakewood Middle School,755 SOMERSET AVENUE,LAKEWOOD,NJ,08701,,29-2520-083
Monmouth,Howell Township Public School District,Ramtown Elementary School,216 RAMTOWN -GREENVILLE ROAD,HOWELL,NJ,07731,0216,25-2290-035
Cape May,Wildwood City School District,Glenwood Avenue Elementary School,GLENWOOD & NEW YORK AVE,WILDWOOD,NJ,08260,,09-5790-060
Atlantic,Northfield City School District,Northfield Community Elementary School,2000 NEW ROAD,NORTHFIELD,NJ,08225,,01-3720-057
Ocean,Bay Head Borough School District,Bay Head Elementary,145 GROVE STREET,BAY HEAD,NJ,08742,,29-0210-020
Middlesex,East Brunswick Township School District,Bowne-Munro Elementary School,120 MAIN STREET,E BRUNSWICK,NJ,08816,,23-1170-060
Hunterdon,Readington Township School District,Readington Middle School,48 READINGTON RD,WHITEHOUSE STATION,NJ,08889,,19-4350-050
Essex,South Orange-Maplewood School District,South Mountain Elementary School,444  WEST SOUTH ORANGE AVE,S ORANGE,NJ,07079,1234,13-4900-140
Burlington,Palmyra Public School District,Palmyra Middle School,311 W 5th Street,Palmyra,NJ,08065,,05-3920-300
Essex,Millburn Township School District,Washington School,71 Spring Street,Millburn,NJ,07041,,13-3190-300
Charters,University Heights Charter School,University Heights Charter School,74 HARTFORD STREET,NEWARK,NJ,07103,,80-8065-980
Warren,Belvidere School District,Third Street School,300 THIRD STREET,BELVIDERE,NJ,07823,,41-0280-050
Hunterdon,Bloomsbury Borough School District,Bloomsbury Borough School,20 Main Street,Bloomsbury,NJ,08804,9538,19-0430-020
Burlington,Edgewater Park Township School District,Samuel M Ridgway Middle School,300 DELANCO RD,EDGEWATER PARK,NJ,08010,,05-1280-070
Morris,Mendham Borough School District,Mountain View School,100 DEAN ROAD,MENDHAM,NJ,07945,1626,27-3090-060
Middlesex,Educational Services Commission of New Jersey,Center for Lifelong Learning,333 CHEESEQUAKE RD,PARLIN,NJ,08859,,23-3145-031
Morris,Kinnelon School District,Kiel Elementary School,115 KIEL AVENUE,KINNELON,NJ,07405,,27-2460-060
Morris,Jefferson Township Public School District,Jefferson Township Middle School,1000 WELDON ROAD,OAK RIDGE,NJ,07438,9511,27-2380-045
Camden,Cherry Hill School District,Kingston Elementary School,320 Kingston Rd.,CHERRY HILL,NJ,08034,1600,07-0800-110
Middlesex,South River Public School District,South River Elementary School,81 JOHNSON PLACE,SOUTH RIVER,NJ,08882,,23-4920-065
Camden,Gloucester Township Public Schools,Gloucester Township Elementary School,270 SOUTH BLACK HORSE PIKE,BLACKWOOD,NJ,08012,2996,07-1780-070
Middlesex,Woodbridge Township School District,Claremont Avenue Elementary School,CLAREMONT AVENUE,COLONIA,NJ,07067,,23-5850-120
Essex,Nutley Public School District,Nutley High School,300 FRANKLIN AVE,NUTLEY,NJ,07110,2734,13-3750-050
Atlantic,Galloway Township Public Schools,Roland Rogers Elementary School,105 S  REEDS ROAD,GALLOWAY,NJ,08205,,01-1690-046
Gloucester,Mantua Township School District,Centre City Elementary School,301 COLUMBUS DR,MANTUA,NJ,08051,,15-2990-030
Monmouth,Freehold Borough School District,Park Avenue Elementary School,280 Park Ave.,Freehold,NJ,07728,2006,25-1640-070
Sussex,Sparta Township Public School District,Helen Morgan School,100 STANHOPE ROAD,SPARTA,NJ,07871,,37-4960-060
Hudson,North Bergen School District,North Bergen High School,7417 KENNEDY BLVD,N BERGEN,NJ,07047,5916,17-3610-050
Atlantic,Pleasantville Public School District,Pleasantville High School,701 MILL ROAD,PLEASANTVILLE,NJ,08232,,01-4180-050
Essex,East Orange School District,Langston Hughes Elementary School,160 Rhode Island Avenue,EAST ORANGE,NJ,07018,2438,13-1210-080
Gloucester,Paulsboro School District,Paulsboro Junior High School,670 N Delaware Street,Paulsboro,NJ,08066,,15-4020-300
Salem,Salem County Special Services School District,Alternative Middle & High School,Salem Community College,Carney's Point,NJ,08069,,33-4635-301
Bergen,Cresskill Public School District,Cresskill Middle School,1 LINCOLN DR,CRESSKILL,NJ,07626,,03-0990-045
Somerset,Branchburg Township School District,Whiton Elementary School,470 Whiton Road,NESHANIC STATION,NJ,08853,,35-0510-090
Ocean,Jackson Township School District,Jackson Liberty High School,125 North Hope Chapel Road,Jackson,NJ,08527,3497,29-2360-025
Essex,Caldwell-West Caldwell School District,James Caldwell High School,265 WESTVILLE AVE,WEST CALDWELL,NJ,07006,,13-0660-050
Bergen,Bergen County Vocational Technical School District,Applied Technology High School,400 Paramus Road,Paramus,NJ,07652,,03-0290-300
Burlington,Pemberton Township School District,Isaiah Haines,125 B Trenton Rd.,Browns Mills,NJ,08015,,05-4050-301
Ocean,Lacey Township School District,Lacey Township High School,73 HAINES STREET,LANOKA HARBOR,NJ,08734,,29-2480-020
Burlington,Riverton School District,Riverton School District,600 FIFTH STREET,RIVERTON,NJ,08077,,05-4460-050
Bergen,Palisades Park School District,Charles R Smith Early Childhood Center,271 SECOND STREET,PALISADES PARK,NJ,07650,,03-3910-080
Atlantic,Folsom Borough School District,Folsom Elementary School,1357 Mays Landing Road,Folsom,NJ,08037,,01-1540-050
Essex,Newark Public School District,Oliver Street School,86 OLIVER ST,NEWARK,NJ,07105,,13-3570-590
Middlesex,South River Public School District,South River Primary School,22 DAVID STREET,SOUTH RIVER,NJ,08882,,23-4920-070
Monmouth,Freehold Borough School District,Freehold Intermediate School,280 PARK AVENUE,FREEHOLD,NJ,07728,2096,25-1640-060
Union,Scotch Plains-Fanwood School District,William J. McGinn Elementary School,1100 ROOSEVELT AVENUE,SCOTCH PLAINS,NJ,07076,,39-4670-105
Camden,Barrington School District,Woodland Middle School,1 SCHOOL LANE,BARRINGTON,NJ,08007,,07-0190-030
Somerset,Franklin Township Public Schools,Elizabeth Avenue School,363 Elizabeth Avenue,Somerset,NJ,08873,1105,35-1610-070
Middlesex,North Brunswick Township School District,Arthur M. Judd,1595 ROOSEVELT AVENUE,NORTH BRUNSWICK,NJ,08902,,23-3620-055
Middlesex,Middlesex Borough School District,Parker Elementary School,SOUTH LINCOLN AVENUE,MIDDLESEX,NJ,08846,,23-3140-070
Bergen,Rutherford School District,Union School,359 UNION AVE,RUTHERFORD,NJ,07070,1519,03-4600-100
Middlesex,Middlesex Borough School District,Watchung Elementary School,FISHER AVENUE,MIDDLESEX,NJ,08846,,23-3140-090
Mercer,Trenton Public School District,Joyce Kilmer School,1300 Stuyvesant Avenue,Trenton,NJ,08618,,21-5210-235
Passaic,Passaic City School District,William B. Cruise Memorial School No. 11,390 Gregory Ave.,Passaic,NJ,07055,,31-3970-140
Morris,School District of the Chathams,Milton Avenue School,16 MILTON AVENUE,CHATHAM,NJ,07928,,27-0785-060
Bergen,Allendale Public School District,Brookside School,100 Brookside Avenue,Allendale,NJ,07401,,03-0040-010
Morris,Morris Hills Regional School District,Morris Knolls High School,50 KNOLL DRIVE,DENVILLE,NJ,07834,4099,27-3370-060
Monmouth,Colts Neck Township School District,Conover Road Elementary School,76 CONOVER ROAD,COLTS NECK,NJ,07722,1250,25-0945-050
Hudson,Jersey City Public Schools,Lincoln High School,60 CRESCENT AVE,JERSEY CITY,NJ,07304,2925,17-2390-070
Union,Kenilworth School District,Warren G. Harding Elementary School,426 Boulevard,Kenilworth,NJ,07033,1529,39-2420-050
Union,Garwood Boro,Lincoln,400 SECOND AVENUE,GARWOOD,NJ,07027,,39-1710-050
Union,Plainfield Public School District,Charles H. Stillman Elementary School,201 W FOURTH ST,PLAINFIELD,NJ,07060,4235,39-4160-170
Gloucester,Delsea Regional High School District,Delsea Regional High School,242 FRIES MILL RD,FRANKLINVILLE,NJ,08322,9139,15-4940-050
Morris,Dover Public School District,North Dover Elementary School,51 HIGHLAND AVENUE,DOVER,NJ,07801,,27-1110-070
Bergen,Cliffside Park School District,School #4,279 COLUMBIA AVENUE,CLIFFSIDE PARK,NJ,07010,,03-0890-060
Salem,Salem County Special Services School District,Salem Campus,45 Cheney Road,WOODSTOWN,NJ,08098,9451,33-4635-009
Mercer,Lawrence Township Public School District,Eldridge Park School,55 LAWN PARK AVE,LAWRENCEVILLE,NJ,08648,,21-2580-080
Monmouth,Manalapan-Englishtown Regional Schools School District,Milford Brook School,20 GLOBAR  TERRACE,Manalapan,NJ,07726,1599,25-2920-063
Middlesex,Woodbridge Township School District,Oak Ridge Heights Elementary School,720 INMAN AVENUE,COLONIA,NJ,07067,,23-5850-240
Morris,Randolph Township School District,Ironia School,303 DOVER  CHESTER ROAD,RANDOLPH,NJ,07869,,27-4330-070
Bergen,Fairview Public School District,Lincoln School Annex,130 HAMILTON AVENUE,FAIRVIEW,NJ,07022,,03-1470-065
Monmouth,Freehold Borough School District,Freehold Learning Center,30 Dutch Lane Rd.,Freehold,NJ,07728,2212,25-1640-040
Middlesex,Edison Township School District,Lindeneau Elementary School,50 BLOSSOM STREET,EDISON,NJ,08817,,23-1290-103
Mercer,Trenton Public School District,Wilson Elementary School,175 Girard Avenue,Trenton,NJ,08638,3431,21-5210-310
Union,Summit Public School District,Lawton C. Johnson Summit Middle School,272 MORRIS AVE,SUMMIT,NJ,07901,2526,39-5090-060
Essex,Newark Public School District,Ironbound Academy Elementary School,366 East Kinney Street,Newark,NJ,07105,,13-3570-322
Passaic,Passaic City School District,Abraham Lincoln School Number 24,36 Parker Ave,Passaic,NJ,07055,,31-3970-304
Passaic,Paterson Public School District,School 7,106 RAMSEY STREET,PATERSON,NJ,07501,,31-4010-110
Charters,The Village Charter School,The Village Charter School,101 SULLIVAN WAY,TRENTON,NJ,08638,,80-8140-990
Camden,Collingswood Public School District,James A. Garfield Elementary School,480 HADDON AVE,COLLINGSWOOD,NJ,08108,,07-0940-050
Salem,Pittsgrove Township School District,Pittsgrove Township Middle School,1082 ALMOND ROAD,PITTSGROVE,NJ,08318,,33-4150-070
Monmouth,LONG BRANCH PUBLIC SCHOOL District,Long Branch Middle School,350 INDIANA AVENUE,LONG BRANCH,NJ,07740,6192,25-2770-060
Monmouth,Howell Township Public School District,Ardena Elementary School,355 ADELPHIA ROAD,FARMINGDALE,NJ,07727,3528,25-2290-010
Gloucester,West Deptford Township School District,West Deptford Middle School,675 GROVE RD,WEST DEPTFORD,NJ,08066,1925,15-5620-130
Passaic,Paterson Public School District,School of Education and Training,61-127 PREAKNESS AVENUE,PATERSON,NJ,07502,,31-4010-305
Cumberland,Millville School District,Child Family Center,1100 COOMBS RD.,MILLVILLE,NJ,08332,,11-3230-068
Monmouth,Roosevelt Borough Public School District,Roosevelt Public School,SCHOOL LANE,ROOSEVELT,NJ,08555,0160,25-4520-050
Somerset,Hillsborough Township Public School District,Hillsborough Township Elementary School,435 Route 206,Hillsborough,NJ,08844,,35-2170-040
Ocean,Manchester Township School District,Manchester Township Elementary School,101 N  COLONIAL DRIVE,MANCHESTER,NJ,08733,,29-2940-043
Camden,Audubon Public School Disrict,Mansion Avenue School,300 MANSION AVENUE,AUDUBON,NJ,08106,,07-0150-050
Hudson,Jersey City Public Schools,Martin Center for the Arts,59 WILKINSON AVE,JERSEY CITY,NJ,07305,4227,17-2390-347
Passaic,Paterson Public School District,School 16,11 22ND AVENUE,PATERSON,NJ,07513,,31-4010-309
Somerset,Branchburg Township School District,Stony Brook School,136 Cedar Grove Road,BRANCHBURG,NJ,08876,,35-0510-060
Hudson,Bayonne School District,Horace Mann Community School,25 WEST 38TH STREET,BAYONNE,NJ,07002,,17-0220-060
Bergen,Elmwood Park School District,Gantner Avenue School,99 ROOSEVELT AVE,ELMWOOD PARK,NJ,07407,1152,03-1345-070
Hudson,West New York Board of Education,Robert Menendez Elementary School,600 55TH ST,WEST NEW YORK,NJ,07093,4626,17-5670-070
Union,Elizabeth Public Schools,Jerome Dunn Academy No 9,125 Third Street,Elizabeth,NJ,07206,,39-1320-302
Essex,Millburn Township School District,Hartshorn School,400 HARTSHORN DRIVE,SHORT HILLS,NJ,07078,,13-3190-080
Essex,South Orange-Maplewood School District,Marshall Elementary School,262 GROVE RD,S ORANGE,NJ,07079,2367,13-4900-100
Camden,Haddonfield School District,Central School,THREE LINCOLN AVENUE,HADDONFIELD,NJ,08033,,07-1900-060
Morris,Montville Township School District,Valley View School,30 MONTGOMERY AVENUE,MONTVILLE TOWNSHIP,NJ,07045,,27-3340-055
Monmouth,Middletown Township Public School District,Fairview Elementary School,230 COOPER ROAD,RED BANK,NJ,07701,6010,25-3160-090
Charters,Union County TEAMS Charter School-High School/College LA,Union County TEAMS Charter School,515  517 WEST FOURTH STREET,PLAINFIELD,NJ,07060,,80-8010-980
Morris,Morris School District,Sussex Avenue School,125 SUSSEX AVENUE,MORRISTOWN,NJ,07960,,27-3385-105
Camden,Audubon Public School District,Audubon Park Preschool,2 Road C,Audubon Park,NJ,08106,,07-0150-300
Mercer,Hamilton Township Public School District,University Heights Elementary School,645 PAXSON AVENUE,HAMILTON,NJ,08690,,21-1950-250
Monmouth,Shore Regional High School District,Shore Regional High School,132 MONMOUTH PARK HIGHWAY 36,WEST LONG BRANCH,NJ,07764,1396,25-4760-050
Morris,Rockaway Township School District,Catherine A Dwyer Elementary School,665 MT  HOPE AVENUE,WHARTON,NJ,07885,,27-4490-019
Essex,East Orange School District,Dionne Warwick Institute,120 CENTRAL AVE,EAST ORANGE,NJ,07018,3939,13-1210-110
Monmouth,Hazlet Township Public School District,Raritan Valley School,37 CRESCI BLVD,HAZLET,NJ,07730,1168,25-2105-095
Camden,Camden City School District,Pride Academy,1701 South 6th Street,Camden,NJ,08104,,07-0680-303
Ocean,Lavallette Borough School District,Lavallette Elementary School,105 Brooklyn Ave.,Lavallette,NJ,08735,2321,29-2550-050
Bergen,Westwood Regional School District,Berkeley Elementary,47 BERKELEY AVE,WESTWOOD,NJ,07675,2401,03-5755-060
Ocean,Brick Township Public School District,Veterans Memorial Middle School,105 HENDRICKSON AVENUE,BRICK TOWN,NJ,08724,,29-0530-090
Charters,Hoboken Dual Language Charter School,Hoboken Dual Language Charter School,123 Jefferson Street,HOBOKEN,NJ,07030,,80-6036-921
Morris,Chester School District,Dickerson Elementary School,250 Rt. 24,Chester,NJ,07930,,27-0820-040
Ocean,Central Regional School District,Central Regional High School,509 FOREST HILLS PARKWAY,BAYVILLE,NJ,08721,,29-0770-030
Camden,Camden City School District,Morgan Village Middle School,990 Morgan Boulevard,Camden,NJ,08104,,07-0680-306
Monmouth,Manasquan School District,Manasquan High School,167 Broad Street,Manasquan,NJ,08736,2893,25-2930-050
Bergen,Ramsey School District,John Y Dater Elementary School,35 SCHOOL STREET,RAMSEY,NJ,07446,1833,03-4310-060
Warren,Phillipsburg School District,Philipsburg Primary School,1000 Green Street,PHILLIPSBURG,NJ,08865,1520,41-4100-070
Essex,East Orange School District,Gordon Parks Academy,98 GREENWOOD AVE,EAST ORANGE,NJ,07017,5106,13-1210-130
Burlington,Northern Burlington County Regional School District,Northern Burlington County Regional High School,160 MANSFIELD ROAD EAST,COLUMBUS,NJ,08022,9738,05-3690-050
Passaic,Paterson Public School District,Dale Avenue,21 Dale Ave,PATERSON,NJ,07501,,31-4010-045
Cape May,Lower Cape May Regional School District,Lower Cape May Regional High School,687 RT 9,CAPE MAY,NJ,08204,,09-2820-050
Bergen,Westwood Regional School District,Washington Elementary School,600 SCHOOL STREET,TOWNSHIP OF WASHINGTON,NJ,07676,,03-5755-080
Burlington,Burlington Township School District,B. Bernice Young Elementary School,1203 NECK ROAD,BURLINGTON,NJ,08016,9741,05-0620-030
Passaic,Passaic County Vocational School District,Diana C. Lobosco STEM Academy,45 Reinhardt Road,Wayne,NJ,07470,2210,31-3995-300
Mercer,Ewing Township School District,Ewing High School,900 PARKWAY AVE,EWING,NJ,08618,2308,21-1430-050
Ocean,Manchester Township School District,Manchester Township Middle School,2759 RIDGEWAY RD,MANCHESTER,NJ,08759,,29-2940-045
Middlesex,Dunellen Public School District,Lincoln Middle School,400  Dunellen Avenue,DUNELLEN,NJ,08812,,23-1140-060
Cumberland,Vineland Public School District,Dane Barse Elementary School,240 S ORCHARD RD,VINELAND,NJ,08360,4337,11-5390-095
Atlantic,Hamilton Township School District,William Davies Middle School,1876 DR  DENNIS FOREMAN DRIVE,MAYS LANDING,NJ,08330,,01-1940-120
Atlantic,Mullica Township School District,Mullica Township Middle School,500 ELWOOD ROAD,ELWOOD,NJ,08217,0318,01-3480-025
Essex,South Orange-Maplewood School District,Tuscan Elementary School,25 HARVARD AVE,MAPLEWOOD,NJ,07040,3109,13-4900-150
Middlesex,Sayreville School District,Samsel Upper Elementary School,298 ERNSTON ROAD,PARLIN,NJ,08859,,23-4660-085
Passaic,Paterson Public School District,Young Men's Academy,13 WAGARAW BLVD,PROSPECT PARK,NJ,07508,,31-4010-303
Middlesex,Piscataway Township School District,Theodore Schor Middle School,243 NORTH RANDOLPHVILLE RD,PISCATAWAY,NJ,08854,,23-4130-057
Middlesex,Middlesex County Vocational and Technical School District,Middlesex County Voc Acad Allied Health & Biomedical Science,1 CONVERY BOULEVARD,WOODBRIDGE,NJ,07095,2650,23-3150-070
Morris,Randolph Township School District,Randolph Middle School,507 MILLBROOK AVENUE,RANDOLPH,NJ,07869,,27-4330-075
Camden,Audubon Public School Disrict,Haviland Avenue School,240 SOUTH HAVILAND AVENUE,AUDUBON,NJ,08106,,07-0150-040
Salem,Woodstown-Pilesgrove Regional School District,Woodstown Middle School,WOODSTOWN MIDDLE SCHOOL,WOODSTOWN,NJ,08098,1391,33-5910-070
Mercer,Area Vocational Technical Schools of Mercer County,MCVS Assunpink Center,1085 OLD TRENTON ROAD,TRENTON,NJ,08690,1229,21-3105-030
Passaic,Hawthorne Public School District,Roosevelt Elementary School,50 ROOSEVELT AVENUE,HAWTHORNE,NJ,07506,,31-2100-080
Monmouth,Fair Haven School District,Knollwood School,224 HANCE ROAD,FAIR HAVEN,NJ,07704,3198,25-1440-050
Essex,West Essex Regional School District,West Essex High School,65 WEST GREENBROOK RD,NORTH CALDWELL,NJ,07006,,13-5630-050
Gloucester,Washington Township School District,Bells Elementary School,227 GREENTREE RD,TURNERSVILLE,NJ,08012,,15-5500-025
Sussex,Sandyston-Walpack Consolidated School District,Sandyston Walpack Consolidated School,100 ROUTE 560,LAYTON,NJ,07851,,37-4650-050
Essex,Newark Public School District,Wilson Avenue School,19 WILSON AVE,NEWARK,NJ,07108,3214,13-3570-750
Bergen,Ridgewood Public School District,Travell Elementary School,340 BOGERT AVE,RIDGEWOOD,NJ,07451,,03-4390-110
Somerset,Warren Township School District,Woodland School,114 Stirling Road,Warren,NJ,07059,,35-5470-050
Camden,Bellmawr Public School District,Ethel M Burke Elementary School,112 SOUTH BLACK HORSE PIKE,BELLMAWR,NJ,08031,,07-0260-030
Somerset,Manville School District,Weston Elementary School,600 Newark Avenue,MANVILLE,NJ,08835,,35-3000-090
Essex,Caldwell-West Caldwell School District,Harrison School,104 Gray Street,West Caldwell,NJ,07006,,13-0660-300
Monmouth,Colts Neck Township School District,Conover Road Primary School,56 CONOVER ROAD,COLTS NECK,NJ,07722,1250,25-0945-060
Somerset,Somerville Public School District,Somerville High School,222 Davenport St.,Somerville,NJ,08876,1515,35-4820-050
Gloucester,Woodbury Heights Public School District,Woodbury Heights Elementary,100 ACADEMY AVE,WOODBURY HTS,NJ,08097,,15-5870-050
Union,Rahway Public School District,Madison Elementary,944 MADISON AVE,RAHWAY,NJ,07065,1803,39-4290-110
Essex,Montclair Public School District,Bradford Elementary School,87 MT HEBRON RD,UPPER MONTCLAIR,NJ,07042,,13-3310-100
Union,Summit Public School District,Franklin Elementary School,136 BLACKBURN ROAD,SUMMIT,NJ,07901,2313,39-5090-080
Ocean,Ocean Gate School District,Ocean Gate Elementary School,126 WEST ARVERNE AVENUE,OCEAN GATE,NJ,08740,0478,29-3800-050
Charters,Roseville Community Charter School,Roseville Community Charter School,540 ORANGE STREET,NEWARK,NJ,07107,,80-6058-939
Hunterdon,Tewksbury Township School District,Tewksbury Elementary School,109 FAIRMOUNT ROAD EAST,CALIFON,NJ,07830,,19-5180-055
Salem,Salem City School District,John Fenwick Academy,183 SMITH STREET,SALEM,NJ,08079,9048,33-4630-070
Charters,Greater Brunswick Charter School,Greater Brunswick Charter School,429 JOYCE KILMER AVENUE,NEW BRUNSWICK,NJ,08901,,80-6635-930
Passaic,Wayne Township Public School District,George Washington Middle School,68 LENOX ROAD,WAYNE,NJ,07470,5551,31-5570-083
Middlesex,North Brunswick Township School District,Parsons,116 HOLLYWOOD STREET,NORTH BRUNSWICK,NJ,08902,,23-3620-090
Monmouth,Shrewsbury Borough School District,Shrewsbury Borough Elementary School,20 OBRE PLACE,SHREWSBURY,NJ,07702,4124,25-4770-050
Morris,East Hanover Township School District,East Hanover Middle School,477 RIDGEDALE AVENUE,EAST HANOVER,NJ,07936,3094,27-1190-050
Burlington,Moorestown Township Public School District,Moorestown High School,350 BRIDGEBORO ROAD,MOORESTOWN,NJ,08057,3702,05-3360-040
Bergen,Cliffside Park School District,School #5,214 DAY AVE,CLIFFSIDE PARK,NJ,07010,,03-0890-070
Cape May,Lower Township Elementary School District,Carl T. Mitnick School,905 SEASHORE ROAD,CAPE MAY,NJ,08204,4650,09-2840-080
Hudson,Union City School District,Hudson Elementary School,167  19TH ST,UNION CITY,NJ,07087,5459,17-5240-090
Bergen,Westwood Regional School District,Westwood Regional Middle School,23 THIRD AVENUE,WESTWOOD,NJ,07675,3331,03-5755-062
Salem,Salem County Vocational Technical School District,Salem County Career and Technical High School,880 Route 45,WOODSTOWN,NJ,08098,0350,33-4640-040
Camden,Camden County Technical School District,Camden County Technical School-Pennsauken,6008 Browning Road,Pennsauken,NJ,08109,,07-0700-030
Cumberland,Vineland Public School District,Sgt. Dominick Pilla Middle School,3133 S Lincoln Ave,Vineland,NJ,08361,7101,11-5390-301
Middlesex,North Brunswick Township School District,John Adams,1420 REDMOND STREET,NORTH BRUNSWICK,NJ,08902,,23-3620-060
Somerset,Somerset County Educational Services Commission,The Career Center of the SCESC,7 Finderne Avenue,Bridgewater,NJ,08807,,35-4805-300
Union,Scotch Plains-Fanwood School District,Howard B. Brunner Elementary School,721 WESTFIELD ROAD,SCOTCH PLAINS,NJ,07076,,39-4670-080
Middlesex,South River Public School District,South River Middle School,3 MONTGOMERY STREET,SOUTH RIVER,NJ,08882,,23-4920-055
Charters,Principle Academy Charter School,Principle Academy Charter School,6718 Black Horse Pike,Egg Harbor Township,NJ,08234,,80-6104-995
Bergen,Teaneck School District,John Greenleaf Whittier Elementary School,491 W ENGLEWOOD AVENUE,TEANECK,NJ,07666,,03-5150-150
Hudson,Jersey City Public Schools,Mahatma K. Gandhi School,143 ROMAINE AVE,JERSEY CITY,NJ,07306,5218,17-2390-210
Hudson,Jersey City Public Schools,William L Dickinson High School,2 PALISADE AVE,JERSEY CITY,NJ,07306,1202,17-2390-080
Middlesex,Educational Services Commission of New Jersey,Future Foundations Academy (FFA),1690 Stelton Road,Piscataway,NJ,08854,5917,23-3145-300
Charters,Pace Charter School of Hamilton,Pace Charter School of Hamilton,1949 HAMILTON AVENUE,HAMILTON TWP,NJ,08619,,80-7500-900
Monmouth,Keyport School District,Keyport Central School,335 BROAD STREET,KEYPORT,NJ,07735,1694,25-2430-060
Union,Linden Public School District,Number 2,1700 SOUTH WOOD AVENUE,LINDEN,NJ,07036,,39-2660-090
Essex,ORANGE BOARD OF EDUCATION School District,Heywood Avenue Elementary School,421 HEYWOOD AVE,ORANGE,NJ,07050,2006,13-3880-090
Ocean,Ocean County Vocational Technical School District,Ocean County Vocational Technical School Brick Center,350 CHAMBERS BRIDGE ROAD,BRICK,NJ,08723,2896,29-3790-010
Morris,Washington Township School District,Long Valley Middle School,51 WEST MILL RD,LONG VALLEY,NJ,07853,9200,27-5520-035
Passaic,Paterson Public School District,Rosa L. Parks School of Fine and Performing Arts,413 12TH AVENUE,PATERSON,NJ,07514,,31-4010-020
Morris,Morris School District,Hillcrest School,160 HILLCREST AVENUE,MORRISTOWN,NJ,07960,,27-3385-090
Middlesex,Old Bridge Township School District,Leroy Gordon Cooper Elementary School,160 BIRCHWOOD DRIVE,CLIFFWOOD BEACH,NJ,07735,6123,23-3845-113
Bergen,Ramsey School District,Eric S. Smith Middle School,2 MONROE STREET,RAMSEY,NJ,07446,1411,03-4310-055
Middlesex,Woodbridge Township School District,Woodbridge Middle School,525 BARRON AVENUE,WOODBRIDGE,NJ,07095,,23-5850-090
Atlantic,Buena Regional School District,Buena Regional High School,125 WEYMOUTH ROAD,BUENA,NJ,08310,9620,01-0590-025
Morris,Kinnelon School District,Kinnelon High School,121 KINNELON ROAD,KINNELON,NJ,07405,,27-2460-050
Hudson,Kearny,Schuyler Elementary School,644 FOREST ST,KEARNY,NJ,07032,3798,17-2410-110
Bergen,Teaneck School District,Benjamin Franklin Middle School,1315 TAFT ROAD,TEANECK,NJ,07666,,03-5150-060
Passaic,Hawthorne Public School District,Thomas Jefferson Elementary School,233 GOFFLE HILL ROAD,HAWTHORNE,NJ,07507,,31-2100-090
Burlington,Southampton Township School District,Southampton Township School #2,100 MISS MABEL DRIVE,SOUTHAMPTON,NJ,08088,3351,05-4930-060
Hudson,West New York Board of Education,West New York Middle School,201 57TH ST,WEST NEW YORK,NJ,07093,2705,17-5670-110
Morris,Boonton Town School District,School Street School,720 BIRCH STREET,BOONTON,NJ,07005,,27-0450-040
Bergen,Elmwood Park School District,Sixteenth Avenue School,73 SIXTEENTH AVENUE,ELMWOOD PARK,NJ,07407,2925,03-1345-090
Morris,Hanover Township School District,Mountview Road School,30 MOUNTVIEW ROAD,MORRIS PLAINS,NJ,07950,,27-2000-050
Ocean,Lakewood Township School District,Lakewood High School,855 SOMERSET AVENUE,LAKEWOOD,NJ,08701,,29-2520-050
Passaic,West Milford Township Public School District,Marshall Hill Elementary School,210 MARSHALL HILL ROAD,WEST MILFORD,NJ,07480,3512,31-5650-070
Union,Berkeley Heights School District,Mountain Park School,55 FAIRFAX DR,BERKELEY HTS,NJ,07922,1832,39-0310-040
Camden,Cherry Hill School District,John A. Carusi Middle School,315 Roosevelt Dr.,CHERRY HILL,NJ,08034,1599,07-0800-067
Bergen,Glen Rock Public School District,Alexander Hamilton School,380 HARRISTOWN ROAD,GLEN ROCK,NJ,07452,,03-1760-065
Cape May,Ocean City School District,Ocean City Intermediate School,1901 BAY AVENUE,OCEAN CITY,NJ,08226,,09-3780-060
Somerset,Franklin Township Public Schools,Franklin High School,500 Elizabeth Avenue,Somerset,NJ,08873,3001,35-1610-050
Atlantic,Atlantic County Special Services School District,Atlantic County High School,4805 NAWAKWA BOULEVARD,MAYS LANDING,NJ,08330,,01-0125-060
Union,Scotch Plains-Fanwood School District,J. Ackerman Coles Elementary School,16 KEVIN ROAD,SCOTCH PLAINS,NJ,07076,,39-4670-085
Bergen,Bergen County Special Services School District,Life Skills,540 Farview Avenue,Paramus,NJ,07652,4832,03-0285-070
Burlington,Evesham Township School District,Richard L Rice School,50 CROWN ROYAL PARKWAY,MARLTON,NJ,08053,,05-1420-065
Camden,Camden City School District,Dr. Charles E. Brimm Medical Arts High School,1626 COPEWOOD STREET,CAMDEN,NJ,08103,,07-0680-029
Camden,HADDON HEIGHTS School District,Atlantic Avenue,21 East Atlantic Avenue,HADDON HEIGHTS,NJ,08035,,07-1880-080
Bergen,Fort Lee School District,School No. 2,2047 JONES ROAD,FORT LEE,NJ,07024,,03-1550-070
Essex,Bloomfield Township School District,Fairview Elementary School,376 Berkeley Avenue,Bloomfield,NJ,07003,5036,13-0410-110
Bergen,North Arlington School District,Roosevelt Elementary School,50 Webster Street,North Arlington,NJ,07031,,03-3600-070
Bergen,Ridgefield School District,Bergen Boulevard School,635 BERGEN BLVD,RIDGEFIELD,NJ,07657,,03-4370-065
Passaic,Passaic City School District,George Washington School No. 2,48 BERGEN ST.,PASSAIC,NJ,07055,,31-3970-085
Bergen,Rutherford School District,Lincoln School,414 MONTROSS AVENUE,RUTHERFORD,NJ,07070,2218,03-4600-070
Essex,Cedar Grove Township School District,South End Elementary School,116 Harper Terrace,Cedar Grove,NJ,07009,,13-0760-090
Monmouth,Monmouth County Vocational School District,Monmouth County Academy of Allied Health and Science,2325 HECK AVENUE,NEPTUNE,NJ,07753,4432,25-3260-025
Passaic,Passaic City School District,Sonia Sotomayor School #21,225 Madison Street,Passaic,NJ,07055,,31-3970-303
Union,Linden Public School District,Number 6,19 East Morris Ave.,LINDEN,NJ,07036,,39-2660-130
Bergen,Fair Lawn Public School District,Memorial Middle School,12 - 00 FIRST STREET,FAIR LAWN,NJ,07410,,03-1450-070
Burlington,Pemberton Township School District,Joseph S. Stackhouse School,125A TRENTON ROAD,BROWNS MILLS,NJ,08015,,05-4050-140
Somerset,Hillsborough Township Public School District,Auten Road Intermediate School,281 Auten Road,Hillsborough,NJ,08844,,35-2170-034
Camden,Lindenwold Public School District,Lindenwold Preschool Building,100 South Avenue,Lindenwold,NJ,08021,,07-2670-300
Bergen,Bogota Public School District,Bogota Middle School,131 East Fort Lee Road,Bogota,NJ,07603,,03-0440-300
Passaic,Wayne Township Public School District,Albert Payson Terhune Elementary,40 GEOFFREY WAY,WAYNE,NJ,07470,4029,31-5570-078
Union,Union County Vocational-Technical School District,Union County Career & Technical Institute,1776 Raritan Road,Scotch Plains,NJ,07076,,39-5260-301
Bergen,Mahwah Township Public School District,Mahwah High School,50 RIDGE ROAD,MAHWAH,NJ,07430,,03-2900-050
Essex,Caldwell-West Caldwell School District,Lincoln Elementary School,18 CRANE ST,CALDWELL,NJ,07006,,13-0660-080
Hudson,Union City School District,Sara M. Gilmore Academy,1700 Kerrigan Avenue,Union City,NJ,07087,,17-5240-140
Somerset,Bridgewater-Raritan Regional School District,John F. Kennedy Primary School,255 Woodmere Street,Raritan,NJ,08869,,35-0555-067
Middlesex,Old Bridge Township School District,Jonas Salk Middle School,155 W GREYSTONE ROAD,OLD BRIDGE,NJ,08857,9625,23-3845-110
Salem,Oldmans Township School District,Oldmans Township School,10 FREED ROAD,PEDRICKTOWN,NJ,08067,9610,33-3860-010
Essex,Bloomfield Township School District,Oak View Elementary School,150 Garrabrant Avenue,Bloomfield,NJ,07003,,13-0410-140
Sussex,Vernon Township School District,Lounsberry Hollow School,30 SAMMIS ROAD,VERNON,NJ,07462,0219,37-5360-030
Bergen,South  Bergen Jointure Commission School District,Moonachie Campus,Robert L. Craig School,Moonachie,NJ,07074,,03-4845-070
Charters,Environment Community Opportunity (ECO) Charter School,Environment Community Opportunity (ECO) Charter School,817 CARPENTER STREET,CAMDEN,NJ,08102,,80-6232-920
Burlington,Delran Township School District,Delran Middle School,905 CHESTER AVENUE,DELRAN,NJ,08075,,05-1060-007
Camden,Pine Hill School District,John H. Glenn School,1005 TURNERVILLE RD,PINE HILL,NJ,08021,6526,07-4110-070
Essex,Glen Ridge Public School District,Linden Avenue School,205 LINDEN AVE,GLEN RIDGE,NJ,07028,,13-1750-080
Charters,Discovery Charter School,Discovery Charter School,240 Halsey St,NEWARK,NJ,07102,,80-6320-920
Salem,Salem City School District,Salem High School,219 WALNUT ST,SALEM,NJ,08079,9048,33-4630-050
Camden,Pennsauken Township Board of Education School District,Roosevelt Science Technology Engineering and Mathematics (STEM),5526 Wisteria Ave,Pennsauken,NJ,08109,1242,07-4060-180
Passaic,Paterson Public School District,School of Architecture and Construction Trades,61-127 PREAKNESS AVENUE,PATERSON,NJ,07502,,31-4010-307
Passaic,Paterson Public School District,School 27,250 RICHMOND AVE,PATERSON,NJ,07502,,31-4010-300
Atlantic,Hammonton School District,Hammonton High School,566 OLD FORKS ROAD,HAMMONTON,NJ,08037,,01-1960-050
Hunterdon,Holland Township School District,Holland Township Elementary School,710 MILFORD  WARREN GLEN ROAD,MILFORD,NJ,08848,,19-2220-060
Essex,Livingston Board of Education School District,Heritage Middle School,20 FOXCROFT DR,LIVINGSTON,NJ,07039,2614,13-2730-055
Bergen,Fair Lawn Public School District,Warren Point Elementary School,30-07 BROADWAY,FAIR LAWN,NJ,07410,3918,03-1450-140
Charters,The Kingdom Charter School of Leadership,The Kingdom Charter School of Leadership,121 West Church Street,Blackwood,NJ,08012,,80-6067-949
Camden,Winslow Township School District,Winslow Township Elementary School Five,130 OAK LEAF ROAD,BERLIN,NJ,08009,,07-5820-070
Bergen,Bergenfield Borough School District,Washington Elementary School,49 S  SUMMIT STREET,BERGENFIELD,NJ,07621,,03-0300-080
Essex,Bloomfield Township School District,Bloomfield High School,160 Broad Street,Bloomfield,NJ,07003,2628,13-0410-020
Bergen,Garfield Public School District,Woodrow Wilson School #5,205 OUTWATER LANE,GARFIELD,NJ,07026,2635,03-1700-130
Monmouth,Little Silver Boro School District,Markham Place School,95 MARKHAM PLACE,LITTLE SILVER,NJ,07739,1496,25-2720-050
Essex,Montclair Public School District,Northeast Elementary School,603 GROVE ST,UPPER MONTCLAIR,NJ,07042,,13-3310-140
Charters,Thomas Edison EnergySmart Charter School,Thomas Edison EnergySmart Charter School,150 Pierce Street,Somerset,NJ,08873,,80-6081-967
Mercer,Trenton Public School District,P.J. Hill Elementary,1010 East State Street,Trenton,NJ,08609,1506,21-5210-265
Union,New Providence School District,Allen W. Roberts School,80 JONES DR,NEW PROVIDENCE,NJ,07974,1121,39-3560-055
Ocean,Long Beach Island Consolidated School District,Ethel A. Jacobsen Elementary School,200 S. BARNEGAT AVENUE,SURF CITY,NJ,08008,,29-2760-020
Essex,Montclair Public School District,Charles H. Bullock School,55 Washington Street,MONTCLAIR,NJ,07042,,13-3310-060
Warren,Great Meadows Regional School District,Liberty Elementary School,334 MOUNTAIN LAKE ROAD,GREAT MEADOWS,NJ,07838,,41-1785-060
Hudson,Jersey City Public Schools,"Patricia M. Noonan School, PS #26",164 Laidlaw Ave,Jersey City,NJ,07306,,17-2390-302
Ocean,Toms River Regional School District,Walnut Street Elementary School,60 WALNUT STREET,TOMS RIVER,NJ,08753,,29-5190-107
Morris,Morris Hills Regional School District,Morris Hills High School,520 WEST MAIN STREET,ROCKAWAY,NJ,07866,3799,27-3370-050
Camden,Cherry Hill School District,Rosa International Middle School,485 Browning Lane,CHERRY HILL,NJ,08003,3160,07-0800-074
Morris,Morris School District,Lafayette Learning Center,31 HAZEL STREET,MORRISTOWN,NJ,07960,,27-3385-085
Monmouth,Middletown Township Public School District,River Plaza Elementary School,155 HUBBARD AVENUE,RED BANK,NJ,07701,5599,25-3160-160
Monmouth,Monmouth County Vocational School District,Communications High School,1740 NEW BEDFORD ROAD,WALL,NJ,07719,1320,25-3260-004
Essex,East Orange School District,Whitney E. Houston Academy,215 DODD ST,EAST ORANGE,NJ,07017,2106,13-1210-090
Union,Mountainside School District,Beechwood School,1497 WOODACRES DR,MOUNTAINSIDE,NJ,07092,,39-3470-060
Middlesex,South Brunswick School District,Indian Fields Elementary School,359 RIDGE ROAD,DAYTON,NJ,08810,,23-4860-100
Warren,Oxford Township School District,Oxford Central School,17 Kent Street,Oxford,NJ,07863,0510,41-3890-050
Essex,Newark Public School District,Ridge Street School,735 RIDGE ST,NEWARK,NJ,07104,2323,13-3570-610
Morris,Randolph Township School District,Randolph High School,511 MILLBROOK AVENUE,RANDOLPH,NJ,07869,,27-4330-050
Union,Summit Public School District,Primary Center at Wilson,14 BEEKMAN TERRACE,SUMMIT,NJ,07091,1702,39-5090-160
Somerset,Somerville Public School District,Somerville Middle School,51 West Cliff St.,Somerville,NJ,08876,1903,35-4820-055
Passaic,Paterson Public School District,School 25,287 TRENTON AVENUE,PATERSON,NJ,07503,,31-4010-280
Burlington,North Hanover Township School District,Endeavour Elementary School,1 School Road,Jb Mdl,NJ,08641,,05-3650-300
Hudson,Jersey City Public Schools,President Barack Obama Elementary School,1830 KENNEDY BLVD,JERSEY CITY,NJ,07305,2123,17-2390-280
Hudson,Weehawken Public School District,Theodore Roosevelt School,1 LOUISA PLACE,WEEHAWKEN,NJ,07086,,17-5580-080
Atlantic,Galloway Township Public Schools,Pomona Preschool,400 S  GENOA AVENUE,EGG HARBOR,NJ,08215,,01-1690-040
Somerset,Somerset Hills Regional School District,Marion T. Bedwell Elementary School,141 Seney Drive,Bernardsville,NJ,07924,,35-4815-030
Union,Union County Educational Services Commission,Hillcrest Academy-South,1571 Lamberts Mill Road,WESTFIELD,NJ,07090,,39-5245-025
Camden,Gloucester Township Public Schools,Erial Elementary School,20 ESSEX AVENUE,SICKLERVILLE,NJ,08081,,07-1780-050
Morris,Florham Park School District,Ridgedale Middle School,71 RIDGEDALE AVENUE,FLORHAM PARK,NJ,07932,,27-1530-030
Camden,Oaklyn Public School District,Oaklyn Public School,136 KENDALL BLVD,OAKLYN,NJ,08107,,07-3770-050
Hudson,Secaucus School District,Secaucus Middle School,11 MILL RIDGE ROAD,SECAUCUS,NJ,07094,,17-4730-080
Union,Rahway Public School District,Franklin Elementary School,1809 ST GEORGES AVE,RAHWAY,NJ,07065,2003,39-4290-080
Bergen,Park Ridge School District,East Brook Elementary School,167 SIBBALD DR,PARK RIDGE,NJ,07656,,03-3940-060
Camden,Gibbsboro Elementary School District,Gibbsboro Elementary School,37 KIRKWOOD RD,GIBBSBORO,NJ,08026,1432,07-1720-020
Atlantic,Egg Harbor Township School District,Clayton J. Davenport Elementary School,2499 SPRUCE AVENUE,EGG HARBOR TOWNSHIP,NJ,08234,4513,01-1310-033
Bergen,Palisades Park School District,Lindbergh Elementary School,401 GLEN AVE,PALISADES PARK,NJ,07650,,03-3910-070
Middlesex,Piscataway Township School District,Randolphville Elementary School,ONE SUTTIE AVENUE,PISCATAWAY,NJ,08854,,23-4130-120
Morris,Roxbury Township School District,Nixon Elementary School,275 MT  ARLINGTON BOULEVARD,LANDING,NJ,07850,,27-4560-085
Bergen,Montvale Board of Education School District,Fieldstone Middle School,47 Spring Valley Road,Montvale,NJ,07645,,03-3330-020
Cumberland,Upper Deerfield Township School District,Charles F. Seabrook School,1373 Highway 77,SEABROOK,NJ,08302,4261,11-5300-050
Camden,Stratford School District,Parkivew Elementary School,123 PARKVIEW RD,STRATFORD,NJ,08084,,07-5080-045
Bergen,Glen Rock Public School District,Glen Rock High School,400 HAMILTON AVENUE,GLEN ROCK,NJ,07452,2328,03-1760-050
Charters,BelovED Community Charter School,BelovED Community Charter School,508 Grand Street,Jersey City,NJ,07302,,80-6082-963
Union,Clark Township Public School District,Valley Road School,150 VALLEY ROAD,CLARK,NJ,07066,,39-0850-040
Hunterdon,High Bridge Borough School District,High Bridge Elementary School,40 FAIRVIEW AVENUE,HIGH BRIDGE,NJ,08829,1503,19-2140-060
Salem,Penns Grove-Carneys Point Regional School District,Paul W Carleton,251 MAPLE AVENUE,PENNS GROVE,NJ,08069,1369,33-4070-080
Bergen,Waldwick School District,Julia A Traphagen School,153 SUMMIT AVENUE,WALDWICK,NJ,07463,,03-5410-050
Hudson,Hudson County Schools of Technology School District,High Tech High School,One High Tech Way,Secaucus,NJ,07094,1682,17-2295-050
Somerset,Bound Brook School District,Lafayette Elementary School,60 West High Street,Bound Brook,NJ,08805,,35-0490-301
Middlesex,Edison Township School District,John P. Stevens High School,855 GROVE AVENUE,EDISON,NJ,08820,,23-1290-053
Morris,Morris School District,Morristown High School,50 EARLY STREET,MORRISTOWN,NJ,07960,,27-3385-050
Morris,Pequannock Township School District,Pequannock Township High School,85 Sunset Road,Pompton Plains,NJ,07444,1652,27-4080-050
Burlington,Pemberton Township School District,Howard L. Emmons,14 SCRAPETOWN ROAD,PEMBERTON,NJ,08068,,05-4050-085
Essex,Newark Public School District,Avon Avenue School,219 AVON AVE,NEWARK,NJ,07108,2801,13-3570-220
Union,Clark Township Public School District,Carl H. Kumpf School,59 MILDRED TERRACE,CLARK,NJ,07066,,39-0850-035
Hudson,Harrison Public Schools,Kennedy Elementary School,1 Washington Street,Harrison,NJ,07029,2613,17-2060-300
Mercer,Hamilton Township Public School District,Kuser Elementary School,70 NEWKIRK AVENUE,HAMILTON,NJ,08629,1428,21-1950-170
Hudson,Guttenberg School District,Anna L. Klein,301  69TH ST,GUTTENBERG,NJ,07093,2411,17-1850-050
Hunterdon,Clinton Township School District,Patrick McGaheran,63  ALLERTON ROAD,LEBANON,NJ,08833,,19-0920-035
Bergen,Hasbrouck Heights School District,Lincoln Elementary School,BURTON & PATERSON AVES,HASBROUCK HEIGHTS,NJ,07604,,03-2080-080
Monmouth,Middletown Township Public School District,Thompson Middle School,1001 MIDDLETOWN  LINCROFT ROAD,MIDDLETOWN,NJ,07748,3299,25-3160-057
Sussex,Sussex County Technical School District,Sussex County Technical School,105 North Church Road,Sparta,NJ,07871,,37-5110-010
Union,Elizabeth Public Schools,Alexander Hamilton Preparatory Academy,310 Cherry St,Elizabeth,NJ,07208,,39-1320-405
Camden,"Mastery Schools of Camden, Inc.","Mastery Schools of Camden, Inc.",1001 North 17th Street,Camden,NJ,08105,,07-1802-112
Mercer,Hamilton Township Public School District,Emily C. Reynolds Middle School,2145 YARDVILLE HAMILTON SQ,HAMILTON,NJ,08690,,21-1950-080
Sussex,Byram Township School District,Byram Intermediate School,12 MANSFIELD DRIVE,STANHOPE,NJ,07874,,37-0640-030
Middlesex,Perth Amboy Public School District,Ignacio Cruz Early Childhood Center,601 CORTLANDT ST,PERTH AMBOY,NJ,08861,,23-4090-075
Hudson,Harrison Public Schools,Harrison High School,401 Kingsland Avenue,HARRISON,NJ,07029,1405,17-2060-050
Union,Summit Public School District,Lincoln-Hubbard Elementary School,52 WOODLAND AVE,SUMMIT,NJ,07901,2101,39-5090-100
Monmouth,Eatontown Public School District,Woodmere,65 RALEIGH COURT,EATONTOWN,NJ,07724,2192,25-1260-110
Essex,ORANGE BOARD OF EDUCATION School District,Orange Preparatory Academy,400 CENTRAL AVE,ORANGE,NJ,07050,2420,13-3880-115
Bergen,Lodi School District,Wilson School,80 UNION STREET,LODI,NJ,07644,,03-2740-100
Union,Plainfield Public School District,Plainfield Academy For The Arts & Advanced Studies,1700 West Front St,PLAINFIELD,NJ,07063,,39-4160-052
Burlington,Burlington Township School District,Burlington Township Middle School at Springside,1600 BURLINGTON BY  PASS,BURLINGTON,NJ,08016,,05-0620-051
Monmouth,Matawan-Aberdeen Regional School District,Matawan Regional High School,450 ATLANTIC AVENUE,ABERDEEN,NJ,07747,2398,25-3040-050
Hudson,Jersey City Public Schools,Liberty High School,299 SIP AVENUE,JERSEY CITY,NJ,07306,,17-2390-082
Passaic,Wayne Township Public School District,John F. Kennedy Elementary School,1310 RATZER ROAD,WAYNE,NJ,07470,5652,31-5570-087
Passaic,Paterson Public School District,Senator Frank Lautenberg School,137 CARROLL STREET,PATERSON,NJ,07501,,31-4010-100
Essex,Newark Public School District,Camden Street Elementary School,281 CAMDEN ST,NEWARK,NJ,07103,2635,13-3570-310
Hunterdon,Flemington-Raritan Regional School District,Robert Hunter Elementary School,8 DAYTON ROAD,FLEMINGTON,NJ,08822,9104,19-1510-050
Union,Union County Educational Services Commission,Westlake,1571 LAMBERTS MILL ROAD,WESTFIELD,NJ,07090,,39-5245-030
Cumberland,Bridgeton City School District,Quarter Mile Lane School,300 QUARTER MILE LANE,BRIDGETON,NJ,08302,,11-0540-100
Monmouth,Freehold Regional High School District,Freehold Township High School,281 Elton Adelphia Road,FREEHOLD TWP.,NJ,07728,1899,25-1650-055
Atlantic,Atlantic City School District,Uptown School Complex,323 Madison Avenue,Atlantic City,NJ,08401,5417,01-0110-080
Bergen,Garfield Public School District,Garfield Middle School,175 LANZA AVE,GARFIELD,NJ,07026,,03-1700-070
Monmouth,Upper Freehold Regional School District,Newell Elementary School,27 HIGH STREET,ALLENTOWN,NJ,08501,0278,25-5310-060
Bergen,Oakland Public School District,Dogwood Hill Elementary School,25 DOGWOOD DR,OAKLAND,NJ,07436,2659,03-3760-040
Camden,Cherry Hill School District,Joseph D. Sharp Elementary School,300 Old Orchard Rd.,CHERRY HILL,NJ,08003,1299,07-0800-100
Atlantic,Pleasantville Public School District,South Main Street Elementary School,701 SOUTH MAIN STREET,PLEASANTVILLE,NJ,08232,3223,01-4180-095
Bergen,Ridgewood Public School District,Glen School,865 EAST GLEN AVENUE,RIDGEWOOD,NJ,07451,,03-4390-080
Mercer,Hamilton Township Public School District,McGalliard Elementary School,1600 ARENA DRIVE,HAMILTON,NJ,08610,3205,21-1950-200
Union,New Providence School District,Salt Brook School,40 MAPLE ST,NEW PROVIDENCE,NJ,07974,2403,39-3560-090
Atlantic,Egg Harbor Township School District,Bargaintown Preschool,3393 Bargaintown Road,Egg Harbor Township,NJ,08234,,01-1310-300
Passaic,Clifton Public School District,School #16,755 GROVE STREET,CLIFTON,NJ,07013,,31-0900-210
Bergen,Rutherford School District,Rutherford High School,56 ELLIOTT PL,RUTHERFORD,NJ,07070,1965,03-4600-050
Monmouth,Township of Ocean School District,Township of Ocean Intermediate School,1200 WEST PARK AVENUE,OCEAN,NJ,07712,7296,25-3810-040
Burlington,Willingboro Public School District,Hawthorne Park Elementary School,84 Hampshire Lane,WILLINGBORO,NJ,08046,,05-5805-065
Somerset,Bridgewater-Raritan Regional School District,Bridgewater-Raritan High School,600 Garretson Road,Bridgewater,NJ,08807,,35-0555-005
Monmouth,Holmdel Township School District,Village School,67 MCCAMPBELL ROAD,HOLMDEL,NJ,07733,2299,25-2230-080
Ocean,Barnegat Township School District,Lillian M. Dunfee Elementary,128 BARNEGAT BLVD,BARNEGAT,NJ,08005,2497,29-0185-010
Bergen,Pascack Valley Regional High School District,Programs at Park Academy,609 Westwood Avenue,River Vale,NJ,07675,,03-3960-300
Middlesex,Woodbridge Township School District,Colonia Middle School,DELAWARE AVENUE,COLONIA,NJ,07067,,23-5850-060
Hudson,Jersey City Public Schools,Regional Day School,425 JOHNSTON AVENUE,JERSEY CITY,NJ,07304,,17-2390-011
Middlesex,Edison Township School District,Herbert Hoover Middle School,174 JACKSON AVENUE,EDISON,NJ,08837,,23-1290-057
Middlesex,East Brunswick Township School District,East Brunswick High School,380 CRANBURY ROAD,E BRUNSWICK,NJ,08816,,23-1170-050
Camden,Voorhees Township School District,Signal Hill School,33 Signal Hill Drive,VOORHEES,NJ,08043,9545,07-5400-095
Cumberland,Bridgeton City School District,West Avenue School,51 NORTH WEST AVENUE,BRIDGETON,NJ,08302,1388,11-0540-130
Hudson,Bayonne School District,John M. Bailey Community School,75 WEST 10TH STREET,BAYONNE,NJ,07002,,17-0220-040
Union,Springfield Public School District,Thelma L. Sandmeier Elementary School,666 South Springfield Ave.,Springfield,NJ,07081,3011,39-5000-090
Monmouth,Eatontown Public School District,Margaret L Vetter,3 GRANT AVENUE,EATONTOWN,NJ,07724,1399,25-1260-060
Sussex,Stanhope School District,Valley Road School,24 VALLEY ROAD,STANHOPE,NJ,07874,,37-5030-050
Bergen,Demarest School District,Demarest Middle School,568 PIERMONT RD,DEMAREST,NJ,07627,1617,03-1070-040
Charters,Cresthaven Academy Charter School,Cresthaven Academy Charter School,530 West 7th Street,Plainfield,NJ,07060,,80-6102-993
Bergen,Wyckoff Township Public School District,George Washington Elementary School,270 WOODLAND AVE,WYCKOFF,NJ,07481,1935,03-5920-030
Bergen,Ramsey School District,Wesley D Tisdale Elementary School,200 ISLAND AVENUE,RAMSEY,NJ,07446,1566,03-4310-080
Bergen,Old Tappan Public School District,Charles DeWolf Middle School,275 OLD TAPPAN RD,OLD TAPPAN,NJ,07675,7047,03-3850-030
Passaic,Passaic City School District,Muhammad Ali School Number 23,63 Dayton Ave,Passaic,NJ,07055,,31-3970-306
Camden,Camden City School District,Dr. Ulysses S. Wiggins College Preparatory Lab School,400 Mount Vernon Street,CAMDEN,NJ,08103,2055,07-0680-320
Monmouth,Neptune Township School District,Green Grove Elementary School,909 GREEN GROVE ROAD,NEPTUNE,NJ,07753,2999,25-3510-063
Union,Springfield Public School District,Florence M. Gaudineer Middle School,75 South Springfield Ave.,Springfield,NJ,07081,1312,39-5000-060
Charters,LEAP Academy University Charter School,Leap Academy University Charter School,130 North Broadway,CAMDEN,NJ,08102,,80-7109-931
Essex,Irvington Public School District,Irvington High School,1253      CLINTON AVE,IRVINGTON,NJ,07111,2437,13-2330-050
Mercer,Trenton Public School District,Martin Luther King Jr. Elementary School,401-411 Brunswick Avenue,Trenton,NJ,08638,,21-5210-401
Burlington,Mount Laurel Township School District,Hillside Elementary School,1370 HAINESPORT MT LAUREL RD,MOUNT LAUREL,NJ,08054,,05-3440-050
Essex,Newark Public School District,Ann Street School,30 ANN ST,NEWARK,NJ,07105,3108,13-3570-200
Hudson,Hoboken Public School District,Early Childhood Learning Center at Calabro School,524 Park Avenue,HOBOKEN,NJ,07030,3906,17-2210-063
Bergen,East Rutherford School District,Lincoln School,258 Grove Street,East Rutherford,NJ,07073,,03-1230-300
Sussex,Sussex-Wantage Regional School District,Wantage Elementary School,815 ROUTE 23,WANTAGE,NJ,07461,,37-5100-070
Hudson,Bayonne School District,Philip G. Vroom Community School,18 WEST 26TH ST,BAYONNE,NJ,07002,3803,17-0220-090
Ocean,Beach Haven School District,Beach Haven School,8th Street & Beach Avenue,Beach Haven,NJ,08008,,29-0230-020
Charters,Ocean Academy Charter School,Ocean Academy Charter School,678 5th St,Lakewood,NJ,08701,,80-7893-918
Monmouth,West Long Branch School District,Betty McElmon Elementary School,20 Parker Road,West Long Branch,NJ,07764,1133,25-5640-080
Burlington,Moorestown Township Public School District,South Valley Elementary School,210 S  STANWICK RD,MOORESTOWN,NJ,08057,,05-3360-120
Middlesex,Woodbridge Township School District,Kennedy Park Elementary School,GOODRICH AVENUE,ISELIN,NJ,08830,,23-5850-180
Bergen,Little Ferry Public School District,Washington Elementary School,130 LIBERTY ST,LITTLE FERRY,NJ,07643,1710,03-2710-050
Union,Union County Vocational-Technical School District,Union County Tech,1776 RARITAN RD,SCOTCH PLAINS,NJ,07076,2997,39-5260-050
Passaic,Paterson Public School District,School Of Information Technology,150 PARK AVENUE,PATERSON,NJ,07501,,31-4010-001
Warren,Warren Hills Regional School District,Warren Hills Regional Middle School,64  66 CARLTON AVENUE,WASHINGTON,NJ,07882,,41-5465-060
Gloucester,West Deptford Township School District,Oakview Elementary School,350 DUBOIS AVE,WEST DEPTFORD,NJ,08096,,15-5620-100
Essex,Newark Public School District,Thirteenth Avenue School,359 THIRTEENTH AVE,NEWARK,NJ,07103,2125,13-3570-715
Gloucester,Clearview Regional High School District,Clearview Regional Middle School,595 JEFFERSON RD,MULLICA HILL,NJ,08062,9436,15-0870-030
Sussex,Green Township School District,Green Hills School,69 MACKERLY ROAD,GREENDELL,NJ,07839,,37-1800-060
Passaic,Paterson Public School District,School 14,522 UNION AVENUE,PATERSON,NJ,07522,,31-4010-180
Middlesex,Edison Township School District,Woodbrook Elementary School,15 ROBIN ROAD,EDISON,NJ,08820,,23-1290-160
Essex,Newark Public School District,Cleveland Avenue School,388 BERGEN ST,NEWARK,NJ,07103,2232,13-3570-350
Morris,Dover Public School District,Dover High School,100 GRACE STREET,DOVER,NJ,07801,2697,27-1110-040
Middlesex,Edison Township School District,Lincoln Elementary School,53 BROOKVILLE ROAD,EDISON,NJ,08817,,23-1290-100
Morris,Morris County Vocational School District,"Academy for Mathematics, Science and Engineering",520 WEST MAIN STREET,ROCKAWAY,NJ,07866,3799,27-3365-020
Monmouth,Howell Township Public School District,Newbury Elementary School,179 NEWBURY ROAD,HOWELL,NJ,07731,1813,25-2290-032
Monmouth,Monmouth-Ocean Educational Services Commission School Distri,New Jersey Virtual School,900 Hope Road,Tinton Falls,NJ,07712,,25-3255-090
Camden,Winslow Township School District,Winslow Township Elementary School Four,541 KALI ROAD,SICKLERVILLE,NJ,08081,,07-5820-060
Middlesex,South Plainfield School District,John F Kennedy Elementary School,2900 NORWOOD AVENUE,SOUTH PLAINFIELD,NJ,07080,,23-4910-055
Camden,Cherry Hill School District,Richard Stockton Elementary School,200 Wexford Dr.,CHERRY HILL,NJ,08003,1827,07-0800-113
Middlesex,Metuchen Public School District,Edgar Middle School,49 BRUNSWICK AVENUE,METUCHEN,NJ,08840,,23-3120-070
Middlesex,Perth Amboy Public School District,Perth Amboy High School,300 EAGLE AVE,PERTH AMBOY,NJ,08861,,23-4090-050
Morris,Morris School District,Woodland School,51 JOHNSTON DRIVE,CONVENT STATION,NJ,07961,,27-3385-115
Ocean,Toms River Regional School District,Toms River High School East,1225 RAIDER WAY,TOMS RIVER,NJ,08753,,29-5190-030
Camden,Mt. Ephraim School District,Mary Bray Elementary School,225 WEST KINGS HIGHWAY,MOUNT EPHRAIM,NJ,08059,1803,07-3420-030
Passaic,Pompton Lakes School District,Lenox School,35 LENOX AVENUE,POMPTON LAKES,NJ,07442,1729,31-4230-060
Essex,Orange Board Of Education School District,STEM Innovation Academy of the Oranges,445 Scotland Road,South Orange,NJ,07079,,13-3880-302
Salem,Pennsville Public School District,Valley Park Elementary School,63 Mahoney Road,PENNSVILLE,NJ,08070,,33-4075-090
Gloucester,Pitman Boro School District,Pitman High School,225 Linden Avenue,Pitman,NJ,08071,1014,15-4140-050
Passaic,West Milford Township Public School District,Westbrook Elementary School,55 NOSENZO POND ROAD,WEST MILFORD,NJ,07480,2804,31-5650-100
Bergen,Ridgefield School District,Shaler Academy,455 SHALER BOULEVARD,RIDGEFIELD,NJ,07657,,03-4370-090
Essex,Fairfield Public Schools School District,Winston Churchill,233 FAIRFIELD ROAD,FAIRFIELD,NJ,07004,,13-1465-030
Ocean,Lakewood Township School District,Oak Street Elem School,75 OAK STREET,LAKEWOOD,NJ,08701,,29-2520-084
Bergen,Hillsdale School District,Meadowbrook,50 PIERMONT AVE,HILLSDALE,NJ,07642,,03-2180-030
Gloucester,Logan Township School District,Logan Township Elementary School,110 School Lane,Logan Township,NJ,08085,,15-2750-040
Charters,Burch Charter School of Excellence,Burch Charter School of Excellence,100 LINDEN AVE,IRVINGTON,NJ,07111,,80-6022-990
Gloucester,Clayton Public School District,Clayton Middle School,55 POP KRAMER BLVD,CLAYTON,NJ,08312,1700,15-0860-045
Charters,Paterson Arts and Science Charter School,Paterson Arts and Science Charter School,225 Grand Street,Paterson,NJ,07501,,80-6096-982
Middlesex,Monroe Township School District,Mill Lake,115 MONMOUTH ROAD,MONROE TWP,NJ,08831,,23-3290-040
Sussex,Vernon Township School District,Vernon Township High School,1832 ROUTE 565,VERNON,NJ,07462,0800,37-5360-020
Camden,Haddon Township School District,Clyde S. Jennings Elementary School,100 CEDAR AVENUE,OAKLYN,NJ,08107,,07-1890-070
Gloucester,Glassboro School District,Dorthy L. Bullock School,370 New St E,Glassboro,NJ,08028,,15-1730-065
Bergen,River Vale Public School District,Woodside Elementary School,801 RIVERVALE RD,RIVER VALE,NJ,07675,6148,03-4430-070
Cumberland,Commercial Township School District,Haleyville-Mauricetown Elementary School,1308 NORTH AVENUE,PORT NORRIS,NJ,08349,9801,11-0950-025
Union,Springfield Public School District,Jonathan Dayton High School,139 Mountain Ave.,Springfield,NJ,07081,,39-5000-010
Mercer,Hamilton Township Public School District,Greenwood Elementary School,2069 GREENWOOD AVENUE,HAMILTON,NJ,08609,2328,21-1950-110
Salem,Penns Grove-Carneys Point Regional School District,Penns Grove High School,334 HARDING HIGHWAY,CARNEYS POINT,NJ,08069,1369,33-4070-050
Cumberland,Vineland Public School District,Dr. William Mennies Elementary School,361 EAST GRANT AVENUE,VINELAND,NJ,08360,7107,11-5390-260
Ocean,Barnegat Township School District,Russell O. Brackman Middle School,600 BARNEGAT BLVD  NORTH,BARNEGAT,NJ,08005,,29-0185-050
Ocean,Toms River Regional School District,Silver Bay Elementary School,100 SILVER BAY ROAD,TOMS RIVER,NJ,08753,,29-5190-095
Monmouth,Freehold Township School District,Joseph J Catena School,275 BURLINGTON ROAD,FREEHOLD,NJ,07728,1598,25-1660-020
Essex,Belleville Public School District,Belleville PS10,527 BELLEVILLE AVE,BELLEVILLE,NJ,07109,1307,13-0250-100
Passaic,Paterson Public School District,"School of Science, Technology, Engineering and Mathematics",61-127 PREAKNESS AVENUE,PATERSON,NJ,07502,,31-4010-304
Union,Clark Township Public School District,Arthur L. Johnson High School,365 WESTFIELD AVENUE,CLARK,NJ,07066,,39-0850-005
Hudson,Hoboken Public School District,Thomas G. Connors Elementary School,201 MONROE STREET,HOBOKEN,NJ,07030,,17-2210-065
Middlesex,Perth Amboy Public School District,Robert N. Wilentz Elementary School,51 FIRST STREET,PERTH AMBOY,NJ,08861,,23-4090-200
Monmouth,Farmingdale Public School District,Farmingdale Elementary,49 ACADEMY ST,FARMINGDALE,NJ,07727,,25-1490-050
Middlesex,Edison Township School District,John Marshall Elementary School,15 CORNELL STREET,EDISON,NJ,08817,,23-1290-095
Middlesex,Monroe Township School District,Monroe Township High School,200 Schoolhouse Road,MONROE TOWNSHIP,NJ,08831,,23-3290-005
Mercer,Trenton Public School District,Joyce Kilmer Intermediate School,1300 Stuyvesant Avenue,Trenton,NJ,08618,,21-5210-304
Monmouth,Neptune Township School District,Midtown Community Elementary School,1155 Corlies Ave,NEPTUNE,NJ,07753,5034,25-3510-080
Camden,Camden City School District,Octavio V. Catto Community Family School,3100 WESTFIELD AVE,CAMDEN,NJ,08105,,07-0680-145
Burlington,Westampton Township Public School District,Holly Hills Elementary School,500 OGDEN DRIVE,WESTAMPTON,NJ,08060,,05-5720-020
Camden,Camden City School District,Camden High School,1875 Park Boulevard,CAMDEN,NJ,08103,,07-0680-030
Bergen,Lyndhurst School District,Washington School,709 RIDGE RD,LYNDHURST,NJ,07071,3215,03-2860-120
Mercer,Princeton Public Schools,Riverside School,58 RIVERSIDE DRIVE,PRINCETON,NJ,08540,5425,21-4255-090
Monmouth,Asbury Park School District,Bradley Elementary School,1100 THIRD AVENUE,ASBURY PARK,NJ,07712,5798,25-0100-040
Monmouth,Red Bank Borough Public School District,Red Bank Middle School,101 HARDING ROAD,RED BANK,NJ,07701,2008,25-4360-060
Morris,Dover Public School District,Academy Street Elementary School,14 ACADEMY STREET,DOVER,NJ,07801,4906,27-1110-050
Middlesex,Woodbridge Township School District,Avenel Street Elementary School,AVENEL STREET,AVENEL,NJ,07001,1411,23-5850-100
Monmouth,LONG BRANCH PUBLIC SCHOOL District,Gregory Elementary School,201 Monmouth Avenue,LONG BRANCH,NJ,07740,6992,25-2770-110
Monmouth,Monmouth County Vocational School District,High Technology High School,765 NEWMAN SPRINGS ROAD,LINCROFT,NJ,07738,0119,25-3260-010
Burlington,Cinnaminson Township School District,New Albany Elementary School,2701 NEW ALBANY ROAD,CINNAMINSON,NJ,08077,,05-0840-055
Middlesex,Piscataway Township School District,Piscataway Township High School,100 BEHMER ROAD,PISCATAWAY,NJ,08854,,23-4130-050
Cumberland,Bridgeton City School District,Geraldine O Foster Early Childhood Center,550 BUCKSHUTEM ROAD,BRIDGETON,NJ,08302,,11-0540-150
Bergen,Ridgefield School District,Slocum Skewes School,650 PROSPECT AVE,RIDGEFIELD,NJ,07657,,03-4370-100
Burlington,Southampton Township School District,Southampton Township School #1,26 PLEASANT STREET,SOUTHAMPTON,NJ,08088,3310,05-4930-050
Middlesex,Carteret Public School District,Carteret Middle School,300 CARTERET AVENUE,CARTERET,NJ,07008,,23-0750-055
Mercer,Princeton Public Schools,John Witherspoon Middle School,217 WALNUT LANE,PRINCETON,NJ,08540,,21-4255-085
Middlesex,Edison Township School District,Menlo Park Elementary School,155 MONROE AVENUE,EDISON,NJ,08820,,23-1290-105
Essex,Irvington Public School District,Berkeley Terrace Elementary School,787     GROVE STREET,IRVINGTON,NJ,07111,3605,13-2330-080
Middlesex,South Plainfield School District,South Plainfield Middle School,2201 PLAINFIELD AVENUE,SOUTH PLAINFIELD,NJ,07080,,23-4910-053
Union,Elizabeth Public Schools,Nicholas S. Lacorte-Peterstown School No. 3,700 SECOND AVE,ELIZABETH,NJ,07202,3823,39-1320-110
Cumberland,Fairfield Township School District,Fairfield Township School,375 GOULDTOWN  WOODRUFF ROAD,BRIDGETON,NJ,08302,,11-1460-070
Essex,Orange Board Of Education School District,Central Elementary School,33 Cleveland Street,"Orange,",NJ,07050,,13-3880-303
Passaic,Wayne Township Public School District,Lafayette Elementary School,100 LAAUWE AVENUE,WAYNE,NJ,07470,2950,31-5570-090
Union,Linden Public School District,Number 10,2801 HIGHLAND AVENUE,LINDEN,NJ,07036,,39-2660-170
Gloucester,Monroe Township Public School District,Radix Elementary,363 RADIX RD,WILLIAMSTOWN,NJ,08094,8602,15-3280-095
Camden,Lindenwold Public School District,Lindenwold High School,801 Egg Harbor Road,Lindenwold,NJ,08021,,07-2670-005
Middlesex,Old Bridge Township School District,Raymond E. Voorhees Elementary School,11 LIBERTY STREET,OLD BRIDGE,NJ,08857,3414,23-3845-140
Hudson,West New York Board of Education,Public School Number Two,5200 BROADWAY,WEST NEW YORK,NJ,07093,2638,17-5670-065
Cape May,Lower Township Elementary School District,Sandman Consolidated School,838 SEASHORE RD,CAPE MAY,NJ,08204,4650,09-2840-050
Passaic,Passaic County Vocational School District,Passaic County Technical Institute,45 REINHARDT ROAD,WAYNE,NJ,07470,2210,31-3995-050
Union,Roselle Park Public School District,Robert Gordon Elementary School,59 WEST GRANT AVENUE,ROSELLE PARK,NJ,07204,,39-4550-080
Somerset,Montgomery Township School District,Montgomery Upper Middle School,375 Burnt Hill Road,Skillman,NJ,08558,9401,35-3320-070
Bergen,Bergen County Vocational Technical School District,Bergen County Technical High School - Paramus,E.285 Pascack Road,Paramus,NJ,07652,4237,03-0290-075
Passaic,Paterson Public School District,School 28,200 PRESIDENTIAL BOULEVARD,PATERSON,NJ,07522,,31-4010-310
Union,Linden Public School District,Myles J. McManus MIddle School,300 EDGEWOOD RD,LINDEN,NJ,07036,5320,39-2660-060
Middlesex,Piscataway Township School District,Knollwood Elementary School,333 WILLOW AVENUE,PISCATAWAY,NJ,08854,1332,23-4130-100
Middlesex,Woodbridge Township School District,Oak Tree Road Elementary School,WILUS WAY,ISELIN,NJ,08830,,23-5850-402
Monmouth,Freehold Regional High School District,Freehold Borough High School,2 Robertsville Road,FREEHOLD,NJ,07728,1899,25-1650-050
Camden,Clementon Elementary School District,Clementon Elementary School,4 AUDUBON AVE,CLEMENTON,NJ,08021,,07-0880-010
Atlantic,Atlantic County Special Services School District,Atlantic County Elementary and Middle Schools,4805 NAWAKWA BOULEVARD,MAYS LANDING,NJ,08330,,01-0125-030
Middlesex,North Brunswick Township School District,North Brunswick Twp Early Childhood Center,25 Linwood Place,North Brunswick,NJ,08902,,23-3620-301
Hudson,West New York Board of Education,Harry L Bain,6200 BROADWAY,WEST NEW YORK,NJ,07093,2639,17-5670-100
Camden,Camden City School District,Thomas H. Dudley Family School,2250 Berwick Street,Camden,NJ,08105,1160,07-0680-190
Monmouth,Middletown Township Public School District,Middletown Village Elementary School,147 KINGS HIGHWAY,MIDDLETOWN,NJ,07748,2085,25-3160-130
Passaic,Paterson Public School District,School of Government and Public Administration,150 PARK AVENUE,PATERSON,NJ,07501,,31-4010-003
Gloucester,Pitman Boro School District,Elwood Kindle Elementary School,211 Washington Avenue,Pitman,NJ,08071,1014,15-4140-060
Monmouth,Rumson Borough School District,Deane-Porter Elementary School,50 BLACKPOINT ROAD,RUMSON,NJ,07760,1592,25-4570-040
Morris,Parsippany-Troy Hills Township School District,Northvail Elementary School,10 EILEEN COURT,PARSIPPANY,NJ,07054,1430,27-3950-103
Charters,North Star Academy Charter School,North Star Academy Charter School,10 WASHINGTON PLACE,NEWARK,NJ,07102,,80-7320-960
Middlesex,Edison Township School District,Martin Luther King Elementary School,285 TINGLEY LANE,EDISON,NJ,08820,,23-1290-104
Monmouth,Red Bank Regional School District,Red Bank Regional High School,101 RIDGE ROAD,LITTLE SILVER,NJ,07739,1698,25-4365-050
Mercer,Hamilton Township Public School District,Langtree Elementary School,2080 WHATLEY ROAD,HAMILTON,NJ,08690,3142,21-1950-185
Union,Union County Vocational-Technical School District,Academy For Information Technology,1776 RARITAN ROAD,SCOTCH PLAINS,NJ,07076,2997,39-5260-030
Union,Elizabeth Public Schools,Dr. Orlando Edreira Academy School No. 26,1014 South Elmora Avenue,ELIZABETH,NJ,07202,,39-1320-290
Atlantic,Somers Point School District,Jordan Road Elementary School,129 Jordan Road,Somers Point,NJ,08244,1408,01-4800-055
Morris,Parsippany-Troy Hills Township School District,Littleton Elementary School,250 Brooklawn Drive,Morris Plains,NJ,07950,,27-3950-090
Camden,Pennsauken Township Board of Education School District,G.H. Carson Elementary School,4150 GARFIELD AVENUE,PENNSAUKEN,NJ,08109,,07-4060-130
Ocean,Lacey Township School District,Mill Pond Elementary School,210 WESTERN BLVD,LANOKA HARBOR,NJ,08734,,29-2480-055
Bergen,Ridgefield Park Public School District,Ridgefield Park Jr Sr High School,1 OZZIE NELSON DRIVE,RIDGEFIELD PARK,NJ,07660,,03-4380-050
Middlesex,Educational Services Commission of New Jersey,Academy Learning Center,145 PERGOLA AVENUE,MONROE TOWNSHIP,NJ,08831,,23-3145-030
Essex,Verona Public School District,Verona High School,151 FAIRVIEW AVE,VERONA,NJ,07044,1320,13-5370-050
Essex,Bloomfield Township School District,Demarest Elementary School,465 Broughton Ave,Bloomfield,NJ,07003,4232,13-0410-100
Burlington,Evesham Township School District,Marlton Middle,150 TOMLINSON MILL ROAD,MARLTON,NJ,08053,,05-1420-060
Hudson,Union City School District,Union City High School,2500 Kennedy Blvd,Union City,NJ,07087,,17-5240-055
Union,Roselle Park Public School District,Roselle Park Middle School,57 W GRANT AVE,ROSELLE PARK,NJ,07204,2217,39-4550-085
Essex,Newark Public School District,Dr. E. Alma Flagg School,150 THIRD ST,NEWARK,NJ,07104,2002,13-3570-415
Essex,Newark Public School District,McKinley Elementary School,1 COLONNADE PL,NEWARK,NJ,07104,1810,13-3570-520
Cumberland,Vineland Public School District,Vineland Senior High School,2880 E CHESTNUT AVE,VINELAND,NJ,08360,6144,11-5390-050
Hudson,Jersey City Public Schools,James J Ferris High School,35 COLGATE ST,JERSEY CITY,NJ,07302,3307,17-2390-060
Mercer,Trenton Public School District,Columbus Elementary School,1200 Brunswick Avenue,Trenton,NJ,08638,,21-5210-170
Bergen,Saddle Brook School District,Franklin School,95 CALDWELL AVENUE,SADDLE BROOK,NJ,07663,,03-4610-080
Cape May,Lower Cape May Regional School District,Richard M. Teitelman Middle School,687 RT 9,CAPE MAY,NJ,08204,4637,09-2820-060
Gloucester,Pitman Boro School District,Memorial Elementary School,400 Hudson Avenue,Pitman,NJ,08071,1014,15-4140-065
Morris,Madison Public School District,Torey J. Sabatini School,Glenwild Circle,MADISON,NJ,07940,2422,27-2870-110
Essex,ORANGE BOARD OF EDUCATION School District,Cleveland Street Elementary School,355 CLEVELAND ST,ORANGE,NJ,07050,1916,13-3880-070
Hudson,Jersey City Public Schools,"Ollie Culbreth, Jr. School",153 UNION ST,JERSEY CITY,NJ,07304,2317,17-2390-160
Passaic,Hawthorne Public School District,Lincoln Middle School,230 HAWTHORNE AVENUE,HAWTHORNE,NJ,07506,,31-2100-070
Warren,Washington Borough School District,Washington Memorial Elementary School,300 WEST STEWART STREET,WASHINGTON,NJ,07882,,41-5480-055
Cumberland,Bridgeton City School District,Buckshutem Road School,550 BUCKSHUTEM ROAD,BRIDGETON,NJ,08302,9501,11-0540-050
Hudson,Jersey City Public Schools,Academy I,209 BERGEN AVENUE,JERSEY CITY,NJ,07305,,17-2390-095
Monmouth,Little Silver Boro School District,Point Road School,357 LITTLE SILVER POINT ROAD,LITTLE SILVER,NJ,07739,1799,25-2720-060
Hunterdon,Flemington-Raritan Regional School District,Copper Hill Elementary School,100 Everitts Road,Ringoes,NJ,08551,9180,19-1510-033
Essex,Newark Public School District,Bruce Street School For The Deaf,333 CLINTON PL,NEWARK,NJ,07112,1563,13-3570-290
Bergen,Cliffside Park School District,School #6/Middle School,440 OAKDENE AVE,CLIFFSIDE PARK,NJ,07010,,03-0890-080
Monmouth,Neptune Township School District,Early Childhood Center,11 MEMORIAL DRIVE,NEPTUNE,NJ,07753,,25-3510-059
Hudson,West New York Board of Education,Memorial High School,5501 PARK AVE,WEST NEW YORK,NJ,07093,3523,17-5670-050
Charters,Achieve Community Charter School,Achieve Community Charter School,534 Clinton Avenue,Newark,NJ,07108,,80-6110-902
Gloucester,Paulsboro School District,Loudenslager Elementary School,100 BAIRD AVE,PAULSBORO,NJ,08066,1536,15-4020-070
Monmouth,Sea Girt Borough School District,Sea Girt Elementary School,451 Bell Place,Sea Girt,NJ,08750,2599,25-4690-050
Burlington,Cinnaminson Township School District,Cinnaminson High School,1197 RIVERTON ROAD,CINNAMINSON,NJ,08077,,05-0840-030
Hudson,East Newark School District,East Newark Public School,501  11 NORTH THIRD STREET,E NEWARK,NJ,07029,,17-1200-050
Passaic,Bloomingdale School District,Walter T. Bergen Middle School,225 GLENWILD AVENUE,BLOOMINGDALE,NJ,07403,,31-0420-050
Passaic,Passaic City School District,Mario Drago School No. 3,155 Van Houten Ave.,Passaic,NJ,07055,4502,31-3970-090
Middlesex,Middlesex Borough School District,Middlesex High School,300 JOHN F. KENNEDY DRIVE,MIDDLESEX,NJ,08846,1489,23-3140-050
Bergen,Bergen County Vocational Technical School District,Bergen County Technical High School - Teterboro,504 Route 46 West,Teterboro,NJ,07608,,03-0290-070
Morris,Mountain Lakes Public School District,Mountain Lakes High School,96 Powerville Rd.,Mountain Lakes,NJ,07046,,27-3460-050
Charters,Hope Academy Charter School,Hope Academy Charter School,601 GRAND AVENUE,ASBURY PARK,NJ,07712,6656,80-6740-950
Essex,West Orange Public Schools,Washington Elementary School,289 MAIN ST,W ORANGE,NJ,07052,5615,13-5680-180
Atlantic,Port Republic School District,Port Republic Elementary School,137 POMONA AVENUE,PORT REPUBLIC,NJ,08241,,01-4240-050
Warren,Washington Township School District,Brass Castle School,16 CASTLE STREET,WASHINGTON,NJ,07882,9804,41-5530-040
Essex,Irvington Public School District,Augusta Preschool Academy,97 AUGUSTA STREET,IRVINGTON,NJ,07111,,13-2330-071
Gloucester,Deptford Township Public School District,Lake Tract Elementary School,690 ISZARD RD,DEPTFORD,NJ,08096,,15-1100-105
Passaic,Clifton Public School District,School #8,41 OAK STREET,CLIFTON,NJ,07014,,31-0900-140
Sussex,Hopatcong Borough School District,Tulsa Trail Elementary School,2 Tulsa Trail,Hopatcong,NJ,07843,,37-2240-070
Camden,Bellmawr Public School District,Bell Oaks Upper Elementary School,256  ANDERSON AVENUE,BELLMAWR,NJ,08031,,07-0260-015
Union,Clark Township Public School District,Frank K. Hehnly,590 RARITAN ROAD,CLARK,NJ,07066,,39-0850-030
Morris,Parsippany-Troy Hills Township School District,Eastlake Elementary School,40 Eba Road,Parsippany,NJ,07054,2619,27-3950-062
Salem,Pennsville Public School District,Pennsville Memorial High School,110 S  BROADWAY,PENNSVILLE,NJ,08070,2060,33-4075-050
Bergen,Cliffside Park School District,Cliffside Park High School,64 Riverview Avenue,CLIFFSIDE PARK,NJ,07010,,03-0890-030
Union,Union County Vocational-Technical School District,Union County Magnet High School,1776 RARITAN ROAD,SCOTCH PLAINS,NJ,07076,2997,39-5260-040
Camden,Runnemede Public School District,Mary E. Volz Elementary School,509 WEST THIRD AVENUE,RUNNEMEDE,NJ,08078,,07-4590-040
Camden,Cherry Hill School District,James Johnson Elementary School,500 Kresson Rd.,CHERRY HILL,NJ,08034,3121,07-0800-085
Hudson,Jersey City Public Schools,Frank R Conwell School,111 BRIGHT STREET,JERSEY CITY,NJ,07302,4342,17-2390-100
Middlesex,Educational Services Commission of New Jersey,Bright Beginnings Learning Center,1660 STELTON ROAD,PISCATAWAY,NJ,08854,5917,23-3145-100
Monmouth,Spring Lake Heights School District,Spring Lake Heights Elementary School,1110 HIGHWAY 71,SPRING LAKE HEIGHTS,NJ,07762,2009,25-4990-050
Bergen,New Milford Public School District,David E. Owens Middle School,470 MARION AVENUE,NEW MILFORD,NJ,07646,,03-3550-085
Essex,Newark Public School District,Early Childhood School - North,24 Crane Street,Newark,NJ,07104,,13-3570-316
Ocean,Jackson Township School District,Jackson Memorial High School,101 Don Connor Boulevard,Jackson,NJ,08527,3497,29-2360-020
Essex,Montclair Public School District,Renaissance Middle School at the Rand Building,176 North Fullerton Avenue,MONTCLAIR,NJ,07042,,13-3310-165
Mercer,Hamilton Township Public School District,Lalor Elementary School,25 BARNT DEKLYN ROAD,HAMILTON,NJ,08610,6632,21-1950-180
Burlington,Burlington County Institute of Technology School District,Burlington County Institute of Technology - Medford,10 Hawkin Road,Medford,NJ,08055,9412,05-0610-040
Essex,Montclair Public School District,Buzz Aldrin Middle School,173 BELLEVUE AVE,UPPER MONTCLAIR,NJ,07042,,13-3310-127
Ocean,Point Pleasant Borough School District,Nellie F. Bennett Elementary School,RIVIERA PARKWAY,POINT PLEASANT,NJ,08742,,29-4210-055
Passaic,Clifton Public School District,School #5,136 VALLEY ROAD,CLIFTON,NJ,07013,,31-0900-120
Essex,Newark Public School District,Newark Sch of Data Science and Information Technology,746 Sanford Avenue,Newark,NJ,07106,,13-3570-320
Bergen,Leonia Public School District,Anna C. Scott Elementary School,281 Broad Avenue,Leonia,NJ,07605,,03-2620-060
Burlington,Tabernacle Township School District,Tabernacle Elementary School,141 NEW ROAD,TABERNACLE,NJ,08088,,05-5130-060
Somerset,Montgomery Township School District,Montgomery High School,1016 Route 601,Skillman,NJ,08558,1799,35-3320-030
Charters,Hope Community Charter School,Hope Community Charter School,836 S. 4th Street,Camden,NJ,08103,,80-6086-972
Burlington,Lumberton Township Board of Education,Bobby's Run Elementary School,32 DIMSDALE DRIVE,LUMBERTON,NJ,08048,,05-2850-020
Essex,South Orange-Maplewood School District,Jefferson Elementary School,518 RIDGEWOOD RD,MAPLEWOOD,NJ,07040,2158,13-4900-090
Ocean,Seaside Heights School District,Hugh J. Boyd Jr. Elementary School,1200 BAY BOULEVARD,SEASIDE HTS,NJ,08751,,29-4710-050
Camden,Bellmawr Public School District,Bellmawr Park Elementary School,29 PEACH ROAD,BELLMAWR,NJ,08031,,07-0260-020
Morris,Mine Hill Township School District,Canfield Avenue School,42 CANFIELD AVENUE,MINE HILL,NJ,07803,,27-3240-030
Passaic,Lakeland Regional High School District,Lakeland Regional High School,205 CONKLINTOWN ROAD,WANAQUE,NJ,07465,2198,31-2510-050
Union,Clark Township Public School District,Clark Preschool Annex,430 Westfield Ave,Clark,NJ,07066,,39-0850-300
Union,Elizabeth Public Schools,Dr. Albert Einstein Academy School No. 29,919 NORTH BROAD STREET,ELIZABETH,NJ,07208,,39-1320-295
Monmouth,Hazlet Township Public School District,Middle Road School,305 MIDDLE ROAD,HAZLET,NJ,07730,2343,25-2105-090
Passaic,Paterson Public School District,School 1,1 EAST 32ND STREET,PATERSON,NJ,07514,,31-4010-050
Monmouth,LONG BRANCH PUBLIC SCHOOL District,Joseph M. Ferraina Early Childhood Learning Center,80 AVENEL BOULEVARD,LONG BRANCH,NJ,07740,,25-2770-085
Essex,Essex Regional Educational Services Commission,Essex High School,520 Pompton Avenue,Cedar Grove,NJ,07009,,13-1387-030
Somerset,Somerset Hills Regional School District,Bernardsville Middle School,141 Seney Drive,Bernardsville,NJ,07924,,35-4815-040
Bergen,Upper Saddle River School District,Robert D Reynolds Primary School,391 W  SADDLE RIVER RD,UPPER SADDLE RIVER,NJ,07458,,03-5330-070
Burlington,Medford Township School District,Cranberry Pines Elementary,400 FAIRVIEW ROAD,MEDFORD,NJ,08055,9172,05-3080-040
Passaic,Passaic City School District,Thomas Jefferson School No. 1,390 Van Houten Ave.,Passaic,NJ,07055,,31-3970-080
Somerset,Watchung Borough Public School District,Bayberry School,113 Bayberry Lane,Watchung,NJ,07069,,35-5540-040
Essex,Newark Public School District,Lafayette Street School,205 LAFAYETTE ST,NEWARK,NJ,07105,1843,13-3570-480
Hunterdon,Hunterdon County Vocational School District,Hunterdon Polytech Bartles Corner Campus,8 Bartles Corner Road,Flemington,NJ,08822,,19-2308-030
Camden,Camden County Technical School District,Camden County Technical School-GTC,343 Berlin Cross Keys Road,Sicklerville,NJ,08081,,07-0700-040
Essex,South Orange-Maplewood School District,South Orange Middle School,70 North Ridgewood Road,S ORANGE,NJ,07079,1518,13-4900-050
Monmouth,Hazlet Township Public School District,Cove Road School,8 COVE ROAD,HAZLET,NJ,07730,2120,25-2105-070
Essex,West Essex Regional School District,West Essex Middle School,65 WEST GREENBROOK RD,NORTH CALDWELL,NJ,07006,,13-5630-070
Passaic,West Milford Township Public School District,Paradise Knoll Elementary School,103 PARADISE ROAD,OAK RIDGE,NJ,07438,8931,31-5650-080
Warren,North Warren Regional School District,North Warren Regional School,10 NOE RD,BLAIRSTOWN,NJ,07825,0410,41-3675-050
Essex,Newark Public School District,Central High School,250 18TH AVENUE,NEWARK,NJ,07103,,13-3570-030
Mercer,Trenton Public School District,Cadwalader Elementary School,501 Edgewood Avenue,Trenton,NJ,08618,,21-5210-160
Hudson,Secaucus School District,Secaucus High School,11 MILL RIDGE ROAD,SECAUCUS,NJ,07094,,17-4730-050
Union,Linden Public School District,Number 1,728 NO WOOD AVE,LINDEN,NJ,07036,4064,39-2660-080
Hudson,Bayonne School District,Henry E. Harris Community School,135 AVENUE C,BAYONNE,NJ,07002,,17-0220-050
Bergen,Carlstadt-East Rutherford Regional High School District,Henry P. Becton Regional High School,120 PATERSON AVENUE,EAST RUTHERFORD,NJ,07073,,03-0745-050
Camden,Berlin Borough School District,Berlin Community School,215 S FRANKLIN AVE,BERLIN,NJ,08009,9220,07-0330-020
Union,Springfield Public School District,Edward V. Walton Primary School,601 Mountain Ave.,Springfield,NJ,07081,,39-5000-050
Sussex,Newton Public School District,Merriam Avenue School,81 MERRIAM AVENUE,NEWTON,NJ,07860,,37-3590-070
Sussex,Fredon Township School District,Fredon Township School,459 ROUTE 94,NEWTON,NJ,07860,,37-1630-050
Union,Township of Union School District,Union High School,2350 NORTH THIRD STREET,UNION,NJ,07083,,39-5290-050
Ocean,Ocean County Vocational Technical School District,Ocean County Vocational Technical School Waretown Center,423 WELLS MILLS ROAD,WARETOWN,NJ,08758,8822,29-3790-040
Bergen,Fairview Public School District,Lincoln School,140 ANDERSON  AVENUE,FAIRVIEW,NJ,07022,,03-1470-060
Mercer,Ewing Township School District,William L Antheil Elementary School,339 EWINGVILLE ROAD,EWING,NJ,08638,1721,21-1430-140
Passaic,Woodland Park School District,Memorial Middle School,15 MEMORIAL DRIVE,Woodland Park,NJ,07424,,31-5690-070
Morris,Hanover Township School District,Bee Meadow School,120 Reynolds Avenue,Whippany,NJ,07981,1252,27-2000-025
Mercer,West Windsor-Plainsboro Regional School District,Thomas R Grover Middle School,10 SOUTHFIELD ROAD,West Windsor,NJ,08550,,21-5715-035
Bergen,Northern Valley Regional High School District,Northern Valley Regional High School at Old Tappan,140 Central Avenue,Old Tappan,NJ,07675,,03-3710-060
Hudson,North Bergen School District,Horace Mann Elementary School,1215  83RD STREET,NORTH BERGEN,NJ,07047,4215,17-3610-070
Bergen,Cliffside Park School District,School #3,397 PALISADE AVENUE,CLIFFSIDE PARK,NJ,07010,,03-0890-050
Cumberland,Greenwich Township School District,Morris Goodwin School,839 YE GREATE STREET,GREENWICH,NJ,08323,0360,11-1820-060
Middlesex,New Brunswick School District,Paul Robeson Community School for the Arts,199 Commercial Ave,NEW BRUNSWICK,NJ,08901,2734,23-3530-123
Warren,Frelinghuysen Township School District,Frelinghuysen Township Elementary School,780 ROUTE 94,JOHNSONBURG,NJ,07846,,41-1670-050
Essex,ORANGE BOARD OF EDUCATION School District,Park Avenue Elementary School,231 PARK AVE,ORANGE,NJ,07050,4102,13-3880-120
Morris,Long Hill Township School District,Central Middle School,90 Central Avenue,Stirling,NJ,07980,,27-4000-030
Mercer,East Windsor Regional School District,Perry L. Drew Elementary School,70 TWIN RIVERS DRIVE NORTH,EAST WINDSOR,NJ,08520,,21-1245-075
Cumberland,Upper Deerfield Township School District,Elizabeth F. Moore School,1361 Highway 77,SEABROOK,NJ,08302,4261,11-5300-060
Passaic,Clifton Public School District,School #9,25 BRIGHTON ROAD,CLIFTON,NJ,07012,,31-0900-150
Bergen,Garfield Public School District,Garfield Public Preschool Annex,464 OUTWATER LANE,GARFIELD,NJ,07026,,03-1700-086
Camden,Camden City School District,Woodrow Wilson High School,3100 Federal Street,CAMDEN,NJ,08105,,07-0680-040
Bergen,Oradell Public School District,Oradell Public School,350 PROPECT AVENUE,ORADELL,NJ,07649,,03-3870-050
Passaic,Wayne Township Public School District,Schuyler Colfax Middle School,1500 HAMBURG TURNPIKE,WAYNE,NJ,07470,4024,31-5570-145
Monmouth,Freehold Township School District,Marshall W. Errickson School,271 ELTON  ADELPHIA ROAD,FREEHOLD,NJ,07728,3127,25-1660-025
Union,Elizabeth Public Schools,Nicholas Murray Butler Academy School No. 23,631-657 Westminstrer Avenue,ELIZABETH,NJ,07208,2126,39-1320-260
Morris,Wharton Borough School District,Alfred C. MacKinnon Middle School,137 East Central Avenue,Wharton,NJ,07885,2431,27-5770-030
Morris,Montville Township School District,William Mason School,5 SHAWNEE TRAIL,MONTVILLE,NJ,07045,9739,27-3340-065
Middlesex,Piscataway Township School District,Arbor Elementary School,1717 LESTER PLACE,PISCATAWAY,NJ,08854,,23-4130-060
Union,Berkeley Heights School District,Columbia Middle School,345 PLAINFIELD AVE,BERKELEY HTS,NJ,07922,1436,39-0310-030
Middlesex,Piscataway Township School District,Conackamack Middle School,5205 WITHERSPOON STREET,PISCATAWAY,NJ,08854,,23-4130-053
Middlesex,Woodbridge Township School District,Matthew Jago Elementary School,99 CENTRAL AVENUE,SEWAREN,NJ,07077,,23-5850-150
Monmouth,Neptune Township School District,Summerfield Elementary School,1 Summerfield La,NEPTUNE,NJ,07753,3598,25-3510-100
Middlesex,Edison Township School District,John Adams Middle School,1081 NEW DOVER ROAD,EDISON,NJ,08820,,23-1290-055
Hudson,Kearny,Roosevelt Elementary School,733 KEARNY AVE,KEARNY,NJ,07032,3005,17-2410-100
Essex,Newark Public School District,Fourteenth Avenue School,186  14TH AVE,NEWARK,NJ,07103,2128,13-3570-420
Union,Elizabeth Public Schools,Winfield Scott School No. 2,125 MADISON AVE,ELIZABETH,NJ,07201,2420,39-1320-100
Passaic,Passaic City School District,Ellen Ochoa School Number 22,95 Dayton Ave,Passaic,NJ,07055,,31-3970-305
Bergen,Mahwah Township Public School District,Joyce Kilmer School,80 RIDGE ROAD,MAHWAH,NJ,07430,,03-2900-075
Monmouth,Brielle Boro School District,Brielle Elementary School,605 UNION LANE,BRIELLE,NJ,08730,1439,25-0560-020
Passaic,Paterson Public School District,School 21,322 TENTH AVENUE,PATERSON,NJ,07514,,31-4010-250
Hudson,Union City School District,Veterans' Memorial Elementary School,1401 CENTRAL AVENUE,UNION CITY,NJ,07087,,17-5240-118
Somerset,Bridgewater-Raritan Regional School District,Hamilton Primary School,9 Hamilton Lane,Basking Ridge,NJ,07920,,35-0555-063
Cumberland,Commercial Township School District,Port Norris Middle School,6812 BROWN STREET,PORT NORRIS,NJ,08349,9620,11-0950-050
Cape May,Cape May County Special Services School District,Cape May County High School,148 CREST HAVEN ROAD,CAPE MAY COURT HOUSE,NJ,08210,,09-0715-020
Atlantic,Mullica Township School District,Mullica Township Primary School,500 ELWOOD ROAD,ELWOOD,NJ,08217,0318,01-3480-020
Bergen,Bergenfield Borough School District,Roy W. Brown Middle School,130 S WASHINGTON AVE,BERGENFIELD,NJ,07621,2902,03-0300-075
Bergen,Wyckoff Township Public School District,Dwight D. Eisenhower Middle School,344 CALVIN CT,WYCKOFF,NJ,07481,2227,03-5920-025
Morris,Jefferson Township Public School District,Arthur Stanlick Elementary School,121 B  SHAWNEE TRAIL,LK SHAWNEE JEFFERSON TWSP,NJ,07885,,27-2380-028
Passaic,Paterson Public School District,"School of Business, Technology, Marketing and Finance",61-127 PREAKNESS AVENUE,PATERSON,NJ,07502,,31-4010-306
Passaic,West Milford Township Public School District,Apshawa Elementary School,140 HIGH CREST DRIVE,WEST MILFORD,NJ,07480,3708,31-5650-042
Cape May,West Cape May Elementary School District,West Cape May Elementary School,301 Moore Street,West Cape May,NJ,08204,1199,09-5610-050
Essex,Irvington Public School District,Grove Street Elementary School,602 GROVE STREET,IRVINGTON,NJ,07111,4531,13-2330-110
Burlington,North Hanover Township School District,Clarence B. Lamb Elementary School,46 SCHOOLHOUSE ROAD,WRIGHTSTOWN,NJ,08562,,05-3650-040
Ocean,Lakewood Township School District,Clifton Ave Grade School,625 CLIFTON AVENUE,LAKEWOOD,NJ,08701,,29-2520-070
Mercer,Hopewell Valley Regional School District,Timberlane Middle School,51 S  TIMBERLANE DRIVE,PENNINGTON,NJ,08534,1614,21-2280-075
Union,Elizabeth Public Schools,Victor Mravlag School No. 21,132 Shelley Avenue,ELIZABETH,NJ,07208,,39-1320-240
Cumberland,Lawrence Township School District,Myron L. Powell Elementary School,225 MAIN STREET,CEDARVILLE,NJ,08311,,11-2570-030
Essex,Caldwell-West Caldwell School District,Wilson Elementary School,71 ORTON RD,WEST CALDWELL,NJ,07006,,13-0660-120
Middlesex,Piscataway Township School District,Martin Luther King Elementary School,5205 LUDLOW STREET,PISCATAWAY,NJ,08854,,23-4130-105
Bergen,Paramus Public School District,Ridge Ranch Elementary School,345 LOCKWOOD DRIVE,PARAMUS,NJ,07652,,03-3930-110
Morris,Educational Services Commission of Morris County,Park Lake School,72 ACADEMY STREET,ROCKAWAY,NJ,07866,,27-3364-080
Bergen,Saddle River School District,Wandell School,97 E ALLENDALE RD,SADDLE RIVER,NJ,07458,3023,03-4620-050
Middlesex,New Brunswick School District,Livingston Elementary School,206 DELAVAN STREET,NEW BRUNSWICK,NJ,08901,3035,23-3530-090
Essex,Irvington Public School District,Mt. Vernon Avenue Elementary School,54 MT   VERNON AVENUE,IRVINGTON,NJ,07111,,13-2330-131
Somerset,Bernards Township School District,Ridge High School,268 South Finley Avenue,Basking Ridge,NJ,07920,9439,35-0350-050
Union,Summit Public School District,Jefferson Elementary School,110 ASHWOOD AVENUE,SUMMIT,NJ,07901,3823,39-5090-090
Ocean,Brick Township Public School District,Lake Riviera Middle School,171 BEAVERSON BOULEVARD,BRICK,NJ,08723,,29-0530-043
Bergen,Lodi School District,Hilltop School,200 KIPP AVENUE,LODI,NJ,07644,,03-2740-065
Bergen,Ridgewood Public School District,Benjamin Franklin Middle School,335 NORTH VAN DIEN AVE,RIDGEWOOD,NJ,07451,,03-4390-060
Morris,Mount Olive Township School District,Mount Olive Middle School,160 WOLFE ROAD,BUDD LAKE,NJ,07828,,27-3450-040
Union,Westfield Public School District,Thomas Edison Intermediate School,800 Rahway Avenue,Westfield,NJ,07090,,39-5730-070
Union,Hillside Public School District,Hillside High School,1085 LIBERTY AVE,HILLSIDE,NJ,07205,2526,39-2190-050
Hunterdon,Flemington-Raritan Regional School District,J.P. Case Middle School,301 CASE BOULEVARD,FLEMINGTON,NJ,08822,,19-1510-045
Monmouth,Howell Township Public School District,Adelphia Elementary School,495 ADELPHIA ROAD,FREEHOLD,NJ,07728,,25-2290-003
Middlesex,Middlesex Borough School District,Von E. Mauger Middle School,FISHER AVENUE,MIDDLESEX,NJ,08846,,23-3140-085
Gloucester,Deptford Township Public School District,Oak Valley Elementary School,525 COLLEGE BLVD,WENONAH,NJ,08090,,15-1100-120
Middlesex,Woodbridge Township School District,Colonia High School,EAST STREET,COLONIA,NJ,07067,,23-5850-020
Bergen,Pascack Valley Regional High School District,Pascack Hills High School,225 West Grand Avenue,Montvale,NJ,07645,,03-3960-040
Atlantic,Atlantic City School District,New York Avenue School,411 N New York Avenue,Atlantic City,NJ,08401,,01-0110-070
Union,Roselle Public Schools,Leonard V Moore Middle School,720 LOCUST ST,ROSELLE,NJ,07203,1919,39-4540-040
Burlington,Burlington City Public School District,Samuel Smith Elementary School,250 FARNER AVENUE,BURLINGTON,NJ,08016,,05-0600-080
Monmouth,Manalapan-Englishtown Regional Schools School District,Pine Brook School,155 PEASE ROAD,Manalapan,NJ,07726,3598,25-2920-075
Bergen,Moonachie School District,Robert L. Craig School,20 WEST PARK STREET,MOONACHIE,NJ,07074,1115,03-3350-060
Passaic,Paterson Public School District,School 5,430 TOTOWA AVENUE,PATERSON,NJ,07502,2135,31-4010-090
Sussex,Newton Public School District,Halsted Middle School,59 HALSTED STREET,NEWTON,NJ,07860,,37-3590-060
Monmouth,Wall Township Public School District,West Belmar Elementary School,925 17TH AVENUE,WALL,NJ,07719,1199,25-5420-080
Cumberland,Hopewell Township School District,Hopewell Crest,122 SEWALL ROAD,BRIDGETON,NJ,08302,8503,11-2270-060
Salem,Penns Grove-Carneys Point Regional School District,Field Street School,144 FIELD STREET,CARNEYS POINT,NJ,08069,1369,33-4070-090
Gloucester,Monroe Township Public School District,Oak Knoll Elementary School,23 BODINE AVENUE,WILLIAMSTOWN,NJ,08094,,15-3280-090
Bergen,Franklin Lakes School District,Woodside Avenue School,305 Woodside Avenue,Franklin Lakes,NJ,07417,2030,03-1580-030
Salem,Quinton Township School District,Quinton Township School,8 ROBINSON STREET,QUINTON,NJ,08072,0365,33-4280-050
Bergen,Fair Lawn Public School District,Fair Lawn High School,14  00 BERDAN AVENUE,FAIR LAWN,NJ,07410,,03-1450-050
Monmouth,Rumson Borough School District,Forrestdale School,60 FORREST AVENUE,RUMSON,NJ,07760,1681,25-4570-050
Passaic,Paterson Public School District,School 26,1 EAST 32ND STREET,PATERSON,NJ,07514,,31-4010-290
Passaic,Paterson Public School District,School 15,98 OAK STREET,PATERSON,NJ,07501,,31-4010-190
Passaic,West Milford Township Public School District,Maple Road Elementary School,36 MAPLE ROAD,WEST MILFORD,NJ,07480,2706,31-5650-060
Essex,Millburn Township School District,Wyoming School,55 MYRTLE AVE,MILLBURN,NJ,07041,,13-3190-120
Essex,ORANGE BOARD OF EDUCATION School District,Orange High School,400 LINCOLN AVE,ORANGE,NJ,07050,2208,13-3880-050
Cape May,Wildwood Crest Borough School District,Crest Memorial School,9100 PACIFIC AVE,WILDWOOD CREST,NJ,08260,3433,09-5800-030
Charters,Princeton Charter School,Princeton Charter School,100 Bunn Drive,PRINCETON,NJ,08540,2821,80-7540-930
Bergen,Lyndhurst School District,Community,862 Valley Brook Avenue,Lyndhurst,NJ,07071,2252,03-2860-301
Camden,Cherry Hill School District,Thomas Paine Elementary School,4001 Church Rd.,CHERRY HILL,NJ,08034,1199,07-0800-115
Essex,Montclair Public School District,Montclair High School,100 CHESTNUT ST,MONTCLAIR,NJ,07042,2908,13-3310-050
Union,Westfield Public School District,Franklin Elementary School,700 Prospect Street,Westfield,NJ,07090,3907,39-5730-100
Hudson,Union City School District,Emerson Middle School,318 - 18th Street,UNION CITY,NJ,07087,,17-5240-105
Essex,Newark Public School District,American History High School,74 Montgomery St,NEWARK,NJ,07103,,13-3570-087
Essex,Newark Public School District,South Street Elementary School,44-48 Hermon Street,NEWARK,NJ,07105,,13-3570-640
Middlesex,Piscataway Township School District,Dwight D. Eisenhower Elementary School,360 STELTON ROAD,PISCATAWAY,NJ,08854,,23-4130-065
Hudson,Weehawken Public School District,Daniel Webster School,2700  PALISADE AVE,WEEHAWKEN,NJ,07086,,17-5580-070
Somerset,Franklin Township Public Schools,MacAfee Road School,53 Macafee Road,Somerset,NJ,08873,2949,35-1610-115
Somerset,Bound Brook School District,Community Middle School,120 East Second Street,Bound Brook,NJ,08805,,35-0490-302
Union,Linden Public School District,Number 9,1401 Deerfield Terrace,LINDEN,NJ,07036,,39-2660-160
Bergen,Englewood Cliffs School District,North Cliff School,700 FLOYD ST,ENGLEWOOD CLIFFS,NJ,07632,,03-1380-040
Cumberland,Vineland Public School District,John H. Winslow Elementary School,1335 MAGNOLIA RD,VINELAND,NJ,08360,6578,11-5390-115
Passaic,Passaic City School District,"Martin Luther King, Jr. School No. 6",85 Hamilton Ave.,Passaic,NJ,07055,5215,31-3970-100
Passaic,Prospect Park Public School District,Prospect Park School No. 1,94 BROWN AVENUE,PROSPECT PARK,NJ,07508,2018,31-4270-010
Essex,Newark Public School District,Early Childhood School - Central,70 Montgomery Street,Newark,NJ,07103,,13-3570-314
Burlington,Lenape Regional High School District,Lenape High School,235 HARTFORD ROAD,MEDFORD,NJ,08055,,05-2610-050
Charters,Empowerment Academy Charter School,Empowerment Academy Charter School,240 Ege Avenue,Jersey City,NJ,07304,,80-6103-994
Charters,Jersey City Golden Door Charter School,Jersey City Golden Door Charter School,3044 Kennedy Blvd,JERSEY CITY,NJ,07306,,80-6915-950
Hudson,Union City School District,Robert Waters Elementary School,2800 SUMMIT AVE,UNION CITY,NJ,07087,2323,17-5240-130
Essex,Newark Public School District,Belmont Runyon Elementary School,1 BELMONT RUNYON WAY,NEWARK,NJ,07108,2406,13-3570-225
Middlesex,Carteret Public School District,Columbus Elementary School,1 CARTERET AVENUE,CARTERET,NJ,07008,,23-0750-050
Mercer,Ewing Township School District,Parkway Elementary School,446 PARKWAY AVENUE,EWING,NJ,08618,2605,21-1430-130
Camden,Magnolia School District,Magnolia,420 NORTH WARWICK RD,MAGNOLIA,NJ,08049,1320,07-2890-050
Morris,Rockaway Borough School District,Thomas Jefferson Middle School,95 EAST MAIN STREET,ROCKAWAY,NJ,07866,3517,27-4480-050
Camden,Camden City School District,Riletta Twyne Cream Family School,1875 Mulford Street,CAMDEN,NJ,08104,,07-0680-175
Somerset,Franklin Township Public Schools,Franklin Middle School at Sampson G. Smith Campus,1649 Amwell Road,Somerset,NJ,08873,,35-1610-150
Middlesex,Carteret Public School District,Nathan Hale Elementary School,678 ROOSEVELT AVENUE,CARTERET,NJ,07008,,23-0750-060
Union,Summit Public School District,Brayton Elementary School,89 TULIP STREET,SUMMIT,NJ,07901,3410,39-5090-070
Bergen,Wyckoff Township Public School District,Abraham Lincoln Elementary School,325 MASON AVE,WYCKOFF,NJ,07481,2822,03-5920-010
Monmouth,Hazlet Township Public School District,Hazlet Middle School,1639 UNION AVENUE,HAZLET,NJ,07730,2497,25-2105-105
Essex,Belleville Public School District,Belleville PS4,30 Magnolia Street,BELLEVILLE,NJ,07109,3210,13-0250-055
Atlantic,Galloway Township Public Schools,Reeds Road Elementary School,103 SOUTH REEDS ROAD,GALLOWAY,NJ,08205,,01-1690-045
Camden,Collingswood Public School District,Collingswood Pre Sch Penguins Childhood Center,201 Dayton Avenue,Collingswood,NJ,08108,,07-0940-301
Cumberland,Vineland Public School District,Veterans Memorial Middle,424 S MAIN RD,VINELAND,NJ,08360,7843,11-5390-060
Middlesex,Old Bridge Township School District,Old Bridge High School,4209 ROUTE 516,MATAWAN,NJ,07747,,23-3845-040
Mercer,Lawrence Township Public School District,Slackwood Elementary School,2060 PRINCETON PIKE,LAWRENCEVILLE,NJ,08648,4324,21-2580-100
Cumberland,Vineland Public School District,Pauline J. Petway Elementary School,1115 SO  LINCOLN AVE,VINELAND,NJ,08361,6601,11-5390-270
Atlantic,Buena Regional School District,Buena Regional Middle School,175 WEYMOUTH RD,BUENA,NJ,08310,,01-0590-030
Essex,East Orange School District,George Washington Carver Institute,135 GLENWOOD AVENUE,EAST ORANGE,NJ,07017,4518,13-1210-060
Morris,Hanover Park Regional High School District,Hanover Park High School,63 MT  PLEASANT AVENUE,EAST HANOVER,NJ,07936,2601,27-1990-050
Morris,Roxbury Township School District,Franklin Elementary School,8 MEEKER STREET,SUCCASUNNA,NJ,07876,1419,27-4560-060
Atlantic,Atlantic City School District,Richmond Avenue School,4115 Ventnor Avenue,Atlantic City,NJ,08401,5860,01-0110-120
Sussex,Vernon Township School District,Walnut Ridge Primary School,625 ROUTE 517,VERNON,NJ,07462,0190,37-5360-050
Passaic,Paterson Public School District,"School Of Culinary Arts, Hospitality and Tourism",150 PARK AVENUE,PATERSON,NJ,07501,,31-4010-002
Middlesex,East Brunswick Township School District,Frost Elementary School,65 FROST AVENUE,EAST BRUNSWICK,NJ,08816,,23-1170-130
Somerset,Hillsborough Township Public School District,Woods Road Elementary School,120 South Woods Road,Hillsborough,NJ,08844,,35-2170-085
Somerset,Somerset County Educational Services Commission,Somerset Secondary Academy,7 Finderne Ave,Bridgewater,NJ,08807,,35-4805-050
Charters,Bridgeton Public Charter School,Bridgeton Public Charter School,790 East Commerce Ave,Bridgeton,NJ,08302,,80-6100-991
Charters,Camden's Promise Charter School,Camden's Promise Charter School,879 Beideman Ave,Camden,NJ,08105,,80-6107-998
Passaic,Paterson Public School District,School 8,35 CHADWICK STREET,PATERSON,NJ,07503,3107,31-4010-120
Camden,Cherry Hill School District,Woodcrest Elementary School,400 Cranford Dr.,CHERRY HILL,NJ,08003,3499,07-0800-130
Charters,Compass Academy Charter School,Compass Academy Charter School,23 West Chestnut Ave,Vineland,NJ,08360,,80-6089-976
Ocean,Point Pleasant Borough School District,Point Pleasant Borough High School,LAURA HERBERT DR,POINT PLEASANT,NJ,08742,,29-4210-030
Middlesex,New Brunswick School District,New Brunswick High School,1000 Somerset St,NEW BRUNSWICK,NJ,08901,3309,23-3530-050
Ocean,Central Regional School District,Central Regional Middle School,509 FOREST HILLS PARKWAY,BAYVILLE,NJ,08721,,29-0770-050
Mercer,Trenton Public School District,Gregory Elementary School,500 Rutherford Avenue,Trenton,NJ,08618,4459,21-5210-210
Morris,Jefferson Township Public School District,Milton Elementary School,52 SCHOOLHOUSE ROAD,OAK RIDGE,NJ,07438,9110,27-2380-050
Bergen,Wallington Boro School District,Wallington Junior Senior High School,234 MAIN AVE,WALLINGTON,NJ,07057,1523,03-5430-050
Ocean,Jackson Township School District,Lucy N. Holman Elementary School,125 Manhattan Street,Jackson,NJ,08527,3497,29-2360-046
Hudson,Jersey City Public Schools,Jotham W. Wakeman School,100 ST PAULS AVE,JERSEY CITY,NJ,07306,2208,17-2390-370
Middlesex,Jamesburg Public School District,Grace M. Breckwedel Middle School,13 AUGUSTA ST,JAMESBURG,NJ,08831,1457,23-2370-075
Union,Scotch Plains-Fanwood School District,Scotch Plains-Fanwood High School,667 WESTFIELD ROAD,SCOTCH PLAINS,NJ,07076,,39-4670-050
Hunterdon,Alexandria Township School District,Lester D. Wilson Elementary School,525 County Road 513,Pittstown,NJ,08867,9509,19-0020-010
Ocean,Toms River Regional School District,Cedar Grove Elementary School,179 CEDAR GROVE ROAD,TOMS RIVER,NJ,08753,4399,29-5190-065
Hunterdon,South Hunterdon Regional School District,Lambertville Public School,200 N. Main,Lambertville,NJ,08530,3210,19-1376-020
Hudson,West New York Board of Education,Public School Number One,6129 MADISON ST,WEST NEW YORK,NJ,07093,1512,17-5670-060
Passaic,Passaic City School District,Vincent Capuana School No. 15,374 Broadway,Passaic,NJ,07055,,31-3970-170
Union,Rahway Public School District,Rahway High School,1012 MADISON AVE,RAHWAY,NJ,07065,2003,39-4290-050
Hudson,Hoboken Public School District,Wallace Elementary School,1100 WILLOW AVENUE,HOBOKEN,NJ,07030,,17-2210-070
Camden,Eastern Camden County Regional School District,Eastern Regional High School,1401 LAUREL OAK ROAD,VOORHEES,NJ,08043,0995,07-1255-050
Burlington,Palmyra Public School District,Palmyra High School,5TH & WEART BOULEVARD,PALMYRA,NJ,08065,,05-3920-050
Camden,Mt. Ephraim School District,Raymond W. Kershaw School,125 SOUTH BLACK HORSE PIKE,MOUNT EPHRAIM,NJ,08059,1803,07-3420-020
Bergen,Dumont Public School District,Selzer Elementary\Middle School,435 PROSPECT AVE,DUMONT,NJ,07628,1417,03-1130-080
Essex,West Orange Public Schools,Kelly Elementary School,555 PLEASANT VALLEY WAY,W ORANGE,NJ,07052,2803,13-5680-150
Passaic,West Milford Township Public School District,Upper Greenwood Lake Elementary School,41 HENRY ROAD,HEWITT,NJ,07421,,31-5650-090
Bergen,Cresskill Public School District,Merritt Memorial,1 DOGWOOD LANE,CRESSKILL,NJ,07626,,03-0990-060
Camden,Collingswood Public School District,Collingswood High School,424 COLLINGS AVE,COLLINGSWOOD,NJ,08108,,07-0940-030
Monmouth,Hazlet Township Public School District,Sycamore Drive Early Childhood Learning Center,37 SYCAMORE DRIVE,HAZLET,NJ,07730,1899,25-2105-100
Essex,Verona Public School District,Forest Avenue School,118 FOREST AVE,VERONA,NJ,07044,1224,13-5370-090
Cumberland,Millville School District,R. M. Bacon Elementary School,501 SOUTH THIRD STREET,MILLVILLE,NJ,08332,,11-3230-065
Camden,Pennsauken Township Board of Education School District,A.E. Burling Elementary School,3600 HARRIS AVENUE,PENNSAUKEN,NJ,08105,,07-4060-104
Essex,Verona Public School District,Henry B. Whitehorne Middle School,600 BLOOMFIELD AVE,VERONA,NJ,07044,1817,13-5370-095
Camden,Collingswood Public School District,Thomas Sharp Elementary School,400 COMLY AVE,WEST COLLINGSWOOD,NJ,08107,,07-0940-070
Passaic,Paterson Public School District,School 12,121 NORTH SECOND STREET,PATERSON,NJ,07522,,31-4010-160
Burlington,Willingboro Public School District,W. R. James Sr. Elementary School,41 PINETREE LANE,WILLINGBORO,NJ,08046,,05-5805-080
Morris,Parsippany-Troy Hills Township School District,Central Middle School,1620 Route 46,Parsippany,NJ,07054,,27-3950-060
Morris,Pequannock Township School District,North Boulevard School,363 Boulevard,Pompton Plains,NJ,07444,1701,27-4080-060
Monmouth,Howell Township Public School District,Land O'Pines Elementary School,81 Windeler Road,HOWELL,NJ,07731,8700,25-2290-030
Morris,Rockaway Township School District,Birchwood Elementary School,1 ART STREET,DOVER,NJ,07801,,27-4490-010
Middlesex,South Brunswick School District,Crossroads North Middle School,635 GEORGES ROAD,MONMOUTH JUNCTION,NJ,08852,,23-4860-150
Middlesex,Middlesex Borough School District,Hazelwood Elementary School,800 HAZELWOOD AVENUE,MIDDLESEX,NJ,08846,,23-3140-065
Ocean,Barnegat Township School District,Robert L. Horbelt Elementary School,104 BURR STREET,BARNEGAT,NJ,08005,,29-0185-070
Burlington,Florence Township School District,Florence Riverfront School,500 Front Street,FLORENCE,NJ,08518,,05-1520-055
Union,Elizabeth Public Schools,J. Christian Bollwage Finance Academy,447 Richmond Street,Elizabeth,NJ,07202,,39-1320-303
Bergen,Garfield Public School District,Thomas Jefferson School #9,62 Alpine Street,Garfield,NJ,07026,,03-1700-300
Mercer,Lawrence Township Public School District,Lawrence Intermediate School,66 EGGERTS CROSSING ROAD,LAWRENCEVILLE,NJ,08648,2804,21-2580-085
Monmouth,Manalapan-Englishtown Regional Schools School District,Wemrock Brook School,118 MILLHURST ROAD,MANALAPAN,NJ,07726,,25-2920-110
Monmouth,LONG BRANCH PUBLIC SCHOOL District,Lenna W. Conrow Elementary School,335 LONG BRANCH AVE,LONG BRANCH,NJ,07740,,25-2770-120
Monmouth,Highlands Borough School District,Highlands Elementary School,360 NAVESINK AVENUE,HIGHLANDS,NJ,07732,1323,25-2160-050
Bergen,Hackensack School District,Fairmount,105 GRAND AVENUE,HACKENSACK,NJ,07601,,03-1860-100
Atlantic,Pleasantville Public School District,Leeds Avenue Elementary School,100 W  LEEDS AVENUE,PLEASANTVILLE,NJ,08232,,01-4180-080
Monmouth,Neptune Township School District,Shark River Hills Elementary School,312 BRIGHTON AVENUE,NEPTUNE,NJ,07753,5599,25-3510-090
Mercer,Mercer County Special Services School District,Joseph F. Cappello School,1072 Old Trenton Road,Hamilton,NJ,08690,,21-3103-050
Essex,Bloomfield Township School District,Carteret Elementary School,158 Grove Street,Bloomfield,NJ,07003,5650,13-0410-080
Passaic,Northern Region Educational Services Commission,Hope Academy,266 Harrison Street,PASSAIC,NJ,07055,,31-3975-100
Union,Westfield Public School District,Washington Elementary School,900 St. Marks Avenue,Westfield,NJ,07090,2039,39-5730-150
Charters,Peoples Preparatory Charter School District,Peoples Preparatory Charter School,321 Bergen Street,Newark,NJ,07103,,80-6057-938
Bergen,Paramus Public School District,Memorial Elementary School,EAST 203 MIDLAND AVENUE,PARAMUS,NJ,07652,,03-3930-080
Union,Rahway Public School District,Rahway 7th & 8th Grade Academy,KLINE PLACE,RAHWAY,NJ,07065,,39-4290-060
Bergen,Mahwah Township Public School District,Lenape Meadows,160 RIDGE ROAD,MAHWAH,NJ,07430,,03-2900-065
Sussex,Sparta Township Public School District,Alpine Elementary School,151 ANDOVER ROAD,SPARTA,NJ,07871,,37-4960-070
Gloucester,West Deptford Township School District,West Deptford High School,1600 OLD CROWN POINT RD,WEST DEPTFORD,NJ,08093,,15-5620-050
Middlesex,Highland Park Boro School District,Highland Park Middle School,330 WAYNE STREET,HIGHLAND PARK,NJ,08904,,23-2150-060
Union,Union County Vocational-Technical School District,Academy For Allied Health Sciences,1776 RARITAN ROAD,SCOTCH PLAINS,NJ,07076,2997,39-5260-020
Morris,Montville Township School District,Hilldale School,123 KONNER AVENUE,PINE BROOK,NJ,07058,9433,27-3340-050
Camden,Winslow Township School District,Winslow Township Elementary School One,413 INSKIP ROAD,BLUE ANCHOR,NJ,08037,9511,07-5820-030
Cape May,Stone Harbor School District,Stone Harbor Elementary School,275 93RD ST,STONE HARBOR,NJ,08247,,09-5060-050
Morris,Morris County Vocational School District,Academy for Biotechnology,96 Powerville Road,Mountain Lakes,NJ,07046,,27-3365-301
Gloucester,Swedesboro-Woolwich School District,Walter Hill School,1815 KINGS HIGHWAY,SWEDESBORO,NJ,08085,9571,15-5120-060
Monmouth,Freehold Regional High School District,Howell High School,405 SQUANKUM  YELLOWBROOK ROAD,FARMINGDALE,NJ,07727,3756,25-1650-060
Camden,Sterling Regional School District,Sterling High School,501 South Warwick Road,Somerdale,NJ,08083,2175,07-5035-050
Gloucester,Woodbury City Public School District,Walnut Street School,60 Walnut Street,Woodbury,NJ,08096,,15-5860-100
Ocean,Lakewood Township School District,Lakewood Early Childhood Center,100 LINDEN AVE,LAKEWOOD,NJ,08701,,29-2520-300
Bergen,Oakland Public School District,Valley Middle School,71 OAK ST,OAKLAND,NJ,07436,1944,03-3760-080
Burlington,Bordentown Regional School District,Mac Farland Intermediate,87 CROSSWICKS ST,BORDENTOWN,NJ,08505,1767,05-0475-090
Camden,Camden City School District,Creative Arts Morgan Village Academy,990 Morgan Boulevard,CAMDEN,NJ,08104,,07-0680-245
Hudson,Jersey City Public Schools,Henry Snyder High School,239 BERGEN AVE,JERSEY CITY,NJ,07305,1524,17-2390-050
Monmouth,Neptune Township School District,Gables Elementary School,1 Gables Court,NEPTUNE,NJ,07753,4299,25-3510-061
Ocean,Pinelands Regional School District,Pinelands Regional High School,565 Nugentown Road,Little Egg Harbor,NJ,08087,0248,29-4105-050
Morris,Parsippany-Troy Hills Township School District,Mount Tabor Elementary School,900 PARK RD & ROUTE 53,MOUNT TABOR,NJ,07878,,27-3950-100
Mercer,Area Vocational Technical Schools of Mercer County,Mercer County Technical School Culinary Arts Academy,129 Bull Run Road,Pennington,NJ,08534,,21-3105-300
Atlantic,Ventnor City School District,Ventnor Elementary School,400 N  LAFAYETTE AVENUE,VENTNOR,NJ,08406,,01-5350-045
Morris,Kinnelon School District,Pearl R. Miller Middle School,117 KIEL AVENUE,KINNELON,NJ,07405,,27-2460-065
Middlesex,Carteret Public School District,Carteret Junior High School,195 Washington Ave,Carteret,NJ,07008,,23-0750-300
Cumberland,Millville School District,Memorial High School,504 EAST BROAD STREET,MILLVILLE,NJ,08332,,11-3230-060
Bergen,Harrington Park School District,Harrington Park School,191 HARRIOT AVE,HARRINGTON PARK,NJ,07640,1401,03-2050-050
Essex,East Orange School District,Wahlstrom Early Childhood Academy,340 PROSPECT STREET,EAST ORANGE,NJ,07017,,13-1210-210
Essex,Nutley Public School District,John H. Walker Middle School,325 FRANKLIN AVE,NUTLEY,NJ,07110,2735,13-3750-060
Monmouth,Township of Ocean School District,Ocean Township High School,550 WEST PARK AVENUE,OAKHURST,NJ,07755,1098,25-3810-030
Camden,Lawnside School Distric,Lawnside School,426 EAST CHARLESTON AVE,LAWNSIDE,NJ,08045,1404,07-2560-060
Passaic,Little Falls Township Public School District,Little Falls Township Public School # 1,Little Falls School # 1,LITTLE FALLS,NJ,07424,1082,31-2700-050
Camden,Collingswood Public School District,Collingswood Pre School at Oaklyn,136 Kendall Blvd,Oaklyn,NJ,08107,,07-0940-300
Bergen,Lodi School District,Roosevelt School,435 PASSAIC AVENUE,LODI,NJ,07644,,03-2740-080
Bergen,River Dell Regional School District,River Dell Regional High School,55 PYLE STREET,ORADELL,NJ,07649,,03-4405-050
Burlington,Hainesport Township School District,Hainesport Township School,211 BROAD STREET,HAINESPORT,NJ,08036,,05-1910-050
Monmouth,Atlantic Highlands School District,Atlantic Highlands Elementary School,140 FIRST AVENUE,ATLANTIC HIGHLANDS,NJ,07716,1238,25-0130-020
Bergen,Bergenfield Borough School District,Bergenfield High School,80 S PROSPECT AVE,BERGENFIELD,NJ,07621,1958,03-0300-020
Bergen,Franklin Lakes School District,High Mountain Road School,765 High Mountain Road,Franklin Lakes,NJ,07417,2914,03-1580-020
Morris,Hanover Township School District,Memorial Junior School,61 Highland Avenue,Whippany,NJ,07981,,27-2000-040
Charters,Link Community Charter School,Link Community Charter School,23 Pennsyvania Ave,Newark,NJ,07114,,80-6099-986
Charters,Trenton Stem-to-Civics Charter School,Trenton Stem-to-Civics Charter School,1555 Pennington Raod,Ewing,NJ,08618,,80-6183-914
Bergen,Saddle Brook School District,Washington School,225 Market Street,Saddle Brook,NJ,07663,,03-4610-100
Ocean,Ocean Township School District,Frederic A. Priff Elementary School,139 WELLS MILL ROAD,WARETOWN,NJ,08758,2606,29-3820-030
Essex,Newark Public School District,Quitman Street School,21 QUITMAN ST,NEWARK,NJ,07103,4105,13-3570-605
Salem,Pennsville Public School District,Pennsville Middle School,4 WILLIAM PENN AVENUE,PENNSVILLE,NJ,08070,1800,33-4075-055
Morris,Madison Public School District,Madison High School,170 RIDGEDALE AVENUE,MADISON,NJ,07940,,27-2870-050
Essex,Newark Public School District,Chancellor Avenue School,321 CHANCELLOR AVE,NEWARK,NJ,07112,1201,13-3570-330
Bergen,New Milford Public School District,New Milford High School,330 River Road,NEW MILFORD,NJ,07646,,03-3550-050
Charters,LEAD Charter School,LEAD Charter School,201 Bergen Street,Newark,NJ,07103,2402,80-6109-953
Salem,Mannington Township School District,Mannington Township Elementary School,495 ROUTE 45,SALEM,NJ,08079,9801,33-2950-050
Hudson,Hoboken Public School District,Hoboken Middle School,158 Fourth Street,HOBOKEN,NJ,07030,,17-2210-300
Ocean,Lakewood Township School District,Spruce Street Elementary School,90 SPRUCE STREET,LAKEWOOD,NJ,08701,,29-2520-090
Bergen,Saddle Brook School District,Saddle Brook Middle/High School,355 MAYHILL STREET,SADDLE BROOK,NJ,07663,,03-4610-050
Essex,Irvington Public School District,University Elementary School,1 UNIVERSITY PLACE,IRVINGTON,NJ,07111,,13-2330-136
Burlington,Pemberton Township School District,Pemberton Township High School,148 ARNEYS MOUNT ROAD,PEMBERTON,NJ,08068,9701,05-4050-055
Cape May,North Wildwood School District,Margaret Mace Elementary School,1201 Atlantic Avenue,North Wildwood,NJ,08260,,09-3680-060
Monmouth,Middletown Township Public School District,New Monmouth Elementary School,121 NEW MONMOUTH ROAD,MIDDLETOWN,NJ,07748,2298,25-3160-143
Middlesex,Milltown School District,Joyce Kilmer School,21 West Church Street,Milltown,NJ,08850,,23-3220-050
Atlantic,Hammonton School District,Hammonton Middle School,75 NORTH LIBERTY STREET,HAMMONTON,NJ,08037,9425,01-1960-060
Salem,Alloway Twp School District,Alloway Township School,43 CEDAR ST,ALLOWAY,NJ,08001,,33-0060-020
Burlington,Evesham Township School District,Frances DeMasi Middle School,199 EVESBORO  MEDFORD RD,MARLTON,NJ,08053,,05-1420-040
Camden,Berlin Township School District,Dwight D Eisenhower Middle School,235 Grove Avenue,West Berlin,NJ,08091,,07-0340-030
Salem,The Lower Alloways Creek School District,Lower Alloways Creek Elementary School,967 MAIN ST CANTON,SALEM,NJ,08079,,33-2800-050
Cape May,Cape May City School District,Cape May City Elementary School,921 LAFAYETTE ST,CAPE MAY,NJ,08204,1646,09-0710-050
Essex,Caldwell-West Caldwell School District,Washington Elementary School,201 CENTRAL AVE,WEST CALDWELL,NJ,07006,,13-0660-110
Passaic,Passaic City School District,School No. 5,168 Monroe St.,Passaic,NJ,07055,,31-3970-097
Monmouth,LONG BRANCH PUBLIC SCHOOL District,George L Catrambone,240 Park Avenue,Long Branch,NJ,07740,,25-2770-300
Burlington,Maple Shade School District,Ralph J. Steinhauer Elementary School,25 NORTH FELLOWSHIP ROAD,MAPLE SHADE,NJ,08052,,05-3010-100
Burlington,Burlington County Special Services School District,Westampton Campus,20 PIONEER BLVD,WESTAMPTON,NJ,08060,3824,05-0605-030
Monmouth,Freehold Township School District,Dwight D. Eisenhower School,279 BURLINGTON ROAD,FREEHOLD,NJ,07728,1599,25-1660-024
Union,Union County Educational Services Commission,Work Readiness Academy,45 Cardinal Drive,Westfield,NJ,07090,,39-5245-300
Hudson,Hoboken Public School District,Hoboken High School,NINTH & CLINTON STS,HOBOKEN,NJ,07030,,17-2210-005
Camden,Waterford Township School District,Thomas Richards Elementary School,934 Lincoln Avenue,Atco,NJ,08004,1325,07-5560-060
Bergen,North Arlington School District,North Arlington High School,222 Ridge Road,North Arlington,NJ,07031,,03-3600-050
Bergen,River Edge School District,Roosevelt School,711 SUMMIT AVE,RIVER EDGE,NJ,07661,2201,03-4410-050
Mercer,Trenton Public School District,Franklin Elementary School,200 William Street,Trenton,NJ,08610,,21-5210-190
Hudson,Hoboken Public School District,Joseph F Brandt Elementary School,215 NINTH STREET,HOBOKEN,NJ,07030,,17-2210-050
Atlantic,Egg Harbor Township School District,Egg Harbor Township High School,24 HIGH SCHOOL DRIVE,EGG HARBOR TOWNSHIP,NJ,08234,9450,01-1310-005
Hunterdon,Lebanon Township School District,Woodglen School,70 BUNNVALE ROAD,CALIFON,NJ,07830,9231,19-2600-050
Middlesex,Sayreville School District,Woodrow Wilson Elementary School,65 DANE STREET,SAYREVILLE,NJ,08872,,23-4660-120
Union,Summit Public School District,Summit High School,125 KENT PLACE BLVD,SUMMIT,NJ,07901,4703,39-5090-050
Monmouth,Monmouth County Vocational School District,Biotechnology High School,5000 KOZLOSKI ROAD,FREEHOLD,NJ,07728,5033,25-3260-028
Atlantic,Egg Harbor Township School District,Fernwood Avenue Middle School,4034 FERNWOOD AVENUE,EGG HARBOR TOWNSHIP,NJ,08234,5703,01-1310-039
Camden,Runnemede Public School District,Aline Bingham Elementary School,100 FIRST & ORCHARD AVE,RUNNEMEDE,NJ,08078,,07-4590-020
Charters,Dr Lena Edwards Academic Charter School,Dr Lena Edwards Academic Charter School,509 Bramhall Ave.,Jersey City,NJ,07304,,80-6064-946
Middlesex,North Brunswick Township School District,Livingston Park,1128 LIVINGSTON AVENUE,NORTH BRUNSWICK,NJ,08902,,23-3620-070
Somerset,Montgomery Township School District,Montgomery Lower Middle School,373 Burnt Hill Road,Skillman,NJ,08558,,35-3320-045
Gloucester,Washington Township School District,Wedgwood Elementary School,236 HURFFVILLE RD,SEWELL,NJ,08080,9475,15-5500-060
Sussex,Hopatcong Borough School District,Hudson Maxim Elementary School,452 LAKESIDE BLVD,HOPATCONG,NJ,07843,,37-2240-050
Mercer,Trenton Public School District,Parker Elementary,820 S Warren St,Trenton,NJ,08611,,21-5210-270
Bergen,South  Bergen Jointure Commission School District,Lodi MS HS,123 UNION ST,LODI,NJ,07644,,03-4845-050
Mercer,West Windsor-Plainsboro Regional School District,West Windsor-Plainsboro High School South,346 CLARKSVILLE ROAD,West Windsor,NJ,08550,,21-5715-020
Charters,Englewood on the Palisades Charter School,Englewood on the Palisades Charter School,65  WEST DEMAREST AVENUE,ENGLEWOOD,NJ,07631,,80-6430-930
Warren,Greenwich Township School District,Stewartsville Middle School,642 SOUTH MAIN STREET,STEWARTSVILLE,NJ,08886,9756,41-1840-070
Essex,East Orange School District,Ecole Toussaint Louverture,330 CENTRAL AVE,EAST ORANGE,NJ,07018,2802,13-1210-120
Union,Linden Public School District,Number 4,1602 DILL AVENUE,LINDEN,NJ,07036,,39-2660-115
Middlesex,Perth Amboy Public School District,Dual Language School,630 Amboy Avenue,Fords,NJ,08863,,23-4090-300
Camden,Voorhees Township School District,Osage School,112 Somerdale Road,VOORHEES,NJ,08043,9545,07-5400-090
Ocean,Toms River Regional School District,Toms River Intermediate School North,150 INTERMEDIATE NORTH WAY,TOMS RIVER,NJ,08753,,29-5190-063
Middlesex,South Plainfield School District,Roosevelt Elementary School,135 JACKSON AVENUE,SOUTH PLAINFIELD,NJ,07080,,23-4910-080
Monmouth,Matawan-Aberdeen Regional School District,Ravine Drive Elementary School,170 RAVINE DRIVE,MATAWAN,NJ,07747,2800,25-3040-075
Bergen,Closter Public School District,Hillside Elementary School,340 Homans Avenue,CLOSTER,NJ,07624,2907,03-0930-050
Mercer,Hamilton Township Public School District,Richard C Crockett Middle School,2631 KUSER ROAD,HAMILTON,NJ,08691,,21-1950-083
Bergen,River Edge School District,Cherry Hill School,410 BOGERT RD,RIVER EDGE,NJ,07661,1813,03-4410-030
Bergen,Old Tappan Public School District,T. Baldwin Demarest Elementary School,1 SCHOOL ST,OLD TAPPAN,NJ,07675,,03-3850-060
Middlesex,Carteret Public School District,Carteret High School,199 WASHINGTON AVENUE,CARTERET,NJ,07008,,23-0750-030
Sussex,Wallkill Valley Regional High School,Wallkill Valley Regional High School,10 GRUMM ROAD,HARDYSTON TOWNSHIP,NJ,07419,,37-5435-060
Passaic,Passaic City School District,Casimir Pulaski School No. 8,100 Fourth St.,Passaic,NJ,07055,7604,31-3970-120
Union,Township of Union School District,Kawameeh Middle School,490 DAVID TERRACE,UNION,NJ,07083,,39-5290-070
Middlesex,Monroe Township School District,Monroe Township Middle School,1629 PERRINEVILLE ROAD,MONROE TOWNSHIP,NJ,08831,,23-3290-020
Gloucester,Swedesboro-Woolwich School District,Governor Charles C. Stratton,15 FREDRICK BOULEVARD,WOOLWICH TWP,NJ,08085,,15-5120-050
Camden,Cherry Hill School District,Henry C. Beck Middle School,950 Cropwell Rd.,CHERRY HILL,NJ,08003,1499,07-0800-073
Middlesex,South Brunswick School District,Greenbrook Elementary School,23 ROBERTS STREET,KENDALL PARK,NJ,08824,,23-4860-095
Monmouth,Marlboro Township School District,Robertsville Elementary School,36 MENZEL LANE,MORGANVILLE,NJ,07751,1299,25-3030-060
Bergen,Englewood Cliffs School District,Upper School,143 CHARLOTTE PL,ENGLEWOOD CLIFFS,NJ,07632,,03-1380-060
Mercer,Trenton Public School District,Trenton Central High School - Main Campus,171 Division Street,Trenton,NJ,08611,,21-5210-050
Passaic,Wayne Township Public School District,Wayne Hills High School,272 BERDAN AVENUE,WAYNE,NJ,07470,,31-5570-055
Essex,Bloomfield Township School District,The Early Childhood Center @ Forest Glen,280 Davey Street,Bloomfield,NJ,07003,,13-0410-120
Somerset,Bound Brook School District,LaMonte-Annex Elementary School,330 West Second Street,Bound Brook,NJ,08805,,35-0490-036
Mercer,Trenton Public School District,Arthur J. Holland Middle School,1001 West State St,Trenton,NJ,08618,,21-5210-307
Bergen,Saddle Brook School District,Helen I. Smith School,30 CAMBRIDGE AVENUE,SADDLE BROOK,NJ,07663,,03-4610-085
Camden,Lindenwold Public School District,Lindenwold Middle School,40 WHITE HORSE AVENUE,LINDENWOLD,NJ,08021,,07-2670-090
Monmouth,Spring Lake Borough,H W Mountz Elementary School,411 Tuttle Ave,Spring Lake,NJ,07762,,25-4980-050
Union,Elizabeth Public Schools,Thomas Jefferson Arts Academy,27 Martin Luther King Jr Plaza,Elizabeth,NJ,07201,,39-1320-403
Camden,Gloucester Township Public Schools,Blackwood Elementary School,260 BLENHEIM  ERIAL RD,BLACKWOOD,NJ,08012,,07-1780-020
Union,Scotch Plains-Fanwood School District,School One Elementary,563 WILLOW AVENUE,SCOTCH PLAINS,NJ,07076,,39-4670-070
Warren,Greenwich Township School District,Greenwich School,101 WYNDHAM FARM BOULEVARD,STEWARTSVILLE,NJ,08886,,41-1840-040
Essex,West Orange Public Schools,West Orange Early Childhood Learning Center,242 Main Street,West Orange,NJ,07052,,13-5680-301
Bergen,Garfield Public School District,Garfield Public Preschool 3 at Headstart,541 Midland Ave,Garfield,NJ,07026,,03-1700-302
Hudson,North Bergen School District,Robert Fulton Elementary School,7407 HUDSON AVE,NORTH BERGEN,NJ,07047,5607,17-3610-110
Passaic,Woodland Park School District,School One,665 Mcbride Avenue,Woodland Park,NJ,07424,,31-5690-300
Bergen,Lyndhurst School District,Franklin School,360 STUYVESANT AVE,LYNDHURST,NJ,07071,2122,03-2860-070
Mercer,Area Vocational Technical Schools of Mercer County,Mercer County Technical School Health Sciences Academy,1085 Old Trenton Road,Trenton,NJ,08690,,21-3105-304
Union,Westfield Public School District,Lincoln Early Childhood Center,728 Westfield Avenue,Westfield,NJ,07090,,39-5730-170
Burlington,Evesham Township School District,Robert B Jaggard School,2 WESTCOTT ROAD,MARLTON,NJ,08053,,05-1420-070
Atlantic,Atlantic City School District,Pennsylvania Ave School,201 N. Pennsylvania Avenue,Atlantic City,NJ,08401,5235,01-0110-100
Middlesex,Woodbridge Township School District,Mawbey Street Elementary School,275 MAWBEY STREET,WOODBRIDGE,NJ,07095,,23-5850-220
Burlington,Springfield Township School District,Springfield Township School,2146 JACKSONVILLE ROAD,JOBSTOWN,NJ,08041,9629,05-5010-050
Burlington,Burlington Township School District,Burlington Township High School,610 FOUNTAIN AVENUE,BURLINGTON,NJ,08016,,05-0620-010
Somerset,Bridgewater-Raritan Regional School District,Hillside Intermediate School,844 Brown Road,Bridgewater,NJ,08807,1239,35-0555-065
Union,Morris-Union Jointure Commisson School District,Developmental Learning Center New Providence,330 CENTRAL AVENUE,NEW PROVIDENCE,NJ,07974,,39-3395-050
Monmouth,Neptune Township School District,Neptune High School,55 NEPTUNE BOULEVARD,NEPTUNE,NJ,07753,4894,25-3510-050
Charters,Freedom Prep Charter School,Freedom Prep Charter School,1000 Atlantic AVE,CAMDEN,NJ,08104,,80-6240-900
Gloucester,Swedesboro-Woolwich School District,Margaret C. Clifford School,601 AUBURN AVENUE,SWEDESBORO,NJ,08085,,15-5120-070
Union,Springfield Public School District,James Caldwell Elementary School,36 Caldwell Place,Springfield,NJ,07081,,39-5000-070
Sussex,Sparta Township Public School District,Sparta Middle School,350 MAIN STREET,SPARTA,NJ,07871,,37-4960-057
Union,Elizabeth Public Schools,Woodrow Wilson School No. 19,529 EDGAR RD,ELIZABETH,NJ,07202,3301,39-1320-220
Gloucester,Washington Township School District,Washington Township High School,519 HURFFVILLE  CROSSKEYS RD,SEWELL,NJ,08080,2700,15-5500-010
Sussex,High Point Regional High School District,High Point Regional High School District,299 PIDGEON HILL ROAD,SUSSEX,NJ,07461,2733,37-2165-030
Burlington,Medford Township School District,Medford Memorial Middle School,55 MILL STREET,MEDFORD,NJ,08055,,05-3080-055
Bergen,Teaneck School District,Teaneck High School,100 ELIZABETH AVE,TEANECK,NJ,07666,4713,03-5150-050
Somerset,Somerset County Vocational and Technical School District,Somerset County Vocational Technical High School,14 Vogt Drive,Bridgewater,NJ,08807,0350,35-4810-070
Burlington,Medford Lakes School District,Neeta School,44 Neeta Trail,Medford Lakes,NJ,08055,,05-3070-040
Burlington,Riverside Township School District,Riverside Elementary School,112 E WASHINGTON STREET,RIVERSIDE,NJ,08075,,05-4450-060
Cumberland,Bridgeton City School District,Indian Ave School,399 INDIAN AVENUE,BRIDGETON,NJ,08302,,11-0540-060
Passaic,Paterson Public School District,Don Bosco Academy,764 11TH AVENUE,PATERSON,NJ,07514,,31-4010-301
Burlington,Burlington City Public School District,Wilbur Watts Intermediate School,550 HIGH STREET,BURLINGTON,NJ,08016,,05-0600-085
Essex,Newark Public School District,UPLIFT Academy,150 Newton St,NEWARK,NJ,07103,,13-3570-002
Cumberland,Vineland Public School District,Marie Durand Elementary School,371 W FOREST GROVE RD,VINELAND,NJ,08360,2060,11-5390-135
Essex,Nutley Public School District,Spring Garden School,59 S SPRING GARDEN AVE,NUTLEY,NJ,07110,1527,13-3750-090
Monmouth,Manasquan School District,Manasquan Elementary School,168 Broad Street,Manasquan,NJ,08736,2892,25-2930-060
Passaic,Paterson Public School District,Norman S. Weir,152 COLLEGE BOULEVARD,PATERSON,NJ,07505,1102,31-4010-325
Essex,Bloomfield Township School District,Franklin Elementary School,85 Curtis Street,Bloomfield,NJ,07003,3875,13-0410-130
Burlington,Evesham Township School District,Helen L Beeler,60 CALDWELL AVE,MARLTON,NJ,08053,,05-1420-055
Mercer,East Windsor Regional School District,Grace N. Rogers Elementary School,380 STOCKTON ST,HIGHTSTOWN,NJ,08520,,21-1245-060
Somerset,Green Brook Township Public School District,Irene E. Feldkirchner Elementary School,105 Andrew Street,Green Brook,NJ,08812,2505,35-1810-050
Passaic,Paterson Public School District,STARS Academy,765 14TH AVENUE,PATERSON,NJ,07504,,31-4010-025
Burlington,Willingboro Public School District,Willingboro Memorial Middle School,451 Van Sciver Parkway,WILLINGBORO,NJ,08046,,05-5805-057
Mercer,Princeton Public Schools,Littlebrook School,39 MAGNOLIA LANE,PRINCETON,NJ,08540,4013,21-4255-080
Ocean,Ocean Township School District,Waretown Elementary School,64 RAILROAD AVENUE,WARETOWN,NJ,08758,2717,29-3820-050
Camden,Haddon Township School District,Haddon Township High School,406 MEMORIAL AVENUE,WESTMONT,NJ,08108,3398,07-1890-050
Bergen,Waldwick School District,Waldwick High School,155 WYCKOFF AVENUE,WALDWICK,NJ,07463,,03-5410-030
Burlington,Burlington City Public School District,Captain James Lawrence Elementary School,315 BARCLAY ST,BURLINGTON,NJ,08016,,05-0600-040
Burlington,Northern Burlington County Regional School District,Northern Burlington County Regional Middle School,180 MANSFIELD ROAD  EAST,COLUMBUS,NJ,08022,,05-3690-060
Morris,Mendham Borough School District,Hilltop School,12 HILLTOP ROAD,MENDHAM,NJ,07945,1215,27-3090-050
Union,Westfield Public School District,Roosevelt Intermediate School,301 Clark Street,Westfield,NJ,07090,4009,39-5730-060
Bergen,Ramapo Indian Hills Regional High School District,Ramapo High School,331 GEORGE STREET,FRANKLIN LAKES,NJ,07417,,03-4300-050
Middlesex,Old Bridge Township School District,James A. McDivitt Elementary School,1 MANNY MARTIN WAY,OLD BRIDGE,NJ,08857,,23-3845-108
Atlantic,Pleasantville Public School District,Pleasantville Middle School,801 MILL ROAD,PLEASANTVILLE,NJ,08232,,01-4180-055
Essex,Newark Public School District,Speedway Avenue School,701 SOUTH ORANGE AVENUE,NEWARK,NJ,07106,2209,13-3570-690
Essex,Essex County Schools of Technology,"Essex County Donald M. Payne, Sr. School of Technology",498-544 West Market St,NEWARK,NJ,07107,1218,13-1390-050
Middlesex,Metuchen Public School District,Metuchen High School,400 GROVE AVE,METUCHEN,NJ,08840,1104,23-3120-050
Atlantic,Pleasantville Public School District,Decatur Avenue Early Childhood Center,115 WEST DECATUR AVE,PLEASANTVILLE,NJ,08232,0960,01-4180-100
Somerset,Franklin Township Public Schools,Claremont Elementary School,175 Claremont Road,Franklin Park,NJ,08823,,35-1610-300
Union,Elizabeth Public Schools,School No. 25,525 FIRST AVENUE,ELIZABETH,NJ,07206,,39-1320-280
Middlesex,Old Bridge Township School District,Carl Sandburg Middle School,3439 ROUTE 516,OLD BRIDGE,NJ,08857,,23-3845-103
Ocean,Ocean County Vocational Technical School District,Marine Academy of Technology and Environmental Science,195 CEDAR BRIDGE ROAD,MANAHAWKIN,NJ,08050,,29-3790-045
Bergen,Glen Rock Public School District,Richard Byrd,640 DOREMUS AVE,GLEN ROCK,NJ,07452,2033,03-1760-070
Bergen,Paramus Public School District,West Brook Middle School,560 ROOSEVELT BOULEVARD,PARAMUS,NJ,07652,,03-3930-060
Burlington,Riverside Township School District,Riverside Middle School,112 E WASHINGTON STREET,RIVERSIDE,NJ,08075,,05-4450-070
Essex,Newark Public School District,East Side High School,238 VAN BUREN ST,NEWARK,NJ,07105,2512,13-3570-040
Atlantic,Pleasantville Public School District,North Main Street Elementary School,215 NORTH MAIN STREET,PLEASANTVILLE,NJ,08232,,01-4180-085
Camden,Cherry Hill School District,Cherry Hill High School East,1750 Kresson Rd.,CHERRY HILL,NJ,08003,2598,07-0800-030
Cape May,Dennis Township School District,Dennis Township Elementary/Middle Schools,165 ACADEMY ROAD,DENNISVILLE,NJ,08214,,09-1080-050
Hunterdon,Franklin Township School District,Franklin Township School,226 QUAKERTOWN ROAD,QUAKERTOWN,NJ,08868,0368,19-1600-050
Middlesex,Educational Services Commission of New Jersey,Piscataway Regional Day School,1670 STELTON RD,PISCATAWAY,NJ,08854,5917,23-3145-006
Passaic,Wayne Township Public School District,Wayne Valley High School,551 VALLEY ROAD,WAYNE,NJ,07470,,31-5570-050
Somerset,Manville School District,Alexander Batcho Intermediate School,100 North 13th Avenue,Manville,NJ,08835,,35-3000-065
Monmouth,Howell Township Public School District,Howell Township Middle School North,501 SQUANKUM  YELLOWBROOK ROAD,FARMINGDALE,NJ,07727,,25-2290-025
Mercer,Trenton Public School District,Harrison Elementary School,461 Genessee Street,Trenton,NJ,08611,,21-5210-220
Cumberland,Vineland Public School District,Anthony Rossi Elementary School,2572 PALERMO AVE,VINELAND,NJ,08360,7309,11-5390-065
Gloucester,Deptford Township Public School District,Central Early Childhood Center,1040 Monmouth Road,DEPTFORD,NJ,08096,,15-1100-030
Bergen,Bergen County Vocational Technical School District,The Institute for Interactive Design Technology,162 Knickerbocker Road,Demarest,NJ,07627,,03-0290-301
Bergen,Mahwah Township Public School District,Betsy Ross Elementary,20 MALCOLM RD,MAHWAH,NJ,07430,1822,03-2900-060
Morris,Pequannock Township School District,Stephen J. Gerace School,59 Boulevard,Pequannock,NJ,07440,1531,27-4080-100
Burlington,Lumberton Township Board of Education,Lumberton Middle School,30 DIMSDALE DRIVE,LUMBERTON,NJ,08048,,05-2850-060
Bergen,Hackensack School District,Jackson Avenue,421 JACKSON AVE,HACKENSACK,NJ,07601,,03-1860-120
Burlington,Lenape Regional High School District,Shawnee High School,600 TABERNACLE ROAD,MEDFORD,NJ,08055,9701,05-2610-060
Burlington,Willingboro Public School District,J. C. Stuart Early Childhood Development Center,70 SUNSET ROAD,Willingboro,NJ,08046,,05-5805-302
Camden,Gloucester Township Public Schools,Chews Elementary School,600 CHEWSLANDING SOMERDALE RD,BLACKWOOD,NJ,08012,,07-1780-040
Ocean,Manchester Township School District,Whiting Elementary School,412 MANCHESTER BLVD,WHITING,NJ,08759,1336,29-2940-060
Morris,Florham Park School District,Briarwood School,151 BRIARWOOD ROAD,FLORHAM PARK,NJ,07932,,27-1530-015
Somerset,Hillsborough Township Public School District,Triangle Elementary Shcool,156 South  Triangle Road,Hillsborough,NJ,08844,,35-2170-070
Bergen,North Arlington School District,Susan B. Anthony Elementary School,45 Beech Street,North Arlington,NJ,07031,,03-3600-300
Camden,Cherry Hill School District,James F. Cooper Elementary School,1960 Greentree Rd.,CHERRY HILL,NJ,08003,1121,07-0800-083
Charters,International Charter School of Trenton,International Charter School,105 GRAND STREET,TRENTON,NJ,08611,2417,80-6810-940
Bergen,Wood-Ridge School District,Wood-Ridge Jr/Sr High School,258 HACKENSACK ST,WOOD  RIDGE,NJ,07075,1207,03-5830-050
Monmouth,Middletown Township Public School District,Middletown High School North,63 TINDALL ROAD,MIDDLETOWN,NJ,07748,2798,25-3160-050
Burlington,Evesham Township School District,J Harold Van Zant,270 CONESTOGA DRIVE,MARLTON,NJ,08053,,05-1420-057
Atlantic,Atlantic City School District,Texas Avenue School,2523 Arctic Avenue,Atlantic City,NJ,08401,3901,01-0110-060
Atlantic,Brigantine Public School District,Brigantine Elementary School,301 E  EVANS BOULEVARD,BRIGANTINE,NJ,08203,,01-0570-010
Hudson,Hudson County Schools of Technology School District,Academy of Technology Design,525 Montgomery Street,Jersey City,NJ,07302,3237,17-2295-304
Mercer,Trenton Public School District,Dunn Middle School,401 Dayton Street,Trenton,NJ,08610,,21-5210-100
Mercer,Trenton Public School District,Hedgepeth Williams Middle School,301 Gladstone Ave,Trenton,NJ,08629,,21-5210-301
Passaic,Haledon Public School District,Haledon Public School,91 HENRY STREET,HALEDON,NJ,07508,1236,31-1920-015
Union,Roselle Public Schools,Dr. Charles C. Polk School,1100 WARREN ST,ROSELLE,NJ,07203,2736,39-4540-030
Gloucester,Washington Township School District,Orchard Valley Middle School,238 PITMAN  DOWNER RD,SEWELL,NJ,08080,2118,15-5500-050
Hudson,West New York Board of Education,Public School Number Five,5401 HUDSON AVE,WEST NEW YORK,NJ,07093,2617,17-5670-090
Middlesex,Old Bridge Township School District,William A. Miller Elementary School,2 OLD MATAWAN ROAD,OLD BRIDGE,NJ,08857,,23-3845-170
Bergen,Edgewater School District,George Washington School,801 Undercliff Ave,Edgewater,NJ,07020,,03-1270-300
Passaic,Hawthorne Public School District,Washington Elementary School,176 MOHAWK AVENUE,HAWTHORNE,NJ,07506,,31-2100-100
Essex,Newark Public School District,Peshine Avenue School,433 Peshine Avenue,NEWARK,NJ,07112,,13-3570-370
Burlington,Burlington City Public School District,Burlington City High School,100 Blue Devil WAy,BURLINGTON,NJ,08016,,05-0600-020
Bergen,Tenafly Public School District,Walter Stillman School,75 TENAFLY ROAD,TENAFLY,NJ,07670,,03-5160-100
Morris,Lincoln Park School District,Lincoln Park Middle School,90 RYERSON ROAD,LINCOLN PARK,NJ,07035,1226,27-2650-040
Gloucester,East Greenwich Township School District,Jeffrey Clark School,7 QUAKER RD,MICKLETON,NJ,08056,,15-1180-020
Ocean,Point Pleasant Borough School District,Memorial Middle School,LAURA HERBERT DR,POINT PLEASANT,NJ,08742,,29-4210-050
Union,Roselle Park Public School District,Roselle Park High School,185 W WEBSTER AVE,ROSELLE PARK,NJ,07204,1617,39-4550-050
Atlantic,Pleasantville Public School District,Washington Avenue Elementary School,225 W  WASHINGTON AVENUE,PLEASANTVILLE,NJ,08232,,01-4180-060
Hudson,Secaucus School District,Clarendon School,685 FIFTH ST,SECAUCUS,NJ,07094,3004,17-4730-065
Burlington,Cinnaminson Township School District,Cinnaminson Memorial School,2195 Riverton Road,Cinnaminson,NJ,08077,0224,05-0840-300
Monmouth,Freehold Regional High School District,Colts Neck High School,59 FIVE POINTS ROAD,COLTS NECK,NJ,07722,1710,25-1650-010
Morris,Parsippany-Troy Hills Township School District,Rockaway Meadow Elementary School,160 EDWARDS ROAD,PARSIPPANY,NJ,07054,2205,27-3950-107
Bergen,Dumont Public School District,Grant Elementary School,100 GRANT AVE,DUMONT,NJ,07628,1650,03-1130-050
Somerset,North Plainfield School District,Somerset School,303 Somerset Street,North Plainfield,NJ,07060,,35-3670-080
Camden,Winslow Township School District,Winslow Township High School,10 COOPER FOLLY ROAD,ATCO,NJ,08004,,07-5820-010
Somerset,Watchung Hills Regional High School District,Watchung Hills Regional High School,108 Stirling Rd.,Warren,NJ,07059,5772,35-5550-050
Passaic,Wayne Township Public School District,Anthony Wayne Middle School,201 GARSIDE AVENUE,WAYNE,NJ,07470,,31-5570-065
Burlington,Mount Laurel Township School District,T. E. Harrington Middle School,514 MOUNT LAUREL ROAD,MOUNT LAUREL,NJ,08054,9523,05-3440-060
Camden,Waterford Township School District,Waterford Elementary School,1106 Old White Horse Pike,Waterford,NJ,08089,1816,07-5560-100
Monmouth,Township of Ocean School District,Wayside Elementary School,733 BOWNE ROAD,OCEAN,NJ,07712,2599,25-3810-080
Monmouth,Matawan-Aberdeen Regional School District,Strathmore Elementary School,282 CHURCH STREET,ABERDEEN,NJ,07747,1599,25-3040-080
Gloucester,Pitman Boro School District,W.C.K. Walls Elementary School,320 Grant Avenue,Pitman,NJ,08071,1014,15-4140-080
Monmouth,Middletown Township Public School District,Bayview Elementary School,300 LEONARDVILLE ROAD,BELFORD,NJ,07718,1299,25-3160-060
Warren,Great Meadows Regional School District,Central Elementary School,281 ROUTE 46,GREAT MEADOWS,NJ,07838,,41-1785-050
Bergen,Englewood Public School District,Dr. Leroy McCloud Elementary School,325 TENAFLY RD,ENGLEWOOD,NJ,07631,1742,03-1370-060
Burlington,North Hanover Township School District,Discovery Elementary School,2 SCHOOL ROAD,JOINT BASE MDL,NJ,08641,,05-3650-020
Camden,Pennsauken Township Board of Education School District,A.E. Burling High School,3600 Harris Avenue,Pennsauken,NJ,08110,,07-4060-300
Mercer,Hamilton Township Public School District,Hamilton North - Nottingham,1055 KLOCKNER ROAD,HAMILTON,NJ,08619,3046,21-1950-055
Hunterdon,Delaware Valley Regional High School District,Delaware Valley Regional High School,19 Senator Stout Rd,Frenchtown,NJ,08825,,19-1050-040
Somerset,Branchburg Township School District,Branchburg Central Middle School,220 Baird Road,Branchburg,NJ,08876,3784,35-0510-020
Monmouth,Freehold Township School District,C. Richard Applegate School,47 JEANNE BRENNAN DRIVE,FREEHOLD,NJ,07728,1328,25-1660-021
Essex,Livingston Board of Education School District,Livingston High School,30 ROBERT HARP DRIVE,LIVINGSTON,NJ,07039,,13-2730-050
Burlington,Pemberton Township School District,Samuel T. Busansky School,16 SCRAPETOWN ROAD,PEMBERTON,NJ,08068,,05-4050-135
Bergen,Cresskill Public School District,Cresskill High School,1 LINCOLN DR,CRESSKILL,NJ,07626,1145,03-0990-040
Gloucester,Township of Franklin School District,Main Road School,1452 MAIN RD,NEWFIELD,NJ,08344,5341,15-1590-095
Burlington,Maple Shade School District,Maple Shade High School,180 Frederick Ave,MAPLE SHADE,NJ,08052,,05-3010-030
Cumberland,Stow Creek Township School District,Stow Creek Township School,11 GUM TREE CORNER ROAD,BRIDGETON,NJ,08323,8951,11-5070-050
Passaic,Paterson Public School District,Roberto Clemente,434 ROSA PARKS BLVD,PATERSON,NJ,07501,,31-4010-315
Gloucester,West Deptford Township School District,Green-Fields Elementary School,15 HILL LANE,WOODBURY,NJ,08096,,15-5620-070
Salem,Woodstown-Pilesgrove Regional School District,Mary S. Shoemaker School,MARY S  SHOEMAKER SCHOOL,WOODSTOWN,NJ,08098,,33-5910-060
Union,Cranford Public School District,Hillside Avenue School,125 HILLSIDE AVENUE,CRANFORD,NJ,07016,,39-0980-033
Sussex,Hardyston Township School District,Hardyston Township Elementary School,50 ROUTE 23,FRANKLIN,NJ,07416,,37-2030-050
Passaic,Clifton Public School District,Clifton Early Learner Academies - Allwood,39 Allwood Road,Clifton,NJ,07012,,31-0900-302
Monmouth,Eatontown Public School District,Meadowbrook,65 WYCKOFF ROAD,EATONTOWN,NJ,07724,1736,25-1260-080
Burlington,Delran Township School District,Delran High School,50 HARTFORD ROAD,DELRAN,NJ,08075,,05-1060-005
Passaic,Wayne Township Public School District,James Fallon Elementary School,51 CLIFFORD DRIVE,WAYNE,NJ,07470,,31-5570-085
Hunterdon,Clinton Township School District,Spruce Run,27 BELVIDERE AVENUE,CLINTON,NJ,08809,,19-0920-030
Passaic,Wayne Township Public School District,Preakness Early Childhood Center,1006 Hamburg Turnpike,Wayne,NJ,07470,,31-5570-300
Bergen,Ho-Ho-Kus School District,Ho-Ho-Kus Public School,70 LLOYD ROAD,HO  HO  KUS,NJ,07423,,03-2200-050
Ocean,Toms River Regional School District,South Toms River Elementary School,419 DOVER ROAD,SOUTH TOMS RIVER,NJ,08757,,29-5190-100
Morris,Roxbury Township School District,Lincoln/Roosevelt School,34 HILLSIDE AVENUE,SUCCASUNNA,NJ,07876,1446,27-4560-080
Middlesex,Edison Township School District,Edison Early Learning Center,10 Boulevard of the Eagles,Edison,NJ,08817,,23-1290-300
Atlantic,Absecon Public Schools District,H Ashton Marsh,800 IRELAN AVE,ABSECON,NJ,08201,,01-0010-060
Morris,School District of the Chathams,Chatham Middle School,480 MAIN STREET,CHATHAM,NJ,07928,2120,27-0785-030
Middlesex,Sayreville School District,Sayreville Middle School,800 WASHINGTON ROAD,PARLIN,NJ,08859,1050,23-4660-055
Essex,ORANGE BOARD OF EDUCATION School District,Lincoln Avenue Elementary School,216 LINCOLN AVE,ORANGE,NJ,07050,2605,13-3880-100
Union,Hillside Public School District,Hurden Looker School,1261 LIBERTY AVE,HILLSIDE,NJ,07205,2032,39-2190-080
Ocean,Little Egg Harbor Township School District,George J. Mitchell Elementary School,950 ROUTE 539,LITTLE EGG HARBOR,NJ,08087,9750,29-2690-050
Atlantic,Egg Harbor Township School District,E. H. Slaybaugh Elementary School,11 SWIFT AVENUE,EGG HARBOR TOWNSHIP,NJ,08234,9697,01-1310-035
Passaic,Clifton Public School District,School #4,194 WEST SECOND STREET,CLIFTON,NJ,07011,,31-0900-110
Morris,Morris County Vocational School District,Academy for Performing Arts,50 Knoll Drive,Rockaway,NJ,07866,4099,27-3365-302
Bergen,Ridgewood Public School District,Willard Elementary School,601 MORNINGSIDE RD,RIDGEWOOD,NJ,07451,,03-4390-130
Bergen,Englewood Public School District,Dr. John Grieco Elementary School,50 Durie Ave,Englewood,NJ,07631,,03-1370-086
Gloucester,Washington Township School District,Hurffville Elementary School,200 HURFFVILLE  GRENLOCH RD,SEWELL,NJ,08080,9499,15-5500-040
Bergen,North Arlington School District,Washington Elementary School,175 Albert Street,North Arlington,NJ,07031,,03-3600-080
Burlington,Lumberton Township Board of Education,Ashbrook Elementary School,33 MUNICIPAL DRIVE,LUMBERTON,NJ,08048,,05-2850-010
Salem,Salem County Special Services School District,Daretown School,404 DARETOWN ROAD,ELMER,NJ,08318,,33-4635-050
Burlington,Shamong Township School District,Indian Mills Memorial School,295 INDIAN MILLS ROAD,SHAMONG,NJ,08088,,05-4740-055
Monmouth,Hazlet Township Public School District,Raritan High School,419 MIDDLE ROAD,HAZLET,NJ,07730,2498,25-2105-050
Mercer,Lawrence Township Public School District,Ben Franklin Elementary,2939 PRINCETON PIKE,LAWRENCEVILLE,NJ,08648,3224,21-2580-070
Gloucester,Washington Township School District,Chestnut Ridge Middle School,641 HURFFVILLE  CROSSKEYS RD,SEWELL,NJ,08080,,15-5500-026
Essex,Nutley Public School District,Radcliffe School,379 BLOOMFIELD AVE,NUTLEY,NJ,07110,2252,13-3750-080
Morris,Parsippany-Troy Hills Township School District,Lake Parsippany Elementary School,225 Kingston Road,Parsippany,NJ,07054,,27-3950-080
Mercer,Princeton Public Schools,Community Park School,372 WITHERSPOON STREET,PRINCETON,NJ,08540,3477,21-4255-110
Middlesex,Woodbridge Township School District,John F. Kennedy Memorial High School,200 WASHINGTON AVENUE,ISELIN,NJ,08830,,23-5850-040
Monmouth,Millstone Township School District,Millstone Township Elementary School,308 Millstone Road,CLARKSBURG,NJ,08510,,25-3200-060
Burlington,Willingboro Public School District,Alternative School at Levitt,50 Martin Luther King Jr. Blvd,Willingboro,NJ,08046,,05-5805-300
Middlesex,Educational Services Commission of New Jersey,NuView Academy,1 PARK AVENUE,PISCATAWAY,NJ,08854,,23-3145-090
Essex,Newark Public School District,First Avenue School,214 FIRST AVE,NEWARK,NJ,07107,1802,13-3570-410
Cumberland,Millville School District,Silver Run Elementary School,301 SILVER RUN ROAD,MILLVILLE,NJ,08332,,11-3230-100
Monmouth,Hazlet Township Public School District,Beers Street School,610 BEERS STREET,HAZLET,NJ,07730,1405,25-2105-060
Union,Plainfield Public School District,Washington Community School,427 DARROW AVE,PLAINFIELD,NJ,07060,2012,39-4160-180
Bergen,Tenafly Public School District,Ralph S Maugham School,111 MAGNOLIA AVENUE,TENAFLY,NJ,07670,,03-5160-090
Essex,Livingston Board of Education School District,Harrison Elementary School,148 N LIVINGSTON AVE,LIVINGSTON,NJ,07039,2121,13-2730-090
Middlesex,Perth Amboy Public School District,William C. McGinnis Middle School,271 STATE STREET,PERTH AMBOY,NJ,08861,4347,23-4090-140
Charters,Classical Academy Charter School of Clifton,Classical Academy Charter School of Clifton,1255 Main Avenue,CLIFTON,NJ,07011,,80-6230-915
Union,Scotch Plains-Fanwood School District,Park Middle School,580 PARK AVENUE,SCOTCH PLAINS,NJ,07076,,39-4670-060
Union,Cranford Public School District,Orange Avenue School,901 ORANGE AVENUE,CRANFORD,NJ,07016,2099,39-0980-037
Morris,Morris School District,Alexander Hamilton,24 MILLS STREET,MORRISTOWN,NJ,07960,,27-3385-060
Middlesex,North Brunswick Township School District,North Brunswick Township High School,98 RAIDER ROAD,NORTH BRUNSWICK,NJ,08902,9607,23-3620-040
Sussex,Frankford Township Consolidated School District,Frankford Township School,4 PINES ROAD,BRANCHVILLE,NJ,07826,,37-1560-050
Essex,Montclair Public School District,Edgemont Elementary School,20 EDGEMONT RD,MONTCLAIR,NJ,07042,2305,13-3310-110
Mercer,Hamilton Township Public School District,George E. Wilson Elementary School,600 Park Avenue,HAMILTON,NJ,08610,5012,21-1950-105
Middlesex,East Brunswick Township School District,Lawrence Brook Elementary School,48 SULLIVAN WAY,E BRUNSWICK,NJ,08816,,23-1170-100
Camden,Haddon Township School District,Strawbridge Elementary School,307 STRAWBRIDGE AVENUE,WESTMONT,NJ,08108,,07-1890-090
Hudson,Jersey City Public Schools,Julia A. Barnes School,91 ASTOR PLACE,JERSEY CITY,NJ,07304,2920,17-2390-150
Morris,School District of the Chathams,Washington Avenue School,102 WASHINGTON AVENUE,CHATHAM,NJ,07928,,27-0785-070
Essex,Irvington Public School District,Florence Avenue Elementary School,1324      SPRINGFIELD AVENUE,IRVINGTON,NJ,07111,1916,13-2330-100
Essex,Newark Public School District,Ivy Hill Elementary School,107 IVY STREET,NEWARK,NJ,07106,,13-3570-565
Monmouth,Asbury Park School District,Thurgood Marshall Elementary School,600 MONROE AVENUE,ASBURY PARK,NJ,07712,,25-0100-100
Union,Elizabeth Public Schools,Madison Monroe School No. 16,1091 NORTH AVE,ELIZABETH,NJ,07201,1612,39-1320-190
Bergen,Hackensack School District,Fanny Meyer Hillers,56 LONGVIEW AVENUE,HACKENSACK,NJ,07601,,03-1860-110
Camden,Collingswood Public School District,William P Tatem Elementary School,265 LINCOLN AVENUE,COLLINGSWOOD,NJ,08108,,07-0940-080
Essex,Montclair Public School District,Hillside Elementary School,54 ORANGE RD,MONTCLAIR,NJ,07042,2110,13-3310-123
Morris,Jefferson Township Public School District,Ellen T. Briggs Elementary School,1 JEFFERSON DRIVE,LAKE HOPATCONG,NJ,07849,,27-2380-040
Camden,Pennsauken Township Board of Education School District,Benjamin Franklin Elementary School,7201 IRVING AVENUE,PENNSAUKEN,NJ,08109,3173,07-4060-100
Somerset,Franklin Township Public Schools,Franklin Park School,30 Eden Street,Franklin Park,NJ,08823,1250,35-1610-080
Passaic,Paterson Public School District,14# Avenue Early Learning Center,660 14th Avenue,Paterson,NJ,07504,,31-4010-302
Essex,Newark Public School District,Sir Isaac Newton Elementary School,150 Newton Street,Newark,NJ,07103,2639,13-3570-315
Essex,Livingston Board of Education School District,Burnet Hill Elementary School,25 BYRON PLACE,LIVINGSTON,NJ,07039,,13-2730-070
Monmouth,Howell Township Public School District,Howell Township Middle School South,220 Ramtown-Greenville Road,HOWELL,NJ,07731,,25-2290-027
Union,Union County Vocational-Technical School District,Simon Youth Academy,651 Kapkowski Road,Elizabeth,NJ,07201,,39-5260-302
Middlesex,Edison Township School District,Washington Elementary School,153 WINTHROP ROAD,EDISON,NJ,08817,,23-1290-150
Cumberland,Vineland Public School District,Solve D'Ippolito Elementary School,1578 NORTH VALLEY AVE,VINELAND,NJ,08360,2431,11-5390-230
Gloucester,Washington Township School District,Bunker Hill Middle School,372 PITMAN  DOWNER RD,SEWELL,NJ,08080,,15-5500-020
Passaic,Totowa Public School District,Memorial School,294 TOTOWA ROAD,TOTOWA,NJ,07512,2661,31-5200-050
Mercer,East Windsor Regional School District,Ethel McKnight Elementary School,58 TWIN RIVERS DR   SOUTH,EAST WINDSOR,NJ,08520,,21-1245-055
Cape May,Wildwood City School District,Wildwood Middle School,4300 PACIFIC AVE,WILDWOOD,NJ,08260,,09-5790-070
Gloucester,Glassboro School District,Glassboro Intermediate School,202 Delsea Dr N,Glassboro,NJ,08028,1420,15-1730-078
Atlantic,Atlantic City School District,Sovereign Avenue School,3205 Arctic Avenue,Atlantic City,NJ,08401,3711,01-0110-030
Bergen,Bergen County Special Services School District,Hearing Impaired,540 Farview Avenue,Paramus,NJ,07652,,03-0285-030
Essex,Newark Public School District,Roberto Clemente Elementary School,257 SUMMER AVE,NEWARK,NJ,07104,2717,13-3570-615
Warren,Hackettstown Public School District,Hackettstown High School,599 Warren Street,HACKETTSTOWN,NJ,07840,,41-1870-050
Hunterdon,Clinton Township School District,Round Valley,128  COKESBURY RD,LEBANON,NJ,08833,9599,19-0920-040
Middlesex,Woodbridge Township School District,Reaching Individual Student Excellence,77 Turner Street,Port Reading,NJ,07064,,23-5850-300
Monmouth,Holmdel Township School District,William R. Satz School,24 CRAWFORDS CORNER ROAD,HOLMDEL,NJ,07733,1998,25-2230-030
Union,Township of Union School District,Washington Elementary,301 WASHINGTON AVENUE,UNION,NJ,07083,,39-5290-140
Cumberland,Vineland Public School District,Johnstone Elementary School,165 S  BREWSTER RD,VINELAND,NJ,08361,7871,11-5390-120
Essex,West Orange Public Schools,Roosevelt Middle School,36 GILBERT PL,W ORANGE,NJ,07052,3948,13-5680-090
Ocean,Point Pleasant Beach School District,Point Pleasant Beach High School,700 Trenton Avenue,Point Pleasant Beach,NJ,08742,,29-4220-050
Salem,Pittsgrove Township School District,Arthur P. Schalick High School,718 CENTERTON ROAD,PITTSGROVE,NJ,08318,8901,33-4150-040
Essex,Newark Public School District,University High School,55 CLINTON PL,NEWARK,NJ,07108,1221,13-3570-057
Sussex,Sussex-Wantage Regional School District,Clifton E. Lawrence,31 RYAN ROAD,WANTAGE,NJ,07461,,37-5100-020
Essex,Newark Public School District,Newark School of Global Studies,24 Crane Street,Newark,NJ,07104,,13-3570-318
Mercer,Robbinsville Public Schools,Sharon School,234 SHARON ROAD,ROBBINSVILLE,NJ,08691,9741,21-5510-050
Somerset,Watchung Borough Public School District,Valley View School,50 Valley View Road,Watchung,NJ,07069,,35-5540-050
Burlington,Maple Shade School District,Maude M. Wilkins Elementary School,34 WEST MILL ROAD,MAPLE SHADE,NJ,08052,,05-3010-080
Essex,West Orange Public Schools,Hazel Avenue Elementary School,45 HAZEL AVE,W ORANGE,NJ,07052,4524,13-5680-130
Middlesex,East Brunswick Township School District,Chittick Elementary School,5 FLAGLER STREET,E BRUNSWICK,NJ,08816,,23-1170-125
Bergen,Mahwah Township Public School District,George Washington School,39 FARDALE AVENUE,MAHWAH,NJ,07430,,03-2900-080
Bergen,Ridgewood Public School District,Hawes Elementary School,531 STEVENS AVENUE,RIDGEWOOD,NJ,07451,,03-4390-085
Ocean,Stafford Township School District,Ronald L. Meinders Primary Learning Center,1000 McKinley Avenue,Manahawkin,NJ,08050,,29-5020-075
Gloucester,Monroe Township Public School District,Williamstown High School,700 N TUCKAHOE RD,WILLIAMSTOWN,NJ,08094,8827,15-3280-050
Cape May,Ocean City School District,Ocean City Primary School,550 WEST AVENUE,OCEAN CITY,NJ,08226,,09-3780-070
Passaic,Paterson Public School District,School 18,51 E  18TH STREET,PATERSON,NJ,07524,,31-4010-220
Bergen,Ridgefield Park Public School District,Lincoln Elementary School,712 LINCOLN AVENUE,RIDGEFIELD PARK,NJ,07660,,03-4380-070
Bergen,Ridgefield School District,Ridgefield Memorial High School,555 WALNUT ST,RIDGEFIELD,NJ,07657,,03-4370-050
Essex,Newark Public School District,Bard Early College High School,321 BERGEN STREET,NEWARK,NJ,07103,,13-3570-304
Monmouth,Middletown Township Public School District,Nut Swamp Elementary School,925 Nut Swamp Road,MIDDLETOWN,NJ,07748,3198,25-3160-145
Hunterdon,Readington Township School District,Holland Brook School,52 READINGTON ROAD,WHITEHOUSE STATION,NJ,08889,,19-4350-030
Essex,Millburn Township School District,Deerfield School,26 TROY LANE,SHORT HILLS,NJ,07078,,13-3190-065
Essex,ORANGE BOARD OF EDUCATION School District,Forest Street Elementary School,651 FOREST ST,ORANGE,NJ,07050,,13-3880-080
Burlington,Cinnaminson Township School District,Cinnaminson Middle School,312 N  FORKLANDING ROAD,CINNAMINSON,NJ,08077,,05-0840-053
Bergen,Bergenfield Borough School District,Franklin Elementary School,2 N  FRANKLIN AVENUE,BERGENFIELD,NJ,07621,,03-0300-040
Middlesex,Spotswood Public School District,Spotswood Memorial Middle School,115 SUMMERHILL ROAD,SPOTSWOOD,NJ,08884,,23-4970-090
Burlington,Delran Township School District,Delran Intermediate School,20 CREEK ROAD,DELRAN,NJ,08075,,05-1060-015
Ocean,Island Heights School District,Island Heights Elementary School,115 SUMMIT AVE,ISLAND HEIGHTS,NJ,08732,0329,29-2350-050
Warren,Hackettstown Public School District,Hatchery Hill Elementary School,398 5th Avenue,Hackettstown,NJ,07840,2497,41-1870-070
Charters,The Queen City Academy Charter School District,The Queen City Academy Charter School,815 WEST SEVENTH STREET,PLAINFIELD,NJ,07063,,80-7600-960
Essex,Livingston Board of Education School District,Mount Pleasant Elementary School,11 BROADLAWN DR,LIVINGSTON,NJ,07039,3117,13-2730-110
Camden,Haddonfield School District,Haddonfield Middle School,FIVE LINCOLN AVENUE,HADDONFIELD,NJ,08033,,07-1900-070
Bergen,Park Ridge School District,Park Ridge High School,2 PARK AVE,PARK RIDGE,NJ,07656,1240,03-3940-050
Burlington,Woodland Township School District,Chatsworth Elementary School,2 John Bowker Jr. Blvd,CHATSWORTH,NJ,08019,0477,05-5890-030
Union,Roselle Public Schools,Grace Wilday Junior High School,400 BROOKLAWN AVE,ROSELLE,NJ,07203,,39-4540-060
Cape May,Middle Township Public School District,Middle Township High School,300 EAST ATLANTIC AVENUE,CAPE MAY COURT HOUSE,NJ,08210,,09-3130-050
Gloucester,Gateway Regional High School District,Gateway Regional High School,775 TANYARD RD,WOODBURY HTS,NJ,08096,6218,15-1715-050
Camden,Winslow Township School District,Winslow Township Elementary School Two,125 FIRST AVENUE,SICKLERVILLE,NJ,08081,,07-5820-040
Hudson,Jersey City Public Schools,Franklin L. Williams School,222 LAIDLAW AVENUE,JERSEY CITY,NJ,07306,,17-2390-155
Hudson,Hudson County Schools of Technology School District,Knowledge Advanced Skills,One High Tech Way,Secaucus,NJ,07094,1682,17-2295-301
Middlesex,Educational Services Commission of New Jersey,NuView Academy Annex,1690 STELTON ROAD,PISCATAWAY,NJ,08854,5917,23-3145-080
Somerset,Bernards Township School District,Oak Street School,70 West Oak Street,Basking Ridge,NJ,07920,1735,35-0350-060
Bergen,Hillsdale School District,George G White,120 MAGNOLIA AVE,HILLSDALE,NJ,07642,2131,03-2180-020
Bergen,North Arlington School District,North Arlington Middle School,45 Beech Street,North Arlington,NJ,07031,,03-3600-090
Charters,Red Bank Charter School,Red Bank Charter School,58 OAKLAND STREET,RED BANK,NJ,07701,,80-7720-915
Camden,Haddonfield School District,Haddonfield Memorial High School,401 KINGS HIGHWAY EAST,HADDONFIELD,NJ,08033,1206,07-1900-050
Bergen,Fair Lawn Public School District,John A. Forrest Elementary School,10 - 00 HOPPER AVE,FAIR LAWN,NJ,07410,1815,03-1450-085
Morris,Netcong School District,Netcong Elementary School,26 COLLEGE ROAD,NETCONG,NJ,07857,1621,27-3520-060
Camden,Gloucester Township Public Schools,Loring Flemming Elementary School,135 LITTLE GLOUCESTER RD,BLACKWOOD,NJ,08012,3311,07-1780-090
Essex,Irvington Public School District,Thurgood Marshall Elementary School,141  181 MONTGOMERY AVENUE,IRVINGTON,NJ,07111,,13-2330-125
Warren,Hackettstown Public School District,Willow Grove Elementary School,601 WILLOW GROVE STREET,HACKETTSTOWN,NJ,07840,1713,41-1870-090
Passaic,Bloomingdale School District,Samuel R. Donald Elementary School,29 CAPTOLENE AVENUE,BLOOMINGDALE,NJ,07403,,31-0420-030
Mercer,Hopewell Valley Regional School District,Hopewell Valley Central High School,259 PENNINGTON TITUSVILLE RD,PENNINGTON,NJ,08534,9701,21-2280-030
Morris,Madison Public School District,Madison Junior School,160 MAIN STREET,MADISON,NJ,07940,,27-2870-100
Hunterdon,Alexandria Township School District,Alexandria Middle School,557 County Rd. 513,Pittstown,NJ,08867,9508,19-0020-005
Union,Plainfield Public School District,Plainfield High School,950 PARK AVENUE,PLAINFIELD,NJ,07060,3002,39-4160-050
Morris,Kinnelon School District,Stonybrook Elementary School,118 BOONTON AVENUE,KINNELON,NJ,07405,,27-2460-070
Essex,West Orange Public Schools,Liberty Middle School,1  KELLY  DRIVE,WEST ORANGE,NJ,07052,,13-5680-135
Atlantic,Estell Manor School District,Estell Manor Elementary School,128 CAPE MAY AVENUE,ESTELL MANOR,NJ,08319,1735,01-1410-050
Middlesex,New Brunswick School District,Mckinley Community School,15 VAN DYKE AVE,NEW BRUNSWICK,NJ,08901,3255,23-3530-110
Morris,School District of the Chathams,Chatham High School,255 LAFAYETTE AVENUE,CHATHAM,NJ,07928,,27-0785-010
Morris,Butler Public School District,Aaron Decker School,98 DECKER ROAD,BUTLER,NJ,07405,,27-0630-025
Camden,Pine Hill School District,Overbrook Senior High School,1200 TURNERSVILLE ROAD,PINE HILL,NJ,08021,,07-4110-010
Passaic,Wayne Township Public School District,Ryerson Elementary School,30 MC CLELLAND AVENUE,WAYNE,NJ,07470,7411,31-5570-140
Burlington,Mount Holly Township Public School District,John Brainerd Elementary School,100 WOLLNER DR,MOUNT HOLLY,NJ,08060,,05-3430-040
Passaic,Clifton Public School District,Clifton High School,333 COLFAX AVENUE,CLIFTON,NJ,07013,,31-0900-030
Bergen,Haworth Public School District,Haworth Public School,205 VALLEY RD,HAWORTH,NJ,07641,1218,03-2090-050
Passaic,Paterson Public School District,School 13,690 EAST 23RD ST,PATERSON,NJ,07504,,31-4010-170
Essex,Caldwell-West Caldwell School District,Jefferson Elementary School,85 PROSPECT ST,WEST CALDWELL,NJ,07006,,13-0660-070
Ocean,Pinelands Regional School District,Pinelands Regional Jr. High School,565 Nugentown Road,Little Egg Harbor,NJ,08087,0248,29-4105-060
Bergen,Dumont Public School District,Dumont High School,101 NEW MILFORD AVE,DUMONT,NJ,07628,2913,03-1130-040
Morris,Rockaway Township School District,Stony Brook Elementary School,44 STONY BROOK ROAD,ROCKAWAY,NJ,07866,,27-4490-080
Somerset,Bridgewater-Raritan Regional School District,Crim Primary School,1300 Crim Road,Bridgewater,NJ,08807,,35-0555-045
Ocean,Lacey Township School District,Lacey Township Middle School,660 DENTON AVENUE,FORKED RIVER,NJ,08731,0535,29-2480-053
Mercer,Trenton Public School District,Robbins Elementary School,283 Tyler Street,Trenton,NJ,08609,,21-5210-280
Ocean,Plumsted Township School District,New Egypt Primary School,131 EVERGREEN ROAD,NEW EGYPT,NJ,08533,,29-4190-040
Essex,Essex County Schools of Technology,Essex County West Caldwell Tech,209 Franklin Street,Bloomfield,NJ,07003,,13-1390-080
Charters,Paterson Charter School for Science and Technology,Paterson Charter School for Science/Technology,196 WEST RAILWAY AVENUE,PATERSON,NJ,07503,,80-7503-970
Monmouth,Freehold Regional High School District,Manalapan High School,20 CHURCH LANE,ENGLISHTOWN,NJ,07726,3498,25-1650-070
Ocean,Brick Township Public School District,Warren H. Wolf Elementary School,224  260 CHAMBERS BRIDGE RD,BRICK,NJ,08723,9999,29-0530-027
Bergen,East Rutherford School District,Alfred S. Faust,100 Uhland Street,East Rutherford,NJ,07073,,03-1230-040
Union,Westfield Public School District,Tamaques Elementary School,641 Willow Grove Road,Westfield,NJ,07090,3519,39-5730-145
Passaic,North Haledon School District,High Mountain School,515 HIGH MOUNTAIN ROAD,NORTH HALEDON,NJ,07508,2603,31-3640-050
Monmouth,Middletown Township Public School District,Lincroft Elementary School,729 NEWMAN SPRINGS ROAD,LINCROFT,NJ,07738,1596,25-3160-120
Union,Plainfield Public School District,Maxson Middle School,920 E SEVENTH ST,PLAINFIELD,NJ,07062,1854,39-4160-070
Union,Roselle Public Schools,Abraham Clark High School,122 EAST 6TH AVE,ROSELLE,NJ,07203,2026,39-4540-010
Bergen,Bergen County Special Services School District,Multiply Handicapped,540 Farview Avenue,Paramus,NJ,07652,1831,03-0285-040
Passaic,Passaic City School District,Passaic Gifted and Talented Academy School No. 20,19 Henry Street,Passaic,NJ,07055,,31-3970-300
Warren,Harmony Township School District,Harmony Township School,2551 BELVIDERE ROAD,PHILLIPSBURG,NJ,08865,2155,41-2040-030
Camden,Collingswood Public School District,Zane North Elementary School,801 STOKES AVENUE,COLLINGSWOOD,NJ,08108,,07-0940-090
Atlantic,Atlantic County Vocational School District,Atlantic County Alternative High School,4805 Nawakwa Blvd,Mays Landing,NJ,08330,,01-0120-300
Bergen,Wood-Ridge School District,Catherine E. Doyle Elementary School,250 WOOD  RIDGE AVE,WOOD  RIDGE,NJ,07075,1510,03-5830-060
Middlesex,Spotswood Public School District,Spotswood High School,105 SUMMERHILL ROAD,SPOTSWOOD,NJ,08884,,23-4970-040
Bergen,Norwood Public School District,Norwood Public School,177 SUMMIT ST,NORWOOD,NJ,07648,1812,03-3740-020
Hudson,Jersey City Public Schools,Christa McAuliffe School,167 HANCOCK AVE,JERSEY CITY,NJ,07307,2017,17-2390-250
Hudson,Secaucus School District,Huber Street School,1520 PATERSON PLANK RD,SECAUCUS,NJ,07094,,17-4730-070
Morris,Mendham Township School District,Mendham Township Elementary School,18 WEST MAIN STREET,BROOKSIDE,NJ,07926,,27-3100-050
Essex,Newark Public School District,Eagle Academy for Young Men of Newark,279 Chancellor Avenue,Newark,NJ,07112,,13-3570-307
Essex,ORANGE BOARD OF EDUCATION School District,Oakwood Avenue Elementary School,135 OAKWOOD AVE,ORANGE,NJ,07050,3909,13-3880-110
Atlantic,Egg Harbor City School District,Egg Harbor City Community School,730 Havana Avenue,EGG HARBOR CITY,NJ,08215,1547,01-1300-030
Camden,HADDON HEIGHTS School District,Glenview Avenue,1700 Sycamore Street,HADDON HEIGHTS,NJ,08035,,07-1880-060
Middlesex,Edison Township School District,Franklin D Roosevelt School,838 New Dover Rd,Edison,NJ,08820,,23-1290-302
Bergen,New Milford Public School District,Berkley Street School,812 BERKLEY STREET,NEW MILFORD,NJ,07646,,03-3550-060
Hudson,North Bergen School District,Franklin Elementary School,5211 Columbia Avenue,N BERGEN,NJ,07047,5916,17-3610-060
Passaic,Clifton Public School District,School #15,700 GREGORY AVENUE,CLIFTON,NJ,07011,,31-0900-200
Middlesex,South Brunswick School District,Brunswick Acres Elementary School,41 KORY DRIVE,KENDALL PARK,NJ,08824,,23-4860-055
Somerset,Bridgewater-Raritan Regional School District,Van Holten Primary School,360 Van Holten Road,Bridgewater,NJ,08807,,35-0555-105
Passaic,Totowa Public School District,Washington Park School,10 CREWS STREET,TOTOWA,NJ,07512,2022,31-5200-060
Middlesex,South Amboy School District,South Amboy Elementary,249 JOHN STREET,SOUTH AMBOY,NJ,08879,1741,23-4830-060
Passaic,Wanaque School District,Haskell Elementary School,973 RINGWOOD AVENUE,HASKELL,NJ,07420,1322,31-5440-050
Morris,Washington Township School District,Old Farmers Road School,51 OLD FARMERS ROAD,LONG VALLEY,NJ,07853,,27-5520-040
Morris,Madison Public School District,Kings Road School,215 KINGS ROAD,MADISON,NJ,07940,,27-2870-080
Ocean,Toms River Regional School District,Washington Street Elementary School,500 WEST EARL COURT,TOMS RIVER,NJ,08753,,29-5190-110
Morris,Morris School District,Frelinghuysen Middle School,WEST HANOVER AVENUE,MORRISTOWN,NJ,07960,,27-3385-075
Middlesex,Old Bridge Township School District,Cheesequake Elementary School,111 ROUTE 34,MATAWAN,NJ,07747,3450,23-3845-105
Bergen,Dumont Public School District,Lincoln Elementary School,80 PROSPECT AVE,DUMONT,NJ,07628,2736,03-1130-070
Middlesex,Carteret Public School District,Private Nicholas Minue Elementary School,83 POST BLVD,CARTERET,NJ,07008,,23-0750-057
Gloucester,Washington Township School District,Thomas Jefferson Elementary School,95 ALTAIR DR,TURNERSVILLE,NJ,08012,2437,15-5500-028
Essex,East Orange School District,"Edward T. Bowser, Sr. School of Excellence",180 Lincoln Street,EAST ORANGE,NJ,07017,2503,13-1210-050
Mercer,Lawrence Township Public School District,Lawrenceville Elementary School,40 CRAVEN LANE,LAWRENCEVILLE,NJ,08648,1637,21-2580-090
Mercer,Hopewell Valley Regional School District,Bear Tavern Elementary School,1162 BEAR TAVERN ROAD,TITUSVILLE,NJ,08560,9633,21-2280-035
Middlesex,Dunellen Public School District,John P. Faber Elementary School,400 HIGH STREET,DUNELLEN,NJ,08812,,23-1140-050
Gloucester,Clearview Regional High School District,Clearview Regional High School,625 BREAKNECK RD,MULLICA HILL,NJ,08062,9436,15-0870-020
Atlantic,Greater Egg Harbor Regional High School District,Oakcrest High School,1824 DR  DENNIS FOREMAN DRIVE,MAYS LANDING,NJ,08330,2640,01-1790-050
Bergen,Rutherford School District,Pierrepont School,70 E PIERREPONT AVE,RUTHERFORD,NJ,07070,2333,03-4600-080
Monmouth,Matawan-Aberdeen Regional School District,Lloyd Road Elementary School,401 LLOYD ROAD,ABERDEEN,NJ,07747,1800,25-3040-065
Burlington,Medford Township School District,Kirby's Mill Elementary School,151 HARTFORD ROAD,MEDFORD,NJ,08055,,05-3080-045
Ocean,Little Egg Harbor Township School District,Robert C. Wood Sr Early Childhood Center,950 Route 539,Little Egg Harbor,NJ,08087,,29-2690-300
Bergen,Northvale Public School District,Northvale Public School,441 TAPPAN ROAD,NORTHVALE,NJ,07647,,03-3730-050
Monmouth,Middletown Township Public School District,Middletown High School South,900 NUT SWAMP ROAD,MIDDLETOWN,NJ,07748,3199,25-3160-053
Monmouth,Monmouth County Vocational School District,Monmouth County Career Center,1000 KOZLOSKI ROAD,FREEHOLD,NJ,07728,4395,25-3260-040
Essex,South Orange-Maplewood School District,Seth Boyden Elementary Demonstration School,274 BOYDEN AVE,MAPLEWOOD,NJ,07040,3010,13-4900-130
Essex,East Orange School District,East Orange Campus High School,344 PROSPECT STREET,EAST ORANGE,NJ,07017,,13-1210-035
Passaic,West Milford Township Public School District,Macopin Middle School,70 HIGHLANDER DRIVE,WEST MILFORD,NJ,07480,1511,31-5650-055
Essex,East Orange School District,Cicely L. Tyson Community Middle/High School,35 Winans Street,EAST ORANGE,NJ,07017,,13-1210-150
Cumberland,Cumberland Regional School District,Cumberland Regional High School,90 SILVER LAKE ROAD,BRIDGETON,NJ,08302,,11-0997-030
Salem,Pittsgrove Township School District,Norma Elementary School,873 GERSHAL AVENUE,PITTSGROVE,NJ,08318,,33-4150-050
Ocean,Brick Township Public School District,Drum Point Road Elementary School,41 DRUM POINT RD,BRICK TOWN,NJ,08723,6021,29-0530-030
Ocean,Berkeley Township School District,Clara B. Worth Elementary School,57 CENTRAL PARKWAY,BAYVILLE,NJ,08721,2414,29-0320-030
Somerset,Somerville Public School District,Van Derveer Elementary School,51 Union Ave.,Somerville,NJ,08876,,35-4820-090
Bergen,Garfield Public School District,Abraham Lincoln School #6,111 PALISADE AVE,GARFIELD,NJ,07026,,03-1700-080
Essex,Cedar Grove Township School District,North End Elementary School,122 Stevens Avenue,Cedar Grove,NJ,07009,1147,13-0760-060
Middlesex,Spotswood Public School District,E Raymond Appleby Elementary School,23 VLIET STREET,SPOTSWOOD,NJ,08884,,23-4970-050
Ocean,Lakehurst School District,Lakehurst Elementary School,301 UNION AVE,LAKEHURST,NJ,08733,2935,29-2500-050
Morris,West Morris Regional High School District,West Morris Central High School,259 BARTLEY ROAD,CHESTER,NJ,07930,,27-5660-030
Salem,Woodstown-Pilesgrove Regional School District,William Roper Early Childhood Learning Center,211 East Lake Road,Pilesgrove,NJ,08098,,33-5910-300
Bergen,Wood-Ridge School District,Wood-Ridge Intermediate School,151 FIRST STREET,WOOD-RIDGE,NJ,07075,,03-5830-300
Bergen,Elmwood Park School District,Memorial Middle School,375 RIVER DRIVE,ELMWOOD PARK,NJ,07407,1622,03-1345-060
Morris,Parsippany-Troy Hills Township School District,Parsippany Hills High School,20 Rita Drive,Morris Plains,NJ,07950,,27-3950-053
Mercer,West Windsor-Plainsboro Regional School District,Maurice Hawk Elementary School,303  305 CLARKSVILLE ROAD,West Windsor,NJ,08550,,21-5715-040
Mercer,West Windsor-Plainsboro Regional School District,West Windsor-Plainsboro High School North,90 GROVERS MILL ROAD,PLAINSBORO,NJ,08536,,21-5715-025
Passaic,Paterson Public School District,Newcomers High School,151 Ellison Street,Paterson,NJ,07501,,31-4010-314
Hunterdon,Flemington-Raritan Regional School District,Francis A. Desmares Elementary School,16 OLD CLINTON ROAD,FLEMINGTON,NJ,08822,1325,19-1510-035
Essex,Montclair Public School District,Glenfield Middle School,25 MAPLE AVE,MONTCLAIR,NJ,07042,4513,13-3310-116
Burlington,Lenape Regional High School District,Cherokee High School,120 TOMLINSON MILL ROAD,MARLTON,NJ,08053,,05-2610-040
Morris,Lincoln Park School District,Lincoln Park Elementary School,274 PINEBROOK ROAD,LINCOLN PARK,NJ,07035,,27-2650-035
Essex,Nutley Public School District,Yantacaw School,20 YANTACAW PLACE,NUTLEY,NJ,07110,,13-3750-110
Ocean,Lakewood Township School District,Ella G Clarke Elementary School,455 MANETTA AVENUE,LAKEWOOD,NJ,08701,,29-2520-080
Bergen,Wallington Boro School District,Frank W. Gavlak Elementary School,106 KING ST,WALLINGTON,NJ,07057,,03-5430-055
Mercer,East Windsor Regional School District,Hightstown High School,25 LESHIN LANE,HIGHTSTOWN,NJ,08520,4006,21-1245-050
Ocean,Barnegat Township School District,Cecil S. Collins Elementary,570 BARNEGAT BLVD  NORTH,BARNEGAT,NJ,08005,,29-0185-015
Camden,Gloucester Township Public Schools,Union Valley Elementary School,1300 JARVIS ROAD,SICKLERVILLE,NJ,08081,,07-1780-180
Gloucester,Glassboro School District,Thomas E. Bowe School,Carpenter Street and Mancuso Lane,Glassboro,NJ,08028,,15-1730-090
Morris,Hanover Park Regional High School District,Whippany Park High School,165 WHIPPANY ROAD,WHIPPANY,NJ,07981,1741,27-1990-070
Charters,Sussex County Technology Charter School,Sussex County Technology Charter School,385 N. Church Rd.,SPARTA,NJ,07871,,80-7850-960
Monmouth,LONG BRANCH PUBLIC SCHOOL District,Morris Avenue Elementry School,318 MORRIS AVENUE,LONG BRANCH,NJ,07740,,25-2770-080
Middlesex,New Brunswick School District,Roosevelt Elementary School,83 LIVINGSTON AVE,NEW BRUNSWICK,NJ,08901,2522,23-3530-125
Somerset,Montgomery Township School District,Orchard Hill Elementary School,244 Orchard Road,Skillman,NJ,08558,,35-3320-080
Middlesex,Middlesex County Vocational and Technical School District,Middlesex Co Voc School East Bruns. School of Career Development,112 Rues Lane,East Brunswick,NJ,08816,1070,23-3150-301
Essex,Newark Public School District,George Washington Carver Elementary School,333 CLINTON PL,NEWARK,NJ,07112,1563,13-3570-435
Morris,Montville Township School District,Woodmont School,39 WOODMONT ROAD,PINE BROOK,NJ,07058,,27-3340-070
Bergen,Tenafly Public School District,Tenafly High School,19 COLUMBUS DRIVE,TENAFLY,NJ,07670,,03-5160-050
Hudson,Bayonne School District,Woodrow Wilson Community School,101 WEST 56TH STREET,BAYONNE,NJ,07002,,17-0220-130
Warren,Knowlton Township School District,Knowlton Township Board of Education,80 Route 46,DELAWARE,NJ,07833,0152,41-2470-040
Charters,Foundation Academy Charter School,Foundation Academy Charter School,363 West State Street,Trenton,NJ,08608,,80-6017-932
Passaic,Paterson Public School District,School 3,448 MAIN STREET,PATERSON,NJ,07501,2818,31-4010-070
Union,Elizabeth Public Schools,Robert Morris School No. 18,860 CROSS AVE,ELIZABETH,NJ,07208,3547,39-1320-210
Somerset,Bedminster Township Public School District,Bedminster Township Public School,234 Somerville Road,Bedminster,NJ,07921,,35-0240-020
Union,Township of Union School District,Battle Hill Elementary,2600 KILLIAN PLACE,UNION,NJ,07083,,39-5290-080
Essex,Livingston Board of Education School District,Hillside Elementary School,98 BELMONT DRIVE,LIVINGSTON,NJ,07039,,13-2730-100
Middlesex,Woodbridge Township School District,Ford Avenue Elementary School,186 FORD AVENUE,FORDS,NJ,08863,,23-5850-140
Camden,Camden City School District,Veterans Memorial Family School,800 N 26TH STREET,CAMDEN,NJ,08105,,07-0680-080
Burlington,Burlington County Special Services School District,Lumberton Campus,71 ARK ROAD,LUMBERTON,NJ,08048,,05-0605-055
Union,Elizabeth Public Schools,Mabel G. Homes School No. 5,650 Bayway Avenue,ELIZABETH,NJ,07202,,39-1320-300
Passaic,Clifton Public School District,School #12,165 CLIFTON AVENUE,CLIFTON,NJ,07011,,31-0900-170
Hunterdon,Hunterdon County Vocational School District,Hunterdon County Vocational School District Central Campus,10 Junction Rd,FLEMINGTON,NJ,08822,,19-2308-050
Passaic,Passaic County Manchester Regional High School District,Passaic County-Manchester Regional High School,70 CHURCH STREET,HALEDON,NJ,07508,1753,31-3980-010
Mercer,Hamilton Township Public School District,Sunnybrae Elementary School,166 ELTON AVENUE,HAMILTON,NJ,08620,1622,21-1950-245
Somerset,Bernards Township School District,Mount Prospect Elementary School,111 Hansom Road,Basking Ridge,NJ,07920,,35-0350-100
Essex,Verona Public School District,Laning Avenue School,18 LANNING RD,VERONA,NJ,07044,2510,13-5370-100
Camden,Audubon Public School Disrict,Audubon Junior/Senior High School,350 EDGEWOOD AVENUE,AUDUBON,NJ,08106,,07-0150-010
Somerset,Warren Township School District,Mt. Horeb School,80 Mount Horeb Road,Warren,NJ,07059,5531,35-5470-035
Salem,Penns Grove-Carneys Point Regional School District,Penns Grove Middle School,351 MAPLE AVENUE,PENNS GROVE,NJ,08069,1369,33-4070-105
Mercer,Trenton Public School District,Washington Elementary School,331 Emory Avenue,Trenton,NJ,08611,,21-5210-300
Union,Elizabeth Public Schools,Juan Pablo Duarte - Jose Julian Marti School No 28,25 FIRST STREET,ELIZABETH,NJ,07206,,39-1320-315
Union,Westfield Public School District,Jefferson Elementary School,1200 Boulevard,Westfield,NJ,07090,2726,39-5730-120
Middlesex,Old Bridge Township School District,M. Scott Carpenter Elementary School,ONE PAR AVENUE,OLD BRIDGE,NJ,08857,3045,23-3845-133
Passaic,Wayne Township Public School District,Theunis Dey Elementary School,55 WEBSTER DRIVE,WAYNE,NJ,07470,5353,31-5570-150
Camden,Black Horse Pike Regional School District,Highland Regional High School,450 Erial Road,BLACKWOOD,NJ,08012,,07-0390-020
Charters,Passaic Arts and Science Charter School,Passaic Arts and Science Charter School,7 St. Francis Way,Passaic,NJ,07055,,80-6080-966
Gloucester,Westville Boro Public School District,Parkview Elementary School,101 BIRCH ST,WESTVILLE,NJ,08093,,15-5740-040
Ocean,Manchester Township School District,Ridgeway Elementary School,2861 RIDGEWAY RD,MANCHESTER,NJ,08759,,29-2940-050
Monmouth,Millstone Township School District,Millstone Township Middle School,5 Dawson Court,Millstone Township,NJ,08535,8115,25-3200-040
Charters,Jersey City Community Charter School,Jersey City Community Charter School,128 DANFORTH AVENUE,JERSEY CITY,NJ,07305,,80-6910-940
Burlington,Southampton Township School District,Southampton Township School #3,100 WARRIOR WAY,SOUTHAMPTON,NJ,08088,3349,05-4930-070
Camden,Lindenwold Public School District,Lindenwold School Five,550 Chews Landing Rd.,LINDENWOLD,NJ,08021,,07-2670-050
Somerset,South Bound Brook Public Schools,Robert Morris School,122 Elizabeth Street,South Bound Brook,NJ,08880,,35-4850-060
Hudson,Union City School District,Jefferson Elementary School,3400 PALISADE AVENUE,UNION CITY,NJ,07087,,17-5240-100
Gloucester,Monroe Township Public School District,Williamstown Middle School,561 CLAYTON RD,WILLIAMSTOWN,NJ,08094,,15-3280-110
Ocean,Jackson Township School District,Switlik Elementary School,75 West Veterans Highway,Jackson,NJ,08527,3497,29-2360-050
Gloucester,Monroe Township Public School District,Whitehall Elementary School,161 WHITEHALL RD,WILLIAMSTOWN,NJ,08094,9201,15-3280-100
Monmouth,Keansburg School District,Joseph C. Caruso School,81 Frances Place,KEANSBURG,NJ,07734,1596,25-2400-050
Morris,Morris School District,Normandy Park School,19A NORMANDY PARKWAY,MORRISTOWN,NJ,07960,,27-3385-100
Monmouth,Monmouth County Vocational School District,Class Academy,537 Tinton Avenue,Tinton Falls,NJ,07724,,25-3260-003
Passaic,Passaic City School District,Daniel F. Ryan Elementary School No. 19,320 Highland Ave.,Passaic,NJ,07055,,31-3970-200
Passaic,Hawthorne Public School District,Hawthorne High School,160 PARMELEE AVENUE,HAWTHORNE,NJ,07506,,31-2100-050
Burlington,Mount Laurel Township School District,Countryside Elementary School,115 SCHOOLHOUSE LANE,MOUNT LAUREL,NJ,08054,,05-3440-010
Bergen,Westwood Regional School District,Brookside Elementary School,20 LAKE DRIVE,WESTWOOD,NJ,07675,2935,03-5755-070
Middlesex,South Plainfield School District,South Plainfield High School,200 LAKE STREET,SOUTH PLAINFIELD,NJ,07080,,23-4910-050
Passaic,Passaic City School District,Etta Gero School No. 9,140 First St.,Passaic,NJ,07055,6518,31-3970-125
Hudson,North Bergen School District,John F Kennedy Elementary School,1210 ELEVENTH ST,N BERGEN,NJ,07047,1810,17-3610-080
Warren,Belvidere School District,Oxford Street Elementary School,807 OXFORD STREET,BELVIDERE,NJ,07823,,41-0280-030
Atlantic,Atlantic County Vocational School District,Atlantic County Institute of Technology,5080 ATLANTIC AVENUE,MAYS LANDING,NJ,08330,2024,01-0120-010
Morris,Parsippany-Troy Hills Township School District,Troy Hills Elementary School,509 S  BEVERWYCK ROAD,PARSIPPANY,NJ,07054,3327,27-3950-120
Passaic,Ringwood School District,Peter Cooper School,54 ROGER COURT,RINGWOOD,NJ,07456,,31-4400-055
Sussex,Hardyston Township School District,Hardyston Township Middle School,183 WHEATSWORTH ROAD,HAMBURG,NJ,07419,,37-2030-030
Warren,Lopatcong Township School District,Lopatcong Township Middle School,321 STONEHENGE DRIVE,PHILLIPSBURG,NJ,08865,9410,41-2790-060
Warren,Great Meadows Regional School District,Great Meadows Regional Middle School,273 ROUTE 46,GREAT MEADOWS,NJ,07838,0074,41-1785-040
Burlington,Florence Township School District,Florence Township Memorial High School,1050 CEDAR LANE,BURLINGTON,NJ,08016,,05-1520-050
Morris,Mountain Lakes Public School District,Lake Drive Program for Hearing Impared,10 LAKE DRIVE,MOUNTAIN LAKES,NJ,07046,1342,27-3460-070
Somerset,Bernards Township School District,Cedar Hill School,100 Peachtree Road,Basking Ridge,NJ,07920,,35-0350-070
Ocean,Point Pleasant Borough School District,Ocean Road Elementary School,BENEDICT STREET,POINT PLEASANT,NJ,08742,,29-4210-060
Somerset,Franklin Township Public Schools,Pine Grove Manor School,130 Highland Avenue,Somerset,NJ,08873,2063,35-1610-140
Sussex,Hampton Township School District,Marian E. Mckeown Elementary School,ONE SCHOOL ROAD,NEWTON,NJ,07860,,37-1980-050
Camden,Haddon Township School District,William G. Rohrer Middle School,101 MACARTHUR BOULEVARD,WESTMONT,NJ,08108,,07-1890-110
Union,Linden Public School District,Number 8,500 W BLANCKE ST,LINDEN,NJ,07036,5058,39-2660-150
Bergen,Saddle Brook School District,Salome H. Long Memorial School,260 FLORAL LANE,SADDLE BROOK,NJ,07663,,03-4610-090
Charters,Great Oaks Legacy Charter School,Great Oaks Legacy Charter School,909 Broad Street,Newark,NJ,07102,,80-6053-917
Essex,Newark Public School District,Rafael Hernandez School,345 BROADWAY,NEWARK,NJ,07104,,13-3570-575
Somerset,Hillsborough Township Public School District,Amsterdam Elementary School,301 Amsterdam Drive,Hillsborough,NJ,08844,,35-2170-033
Charters,Vineland Public Charter School,Vineland Public Charter School,1480 Pennsylvania Ave.,VINELAND,NJ,08332,,80-6028-910
Atlantic,Egg Harbor Township School District,Alder Avenue Middle School,25 ALDER AVENUE,EGG HARBOR TOWNSHIP,NJ,08234,5315,01-1310-038
Burlington,Pemberton Township School District,Pemberton Early Childhood Education Center,100 Arney's Mt. Road,Pemberton,NJ,08068,,05-4050-300
Camden,Cherry Hill School District,Horace Mann Elementary School,150 Walt Whitman Blvd.,CHERRY HILL,NJ,08003,3747,07-0800-075
Bergen,Fort Lee School District,Fort Lee High School,3000 LEMOINE AVE,FORT LEE,NJ,07024,,03-1550-050
Essex,Bloomfield Township School District,Berkeley Elementary School,351 Bloomfield Ave,Bloomfield,NJ,07003,4804,13-0410-050
Essex,West Orange Public Schools,Edison Middle School,75 WILLIAM ST,W ORANGE,NJ,07052,5725,13-5680-070
Hudson,Harrison Public Schools,Hamilton Intermediate School,223 HAMILTON STREET,HARRISON,NJ,07029,,17-2060-061
Ocean,Plumsted Township School District,New Egypt High School,117 EVERGREEN ROAD,NEW EGYPT,NJ,08533,1316,29-4190-010
Mercer,Trenton Public School District,Mott Elementary School,45 Stokely Avenue,Trenton,NJ,08611,,21-5210-260
Passaic,Woodland Park School District,Beatrice Gilmore School,1075 MCBRIDE AVENUE,Woodland Park,NJ,07424,2538,31-5690-060
Sussex,Hopatcong Borough School District,Hopatcong Middle School,1 David Road,Hopatcong,NJ,07843,,37-2240-040
Monmouth,Marlboro Township School District,Marlboro Elementary School,100 SCHOOL ROAD WEST,MARLBORO,NJ,07746,1596,25-3030-045
Essex,East Orange School District,Benjamin Banneker Academy,500 South Clinton Street,EAST ORANGE,NJ,07018,,13-1210-093
Charters,Philip's Academy Charter School of Paterson,Philip's Academy Charter School of Paterson,47 State Street,Paterson,NJ,07501,,80-6106-997
Camden,Cherry Hill School District,Cherry Hill High School West,2101 Chapel Ave.,CHERRY HILL,NJ,08034,2099,07-0800-040
Charters,Newark Educators Community Charter School,Newark Educators Community Charter School,9-11 Hill St,NEWARK,NJ,07102,,80-6029-911
Burlington,Pemberton Township School District,Denbo Crichton School,Two Learning Way,Browns Mills,NJ,08015,,05-4050-303
Middlesex,Piscataway Township School District,Piscataway Township Schools Children's Corner,275 Old New Brunswick Road,Piscataway,NJ,08854,,23-4130-300
Bergen,Midland Park School District,Highland Elementary School,31 HIGHLAND AVE,MIDLAND PARK,NJ,07432,1803,03-3170-070
Sussex,Sussex-Wantage Regional School District,Sussex Middle School,10 LOOMIS AVENUE,SUSSEX,NJ,07461,,37-5100-060
Union,Elizabeth Public Schools,Elizabeth High School - Frank J Cicarell Academy,40 Morrell Street,ELIZABETH,NJ,07202,,39-1320-025
Sussex,Franklin Borough School District,Franklin Borough School,50 WASHINGTON AVENUE,FRANKLIN,NJ,07416,,37-1570-060
Warren,Alpha Borough School District,Alpha Borough School,817 NORTH BOULEVARD,ALPHA,NJ,08865,4245,41-0070-010
Hudson,Hudson County Schools of Technology School District,County Prep High School,525 MONTGOMERY STREET,JERSEY CITY,NJ,07306,3237,17-2295-030
Mercer,Hamilton Township Public School District,Hamilton West-Watson,2720 SOUTH CLINTON AVENUE,HAMILTON,NJ,08610,5053,21-1950-060
Morris,Morris Plains School District,Morris Plains Borough School,500 SPEEDWELL AVENUE,MORRIS PLAINS,NJ,07950,2134,27-3380-020
Monmouth,Freehold Township School District,West Freehold School,100 CASTRONOVA WAY,FREEHOLD,NJ,07728,2551,25-1660-030
Middlesex,Old Bridge Township School District,Alan B. Shepard Elementary School,33 BUSHNELL RD,OLD BRIDGE,NJ,08857,2320,23-3845-082
Union,Westfield Public School District,McKinley Elementary School,500 First Street,Westfield,NJ,07090,4123,39-5730-140
Cumberland,Millville School District,Mount Pleasant Elementary School,100 CARMEL RD,MILLVILLE,NJ,08332,,11-3230-080
Mercer,West Windsor-Plainsboro Regional School District,Town Center Elementary School at Plainsboro,700 WYNDHURST DRIVE,PLAINSBORO,NJ,08536,,21-5715-130
Cape May,Upper Township School District,Upper Township Primary School,130 OLD TUCKAHOE RD,MARMORA,NJ,08223,,09-5340-055
Hudson,Jersey City Public Schools,Innovation High School,239 Bergen Avenue,Jersey City,NJ,07305,,17-2390-301
Morris,Roxbury Township School District,Eisenhower Middle School,47 EYLAND AVENUE,SUCCASUNNA,NJ,07876,1624,27-4560-055
Gloucester,Gloucester County Special Services School District,Bankbridge Regional School,870 Bankbridge Road,Sewell,NJ,08080,,15-1774-015
Bergen,Ridgewood Public School District,Orchard Elementary School,230 DEMAREST ST,RIDGEWOOD,NJ,07451,,03-4390-120
Mercer,East Windsor Regional School District,Melvin H. Kreps Middle School,5 KENT LANE,EAST WINDSOR,NJ,08520,,21-1245-070
Essex,Belleville Public School District,Belleville PS3,230 JORALEMON ST,BELLEVILLE,NJ,07109,3210,13-0250-050
Camden,Pennsauken Township Board of Education School District,Delair Elementary School,850 DEROUSSE AVENUE,DELAIR,NJ,08110,3411,07-4060-120
Burlington,Moorestown Township Public School District,George C. Baker Elementary School,139 W  MAPLE AVE,MOORESTOWN,NJ,08057,,05-3360-060
Monmouth,Wall Township Public School District,Central Elementary School,2007 ALLENWOOD ROAD,WALL,NJ,07719,1199,25-5420-070
Bergen,Elmwood Park School District,Memorial Senior High School,375 RIVER DR,ELMWOOD PARK,NJ,07407,1622,03-1345-050
Warren,Lopatcong Township School District,Lopatcong Elementary School,263 ROUTE 57,PHILLIPSBURG,NJ,08865,9410,41-2790-050
Gloucester,Glassboro School District,J. Harvey Rodgers School,301 Georgetown Rd,Glassboro,NJ,08028,,15-1730-080
Charters,Paul Robeson Charter School for the Humanities,Paul Robeson Charter School for the Humanities,643 INDIANA AVE,TRENTON,NJ,08638,,80-6025-907
Essex,Newark Public School District,Park Elementary School,120 MANCHESTER PLACE,Newark,NJ,07104,,13-3570-581
Passaic,Paterson Public School District,School 24,50 NINETEENTH AVENUE,PATERSON,NJ,07513,,31-4010-270
Hunterdon,Flemington-Raritan Regional School District,Barley Sheaf Elementary School,80 BARLEY SHEAF ROAD,FLEMINGTON,NJ,08822,9180,19-1510-030
Monmouth,Monmouth-Ocean Educational Services Commission School Distri,Regional Alternative School,100 Tornillo Way,Tinton Falls,NJ,07712,,25-3255-050
Cumberland,Bridgeton City School District,Broad Street School,251 WEST BROAD STREET,BRIDGETON,NJ,08302,,11-0540-030
Hunterdon,Bethlehem Township School District,Thomas B. Conley Elementary School,940 IRON BRIDGE RD,ASBURY,NJ,08802,1135,19-0370-070
Middlesex,Sayreville School District,Sayreville War Memorial High School,820 WASHINGTON ROAD,PARLIN,NJ,08859,1050,23-4660-050
Passaic,Northern Region Educational Services Commission,NRESC Preakness Academy,1005 Hamburg Turnpike,Wayne,NJ,07470,,31-3975-300
Atlantic,Somers Point School District,Dawes Avenue Elementary School,22 W. Dawes Avenue,Somers Point,NJ,08244,1408,01-4800-050
Bergen,Ridgefield Park Public School District,Grant Elementary School,104 HENRY ST,RIDGEFIELD PARK,NJ,07660,2209,03-4380-060
Middlesex,Monroe Township School District,Applegarth Elementary School,227 Applegarth Rd,Monroe Twp,NJ,08831,,23-3290-300
Sussex,Andover Regional School District,Florence M. Burd,219 NEWTON SPARTA ROAD,NEWTON,NJ,07860,,37-0090-010
Morris,Washington Township School District,Benedict A. Cucinella School,470 NAUGHRIGHT ROAD,LONG VALLEY,NJ,07853,,27-5520-050
Bergen,Lodi School District,Lodi High School,99 PUTNAM STREET,LODI,NJ,07644,,03-2740-050
Monmouth,Bradley Beach School District,Bradley Beach Elementary School,515 BRINLEY AVENUE,BRADLEY BEACH,NJ,07720,1311,25-0500-020
Camden,Gloucester Township Public Schools,Ann A. Mullen Middle School,1400 SICKLERVILLE ROAD,SICKLERVILLE,NJ,08081,,07-1780-100
Bergen,Fort Lee School District,Lewis F. Cole Middle School,467 STILLWELL AVENUE,FORT LEE,NJ,07024,2140,03-1550-100
Atlantic,Mainland Regional High School,Mainland Regional High School,1301 OAK AVENUE,LINWOOD,NJ,08221,,01-2910-050
Middlesex,Monroe Township School District,Barclay Brook School,358 BUCKELEW AVENUE,MONROE TWP,NJ,08831,,23-3290-010
Monmouth,Monmouth County Vocational School District,Monmouth County Vocational Technical High School,417 Middle Rd,HAZLET,NJ,07730,,25-3260-050
Bergen,Garfield Public School District,James Madison School #10,55 Lincoln Place,GARFIELD,NJ,07026,,03-1700-205
Bergen,Paramus Public School District,Stony Lane Elementary School,W 110 RIDGEWOOD AVENUE,PARAMUS,NJ,07652,4131,03-3930-130
Camden,Pennsauken Township Board of Education School District,George B. Fine Elementary School,3800 GLADWYN AVE,PENNSAUKEN,NJ,08109,3415,07-4060-140
Bergen,Fair Lawn Public School District,Henry B. Milnes Elementary School,8-01 PHILLIP ST,FAIR LAWN,NJ,07410,,03-1450-080
Morris,Mountain Lakes Public School District,Briarcliff Middle School,93 Briarcliff Rd.,Mountain Lakes,NJ,07046,,27-3460-060
Monmouth,Manalapan-Englishtown Regional Schools School District,Lafayette Mills School,66 MAXWELL LANE,Manalapan,NJ,07726,2710,25-2920-055
Bergen,Woodcliff Lake School District,Dorchester Elementary School,100 DORCHESTER ROAD,WOODCLIFF LAKE,NJ,07677,,03-5880-030
Middlesex,Spotswood Public School District,G Austin Schoenly Elementary School,80 KANE AVENUE,SPOTSWOOD,NJ,08884,,23-4970-060
Morris,Boonton Town School District,John Hill School,435 LATHROP AVENUE,BOONTON,NJ,07005,2221,27-0450-030
Essex,Belleville Public School District,Belleville PS5,149 ADELAIDE ST,BELLEVILLE,NJ,07109,2207,13-0250-060
Middlesex,Edison Township School District,Woodrow Wilson Middle School,50 WOODROW WILSON DRIVE,EDISON,NJ,08820,,23-1290-063
Mercer,West Windsor-Plainsboro Regional School District,Community Middle School,95 GROVERS MILL ROAD,PLAINSBORO,NJ,08536,,21-5715-140
Cape May,Ocean City School District,Ocean City High School,501 ATLANTIC AVENUE,OCEAN CITY,NJ,08226,,09-3780-050
Union,Elizabeth Public Schools,Thomas A. Edison Career and Technical Academy,625 Summer St,Elizabeth,NJ,07202,,39-1320-404
Hunterdon,Frenchtown Borough School District,Frenchtown Elementary,902 HARRISON ST,FRENCHTOWN,NJ,08825,1124,19-1680-050
Essex,Verona Public School District,Brookdale Avenue School,14 BROOKDALE COURT,VERONA,NJ,07044,2431,13-5370-070
Bergen,Ridgewood Public School District,George Washington Middle School,155 WASHINGTON PL,RIDGEWOOD,NJ,07451,,03-4390-070
Morris,Mount Olive Township School District,Sandshore Rd. Elementary School,498 SANDSHORE  ROAD,BUDD LAKE,NJ,07828,,27-3450-065
Bergen,Lyndhurst School District,Jefferson School,336 LAKE AVE.,LYNDHURST,NJ,07071,1416,03-2860-080
Union,Township of Union School District,Livingston Elementary,960 MIDLAND BLVD,UNION,NJ,07083,,39-5290-130
Somerset,Bernards Township School District,William Annin Middle School,70 Quincy Road,Basking Ridge,NJ,07920,2245,35-0350-055
Morris,Parsippany-Troy Hills Township School District,Brooklawn Middle School,250 Beachwood Road,Parsippany,NJ,07054,2459,27-3950-055
Burlington,Bordentown Regional School District,Bordentown Regional Middle School,50 DUNNS MILL ROAD,BORDENTOWN,NJ,08505,,05-0475-055
Union,Hillside Public School District,Calvin Coolidge School,614 TILLMAN ST,HILLSIDE,NJ,07205,1721,39-2190-060
Union,Township of Union School District,Burnet Middle School,1000 CALDWELL AVENUE,UNION,NJ,07083,,39-5290-060
Hudson,Union City School District,George Washington Elementary School,3905 NEW YORK AVE,UNION CITY,NJ,07087,4821,17-5240-120
Middlesex,Perth Amboy Public School District,Anthony V. Ceres Elementary School,445 STATE STREET,PERTH AMBOY,NJ,08861,3534,23-4090-070
Bergen,Paramus Public School District,Paramus High School,99 EAST CENTURY ROAD,PARAMUS,NJ,07652,,03-3930-050
Cumberland,Downe Township School District,Downe Township Elementary School,220 MAIN ST,NEWPORT,NJ,08345,9711,11-1120-045
Ocean,Lacey Township School District,Cedar Creek Elementary School,220 WESTERN BLVD,LANOKA HARBOR,NJ,08734,0313,29-2480-040
Union,Elizabeth Public Schools,William F. Halloran School No.22,612 Pulaski Street,ELIZABETH,NJ,07202,,39-1320-250
Charters,East Orange Community Charter School,East Orange Community Charter School,99 WASHINGTON STREET,EAST ORANGE,NJ,07017,,80-6410-920
Hudson,Harrison Public Schools,Washington Middle School,One North Fifth Street,HARRISON,NJ,07029,2515,17-2060-070
Atlantic,Linwood City School District,Seaview Elementary School,2013 WABASH AVE,LINWOOD,NJ,08221,,01-2680-050
Mercer,Hopewell Valley Regional School District,Toll Gate Grammar School,275 SO  MAIN STREET,PENNINGTON,NJ,08534,2219,21-2280-040
Atlantic,Hammonton School District,Hammonton Early Childhood Eductional Center,601C NORTH 4TH STREET,HAMMONTON,NJ,08037,,01-1960-030
Ocean,Jackson Township School District,Carl W. Goetz Middle School,835 Patterson Road,Jackson,NJ,08527,3497,29-2360-055
Union,Rahway Public School District,Grover Cleveland Elementary School,486 E MILTON AVE,RAHWAY,NJ,07065,5202,39-4290-090
Hunterdon,Hunterdon Central Regional High School District,Hunterdon Central Regional High School District,84 Route 31,Flemington,NJ,08822,1239,19-2300-050
Middlesex,South Brunswick School District,Monmouth Junction Elementary School,630 RIDGE ROAD,MONMOUTH JUNCTION,NJ,08852,9514,23-4860-110
Union,Scotch Plains-Fanwood School District,Terrill Middle School,1301 TERRILL ROAD,SCOTCH PLAINS,NJ,07076,,39-4670-065
Atlantic,Ventnor City School District,Ventnor Middle School,VENTNOR EDUCATIONAL COMMUNITY,VENTNOR,NJ,08406,,01-5350-040
Morris,East Hanover Township School District,Central Elementary School,400 RIDGEDALE AVENUE,EAST HANOVER,NJ,07936,1492,27-1190-030
Bergen,Hasbrouck Heights School District,Euclid Elementary School,1 BURTON AVENUE,HASBROUCK HEIGHTS,NJ,07604,,03-2080-060
Bergen,Lyndhurst School District,Memorial Campus,319 New York Ave.,Lyndhurst,NJ,07071,,03-2860-300
Bergen,Park Ridge School District,West Ridge Elementary School,18 South  First Street,PARK RIDGE,NJ,07656,,03-3940-070
Middlesex,Perth Amboy Public School District,Samuel E. Shull Middle School,380 HALL AVENUE,PERTH AMBOY,NJ,08861,3205,23-4090-150
Monmouth,Asbury Park School District,Dr. Martin Luther King Middle School,1200 BANGS AVENUE,ASBURY PARK,NJ,07712,6314,25-0100-070
Bergen,Allendale Public School District,Hillside Elementary School,89 Hillsdale Avenue,Allendale,NJ,07401,,03-0040-020
Burlington,Willingboro Public School District,Twin Hills Elementary School,110 TWIN HILL DRIVE,WILLINGBORO,NJ,08046,,05-5805-120
Hudson,Union City School District,Jose Marti Freshman Academy,1800 SUMMIT AVE,UNION CITY,NJ,07087,,17-5240-054
Monmouth,Keansburg School District,Keansburg High School,140 PORT MONMOUTH ROAD,KEANSBURG,NJ,07734,1999,25-2400-010
Middlesex,Metuchen Public School District,Campbell Elementary School,24 DURHAM AVENUE,METUCHEN,NJ,08840,,23-3120-060
Charters,Academy for Urban Leadership Charter School,Academy for Urban Leadership Charter School,612 Amboy Ave,Perth Amboy,NJ,08861,,80-6032-901
Middlesex,South Plainfield School District,Grant Elementary School,305 CROMWELL PLACE,SOUTH PLAINFIELD,NJ,07080,,23-4910-070
Passaic,West Milford Township Public School District,West Milford High School,67 HIGHLANDER DRIVE,WEST MILFORD,NJ,07480,3708,31-5650-040
Charters,Academy Charter High School,Academy Charter High School,1725 MAIN STREET,LAKE COMO,NJ,07719,,80-6010-910
Camden,Haddonfield School District,J. Fithian Tatem School,ONE GLOVER AVENUE,HADDONFIELD,NJ,08033,,07-1900-090
Union,Linden Public School District,Joseph E. Soehl Middle School,300 E  HENRY ST,LINDEN,NJ,07036,5320,39-2660-070
Bergen,Garfield Public School District,Garfield Early Childhood Learning Center,241 RAY STREET,GARFIELD,NJ,07026,,03-1700-040
Bergen,Hackensack School District,Hackensack High School,FIRST & BEECH STREETS,HACKENSACK,NJ,07601,,03-1860-050
Hudson,Union City School District,Eugenio Maria de Hostos Center for Early Childhood Education,2200 KENNEDY BLVD,UNION CITY,NJ,07087,,17-5240-145
Bergen,Westwood Regional School District,Jessie F. George Elementary,1 PALM STREET,TOWNSHIP OF WASHINGTON,NJ,07676,,03-5755-065
Hunterdon,East Amwell Township School District,East Amwell Township,43 WERTSVILLE RD,RINGOES,NJ,08551,,19-1160-050
Monmouth,Wall Township Public School District,Allenwood Elementary School,3301 ALLENWOOD  LAKEWOOD RD,WALL,NJ,07719,1199,25-5420-060
Camden,Winslow Township School District,Winslow Township Elementary School Three,131 SICKLERVILLE ROAD,SICKLERVILLE,NJ,08081,,07-5820-050
Charters,Gray Charter School,The Gray Charter School,55 LIBERTY STREET,NEWARK,NJ,07102,,80-6665-930
Passaic,Clifton Public School District,School #3,365 WASHINGTON AVENUE,CLIFTON,NJ,07011,,31-0900-100
Hudson,Bayonne School District,Lincoln Community School #5,208 PROSPECT AVENUE,BAYONNE,NJ,07002,,17-0220-070
Camden,Somerdale School District,Somerdale Park School,301 GRACE STREET,SOMERDALE,NJ,08083,,07-4790-020
Monmouth,Howell Township Public School District,Edith M. Griebling Elementary School,130 HAVENS BRIDGE ROAD,FARMINGDALE,NJ,07727,3542,25-2290-020
Morris,Dover Public School District,East Dover Elementary School,302 EAST MCFARLAN STREET,DOVER,NJ,07801,,27-1110-060
Camden,"Camden Prep, Inc.","Camden Prep, Inc.",1575 Mt. Ephraim Ave,Camden,NJ,08104,,07-1801-113
Middlesex,East Brunswick Township School District,Churchill Jr High School,18 NORTON ROAD,E BRUNSWICK,NJ,08816,,23-1170-055
Camden,Haddon Township School District,Thomas A. Edison Elementary School,205 MELROSE AVENUE,WESTMONT,NJ,08108,,07-1890-060
Camden,Pine Hill School District,Pine Hill Middle School,1100 TURNERVILLE ROAD,PINE HILL,NJ,08021,,07-4110-100
Passaic,Paterson Public School District,School 19,31 JAMES STREET,PATERSON,NJ,07502,,31-4010-230
Bergen,Lyndhurst School District,Roosevelt School,530 STUYVESANT AVE,LYNDHURST,NJ,07071,2628,03-2860-110
Essex,North Caldwell School District,Gould/Mountain Elementary School,132 GOULD AVE,N CALDWELL,NJ,07006,,13-3630-050
Hudson,Kearny,Garfield Elementary School,360 BELGROVE DR,KEARNY,NJ,07032,1628,17-2410-080
Burlington,Moorestown Township Public School District,William Allen Middle School,801 N  STANWICK ROAD,MOORESTOWN,NJ,08057,,05-3360-110
Bergen,River Dell Regional School District,River Dell Middle School,230 WOODLAND AVENUE,River Edge,NJ,07661,,03-4405-060
Bergen,Northern Highlands Regional High School District,Northern Highlands Regional High School,298 HILLSIDE AVE,ALLENDALE,NJ,07401,1447,03-3700-050
Cape May,Woodbine School District,Woodbine Elementary School,801 WEBSTER STREET,WOODBINE,NJ,08270,,09-5840-050
Burlington,Delran Township School District,Millbridge Elementary School,282 CONROW ROAD,DELRAN,NJ,08075,9751,05-1060-050
Essex,Newark Public School District,Michelle Obama Elementary School,186 14th Avenue,Newark,NJ,07103,,13-3570-321
Morris,Chester School District,Black River Middle School,133 Rt. 513 - North Road,Chester,NJ,07930,,27-0820-020
Hudson,Harrison Public Schools,Lincoln Elementary School,221 CROSS STREET,HARRISON,NJ,07029,2613,17-2060-060
Charters,College Achieve Central Charter School,College Achieve Central Charter School,365 Emerson Ave,Plainfield,NJ,07062,,80-6101-992
Mercer,Mercer County Special Services School District,Regional Day School,1070 Old Trenton Road,Hamilton,NJ,08690,1230,21-3103-005
Gloucester,Deptford Township Public School District,Shady Lane Elementary School,130 PEACH STREET,WESTVILLE,NJ,08093,9718,15-1100-140
Burlington,Mount Laurel Township School District,Fleetwood Elementary School,231 FLEETWOOD AVE,MOUNT LAUREL,NJ,08054,,05-3440-045
Hudson,Kearny,Washington Elementary School,80 BELGROVE DR,KEARNY,NJ,07032,1504,17-2410-120
Mercer,Trenton Public School District,Paul S. Robeson Elementary School,350 Cuyler Avenue,Trenton,NJ,08629,,21-5210-080
Morris,Butler Public School District,Butler High School,38 BARTHOLDI AVENUE,BUTLER,NJ,07405,,27-0630-020
Camden,Haddon Township School District,Stoy Elementary School,206 BRIARWOOD AVENUE,HADDONFIELD,NJ,08033,,07-1890-080
Ocean,Ocean County Vocational Technical School District,Ocean County Vocational Technical School Toms River Center,1299 OLD FREEHOLD ROAD,TOMS RIVER,NJ,08753,4298,29-3790-030
Gloucester,Swedesboro-Woolwich School District,General Charles G. Harker School,1771 OLDMANS CREEK ROAD,WOOLWICH TOWNSHIP,NJ,08085,,15-5120-080
Camden,Pennsauken Township Board of Education School District,Howard M. Phifer Middle School,8201 PARK AVE,PENNSAUKEN,NJ,08109,3544,07-4060-055
Essex,Newark Public School District,Early Childhood School - South,255 Chancellor Avenue,NEWARK,NJ,07112,,13-3570-306
Bergen,Glen Rock Public School District,Glen Rock Middle School,600 HARRISTOWN ROAD,GLEN ROCK,NJ,07452,,03-1760-060
Bergen,Bogota Public School District,Bogota Jr./Sr. High School,2 HENRY C  LUTHIN PLACE,BOGOTA,NJ,07603,,03-0440-020
Morris,Denville Township K-8 School District,Riverview Elementary School,33 ST  MARYS PLACE,DENVILLE,NJ,07834,,27-1090-070
Hudson,North Bergen School District,Lincoln Elementary School,1206 63RD ST,NORTH BERGEN,NJ,07047,3408,17-3610-090
Hudson,Jersey City Public Schools,"Martin Luther King, Jr. School",886 BERGEN AVE,JERSEY CITY,NJ,07306,4302,17-2390-140
Passaic,Paterson Public School District,School of Earth and Space Science,201 MEMORIAL DRIVE,PATERSON,NJ,07505,,31-4010-005
Essex,Newark Public School District,Dr William H. Horton Elementary School,291 N 7TH ST,NEWARK,NJ,07107,1799,13-3570-440
Ocean,Lacey Township School District,Forked River Elementary School,110 LACEY ROAD,FORKED RIVER,NJ,08731,0477,29-2480-050
Bergen,Hillsdale School District,Ann Blanche Smith,1000 HILLSDALE AVE,HILLSDALE,NJ,07642,,03-2180-010
Mercer,Robbinsville Public Schools,Pond Road Middle School,150 POND ROAD,ROBBINSVILLE,NJ,08691,,21-5510-040
Essex,Essex County Schools of Technology,Essex County Newark Tech,91 WEST MARKET STREET,NEWARK,NJ,07103,,13-1390-070
Essex,West Orange Public Schools,Redwood Elementary School,75 REDWOOD AVE,W ORANGE,NJ,07052,3623,13-5680-160
Middlesex,Woodbridge Township School District,Robert Mascenik Elementary School,300 BENJAMIN AVENUE,ISELIN,NJ,08830,,23-5850-110
Essex,Newark Public School District,East Ward Elementary School,104 Oliver Street,Newark,NJ,07105,,13-3570-303
Essex,Belleville Public School District,Belleville Middle School,279 WASHINGTON AVE,BELLEVILLE,NJ,07109,3150,13-0250-025
Mercer,Trenton Public School District,Luis Munoz-Rivera Elementary School,401 North Montgomery St,Trenton,NJ,08638,,21-5210-303
Bergen,Teaneck School District,Theodora Smiley Lacey Elementary School,One Merrison Street,Teaneck,NJ,07666,,03-5150-300
Monmouth,Howell Township Public School District,Memorial Elementary School,485 ADELPHIA ROAD,FREEHOLD,NJ,07728,,25-2290-045
Passaic,Paterson Public School District,School 2,22 PASSAIC STREET,PATERSON,NJ,07501,,31-4010-060
Somerset,Green Brook Township Public School District,Green Brook Middle School,132 Jefferson Avenue,Green Brook,NJ,08812,2608,35-1810-030
Camden,Cherry Hill School District,Clara Barton Elementary School,223 Rhode Island Ave.,CHERRY HILL,NJ,08034,3121,07-0800-069
Union,Westfield Public School District,Wilson Elementary School,301 Linden Avenue,Westfield,NJ,07090,1923,39-5730-160
Ocean,Toms River Regional School District,Beachwood Elementary School,901 BERKELEY AVENUE,BEACHWOOD,NJ,08722,,29-5190-064
Passaic,Clifton Public School District,School #11,147 MERSELIS AVENUE,CLIFTON,NJ,07011,,31-0900-160
Hunterdon,Readington Township School District,Three Bridges School,480 MAIN STREET,THREE BRIDGES,NJ,08887,,19-4350-060
Morris,Roxbury Township School District,Jefferson Elementary School,35 CORN HOLLOW ROAD,SUCCASUNNA,NJ,07876,,27-4560-065
Essex,Newark Public School District,South Seventeenth Street School,619 S SEVENTEENTH ST,NEWARK,NJ,07103,1159,13-3570-670
Monmouth,Millstone Township School District,Millstone Township Primary School,SCHOOLHOUSE ROAD,MILLSTONE TOWNSHIP,NJ,08510,,25-3200-080
Camden,Camden City School District,Dr. Henry H. Davis Elementary School,3425 Cramer Street,CAMDEN,NJ,08105,,07-0680-180
Charters,Hudson Arts and Science Charter School,Hudson Arts and Science Charter School,131 Midland Ave,Kearny,NJ,07032,,80-6105-996
Charters,The Learning Community Charter School,Learning Community Charter School,2495 John F Kennedy Blvd,JERSEY CITY,NJ,07304,,80-7115-960
Morris,Montville Township School District,Robert R Lazar Middle School,123 CHANGEBRIDGE ROAD,MONTVILLE,NJ,07045,9560,27-3340-030
Atlantic,Atlantic City School District,Dr Martin Luther King Jr School Complex,1700 Marmora Avenue,Atlantic City,NJ,08401,,01-0110-140
Passaic,Pompton Lakes School District,Pompton Lakes High School,44 LAKESIDE AVENUE,POMPTON LAKES,NJ,07442,1793,31-4230-050
Mercer,Trenton Public School District,Thomas Jefferson Intermediate School,1 Whittlesey Road,Trenton,NJ,08618,,21-5210-308
Gloucester,Elk Township School District,Aura Elementary School,900 Clems Run,GLASSBORO,NJ,08028,0338,15-1330-010
Ocean,Toms River Regional School District,Hooper Avenue Elementary School,1517  HOOPER AVENUE,TOMS RIVER,NJ,08753,,29-5190-075
Somerset,Warren Township School District,Central School,109 Mount Bethel Road,Warren,NJ,07059,,35-5470-030
Atlantic,Linwood City School District,Belhaven Middle School,51 BELHAVEN AVENUE,LINWOOD,NJ,08221,,01-2680-020
Bergen,Demarest School District,County Road School,130 COUNTY RD,DEMAREST,NJ,07627,2431,03-1070-030
Sussex,Montague Township School District,Montague Township School,475 ROUTE 206,MONTAGUE,NJ,07827,,37-3300-050
Essex,Cedar Grove Township School District,Memorial Middle School,500 Ridge Road,Cedar Grove,NJ,07009,,13-0760-058
Charters,Hatikvah International Academy Charter School,Hatikvah International Academy Charter School,7 Lexington Avenue,East Brunswick,NJ,08816,,80-6041-916
Ocean,Brick Township Public School District,Veterans Memorial Elementary School,103 HENDRICKSON AVENUE,BRICK,NJ,08724,,29-0530-080
Ocean,Jackson Township School District,Elms Elementary School,780 Patterson Road,Jackson,NJ,08527,3497,29-2360-035
Bergen,Fair Lawn Public School District,Thomas Jefferson Middle School,35 - 01 MORLOT AVENUE,FAIR LAWN,NJ,07410,4919,03-1450-060
Middlesex,New Brunswick School District,Lincoln Elementary School,66 BARTLETT STREET,NEW BRUNSWICK,NJ,08901,1152,23-3530-080
Bergen,Edgewater School District,Eleanor Van Gelder,251 UNDERCLIFF AVE,EDGEWATER,NJ,07020,1112,03-1270-050
Hudson,Jersey City Public Schools,Cornelia F. Bradford School,96 SUSSEX ST,JERSEY CITY,NJ,07302,4402,17-2390-340
Ocean,Barnegat Township School District,Barnegat High School,180 BENGAL BLVD,BARNEGAT,NJ,08005,,29-0185-030
Atlantic,Northfield City School District,Northfield Community Middle School,2000 NEW ROAD,NORTHFIELD,NJ,08225,,01-3720-056
Bergen,Franklin Lakes School District,Franklin Avenue Middle School,755 Franklin Avenue,Franklin Lakes,NJ,07417,,03-1580-015
Camden,Gloucester City Public School District,Gloucester City Jr. Sr. High School,1300 MARKET STREET,GLOUCESTER CITY,NJ,08030,,07-1770-050
Hudson,Union City School District,Thomas A Edison Elementary School,507 WEST ST,UNION CITY,NJ,07087,2811,17-5240-070
Bergen,Bergen County Special Services School District,Emotionally Disturbed,540 Farview Avenue,Paramus,NJ,07652,4832,03-0285-050
Union,Elizabeth Public Schools,Terence C. Reilly School No 7,436 First Avenue,ELIZABETH,NJ,07206,,39-1320-030
Hudson,Jersey City Public Schools,Chaplain Charles Watters School,220 VIRGINIA AVE,JERSEY CITY,NJ,07304,1424,17-2390-220
Passaic,Passaic Valley Regional High School District #1,Passaic Valley Regional High School,170 EAST MAIN STREET,LITTLE FALLS,NJ,07424,,31-3990-050
Hunterdon,Flemington-Raritan Regional School District,Reading-Fleming Intermediate School,50 COURT STREET,FLEMINGTON,NJ,08822,1325,19-1510-040
Essex,Newark Public School District,Elliott Street Elementary School,721 Summer Avenue,NEWARK,NJ,07104,,13-3570-390
Hudson,North Bergen School District,Polk Street School,7111 Polk Street,North Bergen,NJ,07047,,17-3610-300
Morris,Roxbury Township School District,Kennedy Elementary School,20 PLEASANT HILL ROAD,SUCCASUNNA,NJ,07876,,27-4560-067
Essex,Newark Public School District,Harriet Tubman Elementary School,504 S TENTH ST,NEWARK,NJ,07103,1802,13-3570-455
Morris,School District of the Chathams,Lafayette Avenue School,221 LAFAYETTE AVENUE,CHATHAM,NJ,07928,1830,27-0785-050
Atlantic,Egg Harbor Township School District,Dr. Joyanne D. Miller Elementary School,2 ALDER AVENUE,EGG HARBOR TOWNSHIP,NJ,08234,,01-1310-045
Bergen,Fairview Public School District,Number Three School,403 CLIFF STREET,FAIRVIEW,NJ,07022,,03-1470-080
Somerset,North Plainfield School District,East End School,170 Oneida Avenue,North Plainfield,NJ,07060,4421,35-3670-060
Mercer,Ewing Township School District,Francis Lore Elementary School,13 WESTWOOD DRIVE,EWING,NJ,08628,1912,21-1430-105
Sussex,Vernon Township School District,Rolling Hills Primary School,60 SAMMIS ROAD,VERNON,NJ,07462,0769,37-5360-040
Middlesex,Sayreville School District,Emma Arleth Elementary School,3198 WASHINGTON ROAD,PARLIN,NJ,08859,1558,23-4660-060
Charters,Teaneck Community Charter School,Teaneck Community Charter school,563 CHESTNUT AVENUE,TEANECK,NJ,07666,,80-7890-920
Bergen,Garfield Public School District,Roosevelt School #7,225 LINCOLN PL,GARFIELD,NJ,07026,,03-1700-100
Camden,Merchantville School District,Merchantville Elementary School,130 S CENTRE ST,MERCHANTVILLE,NJ,08109,2207,07-3110-060
Passaic,Ringwood School District,Eleanor G. Hewitt,266 SLOATSBURG ROAD,RINGWOOD,NJ,07456,,31-4400-050
Monmouth,Township of Ocean School District,Wanamassa Elementary School,901 BENDERMERE AVENUE,WANAMASSA,NJ,07712,4103,25-3810-070
Ocean,Toms River Regional School District,Joseph A. Citta Elementary School,2050 LAKEWOOD ROAD,TOMS RIVER,NJ,08755,,29-5190-067
Cape May,Cape May County Special Services School District,Ocean Academy,148 CREST HAVEN ROAD,CAPE MAY COURT HOUSE,NJ,08210,,09-0715-095
Morris,Denville Township K-8 School District,Valleyview Middle School,320 DIAMOND SPRING ROAD,DENVILLE,NJ,07834,,27-1090-080
Gloucester,South Harrison Township School District,South Harrison Elementary School,904 MULLICA HILL RD,HARRISONVILLE,NJ,08039,0112,15-4880-050
Monmouth,Asbury Park School District,Barack Obama Elementary School,1300 BANGS AVENUE,ASBURY PARK,NJ,07712,6368,25-0100-020
Monmouth,Wall Township Public School District,Wall Intermediate School,2801 ALLAIRE ROAD,WALL,NJ,07719,1199,25-5420-075
Union,Roselle Park Public School District,Sherman Elementary School,375 E GRANT AVE,ROSELLE PARK,NJ,07204,,39-4550-090
Monmouth,Keansburg School District,Joseph R. Bolger Middle School,100 PALMER PLACE,KEANSBURG,NJ,07734,2056,25-2400-030
Union,Morris-Union Jointure Commisson School District,Developmental Learning Center Warren,217 MOUNTAIN VIEW ROAD,WARREN,NJ,07059,,39-3395-080
Monmouth,Wall Township Public School District,Wall Primary School,2500 BEDFORD CORNER LANE,WALL,NJ,07719,1199,25-5420-078
Union,Plainfield Public School District,Emerson Elementary School,305 EMERSON AVE,PLAINFIELD,NJ,07062,1701,39-4160-130
Middlesex,South Brunswick School District,South Brunswick High School,750 RIDGE ROAD,MONMOUTH JUNCTION,NJ,08852,9721,23-4860-050
Union,Roselle Public Schools,Harrison Elementary School,310 HARRISON AVE,ROSELLE,NJ,07203,,39-4540-020
Burlington,Edgewater Park Township School District,Mildred Magowan Elementary School,405 CHERRIX AVENUE,EDGEWATER PARK,NJ,08010,,05-1280-050
Passaic,Passaic City School District,School No.16,657 Main Av.,Passaic,NJ,07055,,31-3970-180
Union,Union County Educational Services Commission,Lamberts Mill Academy,1571 LAMBERTS MILL ROAD,WESTFIELD,NJ,07090,,39-5245-010
Bergen,Ridgewood Public School District,Ridgewood High School,627 EAST RIDGEWOOD AVE,RIDGEWOOD,NJ,07451,,03-4390-050
Essex,East Orange School District,Althea Gibson Academy,490  WILLIAM STREET,EAST ORANGE,NJ,07017,,13-1210-107
Warren,Washington Township School District,Port Colden School,30 PORT COLDEN ROAD,WASHINGTON,NJ,07882,9475,41-5530-050
Morris,Mount Arlington Public School District,Edith M. Decker Elementary School,446 HOWARD BOULEVARD,MT  ARLINGTON,NJ,07856,,27-3410-045
Essex,West Orange Public Schools,Betty Maddalena Early Learning Center,747 Nothfield Avenue,West Orange,NJ,07052,,13-5680-300
Monmouth,Freehold Township School District,Clifton T. Barkalow School,498 STILLWELLS CORNER ROAD,FREEHOLD,NJ,07728,2982,25-1660-023
Camden,Laurel Springs School District,Laurel Springs School,623 GRAND AVENUE,LAUREL SPRINGS,NJ,08021,,07-2540-050
Essex,Irvington Public School District,Madison Avenue,173 Madison Avenue,IRVINGTON,NJ,07111,,13-2330-120
Cumberland,Vineland Public School District,Casimer M. Dallago Jr. Impact Center,240 S. Sixth Street,VINELAND,NJ,08360,4625,11-5390-176
Charters,Phillip's Academy  Charter School,Philip's Academy Charter School,342 Central Avenue,Newark,NJ,07103,,80-6094-968
Atlantic,Egg Harbor Township School District,H. Russel Swift Elementary School,5 SWIFT DRIVE,EGG HARBOR TOWNSHIP,NJ,08234,9477,01-1310-050
Bergen,Northern Valley Regional High School District,Northern Valley Regional High School at Demarest,150 Knickerbocker Road,Demarest,NJ,07627,1026,03-3710-050
Bergen,Garfield Public School District,Christopher Columbus School #8,147 CEDAR STREET,GARFIELD,NJ,07026,,03-1700-060
Union,Elizabeth Public Schools,Toussaint Louverture-Marquis de Lafayette School No. 6,1071 JULIA ST,ELIZABETH,NJ,07201,1554,39-1320-120
Mercer,Trenton Public School District,Daylight/Twilight High School,501 Edgewood Avenue,Trenton,NJ,08618,,21-5210-030
Bergen,River Vale Public School District,Roberge Elementary School,617 WESTWOOD AVE,RIVER VALE,NJ,07675,6241,03-4430-060
Camden,Voorhees Township School District,Kresson School,7 SCHOOL LANE,VOORHEES,NJ,08043,9545,07-5400-055
Morris,Butler Public School District,Richard Butler School,30 PEARL PLACE,BUTLER,NJ,07405,,27-0630-030
Middlesex,Monroe Township School District,Oak Tree Elementary School,226 APPLEGARTH ROAD,MONROE TOWNSHIP,NJ,08831,,23-3290-060
Charters,Chartertech High School for the Performing Arts,Chartertech High School for the Performing Arts,413 NEW ROAD,SOMERS POINT,NJ,08244,,80-7410-940
Essex,Montclair Public School District,Nishuane Elementary School,32 CEDAR AVE,MONTCLAIR,NJ,07042,3110,13-3310-130
Charters,New Horizons Community Charter School,New Horizons Community Charter School,45  59 HAYES STREET,NEWARK,NJ,07103,,80-7290-957
Bergen,Lyndhurst School District,Lyndhurst High School,400 Weart Avenue,LYNDHURST,NJ,07071,,03-2860-050
Hunterdon,Lebanon Township School District,Valley View School,400 ROUTE 513,CALIFON,NJ,07830,9231,19-2600-060
Sussex,Northern Hills Academy School District,Northern Hills Academy,10 GAIL COURT,SPARTA,NJ,07871,,37-5105-050
Salem,Pennsville Public School District,Penn Beach Elementary,96 KANSAS RD,PENNSVILLE,NJ,08070,,33-4075-078
Passaic,Clifton Public School District,School #14,99 ST  ANDREWS BOULEVARD,CLIFTON,NJ,07012,,31-0900-190
Mercer,Hamilton Township Public School District,Yardville Elementary School,450 YARDVILLE  ALLENTOWN RD,HAMILTON,NJ,08620,,21-1950-260
Union,Mountainside School District,Deerfield Elementary School,302 CENTRAL AVENUE,MOUNTAINSIDE,NJ,07092,,39-3470-030
Charters,Maria L. Varisco-Rogers Charter School,Maria Varisco Rogers Charter School,18 Heller Parkway,NEWARK,NJ,07104,,80-7735-975
Atlantic,Margate City School District,Eugene A. Tighe Middle School,7804 AMHERST AVENUE,MARGATE,NJ,08402,,01-3020-010
Burlington,Pemberton Township School District,Marcus Newcomb Middle School,101 Fort Dix Rd,Pemberton,NJ,08068,,05-4050-302
Middlesex,Middlesex Borough School District,Woodland Intermediate School,Fisher Avenue,Middlesex,NJ,08846,,23-3140-300
Morris,Madison Public School District,Central Avenue School,50 CENTRAL AVENUE,MADISON,NJ,07940,,27-2870-060
Morris,Long Hill Township School District,Gillette Elementary School,759 Valley Road,Gillette,NJ,07933,,27-4000-050
Ocean,Point Pleasant Beach School District,G. Harold Antrim Elementary School,401 Niblick Street,Point Pleasant Beach,NJ,08742,,29-4220-060
Mercer,Trenton Public School District,Trenton Central High School-9th Grade Academy,500 Perry Street,Trenton,NJ,08609,,21-5210-302
Atlantic,Margate City School District,William H. Ross III School,101 N  HAVERFORD AVENUE,MARGATE,NJ,08402,,01-3020-025
Hunterdon,Union Township School District,Union Township Elementary School,149 PERRYVILLE ROAD,HAMPTON,NJ,08827,,19-5270-060
Camden,Voorhees Township School District,Edward T. Hamilton,1 Boundary Lane,VOORHEES,NJ,08043,9545,07-5400-020
Burlington,Pemberton Township School District,Harker-Wylie School,125C TRENTON ROAD,BROWNS MILLS,NJ,08015,,05-4050-090
Somerset,Warren Township School District,Angelo L. Tomaso School,46 Washington Valley Road,Warren,NJ,07059,,35-5470-040
Sussex,Kittatinny Regional School District,Kittatinny Regional High School,77 HALSEY ROAD,NEWTON,NJ,07860,,37-2465-050
Monmouth,Matawan-Aberdeen Regional School District,Matawan-Aberdeen Middle School,469 MATAWAN AVENUE,CLIFFWOOD,NJ,07721,1295,25-3040-053
Hunterdon,Bethlehem Township School District,Ethel Hoppock Middle School,280 ASBURY  WEST PORTAL RD,ASBURY,NJ,08802,,19-0370-020
Ocean,Plumsted Township School District,Dr. Gerald H. Woehr Elementary School,44 N MAIN ST,NEW EGYPT,NJ,08533,1316,29-4190-050
Burlington,Bordentown Regional School District,Peter Muschal Elementary,323 WARD AVE,BORDENTOWN,NJ,08505,2326,05-0475-100
Bergen,Hasbrouck Heights School District,Hasbrouck Heights Middle School,365 BOULEVARD,HASBROUCK HEIGHTS,NJ,07604,1402,03-2080-055
Essex,Millburn Township School District,Glenwood School,325 TAYLOR ROAD  SOUTH,SHORT HILLS,NJ,07078,,13-3190-070
Morris,Montville Township School District,Montville Township High School,100 HORSENECK ROAD,MONTVILLE,NJ,07045,9626,27-3340-010
Ocean,Toms River Regional School District,Toms River Intermediate School East,1519 HOOPER AVENUE,TOMS RIVER,NJ,08753,,29-5190-060
Union,Cranford Public School District,Brookside Place School,700 BROOKSIDE PLACE,CRANFORD,NJ,07016,,39-0980-050
Bergen,Bergenfield Borough School District,Hoover Elementary School,273 MURRAY HILL TERRACE,BERGENFIELD,NJ,07621,,03-0300-050
Bergen,Upper Saddle River School District,Edith A. Bogert Elementary School,391 W  SADDLE RIVER RD,UPPER SADDLE RIVER,NJ,07458,,03-5330-060
Mercer,Princeton Public Schools,Princeton High School,151 MOORE STREET,PRINCETON,NJ,08540,3312,21-4255-050
Monmouth,Monmouth Beach School District,Monmouth Beach Elementary School,7 HASTINGS PLACE,MONMOUTH BEACH,NJ,07750,1199,25-3250-050
Somerset,North Plainfield School District,North Plainfield Middle School,34 Wilson Avenue,North Plainfield,NJ,07060,4075,35-3670-300
Bergen,Bogota Public School District,Lillian M. Steen,134 W. Main,BOGOTA,NJ,07603,,03-0440-050
Salem,Penns Grove-Carneys Point Regional School District,Lafayette - Pershing,237 SHELL ROAD,CARNEYS POINT,NJ,08069,1369,33-4070-100
Middlesex,Milltown School District,Parkview  School,80 VIOLET TERRACE,MILLTOWN,NJ,08850,,23-3220-060
Somerset,Hillsborough Township Public School District,Woodfern Elementary School,425 Woodfern Road,Hillsborough,NJ,08844,,35-2170-080
Mercer,Trenton Public School District,Joseph Stokes Elementary School,915 Parkside Avenue,Trenton,NJ,08618,,21-5210-306
Camden,Brooklawn Public School District,Alice Costello Elementary School,301 Haakon rd.,BROOKLAWN,NJ,08030,,07-0580-010
Union,Kenilworth School District,David Brearley Middle/High School,401 Monroe Avenue,Kenilworth,NJ,07033,,39-2420-010
Monmouth,Tinton Falls School District,Swimming River School,220 HANCE AVENUE,TINTON FALLS,NJ,07724,2729,25-5185-050
Middlesex,East Brunswick Township School District,Warnsdorfer Elementary School,9 HARDENBURG LANE,EAST BRUNSWICK,NJ,08816,,23-1170-138
Bergen,Oakland Public School District,Heights Elementary School,114 SEMINOLE AVE,OAKLAND,NJ,07436,2924,03-3760-050
Middlesex,Perth Amboy Public School District,Herbert N. Richardson 21st Century School,318 STOCKTON STREET,PERTH AMBOY,NJ,08861,3910,23-4090-130
Sussex,Hamburg School District,Hamburg School,30 LINWOOD AVENUE,HAMBURG,NJ,07419,,37-1930-060
Union,Elizabeth Public Schools,"K. Johnson, D. Vaughan, and M. Jackson STEM Academy",237 South Broad Street,Elizabeth,NJ,07202,,39-1320-304
Bergen,North Arlington School District,Jefferson Elementary School,100 Prospect Avenue,North Arlington,NJ,07031,,03-3600-060
Union,Plainfield Public School District,Dewitt D. Barlow Elementary School,E  FRONT ST & FARRAGUT RD,PLAINFIELD,NJ,07060,,39-4160-080
Charters,M.E.T.S. Charter School,M.E.T.S. Charter School,211 SHERMAN AVE,JERSEY CITY,NJ,07307,,80-6068-951
Cumberland,Millville School District,Rieck Avenue Elementary School,339 RIECK AVENUE,MILLVILLE,NJ,08332,,11-3230-085
Camden,Cherry Hill School District,Barclay Early Childhood Center,1220 Winston Way,CHERRY HILL,NJ,08034,2919,07-0800-062
Atlantic,Hamilton Township School District,Joseph C Shaner Memorial Elementary School,5801 THIRD STREET,MAYS LANDING,NJ,08330,,01-1940-060
Gloucester,Township of Franklin School District,Mary F. Janvier School,1532 PENNSYLVANIA AVE,FRANKLINVILLE,NJ,08322,2355,15-1590-080
Hunterdon,Union Township School District,Union Township Middle School,165 PERRYVILLE ROAD,HAMPTON,NJ,08827,9715,19-5270-050
Passaic,Wanaque School District,Wanaque Elementary School,FIRST STREET,WANAQUE,NJ,07465,,31-5440-070
Hunterdon,Readington Township School District,Whitehouse School,50 WHITEHOUSE AVE,WHITEHOUSE STATION,NJ,08889,0157,19-4350-070
Gloucester,Deptford Township Public School District,Monongahela Middle School,890 BANKBRIDGE RD,SEWELL,NJ,08080,,15-1100-045
Middlesex,Piscataway Township School District,Grandview Elementary School,130 NORTH RANDOLPHVILLE RD,PISCATAWAY,NJ,08854,,23-4130-080
Passaic,Paterson Public School District,URBAN Leadership Academy,112 N 5TH STREET,PATERSON,NJ,07522,,31-4010-061
Bergen,Bogota Public School District,E. Roy Bixby,25 FISCHER AVE,BOGOTA,NJ,07603,,03-0440-030
Charters,John P Holland Charter School,John P. Holland Charter School,190 Oliver Street,Paterson,NJ,07501,,80-6079-964
Monmouth,Holmdel Township School District,Indian Hill School,735 HOLMDEL ROAD,HOLMDEL,NJ,07733,1599,25-2230-050
Ocean,Stafford Township School District,Oxycocus Elementary School,250 North Main Street,Manahawkin,NJ,08050,3011,29-5020-050
Middlesex,South Brunswick School District,Brooks Crossing Elementary School,50 DEANS HALL ROAD,MONMOUTH JUNCTION,NJ,08852,,23-4860-085
Passaic,Clifton Public School District,Woodrow Wilson Middle School,1400 VAN HOUTEN AVENUE,CLIFTON,NJ,07013,,31-0900-070
Hudson,Jersey City Public Schools,Nicolaus Copernicus School,3385 KENNEDY BLVD,JERSEY CITY,NJ,07307,4210,17-2390-230
Hunterdon,Tewksbury Township School District,Old Turnpike School,171 OLD TURNPIKE ROAD,CALIFON,NJ,07830,,19-5180-030
Gloucester,Monroe Township Public School District,Holly Glen Elementary School,900 NORTH MAIN STREET,WILLIAMSTOWN,NJ,08094,9102,15-3280-075
Morris,Jefferson Township Public School District,Cozy Lake Elementary School,205 COZY LAKE ROAD,OAK RIDGE,NJ,07438,9125,27-2380-033
Mercer,Princeton Public Schools,Johnson Park School,285 ROSEDALE ROAD,PRINCETON,NJ,08540,,21-4255-070
Union,Elizabeth Public Schools,John Marshal School No. 20,521 MAGNOLIA AVE,ELIZABETH,NJ,07206,1406,39-1320-230
Burlington,Palmyra Public School District,Charles Street School,100 W  CHARLES STREET,PALMYRA,NJ,08065,,05-3920-060
Union,Berkeley Heights School District,Mary Kay McMillin Early Childhood Center,651 MOUNTAIN AVENUE,BERKELEY HEIGHTS,NJ,07922,,39-0310-035
Essex,Livingston Board of Education School District,Riker Hill Elementary School,31 BLACKSTONE DR,LIVINGSTON,NJ,07039,1801,13-2730-118
Ocean,Stafford Township School District,McKinley Avenue Elementary School,1000 McKinley Avenue,Manahawkin,NJ,08050,2807,29-5020-060
Hunterdon,Califon Borough School District,Califon Public School,6 SCHOOL STREET,CALIFON,NJ,07830,9044,19-0670-030
Union,Plainfield Public School District,Clinton Elementary School,WEST 4TH ST  AND CLINTON AVE,PLAINFIELD,NJ,07063,,39-4160-110
Ocean,Jackson Township School District,Christa McAuliffe Middle School,35 South Hope Chapel Road,Jackson,NJ,08527,3497,29-2360-048
Passaic,Paterson Public School District,"Charles J. Riley, School 9",6 TIMOTHY STREET,PATERSON,NJ,07503,,31-4010-130
Union,Plainfield Public School District,Pinnacle Academy High School,209 Berckman St,Plainfield,NJ,07062,,39-4160-051
Bergen,Teaneck School District,Thomas Jefferson Middle School,655 TEANECK RD,TEANECK,NJ,07666,4249,03-5150-070
Sussex,Hopatcong Borough School District,Hopatcong High School,2A Windsor Ave,Hopatcong,NJ,07843,,37-2240-030
Bergen,Leonia Public School District,Leonia Middle School,500 Broad Avenue,Leonia,NJ,07605,,03-2620-055
Morris,Montville Township School District,Cedar Hill School,46 PINE BROOK ROAD,TOWACO,NJ,07082,1426,27-3340-025
Monmouth,Monmouth County Vocational School District,Marine Academy of Science and Technology,305 Mast Way,Highlands,NJ,07732,5196,25-3260-020
Mercer,Lawrence Township Public School District,Lawrence High School,2525 PRINCETON PIKE,LAWRENCEVILLE,NJ,08648,3631,21-2580-040
Ocean,Jackson Township School District,Sylvia Rosenauer Elementary School,60 Citadel Drive,Jackson,NJ,08527,3497,29-2360-040
Passaic,Paterson Public School District,School 29,88 DANFORTH AVENUE,PATERSON,NJ,07501,,31-4010-311
Monmouth,Avon Boro School District,Avon Elementary School,505 LINCOLN AVENUE,AVON,NJ,07717,1150,25-0180-010
Ocean,Toms River Regional School District,East Dover Elementary School,725 VAUGHN AVENUE,TOMS RIVER,NJ,08753,,29-5190-070
Cumberland,Vineland Public School District,Gloria M Sabater Elementary School,301 SOUTH EAST BLVD,VINELAND,NJ,08360,3001,11-5390-075
Ocean,Stafford Township School District,Stafford Intermediate School,1000 McKinley Avenue,Manahawkin,NJ,08050,,29-5020-070
Bergen,Hackensack School District,Hackensack Middle School,360 Union Street,Hackensack,NJ,07601,,03-1860-300
Atlantic,Absecon Public Schools District,Emma C Attales,800 IRELAN AVENUE,ABSECON,NJ,08201,,01-0010-050
Monmouth,Neptune City School District,Woodrow Wilson,210 WEST SYLVANIA AVE,NEPTUNE CITY,NJ,07753,6299,25-3500-060
Burlington,Burlington County Institute of Technology School District,Burlington County Institute of Technology - Westampton,695 Woodlane Road,Westampton,NJ,08060,9614,05-0610-030
Atlantic,Weymouth Township School District,Weymouth Township Elementary School,1202 ELEVENTH AVENUE,DOROTHY,NJ,08317,9711,01-5760-020
Hudson,Jersey City Public Schools,Alexander D. Sullivan School,171 SEAVIEW AVE,JERSEY CITY,NJ,07305,2412,17-2390-320
Morris,Florham Park School District,Brooklake School,235 BROOKLAKE ROAD,FLORHAM PARK,NJ,07932,,27-1530-020
Camden,Pennsauken Township Board of Education School District,Pennsauken Intermediate School,8125 PARK AVENUE,PENNSAUKEN,NJ,08109,,07-4060-175
Cape May,Lower Township Elementary School District,David C. Douglass Memorial School,2600 BAYSHORE RD,VILLAS,NJ,08251,4650,09-2840-070
Bergen,Englewood Public School District,Donald A. Quarles Early Childhood Center,186 Davison Place,ENGLEWOOD,NJ,07631,,03-1370-070
Monmouth,Howell Township Public School District,Taunton Elementary School,41 TAUNTON DRIVE,HOWELL,NJ,07731,2147,25-2290-060
Middlesex,Perth Amboy Public School District,Rose M. Lopez Elementary School,435 Seaman Avenue,Perth Amboy,NJ,08861,,23-4090-301
Monmouth,Tinton Falls School District,Tinton Falls Middle School,674 TINTON AVENUE,TINTON FALLS,NJ,07724,3296,25-5185-070
Bergen,Emerson Public School District,Patrick M Villano School,175 Linwood Avenue,Emerson,NJ,07630,1847,03-1360-060
Hunterdon,North Hunterdon-Voorhees Regional High School District,Voorhees High School,256 County Route 513,Glen Gardner,NJ,08826,9529,19-3660-060
Somerset,North Plainfield School District,West End School,447 Greenbrook Road,North Plainfield,NJ,07060,1738,35-3670-110
Essex,Newark Public School District,Benjamin Franklin Elementary School,42 PARK AVE,NEWARK,NJ,07104,1044,13-3570-430
Camden,Barrington School District,Avon Elementary School,862 MERCER DR,HADDONFIELD,NJ,08033,,07-0190-010
Monmouth,West Long Branch School District,Frank Antonides School,135 Locust Avenue,West Long Branch,NJ,07764,1698,25-5640-050
Somerset,Hillsborough Township Public School District,Sunnymead Elementary School,55 Sunnymead Road,Hillsborough,NJ,08844,,35-2170-060
Passaic,Paterson Public School District,Dr. Hani Awadallah School,515 MARSHALL STREET,PATERSON,NJ,07503,,31-4010-313
Mercer,Hamilton Township Public School District,Sayen Elementary School,3333 NOTTINGHAM WAY,HAMILTON,NJ,08690,2603,21-1950-240
Middlesex,South Plainfield School District,John E Riley Elementary School,100 MORRIS AVENUE,SOUTH PLAINFIELD,NJ,07080,,23-4910-058
Somerset,Somerset County Educational Services Commission,Somerset Elementary Academy,7 Finderne Ave,Bridgewater,NJ,08807,,35-4805-060
Bergen,Midland Park School District,Midland Park Jr./Sr. High School,250 PROSPECT ST,MIDLAND PARK,NJ,07432,,03-3170-050
Somerset,Franklin Township Public Schools,Conerly Road School,35 Conerly Road,Somerset,NJ,08873,2301,35-1610-055
Monmouth,Upper Freehold Regional School District,Allentown High School,27 High Street,ALLENTOWN,NJ,08501,0278,25-5310-050
Camden,Runnemede Public School District,Grade Downing Elementary School,3RD & CENTRAL AVES,RUNNEMEDE,NJ,08078,,07-4590-030
Burlington,Pemberton Township School District,Alexander Denbo,ONE LEARNING WAY,BROWNS MILLS,NJ,08015,,05-4050-130
Mercer,Hamilton Township Public School District,Robinson Elementary School,495 GROPP AVENUE,HAMILTON,NJ,08610,2020,21-1950-225
Essex,Bloomfield Township School District,Brookdale Elementary School,1230 Broad Street,Bloomfield,NJ,07003,3031,13-0410-060
Union,Linden Public School District,Linden High School,121 W ST GEORGE AVE,LINDEN,NJ,07036,3960,39-2660-050
Hunterdon,Milford Borough School District,Milford Public School,7 HILLSIDE AVENUE,MILFORD,NJ,08848,9459,19-3180-050
Warren,Phillipsburg School District,Phillipsburg High School,1 Stateliner Blvd.,PHILLIPSBURG,NJ,08865,,41-4100-050
Morris,Wharton Borough School District,Marie V. Duffy Elementary School,137 East Central Avenue,Wharton,NJ,07885,2431,27-5770-040
Somerset,Franklin Township Public Schools,Franklin Middle School at Hamilton Street Campus,415 Francis Street,Somerset,NJ,08873,2827,35-1610-160
Atlantic,Hammonton School District,Warren E. Sooy Jr. Elementary School,601 N  FOURTH STREET,HAMMONTON,NJ,08037,9720,01-1960-055
Burlington,Mount Laurel Township School District,Parkway Elementary School,142 RAMBLEWOOD PARKWAY,MOUNT LAUREL,NJ,08054,,05-3440-065
Passaic,Paterson Public School District,"Rev. Dr. Frank Napier, Jr. School",55 CLINTON STREET,PATERSON,NJ,07522,1729,31-4010-080
Union,New Providence School District,New Providence High School,35 PIONEER DR,NEW PROVIDENCE,NJ,07974,1515,39-3560-050
Bergen,Maywood School District,Maywood Avenue School,452 MAYWOOD AVE,MAYWOOD,NJ,07607,1969,03-3060-060
Middlesex,Perth Amboy Public School District,James J. Flynn Elementary School,850 CHAMBERLAIN AVENUE,PERTH AMBOY,NJ,08861,1705,23-4090-145
Somerset,Somerset Hills Regional School District,Bernards High School,25 Olcott Avenue,Bernardsville,NJ,07924,,35-4815-020
Warren,Warren County Vocational Technical School,Warren County Vocational Technical School,1500 ROUTE 57,WASHINGTON,NJ,07882,9618,41-5460-050
Bergen,Little Ferry Public School District,Memorial Elementary School,130 LIBERTY ST,LITTLE FERRY,NJ,07643,1756,03-2710-030
Union,Plainfield Public School District,Cedarbrook Elementary School,1049 CENTRAL AVE,PLAINFIELD,NJ,07060,2801,39-4160-100
Passaic,Little Falls Township Public School District,Little Falls Township Public School # 2,Little Falls School # 2,LITTLE FALLS,NJ,07424,1082,31-2700-060
Ocean,Toms River Regional School District,Pine Beach Elementary School,101 PENNSYLVANIA AVENUE,PINE BEACH,NJ,08741,,29-5190-090
Bergen,Wyckoff Township Public School District,Sicomac Elementary School,356 SICOMAC AVE,WYCKOFF,NJ,07481,2129,03-5920-050
Middlesex,South Brunswick School District,Constable Elementary School,29 CONSTABLE ROAD,KENDALL PARK,NJ,08824,,23-4860-070
Middlesex,Middlesex County Vocational and Technical School District,Middlesex County Vocational School Piscataway,21 SUTTONS LANE,PISCATAWAY,NJ,08854,5715,23-3150-065
Bergen,River Vale Public School District,Holdrum Middle School,393 RIVERVALE ROAD,RIVER VALE,NJ,07675,,03-4430-050
Union,Elizabeth Public Schools,John E. Dwyer Technology Academy,123 Pearl St,Elizabeth,NJ,07202,,39-1320-401
Gloucester,Deptford Township Public School District,Good Intent Elementary School,1555 GOOD INTENT RD,DEPTFORD,NJ,08096,6101,15-1100-090
Atlantic,Atlantic City School District,Venice Park School,1601 N Penrose Avenue,Atlantic City,NJ,08401,1710,01-0110-130
Bergen,Bergenfield Borough School District,Lincoln Elementary School,115 HIGHVIEW AVENUE,BERGENFIELD,NJ,07621,,03-0300-070
Morris,Educational Services Commission of Morris County,Regional Day School,5 Jean Street,MORRISTOWN,NJ,07960,,27-3364-085
Essex,Irvington Public School District,Chancellor Avenue Elementary School,844     CHANCELLOR AVENUE,IRVINGTON,NJ,07111,,13-2330-090
Somerset,Bridgewater-Raritan Regional School District,Milltown Primary School,611 Milltown Road,Bridgewater,NJ,08807,,35-0555-085
Cumberland,Maurice River Township School District,Maurice River Township School,3593 RT 47,PORT ELIZABETH,NJ,08348,0464,11-3050-065
Middlesex,New Brunswick School District,Lord Stirling Elementary School,101 REDMOND STREET,NEW BRUNSWICK,NJ,08901,1343,23-3530-100
Bergen,Fair Lawn Public School District,Radburn Elementary School,18-00 RADBURN RD,FAIR LAWN,NJ,07410,,03-1450-110
Atlantic,Atlantic City School District,Atlantic City High School,1400 N Albany Avenue,Atlantic City,NJ,08401,6153,01-0110-010
Morris,Morris County Vocational School District,Athletic Training and Physical Therapy,1 Bryant Drive,Succasunna,NJ,07876,,27-3365-303
Union,Plainfield Public School District,Frederic W. Cook Elementary School,739 LELAND AVE,PLAINFIELD,NJ,07062,2140,39-4160-120
Cumberland,Bridgeton City School District,Cherry Street School,11 CHERRY STREET,BRIDGETON,NJ,08302,,11-0540-055
Middlesex,Woodbridge Township School District,Port Reading Avenue Elementary School,TURNER STREET,PORT READING,NJ,07064,1326,23-5850-275
Gloucester,Kingsway Regional School District,Kingsway Regional Middle School,203 KINGS HIGHWAY,WOOLWICH TWP,NJ,08085,,15-2440-060
Charters,TEAM Academy Charter School,TEAM Academy Charter School,60 Park Place,NEWARK,NJ,07102,,80-7325-965
Monmouth,Keyport School District,Keyport High School,351 BROAD STREET,KEYPORT,NJ,07735,1695,25-2430-050
Warren,Phillipsburg School District,Phillipsburg Early Childhood Learning Center,459 CENTER STREET,PHILLIPSBURG,NJ,08865,,41-4100-150
Middlesex,South River Public School District,South River High School,11 MONTGOMERY STREET,SOUTH RIVER,NJ,08882,,23-4920-050
Essex,Newark Public School District,Sussex Avenue School,307 SUSSEX AVE,NEWARK,NJ,07107,3133,13-3570-710
Union,Elizabeth Public Schools,Joseph Battin School No 4,300 South Broad Street,ELIZABETH,NJ,07202,3823,39-1320-035
Essex,North Caldwell School District,Grandview Elementary School,35 HAMILTON DR EAST,N CALDWELL,NJ,07006,,13-3630-060
Union,Hillside Public School District,A.P. Morris Early Childhood Center,143 COE AVE,HILLSIDE,NJ,07205,2830,39-2190-090
Bergen,Hackensack School District,Nellie K. Parker,261 MAPLE HILL DR,HACKENSACK,NJ,07601,,03-1860-090
Burlington,Willingboro Public School District,ECDC at Garfield East,150 Evergreen Dr.,Willingboro,NJ,08046,,05-5805-303
Camden,Winslow Township School District,Winslow Township Elementary School Six,617 SICKLER AVENUE,SICKLERVILLE,NJ,08081,,07-5820-080
Somerset,Warren Township School District,Warren Middle School,100 Old Stirling Road,Warren,NJ,07060,5819,35-5470-033
Bergen,Paramus Public School District,East Brook Middle School,190 SPRING VALLEY ROAD,PARAMUS,NJ,07652,5342,03-3930-065
Bergen,Emerson Public School District,Emerson Jr Sr High,131 Main Street,Emerson,NJ,07630,,03-1360-050
Passaic,Passaic City School District,Ulysses S. Grant School No. 7,155 Summer St.,Passaic,NJ,07055,,31-3970-110
Sussex,Lenape Valley Regional High School District,Lenape Valley Regional High School,28 SPARTA ROAD,STANHOPE,NJ,07874,,37-2615-050
Monmouth,Tinton Falls School District,Mahala F. Atchison School,961 SYCAMORE AVENUE,TINTON FALLS,NJ,07724,3199,25-5185-030
Warren,Allamuchy Township School District,Allamuchy Township School,20 JOHNSONBURG ROAD,ALLAMUCHY,NJ,07820,0394,41-0030-010
Atlantic,Brigantine Public School District,Brigantine North Middle School,301 E  EVANS BOULEVARD,BRIGANTINE,NJ,08203,,01-0570-030
Middlesex,Woodbridge Township School District,Woodbine Avenue Elementary School,WOODBINE AVENUE,AVENEL,NJ,07001,,23-5850-320
Camden,Cherry Hill School District,Alternative High School,MALBERG BUILDING,CHERRY HILL,NJ,08034,0391,07-0800-060
Ocean,Manchester Township School District,Manchester Township High School,101 S  COLONIAL DR,MANCHESTER,NJ,08759,,29-2940-040
Burlington,North Hanover Township School District,Atlantis Elementary School,3 SCHOOL ROAD,JOINT BASE MDL,NJ,08641,,05-3650-030
Camden,Black Horse Pike Regional School District,Triton Regional High School,250 SCHUBERT AVE,RUNNEMEDE,NJ,08078,,07-0390-050
