county_name,district_name,school_name,county_district_school_code,school_address,name_enc,address_enc,gs_school_name,gs_school_address,gs_school_link,rating_band,rating,gs_name_enc,gs_address_enc,fuzzy_name_score,fuzzy_address_score
Middlesex,Edison Township School District,Edison High School,23-1290-050,"50 BOULEVARD OF THE EAGLES, EDISON, NJ, 08817",EDISONHIGHSCHOOL,50BOULEVARDOFTHEEAGLESEDISONNJ08817,Edison High School,"50 Boulevard of the Eagles, Edison, NJ, 08817",https://www.greatschools.org/new-jersey/edison/477-Edison-High-School/,Below average,4.0,EDISONHIGHSCHOOL,50BOULEVARDOFTHEEAGLESEDISONNJ08817,100.0,100.0
Morris,Dover Public School District,Dover Middle School,27-1110-065,"302 EAST MCFARLAN STREET, DOVER, NJ, 07801",DOVERMIDDLESCHOOL,302EASTMCFARLANSTREETDOVERNJ07801,Dover Middle School,"302 East McFarlan Street, Dover, NJ, 07801",https://www.greatschools.org/new-jersey/dover/406-Dover-Middle-School/,Below average,4.0,DOVERMIDDLESCHOOL,302EASTMCFARLANSTREETDOVERNJ07801,100.0,100.0
Passaic,Wayne Township Public School District,Pines Lake Elementary School,31-5570-120,"511 PINES LAKE DRIVE, WAYNE, NJ, 07470",PINESLAKEELEMENTARYSCHOOL,511PINESLAKEDRIVEWAYNENJ07470,Pines Lake Elementary School,"511 Pines Lake Drive, Wayne, NJ, 07470",https://www.greatschools.org/new-jersey/wayne/2131-Pines-Lake-Elementary-School/,Above average,8.0,PINESLAKEELEMENTARYSCHOOL,511PINESLAKEDRIVEWAYNENJ07470,100.0,100.0
Bergen,Waldwick School District,Crescent Elementary School,03-5410-040,"165 CRESCENT AVENUE, WALDWICK, NJ, 07463",CRESCENTELEMENTARYSCHOOL,165CRESCENTAVENUEWALDWICKNJ07463,Crescent Elementary School,"165 Crescent Avenue, Waldwick, NJ, 07463",https://www.greatschools.org/new-jersey/waldwick/2073-Crescent-Elementary-School/,Above average,7.0,CRESCENTELEMENTARYSCHOOL,165CRESCENTAVENUEWALDWICKNJ07463,100.0,100.0
Monmouth,Red Bank Borough Public School District,Red Bank Primary School,25-4360-075,"222 RIVER STREET, RED  BANK, NJ, 07701",REDBANKPRIMARYSCHOOL,222RIVERSTREETREDBANKNJ07701,Red Bank Primary School,"222 RIVER STREET, Red Bank, NJ, 07701",https://www.greatschools.org/new-jersey/red-bank/1721-Red-Bank-Primary-School/,Below average,4.0,REDBANKPRIMARYSCHOOL,222RIVERSTREETREDBANKNJ07701,100.0,100.0
Burlington,Shamong Township School District,Indian Mills Elementary School,05-4740-050,"112 INDIAN MILLS ROAD, SHAMONG, NJ, 08088",INDIANMILLSELEMENTARYSCHOOL,112INDIANMILLSROADSHAMONGNJ08088,Indian Mills Elementary School,"112 Indian Mills Road, Shamong, NJ, 08088",https://www.greatschools.org/new-jersey/shamong/1831-Indian-Mills-Elementary-School/,Above average,7.0,INDIANMILLSELEMENTARYSCHOOL,112INDIANMILLSROADSHAMONGNJ08088,100.0,100.0
Bergen,Closter Public School District,Tenakill Middle School,03-0930-060,"275 High Street, CLOSTER, NJ, 07624",TENAKILLMIDDLESCHOOL,275HIGHSTREETCLOSTERNJ07624,Tenakill Middle School,"275 High Street, Closter, NJ, 07624",https://www.greatschools.org/new-jersey/closter/355-Tenakill-Middle-School/,Above average,9.0,TENAKILLMIDDLESCHOOL,275HIGHSTREETCLOSTERNJ07624,100.0,100.0
Hudson,Weehawken Public School District,Weehawken High School,17-5580-050,"53 LIBERTY PLACE, WEEHAWKEN, NJ, 07086",WEEHAWKENHIGHSCHOOL,53LIBERTYPLACEWEEHAWKENNJ07086,Weehawken High School,"53 Liberty Place, Weehawken, NJ, 07086",https://www.greatschools.org/new-jersey/weehawken/2136-Weehawken-High-School/,Below average,4.0,WEEHAWKENHIGHSCHOOL,53LIBERTYPLACEWEEHAWKENNJ07086,100.0,100.0
Gloucester,Woodbury City Public School District,West End Memorial Elementary School,15-5860-110,"215 Queen Street, Woodbury, NJ, 08096",WESTENDMEMORIALELEMENTARYSCHOOL,215QUEENSTREETWOODBURYNJ08096,West End Memorial Elementary School,"215 Queen Street, Woodbury, NJ, 08096",https://www.greatschools.org/new-jersey/woodbury/2269-West-End-Memorial-Elementary-School/,Below average,2.0,WESTENDMEMORIALELEMENTARYSCHOOL,215QUEENSTREETWOODBURYNJ08096,100.0,100.0
Camden,Gloucester City Public School District,Cold Springs School,07-1770-160,"1194 MARKET STREET, GLOUCESTER CITY, NJ, 08030",COLDSPRINGSSCHOOL,1194MARKETSTREETGLOUCESTERCITYNJ08030,Cold Springs School,"1194 Market Street, Gloucester City, NJ, 08030",https://www.greatschools.org/new-jersey/gloucester-city/673-Cold-Springs-School/,Below average,3.0,COLDSPRINGSSCHOOL,1194MARKETSTREETGLOUCESTERCITYNJ08030,100.0,100.0
Morris,Denville Township K-8 School District,Lakeview Elementary School,27-1090-050,"44 COOPER ROAD, DENVILLE, NJ, 07834",LAKEVIEWELEMENTARYSCHOOL,44COOPERROADDENVILLENJ07834,Lakeview Elementary School,"44 Cooper Road, Denville, NJ, 07834",https://www.greatschools.org/new-jersey/denville/394-Lakeview-Elementary-School/,Above average,8.0,LAKEVIEWELEMENTARYSCHOOL,44COOPERROADDENVILLENJ07834,100.0,100.0
Essex,Newark Public School District,Technology High School,13-3570-056,"223 BROADWAY, NEWARK, NJ, 07102",TECHNOLOGYHIGHSCHOOL,223BROADWAYNEWARKNJ07102,Technology High School,"223 BROADWAY, Newark, NJ, 07102",https://www.greatschools.org/new-jersey/newark/1315-Technology-High-School/,Above average,8.0,TECHNOLOGYHIGHSCHOOL,223BROADWAYNEWARKNJ07102,100.0,100.0
Charters,Unity Charter School,Unity Charter School,80-8050-990,"1 Evergreen Place, MORRISTOWN, NJ, 07960",UNITYCHARTERSCHOOL,1EVERGREENPLACEMORRISTOWNNJ07960,Unity Charter School,"1 Evergreen Place, Morristown, NJ, 07960",https://www.greatschools.org/new-jersey/morristown/3365-Unity-Charter-School/,Average,6.0,UNITYCHARTERSCHOOL,1EVERGREENPLACEMORRISTOWNNJ07960,100.0,100.0
Monmouth,Wall Township Public School District,Old Mill Elementary School,25-5420-077,"2119 OLD MILL ROAD, SEA GIRT, NJ, 08750",OLDMILLELEMENTARYSCHOOL,2119OLDMILLROADSEAGIRTNJ08750,Old Mill Elementary School,"2119 Old Mill Road, Sea Girt, NJ, 08750",https://www.greatschools.org/new-jersey/sea-girt/2081-Old-Mill-Elementary-School/,Above average,8.0,OLDMILLELEMENTARYSCHOOL,2119OLDMILLROADSEAGIRTNJ08750,100.0,100.0
Middlesex,Perth Amboy Public School District,Edward J. Patten Elementary School,23-4090-065,"500 CHARLES STREET, PERTH AMBOY, NJ, 08861",EDWARDJPATTENELEMENTARYSCHOOL,500CHARLESSTREETPERTHAMBOYNJ08861,Edward J Patten Elementary School,"500 Charles Street, Perth Amboy, NJ, 08861",https://www.greatschools.org/new-jersey/perth-amboy/1608-Edward-J--Patten-Elementary-School/,Below average,2.0,EDWARDJPATTENELEMENTARYSCHOOL,500CHARLESSTREETPERTHAMBOYNJ08861,100.0,100.0
Warren,Hackettstown Public School District,Hackettstown Middle School,41-1870-060,"500 WASHINGTON STREET, HACKETTSTOWN, NJ, 07840",HACKETTSTOWNMIDDLESCHOOL,500WASHINGTONSTREETHACKETTSTOWNNJ07840,Hackettstown Middle School,"500 Washington Street, Hackettstown, NJ, 07840",https://www.greatschools.org/new-jersey/hackettstown/705-Hackettstown-Middle-School/,Average,5.0,HACKETTSTOWNMIDDLESCHOOL,500WASHINGTONSTREETHACKETTSTOWNNJ07840,100.0,100.0
Charters,Robert Treat Academy Charter School,Robert Treat Academy Charter School,80-7730-970,"443 CLIFTON AVENUE, NEWARK, NJ, 07104",ROBERTTREATACADEMYCHARTERSCHOOL,443CLIFTONAVENUENEWARKNJ07104,Robert Treat Academy Charter School,"443 Clifton Avenue, Newark, NJ, 07104",https://www.greatschools.org/new-jersey/newark/3340-Robert-Treat-Academy-Charter-School/,Above average,8.0,ROBERTTREATACADEMYCHARTERSCHOOL,443CLIFTONAVENUENEWARKNJ07104,100.0,100.0
Passaic,Clifton Public School District,School #17,31-0900-230,"361 LEXINGTON AVENUE, CLIFTON, NJ, 07011",SCHOOL#17,361LEXINGTONAVENUECLIFTONNJ07011,School #17,"361 Lexington Avenue, Clifton, NJ, 07011",https://www.greatschools.org/new-jersey/clifton/4292-Number-17/,Average,5.0,SCHOOL#17,361LEXINGTONAVENUECLIFTONNJ07011,100.0,100.0
Bergen,Demarest School District,Luther Lee Emerson School,03-1070-050,"15 COLUMBUS ROAD, DEMAREST, NJ, 07627",LUTHERLEEEMERSONSCHOOL,15COLUMBUSROADDEMARESTNJ07627,Luther Lee Emerson School,"15 Columbus Road, Demarest, NJ, 07627",https://www.greatschools.org/new-jersey/demarest/392-Luther-Lee-Emerson-School/,Average,6.0,LUTHERLEEEMERSONSCHOOL,15COLUMBUSROADDEMARESTNJ07627,100.0,100.0
Mercer,Trenton Public School District,Dr. Martin Luther King Middle School,21-5210-305,"401-411 Brunswick Ave, Trenton, NJ, 08638",DRMARTINLUTHERKINGMIDDLESCHOOL,401411BRUNSWICKAVETRENTONNJ08638,Dr. Martin Luther King Middle School,"401-411 Brunswick Ave, Trenton, NJ, 08638",https://www.greatschools.org/new-jersey/trenton/9242-Dr.-Martin-Luther-King-Middle-School/,Below average,2.0,DRMARTINLUTHERKINGMIDDLESCHOOL,401411BRUNSWICKAVETRENTONNJ08638,100.0,100.0
Essex,Newark Public School District,Arts High School,13-3570-010,"550 M  L  KING BLVD, NEWARK, NJ, 07102",ARTSHIGHSCHOOL,550MLKINGBLVDNEWARKNJ07102,Arts High School,"550 M L KING BLVD, Newark, NJ, 07102",https://www.greatschools.org/new-jersey/newark/1316-Arts-High-School/,Below average,3.0,ARTSHIGHSCHOOL,550MLKINGBLVDNEWARKNJ07102,100.0,100.0
Bergen,Palisades Park School District,Palisades Park Jr-Sr High School,03-3910-050,"VETERANS PLAZA, PALISADES PARK, NJ, 07650",PALISADESPARKJRSRHIGHSCHOOL,VETERANSPLAZAPALISADESPARKNJ07650,Palisades Park Jr Sr High School,"Veterans Plaza, Palisades Park, NJ, 07650",https://www.greatschools.org/new-jersey/palisades-park/1486-Palisades-Park-Jr--Sr-High-School/,Below average,3.0,PALISADESPARKJRSRHIGHSCHOOL,VETERANSPLAZAPALISADESPARKNJ07650,100.0,100.0
Passaic,Paterson Public School District,School 10,31-4010-140,"48 MERCER STREET, PATERSON, NJ, 07524",SCHOOL10,48MERCERSTREETPATERSONNJ07524,School 10,"48 Mercer Street, Paterson, NJ, 07524",https://www.greatschools.org/new-jersey/paterson/1548-Number-10-Elementary-School/,Below average,1.0,SCHOOL10,48MERCERSTREETPATERSONNJ07524,100.0,100.0
Morris,Rockaway Township School District,Copeland Middle School,27-4490-015,"100 LAKE SHORE DRIVE, ROCKAWAY, NJ, 07866",COPELANDMIDDLESCHOOL,100LAKESHOREDRIVEROCKAWAYNJ07866,Copeland Middle School,"100 Lake Shore Drive, Rockaway, NJ, 07866",https://www.greatschools.org/new-jersey/rockaway/1758-Copeland-Middle-School/,Average,5.0,COPELANDMIDDLESCHOOL,100LAKESHOREDRIVEROCKAWAYNJ07866,100.0,100.0
Bergen,Fair Lawn Public School District,Lyncrest Elementary School,03-1450-100,"9-04 MORLOT AVE, FAIR LAWN, NJ, 07410",LYNCRESTELEMENTARYSCHOOL,904MORLOTAVEFAIRLAWNNJ07410,Lyncrest Elementary School,"9-04 MORLOT AVE, Fair Lawn, NJ, 07410",https://www.greatschools.org/new-jersey/fair-lawn/574-Lyncrest-Elementary-School/,Above average,10.0,LYNCRESTELEMENTARYSCHOOL,904MORLOTAVEFAIRLAWNNJ07410,100.0,100.0
Charters,Creativity CoLaboratory Charter School,Creativity CoLaboratory Charter School,80-7897-923,"457 Shirley Road, Elmer, NJ, 08318",CREATIVITYCOLABORATORYCHARTERSCHOOL,457SHIRLEYROADELMERNJ08318,Creativity Colaboratory Charter School,"457 Shirley Road, Elmer, NJ, 08318",https://www.greatschools.org/new-jersey/elmer/9216-Creativity-Colaboratory-Charter-School/,Below average,4.0,CREATIVITYCOLABORATORYCHARTERSCHOOL,457SHIRLEYROADELMERNJ08318,100.0,100.0
Passaic,Clifton Public School District,School #2,31-0900-090,"1270 VAN HOUTEN AVENUE, CLIFTON, NJ, 07013",SCHOOL#2,1270VANHOUTENAVENUECLIFTONNJ07013,School #2,"1270 Van Houten Avenue, Clifton, NJ, 07013",https://www.greatschools.org/new-jersey/clifton/338-Number-2-Elementary-School/,Above average,7.0,SCHOOL#2,1270VANHOUTENAVENUECLIFTONNJ07013,100.0,100.0
Bergen,East Rutherford School District,McKenzie School,03-1230-080,"125 CARLTON AVENUE, EAST RUTHERFORD, NJ, 07073",MCKENZIESCHOOL,125CARLTONAVENUEEASTRUTHERFORDNJ07073,Mckenzie School,"125 Carlton Avenue, East Rutherford, NJ, 07073",https://www.greatschools.org/new-jersey/east-rutherford/3486-Mckenzie-School/,Average,5.0,MCKENZIESCHOOL,125CARLTONAVENUEEASTRUTHERFORDNJ07073,100.0,100.0
Monmouth,Marlboro Township School District,Frank Defino Central Elementary School,25-3030-030,"175 Route 79 North, MARLBORO, NJ, 07746",FRANKDEFINOCENTRALELEMENTARYSCHOOL,175ROUTE79NORTHMARLBORONJ07746,Frank Defino Central Elementary School,"175 Route 79 North, Marlboro, NJ, 07746",https://www.greatschools.org/new-jersey/marlboro-township/1111-Frank-Defino-Central-Elementary-School/,Above average,9.0,FRANKDEFINOCENTRALELEMENTARYSCHOOL,175ROUTE79NORTHMARLBORONJ07746,100.0,100.0
Charters,Elysian Charter School,Elysian Charter School of Hoboken,80-6420-925,"1460 GARDEN STREET, HOBOKEN, NJ, 07030",ELYSIANCHARTERSCHOOLOFHOBOKEN,1460GARDENSTREETHOBOKENNJ07030,Elysian Charter School Of Hoboken,"1460 Garden Street, Hoboken, NJ, 07030",https://www.greatschools.org/new-jersey/hoboken/3344-Elysian-Cs-Of-Hoboken/,Above average,7.0,ELYSIANCHARTERSCHOOLOFHOBOKEN,1460GARDENSTREETHOBOKENNJ07030,100.0,100.0
Morris,Boonton Town School District,Boonton High School,27-0450-020,"306 LATHROP AVENUE, BOONTON, NJ, 07005",BOONTONHIGHSCHOOL,306LATHROPAVENUEBOONTONNJ07005,Boonton High School,"306 Lathrop Avenue, Boonton, NJ, 07005",https://www.greatschools.org/new-jersey/boonton/157-Boonton-High-School/,Average,5.0,BOONTONHIGHSCHOOL,306LATHROPAVENUEBOONTONNJ07005,100.0,100.0
Charters,Soaraing Heights Charter School,Soaring Heights Charter School,80-7830-980,"1 ROMAR AVENUE, JERSEY CITY, NJ, 07305",SOARINGHEIGHTSCHARTERSCHOOL,1ROMARAVENUEJERSEYCITYNJ07305,Soaring Heights Charter School,"1 Romar Avenue, Jersey City, NJ, 07305",https://www.greatschools.org/new-jersey/jersey-city/3351-Soaring-Heights-Charter-School/,Above average,9.0,SOARINGHEIGHTSCHARTERSCHOOL,1ROMARAVENUEJERSEYCITYNJ07305,100.0,100.0
Passaic,Paterson Public School District,International High School,31-4010-035,"200 Grand Street, PATERSON, NJ, 07501",INTERNATIONALHIGHSCHOOL,200GRANDSTREETPATERSONNJ07501,International High School,"200 Grand Street, Paterson, NJ, 07501",https://www.greatschools.org/new-jersey/paterson/4533-International-High-School/,Below average,3.0,INTERNATIONALHIGHSCHOOL,200GRANDSTREETPATERSONNJ07501,100.0,100.0
Monmouth,Holmdel Township School District,Holmdel High School,25-2230-020,"36 CRAWFORDS CORNER ROAD, HOLMDEL, NJ, 07733",HOLMDELHIGHSCHOOL,36CRAWFORDSCORNERROADHOLMDELNJ07733,Holmdel High School,"36 Crawfords Corner Road, Holmdel, NJ, 07733",https://www.greatschools.org/new-jersey/holmdel/813-Holmdel-High-School/,Above average,9.0,HOLMDELHIGHSCHOOL,36CRAWFORDSCORNERROADHOLMDELNJ07733,100.0,100.0
Burlington,Medford Township School District,Milton H. Allen Elementary School,05-3080-060,"24 ALLEN AVENUE, MEDFORD, NJ, 08055",MILTONHALLENELEMENTARYSCHOOL,24ALLENAVENUEMEDFORDNJ08055,Milton H. Allen Elementary School,"24 Allen Avenue, Medford, NJ, 08055",https://www.greatschools.org/new-jersey/medford/1131-Milton-H.-Allen-Elementary-School/,Average,5.0,MILTONHALLENELEMENTARYSCHOOL,24ALLENAVENUEMEDFORDNJ08055,100.0,100.0
Sussex,Newton Public School District,Newton High School,37-3590-050,"44 RYERSON AVENUE, NEWTON, NJ, 07860",NEWTONHIGHSCHOOL,44RYERSONAVENUENEWTONNJ07860,Newton High School,"44 Ryerson Avenue, Newton, NJ, 07860",https://www.greatschools.org/new-jersey/newton/1389-Newton-High-School/,Below average,4.0,NEWTONHIGHSCHOOL,44RYERSONAVENUENEWTONNJ07860,100.0,100.0
Essex,Bloomfield Township School District,Bloomfield Middle School,13-0410-030,"60 Huck Road, Bloomfield, NJ, 07003",BLOOMFIELDMIDDLESCHOOL,60HUCKROADBLOOMFIELDNJ07003,Bloomfield Middle School,"60 Huck Road, Bloomfield, NJ, 07003",https://www.greatschools.org/new-jersey/bloomfield/140-Bloomfield-Middle-School/,Average,5.0,BLOOMFIELDMIDDLESCHOOL,60HUCKROADBLOOMFIELDNJ07003,100.0,100.0
Passaic,Clifton Public School District,Christopher Columbus Middle School,31-0900-035,"350 PIAGET AVENUE, CLIFTON, NJ, 07011",CHRISTOPHERCOLUMBUSMIDDLESCHOOL,350PIAGETAVENUECLIFTONNJ07011,Christopher Columbus Middle School,"350 Piaget Avenue, Clifton, NJ, 07011",https://www.greatschools.org/new-jersey/clifton/335-Christopher-Columbus-Middle-School/,Below average,4.0,CHRISTOPHERCOLUMBUSMIDDLESCHOOL,350PIAGETAVENUECLIFTONNJ07011,100.0,100.0
Monmouth,Rumson-Fair Haven Regional High School District,Rumson-Fair Haven Regional High School,25-4580-050,"74 RIDGE ROAD, RUMSON, NJ, 07760",RUMSONFAIRHAVENREGIONALHIGHSCHOOL,74RIDGEROADRUMSONNJ07760,Rumson Fair Haven Regional High School,"74 Ridge Road, Rumson, NJ, 07760",https://www.greatschools.org/new-jersey/rumson/1785-Rumson-Fair-Haven-Reg-High-School/,Above average,9.0,RUMSONFAIRHAVENREGIONALHIGHSCHOOL,74RIDGEROADRUMSONNJ07760,100.0,100.0
Hudson,Union City School District,Colin Powell Elementary School,17-5240-300,"1500 New York Avenue, Union City, NJ, 07087",COLINPOWELLELEMENTARYSCHOOL,1500NEWYORKAVENUEUNIONCITYNJ07087,Colin Powell Elementary School,"1500 New York Avenue, Union City, NJ, 07087",https://www.greatschools.org/new-jersey/union-city/7125-Colin-Powell-Elementary-School/,Average,6.0,COLINPOWELLELEMENTARYSCHOOL,1500NEWYORKAVENUEUNIONCITYNJ07087,100.0,100.0
Salem,Salem City School District,Salem Middle School,33-4630-090,"51 NEW MARKET STREET, SALEM, NJ, 08079",SALEMMIDDLESCHOOL,51NEWMARKETSTREETSALEMNJ08079,Salem Middle School,"51 New Market Street, Salem, NJ, 08079",https://www.greatschools.org/new-jersey/salem/1803-Salem-Middle-School/,Below average,1.0,SALEMMIDDLESCHOOL,51NEWMARKETSTREETSALEMNJ08079,100.0,100.0
Somerset,Bound Brook School District,Bound Brook High School,35-0490-020,"111 West Union Avenue, Bound Brook, NJ, 08805",BOUNDBROOKHIGHSCHOOL,111WESTUNIONAVENUEBOUNDBROOKNJ08805,Bound Brook High School,"111 West Union Avenue, Bound Brook, NJ, 08805",https://www.greatschools.org/new-jersey/bound-brook/165-Bound-Brook-High-School/,Below average,2.0,BOUNDBROOKHIGHSCHOOL,111WESTUNIONAVENUEBOUNDBROOKNJ08805,100.0,100.0
Monmouth,Upper Freehold Regional School District,Stonebridge Middle School,25-5310-070,"1252 Yardville-Allentown Road, Allentown, NJ, 08501",STONEBRIDGEMIDDLESCHOOL,1252YARDVILLEALLENTOWNROADALLENTOWNNJ08501,Stone Bridge Middle School,"1252 Yardville Allentown Road, Allentown, NJ, 08501",https://www.greatschools.org/new-jersey/allentown/7064-Stone-Bridge-Middle-School/,Average,6.0,STONEBRIDGEMIDDLESCHOOL,1252YARDVILLEALLENTOWNROADALLENTOWNNJ08501,100.0,100.0
Passaic,Wayne Township Public School District,Packanack Elementary School,31-5570-110,"190 OAKWOOD DRIVE, WAYNE, NJ, 07470",PACKANACKELEMENTARYSCHOOL,190OAKWOODDRIVEWAYNENJ07470,Packanack Elementary School,"190 Oakwood Drive, Wayne, NJ, 07470",https://www.greatschools.org/new-jersey/wayne/2130-Packanack-Elementary-School/,Above average,7.0,PACKANACKELEMENTARYSCHOOL,190OAKWOODDRIVEWAYNENJ07470,100.0,100.0
Union,Scotch Plains-Fanwood School District,Evergreen Elementary School,39-4670-090,"2280 EVERGREEN AVENUE, SCOTCH PLAINS, NJ, 07076",EVERGREENELEMENTARYSCHOOL,2280EVERGREENAVENUESCOTCHPLAINSNJ07076,Evergreen Elementary School,"2280 Evergreen Avenue, Scotch Plains, NJ, 07076",https://www.greatschools.org/new-jersey/scotch-plains/1821-Evergreen-Elementary-School/,Above average,9.0,EVERGREENELEMENTARYSCHOOL,2280EVERGREENAVENUESCOTCHPLAINSNJ07076,100.0,100.0
Bergen,Carlstadt PublicSchool District,Carlstadt Public School,03-0740-050,"550 WASHINGTON STREET, CARLSTADT, NJ, 07072",CARLSTADTPUBLICSCHOOL,550WASHINGTONSTREETCARLSTADTNJ07072,Carlstadt Public School,"550 Washington Street, Carlstadt, NJ, 07072",https://www.greatschools.org/new-jersey/carlstadt/4517-Carlstadt-Public-School/,Average,5.0,CARLSTADTPUBLICSCHOOL,550WASHINGTONSTREETCARLSTADTNJ07072,100.0,100.0
Gloucester,Pitman Boro School District,Pitman Middle School,15-4140-075,"138 East Holly Avenue, Pitman, NJ, 08071",PITMANMIDDLESCHOOL,138EASTHOLLYAVENUEPITMANNJ08071,Pitman Middle School,"138 East Holly Avenue, Pitman, NJ, 08071",https://www.greatschools.org/new-jersey/pitman/1637-Pitman-Middle-School/,Below average,4.0,PITMANMIDDLESCHOOL,138EASTHOLLYAVENUEPITMANNJ08071,100.0,100.0
Salem,Elsinboro Township School District,Elsinboro Township School,33-1350-050,"631 SALEM  FORT ELFSBORG ROAD, SALEM, NJ, 08079",ELSINBOROTOWNSHIPSCHOOL,631SALEMFORTELFSBORGROADSALEMNJ08079,Elsinboro Township School,"631 Salem Fort Elfsborg Road, Salem, NJ, 08079",https://www.greatschools.org/new-jersey/salem/536-Elsinboro-Elementary-School/,Below average,4.0,ELSINBOROTOWNSHIPSCHOOL,631SALEMFORTELFSBORGROADSALEMNJ08079,100.0,100.0
Essex,Cedar Grove Township School District,Cedar Grove High School,13-0760-050,"90 Rugby Road, Cedar Grove, NJ, 07009",CEDARGROVEHIGHSCHOOL,90RUGBYROADCEDARGROVENJ07009,Cedar Grove High School,"90 Rugby Road, Cedar Grove, NJ, 07009",https://www.greatschools.org/new-jersey/cedar-grove/285-Cedar-Grove-High-School/,Average,6.0,CEDARGROVEHIGHSCHOOL,90RUGBYROADCEDARGROVENJ07009,100.0,100.0
Cape May,Avalon School District,Avalon Elementary School,09-0170-010,"235 32ND STREET, AVALON, NJ, 08202",AVALONELEMENTARYSCHOOL,23532NDSTREETAVALONNJ08202,Avalon Elementary School,"235 32nd Street, Avalon, NJ, 08202",https://www.greatschools.org/new-jersey/avalon/60-Avalon-Elementary-School/,Average,6.0,AVALONELEMENTARYSCHOOL,23532NDSTREETAVALONNJ08202,100.0,100.0
Hudson,Jersey City Public Schools,Infinity Institute,17-2390-002,"193 Old Bergen Road, Jersey City, NJ, 07305",INFINITYINSTITUTE,193OLDBERGENROADJERSEYCITYNJ07305,Infinity Institute,"193 Old Bergen Road, Jersey City, NJ, 07305",https://www.greatschools.org/new-jersey/jersey-city/7066-Infinity-Institute/,Above average,10.0,INFINITYINSTITUTE,193OLDBERGENROADJERSEYCITYNJ07305,100.0,100.0
Warren,Belvidere School District,Belvidere High School,41-0280-020,"809 OXFORD STREET, BELVIDERE, NJ, 07823",BELVIDEREHIGHSCHOOL,809OXFORDSTREETBELVIDERENJ07823,Belvidere High School,"809 Oxford Street, Belvidere, NJ, 07823",https://www.greatschools.org/new-jersey/belvidere/93-Belvidere-High-School/,Below average,4.0,BELVIDEREHIGHSCHOOL,809OXFORDSTREETBELVIDERENJ07823,100.0,100.0
Mercer,Trenton Public Schools,Monument Elementary School,21-5210-250,"145 Pennington Avenue, Trenton, NJ, 08618",MONUMENTELEMENTARYSCHOOL,145PENNINGTONAVENUETRENTONNJ08618,Monument Elementary School,"145 Pennington Avenue, Trenton, NJ, 08618",https://www.greatschools.org/new-jersey/trenton/1981-Monument-Elementary-School/,Below average,1.0,MONUMENTELEMENTARYSCHOOL,145PENNINGTONAVENUETRENTONNJ08618,100.0,100.0
Charters,Ridge and Valley Charter School,Ridge and Valley Charter School,80-7727-900,"1234 STATE ROUTE 94, Frelinghuysen, NJ, 07825",RIDGEANDVALLEYCHARTERSCHOOL,1234STATEROUTE94FRELINGHUYSENNJ07825,Ridge and Valley Charter School,"1234 STATE ROUTE 94, Frelinghuysen, NJ, 07825",https://www.greatschools.org/new-jersey/blairstown/4535-Ridge-And-Valley-Charter-School/,Above average,8.0,RIDGEANDVALLEYCHARTERSCHOOL,1234STATEROUTE94FRELINGHUYSENNJ07825,100.0,100.0
Gloucester,Clayton Public School District,Herma S. Simmons Elementary School,15-0860-040,"300 WEST CHESTNUT STREET, CLAYTON, NJ, 08312",HERMASSIMMONSELEMENTARYSCHOOL,300WESTCHESTNUTSTREETCLAYTONNJ08312,Herma S Simmons Elementary School,"300 West Chestnut Street, Clayton, NJ, 08312",https://www.greatschools.org/new-jersey/clayton/324-Herma-S--Simmons-Elementary-School/,Average,5.0,HERMASSIMMONSELEMENTARYSCHOOL,300WESTCHESTNUTSTREETCLAYTONNJ08312,100.0,100.0
Burlington,North Hanover Township School District,North Hanover Township Upper Elementary School,05-3650-036,"351 MONMOUTH ROAD, WRIGHTSTOWN, NJ, 08652",NORTHHANOVERTOWNSHIPUPPERELEMENTARYSCHOOL,351MONMOUTHROADWRIGHTSTOWNNJ08652,North Hanover Township Upper Elementary School,"351 MONMOUTH ROAD, Wrightstown, NJ, 08652",https://www.greatschools.org/new-jersey/wrightstown/4563-North-Hanover-Township-Upper-Elementary-School/,Below average,4.0,NORTHHANOVERTOWNSHIPUPPERELEMENTARYSCHOOL,351MONMOUTHROADWRIGHTSTOWNNJ08652,100.0,100.0
Sussex,Sparta Township Public School District,Sparta High School,37-4960-050,"70 WEST MOUNTAIN ROAD, SPARTA, NJ, 07871",SPARTAHIGHSCHOOL,70WESTMOUNTAINROADSPARTANJ07871,Sparta High School,"70 West Mountain Road, Sparta, NJ, 07871",https://www.greatschools.org/new-jersey/sparta-township/1889-Sparta-High-School/,Above average,7.0,SPARTAHIGHSCHOOL,70WESTMOUNTAINROADSPARTANJ07871,100.0,100.0
Morris,Chester School District,Bragg Elementary School,27-0820-030,"250 Route 24, Chester, NJ, 07930",BRAGGELEMENTARYSCHOOL,250ROUTE24CHESTERNJ07930,Bragg Elementary School,"250 Route 24, Chester, NJ, 07930",https://www.greatschools.org/new-jersey/chester/312-Bragg-Elementary-School/,Above average,7.0,BRAGGELEMENTARYSCHOOL,250ROUTE24CHESTERNJ07930,100.0,100.0
Monmouth,Middletown Township Public School District,Navesink Elementary School,25-3160-140,"151 MONMOUTH AVENUE, ATLANTIC HIGHLANDS, NJ, 07716",NAVESINKELEMENTARYSCHOOL,151MONMOUTHAVENUEATLANTICHIGHLANDSNJ07716,Navesink Elementary School,"151 Monmouth Avenue, Atlantic Highlands, NJ, 07716",https://www.greatschools.org/new-jersey/atlantic-highlands/1172-Navesink-Elementary-School/,Above average,8.0,NAVESINKELEMENTARYSCHOOL,151MONMOUTHAVENUEATLANTICHIGHLANDSNJ07716,100.0,100.0
Monmouth,LONG BRANCH PUBLIC SCHOOL District,Long Branch High School,25-2770-050,"404 Indiana Avenue, LONG BRANCH, NJ, 07740",LONGBRANCHHIGHSCHOOL,404INDIANAAVENUELONGBRANCHNJ07740,Long Branch High School,"404 Indiana Avenue, Long Branch, NJ, 07740",https://www.greatschools.org/new-jersey/long-branch/1016-Long-Branch-High-School/,Below average,2.0,LONGBRANCHHIGHSCHOOL,404INDIANAAVENUELONGBRANCHNJ07740,100.0,100.0
Essex,Bloomfield Township School District,Watsessing Elementary School,13-0410-150,"71 Prospect Street, Bloomfield, NJ, 07003",WATSESSINGELEMENTARYSCHOOL,71PROSPECTSTREETBLOOMFIELDNJ07003,Watsessing Elementary School,"71 Prospect Street, Bloomfield, NJ, 07003",https://www.greatschools.org/new-jersey/bloomfield/148-Watsessing-Elementary-School/,Above average,7.0,WATSESSINGELEMENTARYSCHOOL,71PROSPECTSTREETBLOOMFIELDNJ07003,100.0,100.0
Charters,Bergen Arts and Science Charter School,Bergen Arts and Sciences Charter School,80-6013-900,"200 MACARTHUR AVENUE, GARFIELD, NJ, 07026",BERGENARTSANDSCIENCESCHARTERSCHOOL,200MACARTHURAVENUEGARFIELDNJ07026,Bergen Arts And Sciences Charter School,"200 Macarthur Avenue, Garfield, NJ, 07026",https://www.greatschools.org/new-jersey/garfield/7062-Bergen-Arts-And-Sciences-Charter-School/,Average,5.0,BERGENARTSANDSCIENCESCHARTERSCHOOL,200MACARTHURAVENUEGARFIELDNJ07026,100.0,100.0
Gloucester,Woodbury City Public School District,Evergreen Avenue Elementary School,15-5860-090,"160 North Evergreen Avenue, Woodbury, NJ, 08096",EVERGREENAVENUEELEMENTARYSCHOOL,160NORTHEVERGREENAVENUEWOODBURYNJ08096,Evergreen Avenue Elementary School,"160 North Evergreen Avenue, Woodbury, NJ, 08096",https://www.greatschools.org/new-jersey/woodbury/2267-Evergreen-Avenue-Elementary-School/,Below average,4.0,EVERGREENAVENUEELEMENTARYSCHOOL,160NORTHEVERGREENAVENUEWOODBURYNJ08096,100.0,100.0
Middlesex,Piscataway Township School District,Quibbletown Middle School,23-4130-055,"99 ACADEMY STREET, PISCATAWAY, NJ, 08854",QUIBBLETOWNMIDDLESCHOOL,99ACADEMYSTREETPISCATAWAYNJ08854,Quibbletown Middle School,"99 Academy Street, Piscataway, NJ, 08854",https://www.greatschools.org/new-jersey/piscataway/1630-Quibbletown-Middle-School/,Average,5.0,QUIBBLETOWNMIDDLESCHOOL,99ACADEMYSTREETPISCATAWAYNJ08854,100.0,100.0
Somerset,Bridgewater-Raritan Regional School District,Bridgewater-Raritan Middle School,35-0555-010,"128 Merriwood Road, Bridgewater, NJ, 08807",BRIDGEWATERRARITANMIDDLESCHOOL,128MERRIWOODROADBRIDGEWATERNJ08807,Bridgewater-Raritan Middle School,"128 Merriwood Road, Bridgewater, NJ, 08807",https://www.greatschools.org/new-jersey/bridgewater-township/193-Brdgwtr--Raritn-Middle-School/,Average,6.0,BRIDGEWATERRARITANMIDDLESCHOOL,128MERRIWOODROADBRIDGEWATERNJ08807,100.0,100.0
Bergen,Fort Lee School District,School No. 1,03-1550-060,"250 HOYM STREET, FORT LEE, NJ, 07024",SCHOOLNO1,250HOYMSTREETFORTLEENJ07024,School No. 1,"250 Hoym Street, Fort Lee, NJ, 07024",https://www.greatschools.org/new-jersey/fort-lee/599-Number-1-Elementary-School/,Above average,9.0,SCHOOLNO1,250HOYMSTREETFORTLEENJ07024,100.0,100.0
Bergen,Ridgewood Public School District,Somerville Elementary School,03-4390-100,"45 SOUTH PLEASANT AVE, RIDGEWOOD, NJ, 07451",SOMERVILLEELEMENTARYSCHOOL,45SOUTHPLEASANTAVERIDGEWOODNJ07451,Somerville Elementary School,"45 SOUTH PLEASANT AVE, Ridgewood, NJ, 07451",https://www.greatschools.org/new-jersey/ridgewood/1736-Somerville-Elementary-School/,Above average,10.0,SOMERVILLEELEMENTARYSCHOOL,45SOUTHPLEASANTAVERIDGEWOODNJ07451,100.0,100.0
Union,Hillside Public School District,Hillside Innovation Academy,39-2190-300,"195 Virginia St-1100 Woodruff Ave, Hillside, NJ, 07205",HILLSIDEINNOVATIONACADEMY,195VIRGINIAST1100WOODRUFFAVEHILLSIDENJ07205,Hillside Innovation Academy,"195 Virginia St-1100 Woodruff Ave, Hillside, NJ, 07205",https://www.greatschools.org/new-jersey/hillside/9246-Hillside-Innovation-Academy/,Below average,4.0,HILLSIDEINNOVATIONACADEMY,195VIRGINIAST1100WOODRUFFAVEHILLSIDENJ07205,100.0,100.0
Morris,Parsippany-Troy Hills Township School District,Intervale Elementary School,27-3950-064,"60 Pitt Road, Boonton, NJ, 07005",INTERVALEELEMENTARYSCHOOL,60PITTROADBOONTONNJ07005,Intervale Elementary School,"60 Pitt Road, Boonton, NJ, 07005",https://www.greatschools.org/new-jersey/boonton/1507-Intervale-Elementary-School/,Average,6.0,INTERVALEELEMENTARYSCHOOL,60PITTROADBOONTONNJ07005,100.0,100.0
Bergen,Waldwick School District,Waldwick Middle School,03-5410-070,"155 WYCKOFF AVENUE, WALDWICK, NJ, 07463",WALDWICKMIDDLESCHOOL,155WYCKOFFAVENUEWALDWICKNJ07463,Waldwick Middle School,"155 Wyckoff Avenue, Waldwick, NJ, 07463",https://www.greatschools.org/new-jersey/waldwick/4209-Waldwick-Middle-School/,Above average,7.0,WALDWICKMIDDLESCHOOL,155WYCKOFFAVENUEWALDWICKNJ07463,100.0,100.0
Middlesex,Woodbridge Township School District,Menlo Park Terrace Elementary School,23-5850-230,"19 MARYKNOLL ROAD, METUCHEN, NJ, 08840",MENLOPARKTERRACEELEMENTARYSCHOOL,19MARYKNOLLROADMETUCHENNJ08840,Menlo Park Terrace Elementary School,"19 Maryknoll Road, Metuchen, NJ, 08840",https://www.greatschools.org/new-jersey/metuchen/2259-Menlo-Park-Terrace-Elementary-School/,Average,5.0,MENLOPARKTERRACEELEMENTARYSCHOOL,19MARYKNOLLROADMETUCHENNJ08840,100.0,100.0
Hunterdon,Clinton-Glen Gardner School District,Clinton Public School,19-0910-030,"10 SCHOOL STREET, CLINTON, NJ, 08809",CLINTONPUBLICSCHOOL,10SCHOOLSTREETCLINTONNJ08809,Clinton Public School,"10 School Street, Clinton, NJ, 08809",https://www.greatschools.org/new-jersey/clinton/350-Clinton-Public-School/,Above average,8.0,CLINTONPUBLICSCHOOL,10SCHOOLSTREETCLINTONNJ08809,100.0,100.0
Monmouth,Freehold Regional High School District,Marlboro High School,25-1650-080,"95 NORTH MAIN STREET, MARLBORO, NJ, 07746",MARLBOROHIGHSCHOOL,95NORTHMAINSTREETMARLBORONJ07746,Marlboro High School,"95 North Main Street, Marlboro, NJ, 07746",https://www.greatschools.org/new-jersey/marlboro/631-Marlboro-High-School/,Above average,7.0,MARLBOROHIGHSCHOOL,95NORTHMAINSTREETMARLBORONJ07746,100.0,100.0
Passaic,Paterson Public School District,New Roberto Clemente,31-4010-316,"482-506 MARKET STREET, PATERSON, NJ, 07501",NEWROBERTOCLEMENTE,482506MARKETSTREETPATERSONNJ07501,New Roberto Clemente,"482-506 MARKET STREET, Paterson, NJ, 07501",https://www.greatschools.org/new-jersey/paterson/6910-New-Roberto-Clemente/,Below average,1.0,NEWROBERTOCLEMENTE,482506MARKETSTREETPATERSONNJ07501,100.0,100.0
Essex,Newark Public School District,West Side High School,13-3570-080,"403 South Orange Avenue, Newark, NJ, 07103",WESTSIDEHIGHSCHOOL,403SOUTHORANGEAVENUENEWARKNJ07103,West Side High School,"403 South Orange Avenue, Newark, NJ, 07103",https://www.greatschools.org/new-jersey/newark/1325-West-Side-High-School/,Below average,1.0,WESTSIDEHIGHSCHOOL,403SOUTHORANGEAVENUENEWARKNJ07103,100.0,100.0
Passaic,Passaic City School District,Passaic Academy for Science and Engineering,31-3970-301,"291 Lafayette Avenue, Passaic, NJ, 07055",PASSAICACADEMYFORSCIENCEANDENGINEERING,291LAFAYETTEAVENUEPASSAICNJ07055,Passaic Academy For Science And Engineering,"291 Lafayette Avenue, Passaic, NJ, 07055",https://www.greatschools.org/new-jersey/passaic/8899-Passaic-Academy-For-Science-And-Engineering/,Above average,7.0,PASSAICACADEMYFORSCIENCEANDENGINEERING,291LAFAYETTEAVENUEPASSAICNJ07055,100.0,100.0
Middlesex,East Brunswick Township School District,Irwin Elementary School,23-1170-090,"71 RACETRACK ROAD, EAST BRUNSWICK, NJ, 08816",IRWINELEMENTARYSCHOOL,71RACETRACKROADEASTBRUNSWICKNJ08816,Irwin Elementary School,"71 Racetrack Road, East Brunswick, NJ, 08816",https://www.greatschools.org/new-jersey/east-brunswick/433-Irwin-School/,Below average,4.0,IRWINELEMENTARYSCHOOL,71RACETRACKROADEASTBRUNSWICKNJ08816,100.0,100.0
Union,Westfield Public School District,Westfield Senior High School,39-5730-050,"550 Dorian Road, Westfield, NJ, 07090",WESTFIELDSENIORHIGHSCHOOL,550DORIANROADWESTFIELDNJ07090,Westfield Senior High School,"550 Dorian Road, Westfield, NJ, 07090",https://www.greatschools.org/new-jersey/westfield/2198-Westfield-Senior-High-School/,Above average,8.0,WESTFIELDSENIORHIGHSCHOOL,550DORIANROADWESTFIELDNJ07090,100.0,100.0
Union,Berkeley Heights School District,Governor Livingston High School,39-0310-005,"175 WATCHUNG BOULEVARD, BERKELEY HEIGHTS, NJ, 07922",GOVERNORLIVINGSTONHIGHSCHOOL,175WATCHUNGBOULEVARDBERKELEYHEIGHTSNJ07922,Governor Livingston High School,"175 WATCHUNG BOULEVARD, Berkeley Heights, NJ, 07922",https://www.greatschools.org/new-jersey/new-providence/115-Governor-Livingston-High-School/,Above average,7.0,GOVERNORLIVINGSTONHIGHSCHOOL,175WATCHUNGBOULEVARDBERKELEYHEIGHTSNJ07922,100.0,100.0
Passaic,Paterson Public School District,Alexander Hamilton Academy,31-4010-043,"11  27 16TH AVENUE, PATERSON, NJ, 07501",ALEXANDERHAMILTONACADEMY,112716THAVENUEPATERSONNJ07501,Alexander Hamilton Academy,"11-27 16TH AVENUE, Paterson, NJ, 07501",https://www.greatschools.org/new-jersey/paterson/3459-Alexander-Hamilton-Academy/,Below average,2.0,ALEXANDERHAMILTONACADEMY,112716THAVENUEPATERSONNJ07501,100.0,100.0
Passaic,Paterson Public School District,School 20,31-4010-240,"500 EAST 37TH STREET, PATERSON, NJ, 07504",SCHOOL20,500EAST37THSTREETPATERSONNJ07504,School 20,"500 East 37th Street, Paterson, NJ, 07504",https://www.greatschools.org/new-jersey/paterson/1558-Number-20-Elementary-School/,Below average,3.0,SCHOOL20,500EAST37THSTREETPATERSONNJ07504,100.0,100.0
Burlington,Lenape Regional High School District,Seneca High School,05-2610-070,"110 CARRANZA ROAD, TABERNACLE, NJ, 08088",SENECAHIGHSCHOOL,110CARRANZAROADTABERNACLENJ08088,Seneca High School,"110 Carranza Road, Tabernacle, NJ, 08088",https://www.greatschools.org/new-jersey/tabernacle/4138-Seneca-High-School/,Below average,4.0,SENECAHIGHSCHOOL,110CARRANZAROADTABERNACLENJ08088,100.0,100.0
Essex,Newark Public School District,Louise A. Spencer Elementary School,13-3570-495,"66 MUHAMMAD ALI AVENUE, NEWARK, NJ, 07108",LOUISEASPENCERELEMENTARYSCHOOL,66MUHAMMADALIAVENUENEWARKNJ07108,Louise A. Spencer Elementary School,"66 Muhammad Ali Avenue, Newark, NJ, 07108",https://www.greatschools.org/new-jersey/newark/1359-Louise-A.-Spencer-Elementary-School/,Average,5.0,LOUISEASPENCERELEMENTARYSCHOOL,66MUHAMMADALIAVENUENEWARKNJ07108,100.0,100.0
Monmouth,Colts Neck Township School District,Cedar Drive Middle School,25-0945-030,"73 CEDAR DRIVE, COLTS NECK, NJ, 07722",CEDARDRIVEMIDDLESCHOOL,73CEDARDRIVECOLTSNECKNJ07722,Cedar Drive Middle School,"73 Cedar Drive, Colts Neck, NJ, 07722",https://www.greatschools.org/new-jersey/colts-neck/363-Cedar-Drive-Middle-School/,Above average,8.0,CEDARDRIVEMIDDLESCHOOL,73CEDARDRIVECOLTSNECKNJ07722,100.0,100.0
Camden,Haddon Township School District,Van Sciver Elementary School,07-1890-100,"625 RHOADS AVENUE, HADDONFIELD, NJ, 08033",VANSCIVERELEMENTARYSCHOOL,625RHOADSAVENUEHADDONFIELDNJ08033,Van Sciver Elementary School,"625 RHOADS AVENUE, Haddonfield, NJ, 08033",https://www.greatschools.org/new-jersey/haddon-township/717-Van-Sciver-Elementary-School/,Average,6.0,VANSCIVERELEMENTARYSCHOOL,625RHOADSAVENUEHADDONFIELDNJ08033,100.0,100.0
Passaic,Clifton Public School District,School #1,31-0900-080,"158 PARK SLOPE, CLIFTON, NJ, 07011",SCHOOL#1,158PARKSLOPECLIFTONNJ07011,School #1,"158 Park Slope, Clifton, NJ, 07011",https://www.greatschools.org/new-jersey/clifton/337-Number-1-Elementary-School/,Average,6.0,SCHOOL#1,158PARKSLOPECLIFTONNJ07011,100.0,100.0
Ocean,Toms River Regional School District,North Dover Elementary School,29-5190-080,"1759 NEW HAMPSHIRE AVENUE, TOMS RIVER, NJ, 08753",NORTHDOVERELEMENTARYSCHOOL,1759NEWHAMPSHIREAVENUETOMSRIVERNJ08753,North Dover Elementary School,"1759 NEW HAMPSHIRE AVENUE, Toms River, NJ, 08753",https://www.greatschools.org/new-jersey/toms-river/1956-North-Dover-Elementary-School/,Below average,4.0,NORTHDOVERELEMENTARYSCHOOL,1759NEWHAMPSHIREAVENUETOMSRIVERNJ08753,100.0,100.0
Ocean,Tuckerton Borough School District,Tuckerton Elementary School,29-5220-050,"MARINE STREET, TUCKERTON, NJ, 08087",TUCKERTONELEMENTARYSCHOOL,MARINESTREETTUCKERTONNJ08087,Tuckerton Elementary School,"Marine Street, Tuckerton, NJ, 08087",https://www.greatschools.org/new-jersey/tuckerton/1990-Tuckerton-Elementary-School/,Below average,3.0,TUCKERTONELEMENTARYSCHOOL,MARINESTREETTUCKERTONNJ08087,100.0,100.0
Monmouth,Hazlet Township Public School District,Lillian Drive School,25-2105-085,"28 LILLIAN DRIVE, HAZLET, NJ, 07730",LILLIANDRIVESCHOOL,28LILLIANDRIVEHAZLETNJ07730,Lillian Drive School,"28 Lillian Drive, Hazlet, NJ, 07730",https://www.greatschools.org/new-jersey/hazlet/1712-Lillian-Drive-School/,Average,6.0,LILLIANDRIVESCHOOL,28LILLIANDRIVEHAZLETNJ07730,100.0,100.0
Passaic,Little Falls Township Public School District,Little Falls Township Public School # 3,31-2700-070,"Little Falls School # 3, LITTLE FALLS, NJ, 07424",LITTLEFALLSTOWNSHIPPUBLICSCHOOL#3,LITTLEFALLSSCHOOL#3LITTLEFALLSNJ07424,Little Falls Township Public School # 3,"Little Falls School # 3, Little Falls, NJ, 07424",https://www.greatschools.org/new-jersey/little-falls/3493-Number-3/,Above average,8.0,LITTLEFALLSTOWNSHIPPUBLICSCHOOL#3,LITTLEFALLSSCHOOL#3LITTLEFALLSNJ07424,100.0,100.0
Mercer,Hopewell Valley Regional School District,Stony Brook Elementary School,21-2280-065,"20 STEPHENSON ROAD, PENNINGTON, NJ, 08534",STONYBROOKELEMENTARYSCHOOL,20STEPHENSONROADPENNINGTONNJ08534,Stony Brook Elementary School,"20 Stephenson Road, Pennington, NJ, 08534",https://www.greatschools.org/new-jersey/pennington/3491-Stony-Brook-Elementary-School/,Above average,10.0,STONYBROOKELEMENTARYSCHOOL,20STEPHENSONROADPENNINGTONNJ08534,100.0,100.0
Camden,"KIPP: Cooper Norcross, A New Jersey Nonprofit Corporation","KIPP: Cooper Norcross, A New Jersey Nonprofit Corporation",07-1799-111,"525 Clinton Street, Camden, NJ, 08103",KIPP:COOPERNORCROSSANEWJERSEYNONPROFITCORPORATION,525CLINTONSTREETCAMDENNJ08103,Kipp: Cooper Norcross A New Jersey Nonprofit Corporation,"525 Clinton Street, Camden, NJ, 08103",https://www.greatschools.org/new-jersey/camden/8831-Kipp-Cooper-Norcross-A-New-Jersey-Nonprofit-Corporation/,Below average,4.0,KIPP:COOPERNORCROSSANEWJERSEYNONPROFITCORPORATION,525CLINTONSTREETCAMDENNJ08103,100.0,100.0
Hudson,Jersey City Public Schools,Rev. Dr. Ercel F. Webb School,17-2390-200,"264 VAN HORNE STREET, JERSEY CITY, NJ, 07304",REVDRERCELFWEBBSCHOOL,264VANHORNESTREETJERSEYCITYNJ07304,Rev. Dr. Ercel F. Webb School,"264 Van Horne Street, Jersey City, NJ, 07304",https://www.greatschools.org/new-jersey/jersey-city/889-Number-22-Elementary-School/,Average,5.0,REVDRERCELFWEBBSCHOOL,264VANHORNESTREETJERSEYCITYNJ07304,100.0,100.0
Camden,Camden City School District,Yorkship Elementary School,07-0680-360,"1251 Collings Road, CAMDEN, NJ, 08104",YORKSHIPELEMENTARYSCHOOL,1251COLLINGSROADCAMDENNJ08104,Yorkship Elementary School,"1251 Collings Road, Camden, NJ, 08104",https://www.greatschools.org/new-jersey/camden/266-Yorkship-Elementary-School/,Below average,1.0,YORKSHIPELEMENTARYSCHOOL,1251COLLINGSROADCAMDENNJ08104,100.0,100.0
Hudson,Bayonne School District,Bayonne High School,17-0220-020,"669 AVENUE A, BAYONNE, NJ, 07002",BAYONNEHIGHSCHOOL,669AVENUEABAYONNENJ07002,Bayonne High School,"669 Avenue A, Bayonne, NJ, 07002",https://www.greatschools.org/new-jersey/bayonne/68-Bayonne-High-School/,Below average,3.0,BAYONNEHIGHSCHOOL,669AVENUEABAYONNENJ07002,100.0,100.0
Bergen,Franklin Lakes School District,Colonial Road School,03-1580-040,"749 Colonial Road, Franklin Lakes, NJ, 07417",COLONIALROADSCHOOL,749COLONIALROADFRANKLINLAKESNJ07417,Colonial Road School,"749 Colonial Road, Franklin Lakes, NJ, 07417",https://www.greatschools.org/new-jersey/franklin-lakes/4205-Colonial-Road-School/,Above average,8.0,COLONIALROADSCHOOL,749COLONIALROADFRANKLINLAKESNJ07417,100.0,100.0
Warren,Blairstown Elementary Township School District,Blairstown Elementary School,41-0400-030,"1 SUNSET HILL ROAD, BLAIRSTOWN, NJ, 07825",BLAIRSTOWNELEMENTARYSCHOOL,1SUNSETHILLROADBLAIRSTOWNNJ07825,Blairstown Elementary School,"1 Sunset Hill Road, Blairstown, NJ, 07825",https://www.greatschools.org/new-jersey/blairstown/137-Blairstown-Elementary-School/,Below average,4.0,BLAIRSTOWNELEMENTARYSCHOOL,1SUNSETHILLROADBLAIRSTOWNNJ07825,100.0,100.0
Charters,The Ethical Community Charter School,The Ethical Community Charter School,80-6030-912,"95 Broadway, JERSEY CITY, NJ, 07306",THEETHICALCOMMUNITYCHARTERSCHOOL,95BROADWAYJERSEYCITYNJ07306,The Ethical Community Charter School,"95 Broadway, Jersey City, NJ, 07306",https://www.greatschools.org/new-jersey/jersey-city/7110-The-Ethical-Community-Charter-School/,Below average,3.0,THEETHICALCOMMUNITYCHARTERSCHOOL,95BROADWAYJERSEYCITYNJ07306,100.0,100.0
Monmouth,Deal Boro School District,Deal Elementary School,25-1000-040,"201 ROSELD AVENUE, DEAL, NJ, 07723",DEALELEMENTARYSCHOOL,201ROSELDAVENUEDEALNJ07723,Deal Elementary School,"201 Roseld Avenue, Deal, NJ, 07723",https://www.greatschools.org/new-jersey/deal/380-Deal-Elementary-School/,Average,6.0,DEALELEMENTARYSCHOOL,201ROSELDAVENUEDEALNJ07723,100.0,100.0
Morris,Morris County Vocational School District,Morris County School of Technology,27-3365-050,"400 EAST MAIN STREET, DENVILLE, NJ, 07834",MORRISCOUNTYSCHOOLOFTECHNOLOGY,400EASTMAINSTREETDENVILLENJ07834,Morris County School Of Technology,"400 East Main Street, Denville, NJ, 07834",https://www.greatschools.org/new-jersey/denville/1244-Morris-Co-School-Of-Tech/,Above average,9.0,MORRISCOUNTYSCHOOLOFTECHNOLOGY,400EASTMAINSTREETDENVILLENJ07834,100.0,100.0
Monmouth,Asbury Park School District,Asbury Park High School,25-0100-010,"1001 SUNSET AVENUE, ASBURY PARK, NJ, 07712",ASBURYPARKHIGHSCHOOL,1001SUNSETAVENUEASBURYPARKNJ07712,Asbury Park High School,"1001 Sunset Avenue, Asbury Park, NJ, 07712",https://www.greatschools.org/new-jersey/asbury-park/39-Asbury-Park-High-School/,Below average,1.0,ASBURYPARKHIGHSCHOOL,1001SUNSETAVENUEASBURYPARKNJ07712,100.0,100.0
Bergen,Alpine School District,Alpine Elementary School,03-0080-010,"500 HILLSIDE AVENUE, ALPINE, NJ, 07620",ALPINEELEMENTARYSCHOOL,500HILLSIDEAVENUEALPINENJ07620,Alpine Elementary School,"500 Hillside Avenue, Alpine, NJ, 07620",https://www.greatschools.org/new-jersey/alpine/35-Alpine-Elementary-School/,Above average,10.0,ALPINEELEMENTARYSCHOOL,500HILLSIDEAVENUEALPINENJ07620,100.0,100.0
Monmouth,Monmouth County Vocational School District,Academy of Law & Public Safety,25-3260-301,"255 West End Avenue, Long Branch, NJ, 07740",ACADEMYOFLAW&PUBLICSAFETY,255WESTENDAVENUELONGBRANCHNJ07740,Academy Of Law & Public Safety,"255 West End Avenue, Long Branch, NJ, 07740",https://www.greatschools.org/new-jersey/long-branch/7432-Academy-Of-Law--Public-Safety/,Average,6.0,ACADEMYOFLAW&PUBLICSAFETY,255WESTENDAVENUELONGBRANCHNJ07740,100.0,100.0
Ocean,Toms River Regional School District,West Dover Elementary School,29-5190-120,"50 BLUE JAY DRIVE, TOMS RIVER, NJ, 08753",WESTDOVERELEMENTARYSCHOOL,50BLUEJAYDRIVETOMSRIVERNJ08753,West Dover Elementary School,"50 BLUE JAY DRIVE, Toms River, NJ, 08753",https://www.greatschools.org/new-jersey/toms-river/1962-West-Dover-Elementary-School/,Below average,2.0,WESTDOVERELEMENTARYSCHOOL,50BLUEJAYDRIVETOMSRIVERNJ08753,100.0,100.0
Warren,Franklin Township School District,Franklin Township School,41-1620-050,"52 ASBURY  BROADWAY ROAD, WASHINGTON, NJ, 07882",FRANKLINTOWNSHIPSCHOOL,52ASBURYBROADWAYROADWASHINGTONNJ07882,Franklin Township School,"52 Asbury Broadway Road, Washington, NJ, 07882",https://www.greatschools.org/new-jersey/washington/621-Franklin-Township-School/,Above average,7.0,FRANKLINTOWNSHIPSCHOOL,52ASBURYBROADWAYROADWASHINGTONNJ07882,100.0,100.0
Bergen,Fair Lawn Public School District,Westmoreland Elementary School,03-1450-160,"16-50 Parmelee Ave., FAIR LAWN, NJ, 07410",WESTMORELANDELEMENTARYSCHOOL,1650PARMELEEAVEFAIRLAWNNJ07410,Westmoreland Elementary School,"16-50 Parmelee Ave., Fair Lawn, NJ, 07410",https://www.greatschools.org/new-jersey/fair-lawn/577-Westmoreland-Elementary-School/,Above average,7.0,WESTMORELANDELEMENTARYSCHOOL,1650PARMELEEAVEFAIRLAWNNJ07410,100.0,100.0
Morris,Randolph Township School District,Center Grove School,27-4330-057,"25 SCHOOL HOUSE ROAD, RANDOLPH, NJ, 07869",CENTERGROVESCHOOL,25SCHOOLHOUSEROADRANDOLPHNJ07869,Center Grove School,"25 Schoolhouse Road, Randolph, NJ, 07869",https://www.greatschools.org/new-jersey/randolph/1704-Center-Grove-Elementary-School/,Above average,8.0,CENTERGROVESCHOOL,25SCHOOLHOUSEROADRANDOLPHNJ07869,100.0,100.0
Camden,Stratford School District,Samuel S. Yellin Elementary School,07-5080-060,"111 WARWICK ROAD, STRATFORD, NJ, 08084",SAMUELSYELLINELEMENTARYSCHOOL,111WARWICKROADSTRATFORDNJ08084,Samuel S. Yellin Elementary School,"111 Warwick Road, Stratford, NJ, 08084",https://www.greatschools.org/new-jersey/stratford/1915-Samuel-S.-Yellin-Elementary-School/,Average,5.0,SAMUELSYELLINELEMENTARYSCHOOL,111WARWICKROADSTRATFORDNJ08084,100.0,100.0
Mercer,Hopewell Valley Regional School District,Hopewell Elementary School,21-2280-055,"35 PRINCETON AVENUE, HOPEWELL, NJ, 08525",HOPEWELLELEMENTARYSCHOOL,35PRINCETONAVENUEHOPEWELLNJ08525,Hopewell Elementary School,"35 Princeton Avenue, Hopewell, NJ, 08525",https://www.greatschools.org/new-jersey/hopewell/827-Hopewell-Elementary-School/,Above average,7.0,HOPEWELLELEMENTARYSCHOOL,35PRINCETONAVENUEHOPEWELLNJ08525,100.0,100.0
Bergen,Bergenfield Borough School District,Jefferson Elementary School,03-0300-060,"200 HICKORY AVENUE, BERGENFIELD, NJ, 07621",JEFFERSONELEMENTARYSCHOOL,200HICKORYAVENUEBERGENFIELDNJ07621,Jefferson Elementary School,"200 Hickory Avenue, Bergenfield, NJ, 07621",https://www.greatschools.org/new-jersey/bergenfield/111-Jefferson-Elementary-School/,Above average,9.0,JEFFERSONELEMENTARYSCHOOL,200HICKORYAVENUEBERGENFIELDNJ07621,100.0,100.0
Middlesex,Edison Township School District,Benjamin Franklin Elementary School,23-1290-065,"2485 WOODBRIDGE AVENUE, EDISON, NJ, 08817",BENJAMINFRANKLINELEMENTARYSCHOOL,2485WOODBRIDGEAVENUEEDISONNJ08817,Benjamin Franklin Elementary School,"2485 Woodbridge Avenue, Edison, NJ, 08817",https://www.greatschools.org/new-jersey/edison/483-Benjamin-Franklin-Elementary-School/,Average,6.0,BENJAMINFRANKLINELEMENTARYSCHOOL,2485WOODBRIDGEAVENUEEDISONNJ08817,100.0,100.0
Essex,Millburn Township School District,Millburn Middle School,13-3190-060,"25 OLD SHORT HILLS RD, MILLBURN, NJ, 07041",MILLBURNMIDDLESCHOOL,25OLDSHORTHILLSRDMILLBURNNJ07041,Millburn Middle School,"25 OLD SHORT HILLS RD, Millburn, NJ, 07041",https://www.greatschools.org/new-jersey/millburn/1182-Millburn-Middle-School/,Above average,9.0,MILLBURNMIDDLESCHOOL,25OLDSHORTHILLSRDMILLBURNNJ07041,100.0,100.0
Burlington,Burlington Township School District,Fountain Woods Elementary School,05-0620-037,"601 FOUNTAIN AVENUE, BURLINGTON, NJ, 08016",FOUNTAINWOODSELEMENTARYSCHOOL,601FOUNTAINAVENUEBURLINGTONNJ08016,Fountain Woods Elementary School,"601 Fountain Avenue, Burlington, NJ, 08016",https://www.greatschools.org/new-jersey/burlington/3372-Fountain-Woods-Elementary-School/,Below average,4.0,FOUNTAINWOODSELEMENTARYSCHOOL,601FOUNTAINAVENUEBURLINGTONNJ08016,100.0,100.0
Bergen,Lyndhurst Public School District,Lyndhurst Middle School,03-2860-302,"625 Page Avenue, Lyndhurst, NJ, 07071",LYNDHURSTMIDDLESCHOOL,625PAGEAVENUELYNDHURSTNJ07071,Lyndhurst Middle School,"625 Page Avenue, Lyndhurst, NJ, 07071",https://www.greatschools.org/new-jersey/lyndhurst/9199-Lyndhurst-Middle-School/,Below average,3.0,LYNDHURSTMIDDLESCHOOL,625PAGEAVENUELYNDHURSTNJ07071,100.0,100.0
Somerset,Manville School District,Manville High School,35-3000-050,"1100 Brooks Boulevard, Manville, NJ, 08835",MANVILLEHIGHSCHOOL,1100BROOKSBOULEVARDMANVILLENJ08835,Manville High School,"1100 Brooks Boulevard, Manville, NJ, 08835",https://www.greatschools.org/new-jersey/manville/1102-Manville-High-School/,Below average,2.0,MANVILLEHIGHSCHOOL,1100BROOKSBOULEVARDMANVILLENJ08835,100.0,100.0
Middlesex,Old Bridge Township School District,Walter M. Schirra Elementary School,23-3845-165,"ONE AWN ST, OLD BRIDGE, NJ, 08857",WALTERMSCHIRRAELEMENTARYSCHOOL,ONEAWNSTOLDBRIDGENJ08857,Walter M. Schirra Elementary School,"ONE AWN ST, Old Bridge, NJ, 08857",https://www.greatschools.org/new-jersey/old-bridge-township/1071-Walter-M.-Schirra-Elementary-School/,Above average,7.0,WALTERMSCHIRRAELEMENTARYSCHOOL,ONEAWNSTOLDBRIDGENJ08857,100.0,100.0
Burlington,Moorestown Township Public School District,Mary E. Roberts Elementary School,05-3360-100,"290 CRESCENT AVENUE, MOORESTOWN, NJ, 08057",MARYEROBERTSELEMENTARYSCHOOL,290CRESCENTAVENUEMOORESTOWNNJ08057,Mary E. Roberts Elementary School,"290 Crescent Avenue, Moorestown, NJ, 08057",https://www.greatschools.org/new-jersey/moorestown/1241-Mary-E.-Roberts-Elementary-School/,Average,6.0,MARYEROBERTSELEMENTARYSCHOOL,290CRESCENTAVENUEMOORESTOWNNJ08057,100.0,100.0
Middlesex,New Brunswick School District,New Brunswick Middle School,23-3530-055,"1125 Livingston Avenue, NEW BRUNSWICK, NJ, 08901",NEWBRUNSWICKMIDDLESCHOOL,1125LIVINGSTONAVENUENEWBRUNSWICKNJ08901,New Brunswick Middle School,"1125 Livingston Avenue, New Brunswick, NJ, 08901",https://www.greatschools.org/new-jersey/new-brunswick/4562-New-Brunswick-Middle-School/,Below average,3.0,NEWBRUNSWICKMIDDLESCHOOL,1125LIVINGSTONAVENUENEWBRUNSWICKNJ08901,100.0,100.0
Sussex,Byram Township School District,Byram Lakes Elementary School,37-0640-010,"11 MANSFIELD DRIVE, STANHOPE, NJ, 07874",BYRAMLAKESELEMENTARYSCHOOL,11MANSFIELDDRIVESTANHOPENJ07874,Byram Lakes Elementary School,"11 Mansfield Drive, Stanhope, NJ, 07874",https://www.greatschools.org/new-jersey/stanhope/4121-Byram-Lakes-Elementary-School/,Above average,7.0,BYRAMLAKESELEMENTARYSCHOOL,11MANSFIELDDRIVESTANHOPENJ07874,100.0,100.0
Burlington,Medford Township School District,Chairville Elementary School,05-3080-030,"36 CHAIRVILLE ROAD, MEDFORD, NJ, 08055",CHAIRVILLEELEMENTARYSCHOOL,36CHAIRVILLEROADMEDFORDNJ08055,Chairville Elementary School,"36 Chairville Road, Medford, NJ, 08055",https://www.greatschools.org/new-jersey/medford/4211-Chairville-Elementary-School/,Above average,9.0,CHAIRVILLEELEMENTARYSCHOOL,36CHAIRVILLEROADMEDFORDNJ08055,100.0,100.0
Burlington,Mount Holly Township Public School District,F. W. Holbein Middle School,05-3430-060,"333 LEVIS DRIVE, MOUNT HOLLY, NJ, 08060",FWHOLBEINMIDDLESCHOOL,333LEVISDRIVEMOUNTHOLLYNJ08060,F.W. Holbein Middle School,"333 Levis Drive, Mount Holly, NJ, 08060",https://www.greatschools.org/new-jersey/mount-holly/1264-F.W.-Holbein-Middle-School/,Below average,3.0,FWHOLBEINMIDDLESCHOOL,333LEVISDRIVEMOUNTHOLLYNJ08060,100.0,100.0
Salem,Woodstown-Pilesgrove Regional School District,Woodstown High School,33-5910-050,"WOODSTOWN HIGH SCHOOL, WOODSTOWN, NJ, 08098",WOODSTOWNHIGHSCHOOL,WOODSTOWNHIGHSCHOOLWOODSTOWNNJ08098,Woodstown High School,"WOODSTOWN HIGH SCHOOL, Woodstown, NJ, 08098",https://www.greatschools.org/new-jersey/woodstown/2278-Woodstown-High-School/,Average,5.0,WOODSTOWNHIGHSCHOOL,WOODSTOWNHIGHSCHOOLWOODSTOWNNJ08098,100.0,100.0
Burlington,Medford Township School District,Taunton Forge Elementary School,05-3080-070,"32 EVERGREEN TRAIL, MEDFORD, NJ, 08055",TAUNTONFORGEELEMENTARYSCHOOL,32EVERGREENTRAILMEDFORDNJ08055,Taunton Forge Elementary School,"32 Evergreen Trail, Medford, NJ, 08055",https://www.greatschools.org/new-jersey/medford/1132-Taunton-Forge-Elementary-School/,Above average,9.0,TAUNTONFORGEELEMENTARYSCHOOL,32EVERGREENTRAILMEDFORDNJ08055,100.0,100.0
Bergen,Tenafly Public School District,Tenafly Middle School,03-5160-095,"10 SUNSET LANE, TENAFLY, NJ, 07670",TENAFLYMIDDLESCHOOL,10SUNSETLANETENAFLYNJ07670,Tenafly Middle School,"10 Sunset Lane, Tenafly, NJ, 07670",https://www.greatschools.org/new-jersey/tenafly/1942-Tenafly-Middle-School/,Above average,9.0,TENAFLYMIDDLESCHOOL,10SUNSETLANETENAFLYNJ07670,100.0,100.0
Passaic,Wayne Township Public School District,Randall Carter Elementary School,31-5570-135,"531 ALPS ROAD, WAYNE, NJ, 07470",RANDALLCARTERELEMENTARYSCHOOL,531ALPSROADWAYNENJ07470,Randall Carter Elementary School,"531 Alps Road, Wayne, NJ, 07470",https://www.greatschools.org/new-jersey/wayne/2132-Randall-Carter-Elementary-School/,Above average,9.0,RANDALLCARTERELEMENTARYSCHOOL,531ALPSROADWAYNENJ07470,100.0,100.0
Bergen,Leonia Public School District,Leonia High School,03-2620-050,"100 Christie Heights Street, Leonia, NJ, 07605",LEONIAHIGHSCHOOL,100CHRISTIEHEIGHTSSTREETLEONIANJ07605,Leonia High School,"100 Christie Heights Street, Leonia, NJ, 07605",https://www.greatschools.org/new-jersey/leonia/968-Leonia-High-School/,Above average,7.0,LEONIAHIGHSCHOOL,100CHRISTIEHEIGHTSSTREETLEONIANJ07605,100.0,100.0
Bergen,Pascack Valley Regional High School District,Pascack Valley High School,03-3960-050,"200 Piermont Avenue, Hillsdale, NJ, 07642",PASCACKVALLEYHIGHSCHOOL,200PIERMONTAVENUEHILLSDALENJ07642,Pascack Valley High School,"200 Piermont Avenue, Hillsdale, NJ, 07642",https://www.greatschools.org/new-jersey/hillsdale/1515-Pascack-Valley-High-School/,Above average,9.0,PASCACKVALLEYHIGHSCHOOL,200PIERMONTAVENUEHILLSDALENJ07642,100.0,100.0
Charters,Millville Public Charter School,Millville Public Charter School,80-6069-952,"1101 Wheaton Avenue, Millville, NJ, 08332",MILLVILLEPUBLICCHARTERSCHOOL,1101WHEATONAVENUEMILLVILLENJ08332,Millville Public Charter School,"1101 Wheaton Avenue, Millville, NJ, 08332",https://www.greatschools.org/new-jersey/millville/7124-Millville-Public-Charter-School/,Below average,2.0,MILLVILLEPUBLICCHARTERSCHOOL,1101WHEATONAVENUEMILLVILLENJ08332,100.0,100.0
Burlington,Moorestown Township Public School District,Moorestown Upper Elementary School,05-3360-115,"325 BORTON LANDING ROAD, MOORESTOWN, NJ, 08057",MOORESTOWNUPPERELEMENTARYSCHOOL,325BORTONLANDINGROADMOORESTOWNNJ08057,Moorestown Upper Elementary School,"325 Borton Landing Road, Moorestown, NJ, 08057",https://www.greatschools.org/new-jersey/moorestown/3455-Moorestown-Upper-Elementary-School/,Above average,7.0,MOORESTOWNUPPERELEMENTARYSCHOOL,325BORTONLANDINGROADMOORESTOWNNJ08057,100.0,100.0
Passaic,Passaic City School District,Passaic Preparatory Academy,31-3970-302,"252 Boulevard, Passaic, NJ, 07055",PASSAICPREPARATORYACADEMY,252BOULEVARDPASSAICNJ07055,Passaic Preparatory Academy,"252 Boulevard, Passaic, NJ, 07055",https://www.greatschools.org/new-jersey/passaic/8900-Passaic-Preparatory-Academy/,Below average,3.0,PASSAICPREPARATORYACADEMY,252BOULEVARDPASSAICNJ07055,100.0,100.0
Passaic,Clifton Public School District,School #13,31-0900-180,"782 VAN HOUTEN AVENUE, CLIFTON, NJ, 07013",SCHOOL#13,782VANHOUTENAVENUECLIFTONNJ07013,School #13,"782 Van Houten Avenue, Clifton, NJ, 07013",https://www.greatschools.org/new-jersey/clifton/346-Number-13-Elementary-School/,Below average,4.0,SCHOOL#13,782VANHOUTENAVENUECLIFTONNJ07013,100.0,100.0
Charters,Jersey City Global Charter School,Jersey City Global Charter School,80-6093-981,"255 Congress Street, Jersey City, NJ, 07307",JERSEYCITYGLOBALCHARTERSCHOOL,255CONGRESSSTREETJERSEYCITYNJ07307,Jersey City Global Charter School,"255 Congress Street, Jersey City, NJ, 07307",https://www.greatschools.org/new-jersey/jersey-city/8778-Jersey-City-Global-Charter-School/,Above average,7.0,JERSEYCITYGLOBALCHARTERSCHOOL,255CONGRESSSTREETJERSEYCITYNJ07307,100.0,100.0
Ocean,Lakewood Township School District,Lakewood Middle School,29-2520-083,"755 SOMERSET AVENUE, LAKEWOOD, NJ, 08701",LAKEWOODMIDDLESCHOOL,755SOMERSETAVENUELAKEWOODNJ08701,Lakewood Middle School,"755 Somerset Avenue, Lakewood, NJ, 08701",https://www.greatschools.org/new-jersey/lakewood-township/946-Lakewood-Middle-School/,Below average,4.0,LAKEWOODMIDDLESCHOOL,755SOMERSETAVENUELAKEWOODNJ08701,100.0,100.0
Essex,Millburn Township School District,Washington School,13-3190-300,"71 Spring Street, Millburn, NJ, 07041",WASHINGTONSCHOOL,71SPRINGSTREETMILLBURNNJ07041,Washington School,"71 Spring Street, Millburn, NJ, 07041",https://www.greatschools.org/new-jersey/millburn/8897-Washington-School/,Average,6.0,WASHINGTONSCHOOL,71SPRINGSTREETMILLBURNNJ07041,100.0,100.0
Middlesex,South River Public School District,South River Elementary School,23-4920-065,"81 JOHNSON PLACE, SOUTH RIVER, NJ, 08882",SOUTHRIVERELEMENTARYSCHOOL,81JOHNSONPLACESOUTHRIVERNJ08882,South River Elementary School,"81 Johnson Place, South River, NJ, 08882",https://www.greatschools.org/new-jersey/south-river/1879-South-River-Elementary-School/,Below average,3.0,SOUTHRIVERELEMENTARYSCHOOL,81JOHNSONPLACESOUTHRIVERNJ08882,100.0,100.0
Atlantic,Pleasantville Public School District,Pleasantville High School,01-4180-050,"701 MILL ROAD, PLEASANTVILLE, NJ, 08232",PLEASANTVILLEHIGHSCHOOL,701MILLROADPLEASANTVILLENJ08232,Pleasantville High School,"701 Mill Road, Pleasantville, NJ, 08232",https://www.greatschools.org/new-jersey/pleasantville/1659-Pleasantville-High-School/,Below average,2.0,PLEASANTVILLEHIGHSCHOOL,701MILLROADPLEASANTVILLENJ08232,100.0,100.0
Bergen,Bergen County Vocational Technical School District,Applied Technology High School,03-0290-300,"400 Paramus Road, Paramus, NJ, 07652",APPLIEDTECHNOLOGYHIGHSCHOOL,400PARAMUSROADPARAMUSNJ07652,Applied Technology High School,"400 Paramus Road, Paramus, NJ, 07652",https://www.greatschools.org/new-jersey/paramus/8866-Applied-Technology-High-School/,Above average,9.0,APPLIEDTECHNOLOGYHIGHSCHOOL,400PARAMUSROADPARAMUSNJ07652,100.0,100.0
Atlantic,Folsom Borough School District,Folsom Elementary School,01-1540-050,"1357 Mays Landing Road, Folsom, NJ, 08037",FOLSOMELEMENTARYSCHOOL,1357MAYSLANDINGROADFOLSOMNJ08037,Folsom Elementary School,"1357 Mays Landing Road, Folsom, NJ, 08037",https://www.greatschools.org/new-jersey/hammonton/597-Folsom-Elementary-School/,Average,6.0,FOLSOMELEMENTARYSCHOOL,1357MAYSLANDINGROADFOLSOMNJ08037,100.0,100.0
Union,Scotch Plains-Fanwood School District,William J. McGinn Elementary School,39-4670-105,"1100 ROOSEVELT AVENUE, SCOTCH PLAINS, NJ, 07076",WILLIAMJMCGINNELEMENTARYSCHOOL,1100ROOSEVELTAVENUESCOTCHPLAINSNJ07076,William J. McGinn Elementary School,"1100 Roosevelt Avenue, Scotch Plains, NJ, 07076",https://www.greatschools.org/new-jersey/scotch-plains/1822-William-J.-McGinn-Elementary-School/,Above average,10.0,WILLIAMJMCGINNELEMENTARYSCHOOL,1100ROOSEVELTAVENUESCOTCHPLAINSNJ07076,100.0,100.0
Middlesex,Middlesex Borough School District,Parker Elementary School,23-3140-070,"SOUTH LINCOLN AVENUE, MIDDLESEX, NJ, 08846",PARKERELEMENTARYSCHOOL,SOUTHLINCOLNAVENUEMIDDLESEXNJ08846,Parker Elementary School,"South Lincoln Avenue, Middlesex, NJ, 08846",https://www.greatschools.org/new-jersey/middlesex/1152-Parker-Elementary-School/,Below average,3.0,PARKERELEMENTARYSCHOOL,SOUTHLINCOLNAVENUEMIDDLESEXNJ08846,100.0,100.0
Bergen,Cliffside Park School District,School #4,03-0890-060,"279 COLUMBIA AVENUE, CLIFFSIDE PARK, NJ, 07010",SCHOOL#4,279COLUMBIAAVENUECLIFFSIDEPARKNJ07010,School #4,"279 Columbia Avenue, Cliffside Park, NJ, 07010",https://www.greatschools.org/new-jersey/cliffside-park/331-Number-4-Elementary-School/,Average,6.0,SCHOOL#4,279COLUMBIAAVENUECLIFFSIDEPARKNJ07010,100.0,100.0
Middlesex,Edison Township School District,Lindeneau Elementary School,23-1290-103,"50 BLOSSOM STREET, EDISON, NJ, 08817",LINDENEAUELEMENTARYSCHOOL,50BLOSSOMSTREETEDISONNJ08817,Lindeneau Elementary School,"50 Blossom Street, Edison, NJ, 08817",https://www.greatschools.org/new-jersey/edison/489-Lindeneau-Elementary-School/,Average,5.0,LINDENEAUELEMENTARYSCHOOL,50BLOSSOMSTREETEDISONNJ08817,100.0,100.0
Passaic,Paterson Public School District,School 7,31-4010-110,"106 RAMSEY STREET, PATERSON, NJ, 07501",SCHOOL7,106RAMSEYSTREETPATERSONNJ07501,School 7,"106 Ramsey Street, Paterson, NJ, 07501",https://www.greatschools.org/new-jersey/paterson/1545-Number-7-Elementary-School/,Below average,2.0,SCHOOL7,106RAMSEYSTREETPATERSONNJ07501,100.0,100.0
Monmouth,LONG BRANCH PUBLIC SCHOOL District,Long Branch Middle School,25-2770-060,"350 INDIANA AVENUE, LONG BRANCH, NJ, 07740",LONGBRANCHMIDDLESCHOOL,350INDIANAAVENUELONGBRANCHNJ07740,Long Branch Middle School,"350 Indiana Avenue, Long Branch, NJ, 07740",https://www.greatschools.org/new-jersey/long-branch/1017-Long-Branch-Middle-School/,Below average,3.0,LONGBRANCHMIDDLESCHOOL,350INDIANAAVENUELONGBRANCHNJ07740,100.0,100.0
Monmouth,Howell Township Public School District,Ardena Elementary School,25-2290-010,"355 ADELPHIA ROAD, FARMINGDALE, NJ, 07727",ARDENAELEMENTARYSCHOOL,355ADELPHIAROADFARMINGDALENJ07727,Ardena Elementary School,"355 Adelphia Road, Farmingdale, NJ, 07727",https://www.greatschools.org/new-jersey/farmingdale/831-Ardena-Elementary-School/,Average,5.0,ARDENAELEMENTARYSCHOOL,355ADELPHIAROADFARMINGDALENJ07727,100.0,100.0
Passaic,Paterson Public School District,School 16,31-4010-309,"11 22ND AVENUE, PATERSON, NJ, 07513",SCHOOL16,1122NDAVENUEPATERSONNJ07513,School 16,"11 22nd Avenue, Paterson, NJ, 07513",https://www.greatschools.org/new-jersey/paterson/8864-School-16/,Below average,3.0,SCHOOL16,1122NDAVENUEPATERSONNJ07513,100.0,100.0
Monmouth,Middletown Township Public School District,Fairview Elementary School,25-3160-090,"230 COOPER ROAD, RED BANK, NJ, 07701",FAIRVIEWELEMENTARYSCHOOL,230COOPERROADREDBANKNJ07701,Fairview Elementary School,"230 Cooper Road, Red Bank, NJ, 07701",https://www.greatschools.org/new-jersey/red-bank/1167-Fairview-Elementary-School/,Above average,8.0,FAIRVIEWELEMENTARYSCHOOL,230COOPERROADREDBANKNJ07701,100.0,100.0
Charters,Union County TEAMS Charter School-High School/College LA,Union County TEAMS Charter School,80-8010-980,"515  517 WEST FOURTH STREET, PLAINFIELD, NJ, 07060",UNIONCOUNTYTEAMSCHARTERSCHOOL,515517WESTFOURTHSTREETPLAINFIELDNJ07060,Union County Teams Charter School,"515 517 WEST FOURTH STREET, Plainfield, NJ, 07060",https://www.greatschools.org/new-jersey/plainfield/4537-Union-County-Teams-Charter-School/,Below average,3.0,UNIONCOUNTYTEAMSCHARTERSCHOOL,515517WESTFOURTHSTREETPLAINFIELDNJ07060,100.0,100.0
Monmouth,Shore Regional High School District,Shore Regional High School,25-4760-050,"132 MONMOUTH PARK HIGHWAY 36, WEST LONG BRANCH, NJ, 07764",SHOREREGIONALHIGHSCHOOL,132MONMOUTHPARKHIGHWAY36WESTLONGBRANCHNJ07764,Shore Regional High School,"132 MONMOUTH PARK HIGHWAY 36, West Long Branch, NJ, 07764",https://www.greatschools.org/new-jersey/west-long-branch/1834-Shore-Reg-High-School/,Average,6.0,SHOREREGIONALHIGHSCHOOL,132MONMOUTHPARKHIGHWAY36WESTLONGBRANCHNJ07764,100.0,100.0
Charters,Hoboken Dual Language Charter School,Hoboken Dual Language Charter School,80-6036-921,"123 Jefferson Street, HOBOKEN, NJ, 07030",HOBOKENDUALLANGUAGECHARTERSCHOOL,123JEFFERSONSTREETHOBOKENNJ07030,Hoboken Dual Language Charter School,"123 Jefferson Street, Hoboken, NJ, 07030",https://www.greatschools.org/new-jersey/hoboken/7097-Hoboken-Dual-Language-Charter-School/,Above average,7.0,HOBOKENDUALLANGUAGECHARTERSCHOOL,123JEFFERSONSTREETHOBOKENNJ07030,100.0,100.0
Camden,Camden City School District,Morgan Village Middle School,07-0680-306,"990 Morgan Boulevard, Camden, NJ, 08104",MORGANVILLAGEMIDDLESCHOOL,990MORGANBOULEVARDCAMDENNJ08104,Morgan Village Middle School,"990 Morgan Boulevard, Camden, NJ, 08104",https://www.greatschools.org/new-jersey/camden/9201-Morgan-Village-Middle-School/,Below average,2.0,MORGANVILLAGEMIDDLESCHOOL,990MORGANBOULEVARDCAMDENNJ08104,100.0,100.0
Monmouth,Manasquan School District,Manasquan High School,25-2930-050,"167 Broad Street, Manasquan, NJ, 08736",MANASQUANHIGHSCHOOL,167BROADSTREETMANASQUANNJ08736,Manasquan High School,"167 Broad Street, Manasquan, NJ, 08736",https://www.greatschools.org/new-jersey/manasquan/1086-Manasquan-High-School/,Average,6.0,MANASQUANHIGHSCHOOL,167BROADSTREETMANASQUANNJ08736,100.0,100.0
Bergen,Ramsey School District,John Y Dater Elementary School,03-4310-060,"35 SCHOOL STREET, RAMSEY, NJ, 07446",JOHNYDATERELEMENTARYSCHOOL,35SCHOOLSTREETRAMSEYNJ07446,John Y. Dater Elementary School,"35 School Street, Ramsey, NJ, 07446",https://www.greatschools.org/new-jersey/ramsey/1698-John-Y.-Dater-Elementary-School/,Above average,7.0,JOHNYDATERELEMENTARYSCHOOL,35SCHOOLSTREETRAMSEYNJ07446,100.0,100.0
Passaic,Passaic County Vocational School District,Diana C. Lobosco STEM Academy,31-3995-300,"45 Reinhardt Road, Wayne, NJ, 07470",DIANACLOBOSCOSTEMACADEMY,45REINHARDTROADWAYNENJ07470,Diana C. Lobosco Stem Academy,"45 Reinhardt Road, Wayne, NJ, 07470",https://www.greatschools.org/new-jersey/wayne/9208-Diana-C.-Lobosco-Stem-Academy/,Above average,10.0,DIANACLOBOSCOSTEMACADEMY,45REINHARDTROADWAYNENJ07470,100.0,100.0
Morris,Randolph Township School District,Randolph Middle School,27-4330-075,"507 MILLBROOK AVENUE, RANDOLPH, NJ, 07869",RANDOLPHMIDDLESCHOOL,507MILLBROOKAVENUERANDOLPHNJ07869,Randolph Middle School,"507 Millbrook Avenue, Randolph, NJ, 07869",https://www.greatschools.org/new-jersey/randolph/1707-Randolph-Middle-School/,Average,6.0,RANDOLPHMIDDLESCHOOL,507MILLBROOKAVENUERANDOLPHNJ07869,100.0,100.0
Salem,Woodstown-Pilesgrove Regional School District,Woodstown Middle School,33-5910-070,"WOODSTOWN MIDDLE SCHOOL, WOODSTOWN, NJ, 08098",WOODSTOWNMIDDLESCHOOL,WOODSTOWNMIDDLESCHOOLWOODSTOWNNJ08098,Woodstown Middle School,"WOODSTOWN MIDDLE SCHOOL, Woodstown, NJ, 08098",https://www.greatschools.org/new-jersey/woodstown/2280-Woodstown-Middle-School/,Average,6.0,WOODSTOWNMIDDLESCHOOL,WOODSTOWNMIDDLESCHOOLWOODSTOWNNJ08098,100.0,100.0
Essex,West Essex Regional School District,West Essex High School,13-5630-050,"65 WEST GREENBROOK RD, NORTH CALDWELL, NJ, 07006",WESTESSEXHIGHSCHOOL,65WESTGREENBROOKRDNORTHCALDWELLNJ07006,West Essex High School,"65 WEST GREENBROOK RD, North Caldwell, NJ, 07006",https://www.greatschools.org/new-jersey/caldwell/2147-West-Essex-High-School/,Above average,7.0,WESTESSEXHIGHSCHOOL,65WESTGREENBROOKRDNORTHCALDWELLNJ07006,100.0,100.0
Bergen,Ridgewood Public School District,Travell Elementary School,03-4390-110,"340 BOGERT AVE, RIDGEWOOD, NJ, 07451",TRAVELLELEMENTARYSCHOOL,340BOGERTAVERIDGEWOODNJ07451,Travell Elementary School,"340 BOGERT AVE, Ridgewood, NJ, 07451",https://www.greatschools.org/new-jersey/ridgewood/1737-Travell-Elementary-School/,Above average,9.0,TRAVELLELEMENTARYSCHOOL,340BOGERTAVERIDGEWOODNJ07451,100.0,100.0
Somerset,Warren Township School District,Woodland School,35-5470-050,"114 Stirling Road, Warren, NJ, 07059",WOODLANDSCHOOL,114STIRLINGROADWARRENNJ07059,Woodland School,"114 Stirling Road, Warren, NJ, 07059",https://www.greatschools.org/new-jersey/warren/2091-Woodland-School/,Above average,7.0,WOODLANDSCHOOL,114STIRLINGROADWARRENNJ07059,100.0,100.0
Camden,Bellmawr Public School District,Ethel M Burke Elementary School,07-0260-030,"112 SOUTH BLACK HORSE PIKE, BELLMAWR, NJ, 08031",ETHELMBURKEELEMENTARYSCHOOL,112SOUTHBLACKHORSEPIKEBELLMAWRNJ08031,Ethel M. Burke Elementary School,"112 South Black Horse Pike, Bellmawr, NJ, 08031",https://www.greatschools.org/new-jersey/bellmawr/91-Ethel-M.-Burke-Elementary-School/,Below average,4.0,ETHELMBURKEELEMENTARYSCHOOL,112SOUTHBLACKHORSEPIKEBELLMAWRNJ08031,100.0,100.0
Ocean,Ocean Gate School District,Ocean Gate Elementary School,29-3800-050,"126 WEST ARVERNE AVENUE, OCEAN GATE, NJ, 08740",OCEANGATEELEMENTARYSCHOOL,126WESTARVERNEAVENUEOCEANGATENJ08740,Ocean Gate Elementary School,"126 West Arverne Avenue, Ocean Gate, NJ, 08740",https://www.greatschools.org/new-jersey/ocean-gate/1458-Ocean-Gate-Elementary-School/,Average,5.0,OCEANGATEELEMENTARYSCHOOL,126WESTARVERNEAVENUEOCEANGATENJ08740,100.0,100.0
Charters,Roseville Community Charter School,Roseville Community Charter School,80-6058-939,"540 ORANGE STREET, NEWARK, NJ, 07107",ROSEVILLECOMMUNITYCHARTERSCHOOL,540ORANGESTREETNEWARKNJ07107,Roseville Community Charter School,"540 Orange Street, Newark, NJ, 07107",https://www.greatschools.org/new-jersey/newark/7153-Roseville-Community-Charter-School/,Below average,3.0,ROSEVILLECOMMUNITYCHARTERSCHOOL,540ORANGESTREETNEWARKNJ07107,100.0,100.0
Hunterdon,Tewksbury Township School District,Tewksbury Elementary School,19-5180-055,"109 FAIRMOUNT ROAD EAST, CALIFON, NJ, 07830",TEWKSBURYELEMENTARYSCHOOL,109FAIRMOUNTROADEASTCALIFONNJ07830,Tewksbury Elementary School,"109 Fairmount Road East, Califon, NJ, 07830",https://www.greatschools.org/new-jersey/califon/4251-Tewksbury-Elementary-School/,Above average,9.0,TEWKSBURYELEMENTARYSCHOOL,109FAIRMOUNTROADEASTCALIFONNJ07830,100.0,100.0
Charters,Greater Brunswick Charter School,Greater Brunswick Charter School,80-6635-930,"429 JOYCE KILMER AVENUE, NEW BRUNSWICK, NJ, 08901",GREATERBRUNSWICKCHARTERSCHOOL,429JOYCEKILMERAVENUENEWBRUNSWICKNJ08901,Greater Brunswick Charter School,"429 Joyce Kilmer Avenue, New Brunswick, NJ, 08901",https://www.greatschools.org/new-jersey/new-brunswick/3362-Greater-Brunswick-Charter-School/,Below average,3.0,GREATERBRUNSWICKCHARTERSCHOOL,429JOYCEKILMERAVENUENEWBRUNSWICKNJ08901,100.0,100.0
Passaic,Wayne Township Public School District,George Washington Middle School,31-5570-083,"68 LENOX ROAD, WAYNE, NJ, 07470",GEORGEWASHINGTONMIDDLESCHOOL,68LENOXROADWAYNENJ07470,George Washington Middle School,"68 Lenox Road, Wayne, NJ, 07470",https://www.greatschools.org/new-jersey/wayne/2127-George-Washington-Middle-School/,Above average,8.0,GEORGEWASHINGTONMIDDLESCHOOL,68LENOXROADWAYNENJ07470,100.0,100.0
Morris,East Hanover Township School District,East Hanover Middle School,27-1190-050,"477 RIDGEDALE AVENUE, EAST HANOVER, NJ, 07936",EASTHANOVERMIDDLESCHOOL,477RIDGEDALEAVENUEEASTHANOVERNJ07936,East Hanover Middle School,"477 Ridgedale Avenue, East Hanover, NJ, 07936",https://www.greatschools.org/new-jersey/east-hanover/438-East-Hanover-Middle-School/,Above average,8.0,EASTHANOVERMIDDLESCHOOL,477RIDGEDALEAVENUEEASTHANOVERNJ07936,100.0,100.0
Burlington,Moorestown Township Public School District,Moorestown High School,05-3360-040,"350 BRIDGEBORO ROAD, MOORESTOWN, NJ, 08057",MOORESTOWNHIGHSCHOOL,350BRIDGEBOROROADMOORESTOWNNJ08057,Moorestown High School,"350 Bridgeboro Road, Moorestown, NJ, 08057",https://www.greatschools.org/new-jersey/moorestown/1239-Moorestown-High-School/,Above average,8.0,MOORESTOWNHIGHSCHOOL,350BRIDGEBOROROADMOORESTOWNNJ08057,100.0,100.0
Union,Scotch Plains-Fanwood School District,Howard B. Brunner Elementary School,39-4670-080,"721 WESTFIELD ROAD, SCOTCH PLAINS, NJ, 07076",HOWARDBBRUNNERELEMENTARYSCHOOL,721WESTFIELDROADSCOTCHPLAINSNJ07076,Howard B. Brunner Elementary School,"721 Westfield Road, Scotch Plains, NJ, 07076",https://www.greatschools.org/new-jersey/scotch-plains/1819-Howard-B.-Brunner-Elementary-School/,Above average,8.0,HOWARDBBRUNNERELEMENTARYSCHOOL,721WESTFIELDROADSCOTCHPLAINSNJ07076,100.0,100.0
Middlesex,South River Public School District,South River Middle School,23-4920-055,"3 MONTGOMERY STREET, SOUTH RIVER, NJ, 08882",SOUTHRIVERMIDDLESCHOOL,3MONTGOMERYSTREETSOUTHRIVERNJ08882,South River Middle School,"3 Montgomery Street, South River, NJ, 08882",https://www.greatschools.org/new-jersey/south-river/1881-South-River-Middle-School/,Below average,3.0,SOUTHRIVERMIDDLESCHOOL,3MONTGOMERYSTREETSOUTHRIVERNJ08882,100.0,100.0
Charters,Principle Academy Charter School,Principle Academy Charter School,80-6104-995,"6718 Black Horse Pike, Egg Harbor Township, NJ, 08234",PRINCIPLEACADEMYCHARTERSCHOOL,6718BLACKHORSEPIKEEGGHARBORTOWNSHIPNJ08234,Principle Academy Charter School,"6718 Black Horse Pike, Egg Harbor Township, NJ, 08234",https://www.greatschools.org/new-jersey/pleasantville/8853-International-Academy-Of-Atlantic-City-Charter-School/,Below average,4.0,PRINCIPLEACADEMYCHARTERSCHOOL,6718BLACKHORSEPIKEEGGHARBORTOWNSHIPNJ08234,100.0,100.0
Bergen,Ramsey School District,Eric S. Smith Middle School,03-4310-055,"2 MONROE STREET, RAMSEY, NJ, 07446",ERICSSMITHMIDDLESCHOOL,2MONROESTREETRAMSEYNJ07446,Eric S. Smith Middle School,"2 Monroe Street, Ramsey, NJ, 07446",https://www.greatschools.org/new-jersey/ramsey/1697-Eric-S.-Smith-Middle-School/,Average,5.0,ERICSSMITHMIDDLESCHOOL,2MONROESTREETRAMSEYNJ07446,100.0,100.0
Atlantic,Buena Regional School District,Buena Regional High School,01-0590-025,"125 WEYMOUTH ROAD, BUENA, NJ, 08310",BUENAREGIONALHIGHSCHOOL,125WEYMOUTHROADBUENANJ08310,Buena Regional High School,"125 Weymouth Road, Buena, NJ, 08310",https://www.greatschools.org/new-jersey/buena/206-Buena-Regional-High-School/,Below average,2.0,BUENAREGIONALHIGHSCHOOL,125WEYMOUTHROADBUENANJ08310,100.0,100.0
Morris,Kinnelon School District,Kinnelon High School,27-2460-050,"121 KINNELON ROAD, KINNELON, NJ, 07405",KINNELONHIGHSCHOOL,121KINNELONROADKINNELONNJ07405,Kinnelon High School,"121 Kinnelon Road, Kinnelon, NJ, 07405",https://www.greatschools.org/new-jersey/kinnelon/928-Kinnelon-High-School/,Above average,9.0,KINNELONHIGHSCHOOL,121KINNELONROADKINNELONNJ07405,100.0,100.0
Ocean,Lakewood Township School District,Lakewood High School,29-2520-050,"855 SOMERSET AVENUE, LAKEWOOD, NJ, 08701",LAKEWOODHIGHSCHOOL,855SOMERSETAVENUELAKEWOODNJ08701,Lakewood High School,"855 Somerset Avenue, Lakewood, NJ, 08701",https://www.greatschools.org/new-jersey/lakewood-township/943-Lakewood-High-School/,Below average,3.0,LAKEWOODHIGHSCHOOL,855SOMERSETAVENUELAKEWOODNJ08701,100.0,100.0
Passaic,West Milford Township Public School District,Marshall Hill Elementary School,31-5650-070,"210 MARSHALL HILL ROAD, WEST MILFORD, NJ, 07480",MARSHALLHILLELEMENTARYSCHOOL,210MARSHALLHILLROADWESTMILFORDNJ07480,Marshall Hill Elementary School,"210 Marshall Hill Road, West Milford, NJ, 07480",https://www.greatschools.org/new-jersey/west-milford/2162-Marshall-Hill-Elementary-School/,Average,5.0,MARSHALLHILLELEMENTARYSCHOOL,210MARSHALLHILLROADWESTMILFORDNJ07480,100.0,100.0
Camden,Cherry Hill School District,John A. Carusi Middle School,07-0800-067,"315 Roosevelt Dr., CHERRY HILL, NJ, 08034",JOHNACARUSIMIDDLESCHOOL,315ROOSEVELTDRCHERRYHILLNJ08034,John A Carusi Middle School,"315 Roosevelt Dr., Cherry Hill, NJ, 08034",https://www.greatschools.org/new-jersey/cherry-hill/296-John-A-Carusi-Middle-School/,Below average,4.0,JOHNACARUSIMIDDLESCHOOL,315ROOSEVELTDRCHERRYHILLNJ08034,100.0,100.0
Bergen,Glen Rock Public School District,Alexander Hamilton School,03-1760-065,"380 HARRISTOWN ROAD, GLEN ROCK, NJ, 07452",ALEXANDERHAMILTONSCHOOL,380HARRISTOWNROADGLENROCKNJ07452,Alexander Hamilton School,"380 Harristown Road, Glen Rock, NJ, 07452",https://www.greatschools.org/new-jersey/glen-rock/3488-Alexander-Hamilton-School/,Above average,10.0,ALEXANDERHAMILTONSCHOOL,380HARRISTOWNROADGLENROCKNJ07452,100.0,100.0
Cape May,Ocean City School District,Ocean City Intermediate School,09-3780-060,"1901 BAY AVENUE, OCEAN CITY, NJ, 08226",OCEANCITYINTERMEDIATESCHOOL,1901BAYAVENUEOCEANCITYNJ08226,Ocean City Intermediate School,"1901 Bay Avenue, Ocean City, NJ, 08226",https://www.greatschools.org/new-jersey/ocean-city/1451-Ocean-City-Intermediate-School/,Average,6.0,OCEANCITYINTERMEDIATESCHOOL,1901BAYAVENUEOCEANCITYNJ08226,100.0,100.0
Union,Scotch Plains-Fanwood School District,J. Ackerman Coles Elementary School,39-4670-085,"16 KEVIN ROAD, SCOTCH PLAINS, NJ, 07076",JACKERMANCOLESELEMENTARYSCHOOL,16KEVINROADSCOTCHPLAINSNJ07076,J. Ackerman Coles Elementary School,"16 Kevin Road, Scotch Plains, NJ, 07076",https://www.greatschools.org/new-jersey/scotch-plains/1820-J.-Ackerman-Coles-Elementary-School/,Above average,8.0,JACKERMANCOLESELEMENTARYSCHOOL,16KEVINROADSCOTCHPLAINSNJ07076,100.0,100.0
Bergen,Fort Lee School District,School No. 2,03-1550-070,"2047 JONES ROAD, FORT LEE, NJ, 07024",SCHOOLNO2,2047JONESROADFORTLEENJ07024,School No. 2,"2047 Jones Road, Fort Lee, NJ, 07024",https://www.greatschools.org/new-jersey/fort-lee/600-Number-2-Elementary-School/,Above average,9.0,SCHOOLNO2,2047JONESROADFORTLEENJ07024,100.0,100.0
Essex,Cedar Grove Township School District,South End Elementary School,13-0760-090,"116 Harper Terrace, Cedar Grove, NJ, 07009",SOUTHENDELEMENTARYSCHOOL,116HARPERTERRACECEDARGROVENJ07009,South End Elementary School,"116 Harper Terrace, Cedar Grove, NJ, 07009",https://www.greatschools.org/new-jersey/cedar-grove/287-South-End-Elementary-School/,Above average,8.0,SOUTHENDELEMENTARYSCHOOL,116HARPERTERRACECEDARGROVENJ07009,100.0,100.0
Bergen,Bogota Public School District,Bogota Middle School,03-0440-300,"131 East Fort Lee Road, Bogota, NJ, 07603",BOGOTAMIDDLESCHOOL,131EASTFORTLEEROADBOGOTANJ07603,Bogota Middle School,"131 East Fort Lee Road, Bogota, NJ, 07603",https://www.greatschools.org/new-jersey/bogota/9217-Bogota-Middle-School/,Below average,4.0,BOGOTAMIDDLESCHOOL,131EASTFORTLEEROADBOGOTANJ07603,100.0,100.0
Bergen,Mahwah Township Public School District,Mahwah High School,03-2900-050,"50 RIDGE ROAD, MAHWAH, NJ, 07430",MAHWAHHIGHSCHOOL,50RIDGEROADMAHWAHNJ07430,Mahwah High School,"50 Ridge Road, Mahwah, NJ, 07430",https://www.greatschools.org/new-jersey/mahwah/1073-Mahwah-High-School/,Above average,7.0,MAHWAHHIGHSCHOOL,50RIDGEROADMAHWAHNJ07430,100.0,100.0
Hudson,Union City School District,Sara M. Gilmore Academy,17-5240-140,"1700 Kerrigan Avenue, Union City, NJ, 07087",SARAMGILMOREACADEMY,1700KERRIGANAVENUEUNIONCITYNJ07087,Sara M. Gilmore Academy,"1700 Kerrigan Avenue, Union City, NJ, 07087",https://www.greatschools.org/new-jersey/weehawken/1993-Woodrow-Wilson-School/,Above average,10.0,SARAMGILMOREACADEMY,1700KERRIGANAVENUEUNIONCITYNJ07087,100.0,100.0
Essex,Bloomfield Township School District,Oak View Elementary School,13-0410-140,"150 Garrabrant Avenue, Bloomfield, NJ, 07003",OAKVIEWELEMENTARYSCHOOL,150GARRABRANTAVENUEBLOOMFIELDNJ07003,Oak View Elementary School,"150 Garrabrant Avenue, Bloomfield, NJ, 07003",https://www.greatschools.org/new-jersey/bloomfield/147-Oak-View-Elementary-School/,Above average,9.0,OAKVIEWELEMENTARYSCHOOL,150GARRABRANTAVENUEBLOOMFIELDNJ07003,100.0,100.0
Atlantic,Hammonton School District,Hammonton High School,01-1960-050,"566 OLD FORKS ROAD, HAMMONTON, NJ, 08037",HAMMONTONHIGHSCHOOL,566OLDFORKSROADHAMMONTONNJ08037,Hammonton High School,"566 Old Forks Road, Hammonton, NJ, 08037",https://www.greatschools.org/new-jersey/hammonton/752-Hammonton-High-School/,Below average,4.0,HAMMONTONHIGHSCHOOL,566OLDFORKSROADHAMMONTONNJ08037,100.0,100.0
Bergen,Fair Lawn Public School District,Warren Point Elementary School,03-1450-140,"30-07 BROADWAY, FAIR LAWN, NJ, 07410",WARRENPOINTELEMENTARYSCHOOL,3007BROADWAYFAIRLAWNNJ07410,Warren Point Elementary School,"30-07 BROADWAY, Fair Lawn, NJ, 07410",https://www.greatschools.org/new-jersey/fair-lawn/576-Warren-Point-Elementary-School/,Above average,9.0,WARRENPOINTELEMENTARYSCHOOL,3007BROADWAYFAIRLAWNNJ07410,100.0,100.0
Essex,Bloomfield Township School District,Bloomfield High School,13-0410-020,"160 Broad Street, Bloomfield, NJ, 07003",BLOOMFIELDHIGHSCHOOL,160BROADSTREETBLOOMFIELDNJ07003,Bloomfield High School,"160 Broad Street, Bloomfield, NJ, 07003",https://www.greatschools.org/new-jersey/bloomfield/139-Bloomfield-High-School/,Below average,4.0,BLOOMFIELDHIGHSCHOOL,160BROADSTREETBLOOMFIELDNJ07003,100.0,100.0
Essex,Montclair Public School District,Charles H. Bullock School,13-3310-060,"55 Washington Street, MONTCLAIR, NJ, 07042",CHARLESHBULLOCKSCHOOL,55WASHINGTONSTREETMONTCLAIRNJ07042,Charles H Bullock School,"55 Washington Street, Montclair, NJ, 07042",https://www.greatschools.org/new-jersey/montclair/1225-Charles-H-Bullock-School/,Average,5.0,CHARLESHBULLOCKSCHOOL,55WASHINGTONSTREETMONTCLAIRNJ07042,100.0,100.0
Camden,Cherry Hill School District,Rosa International Middle School,07-0800-074,"485 Browning Lane, CHERRY HILL, NJ, 08003",ROSAINTERNATIONALMIDDLESCHOOL,485BROWNINGLANECHERRYHILLNJ08003,Rosa International Middle School,"485 Browning Lane, Cherry Hill, NJ, 08003",https://www.greatschools.org/new-jersey/cherry-hill/3375-Rosa-International-Middle-School/,Above average,8.0,ROSAINTERNATIONALMIDDLESCHOOL,485BROWNINGLANECHERRYHILLNJ08003,100.0,100.0
Monmouth,Middletown Township Public School District,River Plaza Elementary School,25-3160-160,"155 HUBBARD AVENUE, RED BANK, NJ, 07701",RIVERPLAZAELEMENTARYSCHOOL,155HUBBARDAVENUEREDBANKNJ07701,River Plaza Elementary School,"155 Hubbard Avenue, Red Bank, NJ, 07701",https://www.greatschools.org/new-jersey/red-bank/1176-River-Plaza-Elementary-School/,Below average,4.0,RIVERPLAZAELEMENTARYSCHOOL,155HUBBARDAVENUEREDBANKNJ07701,100.0,100.0
Morris,Randolph Township School District,Randolph High School,27-4330-050,"511 MILLBROOK AVENUE, RANDOLPH, NJ, 07869",RANDOLPHHIGHSCHOOL,511MILLBROOKAVENUERANDOLPHNJ07869,Randolph High School,"511 Millbrook Avenue, Randolph, NJ, 07869",https://www.greatschools.org/new-jersey/randolph/1703-Randolph-High-School/,Average,6.0,RANDOLPHHIGHSCHOOL,511MILLBROOKAVENUERANDOLPHNJ07869,100.0,100.0
Passaic,Paterson Public School District,School 25,31-4010-280,"287 TRENTON AVENUE, PATERSON, NJ, 07503",SCHOOL25,287TRENTONAVENUEPATERSONNJ07503,School 25,"287 Trenton Avenue, Paterson, NJ, 07503",https://www.greatschools.org/new-jersey/paterson/1561-Number-25-Elementary-School/,Below average,3.0,SCHOOL25,287TRENTONAVENUEPATERSONNJ07503,100.0,100.0
Morris,Florham Park School District,Ridgedale Middle School,27-1530-030,"71 RIDGEDALE AVENUE, FLORHAM PARK, NJ, 07932",RIDGEDALEMIDDLESCHOOL,71RIDGEDALEAVENUEFLORHAMPARKNJ07932,Ridgedale Middle School,"71 Ridgedale Avenue, Florham Park, NJ, 07932",https://www.greatschools.org/new-jersey/florham-park/596-Ridgedale-Middle-School/,Above average,7.0,RIDGEDALEMIDDLESCHOOL,71RIDGEDALEAVENUEFLORHAMPARKNJ07932,100.0,100.0
Hudson,Secaucus School District,Secaucus Middle School,17-4730-080,"11 MILL RIDGE ROAD, SECAUCUS, NJ, 07094",SECAUCUSMIDDLESCHOOL,11MILLRIDGEROADSECAUCUSNJ07094,Secaucus Middle School,"11 MILL RIDGE ROAD, Secaucus, NJ, 07094",https://www.greatschools.org/new-jersey/secaucus/1830-Secaucus-Middle-School/,Above average,7.0,SECAUCUSMIDDLESCHOOL,11MILLRIDGEROADSECAUCUSNJ07094,100.0,100.0
Atlantic,Egg Harbor Township School District,Clayton J. Davenport Elementary School,01-1310-033,"2499 SPRUCE AVENUE, EGG HARBOR TOWNSHIP, NJ, 08234",CLAYTONJDAVENPORTELEMENTARYSCHOOL,2499SPRUCEAVENUEEGGHARBORTOWNSHIPNJ08234,Clayton J Davenport Elementary School,"2499 Spruce Avenue, Egg Harbor Township, NJ, 08234",https://www.greatschools.org/new-jersey/egg-harbor-township/499-Clayton-J--Davenport-Elementary-School/,Below average,2.0,CLAYTONJDAVENPORTELEMENTARYSCHOOL,2499SPRUCEAVENUEEGGHARBORTOWNSHIPNJ08234,100.0,100.0
Middlesex,Piscataway Township School District,Randolphville Elementary School,23-4130-120,"ONE SUTTIE AVENUE, PISCATAWAY, NJ, 08854",RANDOLPHVILLEELEMENTARYSCHOOL,ONESUTTIEAVENUEPISCATAWAYNJ08854,Randolphville Elementary School,"ONE SUTTIE AVENUE, Piscataway, NJ, 08854",https://www.greatschools.org/new-jersey/piscataway/1636-Randolphville-Elementary-School/,Above average,7.0,RANDOLPHVILLEELEMENTARYSCHOOL,ONESUTTIEAVENUEPISCATAWAYNJ08854,100.0,100.0
Bergen,Montvale Board of Education School District,Fieldstone Middle School,03-3330-020,"47 Spring Valley Road, Montvale, NJ, 07645",FIELDSTONEMIDDLESCHOOL,47SPRINGVALLEYROADMONTVALENJ07645,Fieldstone Middle School,"47 Spring Valley Road, Montvale, NJ, 07645",https://www.greatschools.org/new-jersey/montvale/1229-Fieldstone-Middle-School/,Above average,7.0,FIELDSTONEMIDDLESCHOOL,47SPRINGVALLEYROADMONTVALENJ07645,100.0,100.0
Bergen,Glen Rock Public School District,Glen Rock High School,03-1760-050,"400 HAMILTON AVENUE, GLEN ROCK, NJ, 07452",GLENROCKHIGHSCHOOL,400HAMILTONAVENUEGLENROCKNJ07452,Glen Rock High School,"400 Hamilton Avenue, Glen Rock, NJ, 07452",https://www.greatschools.org/new-jersey/glen-rock/669-Glen-Rock-High-School/,Above average,8.0,GLENROCKHIGHSCHOOL,400HAMILTONAVENUEGLENROCKNJ07452,100.0,100.0
Charters,BelovED Community Charter School,BelovED Community Charter School,80-6082-963,"508 Grand Street, Jersey City, NJ, 07302",BELOVEDCOMMUNITYCHARTERSCHOOL,508GRANDSTREETJERSEYCITYNJ07302,Beloved Community Charter School,"508 Grand Street, Jersey City, NJ, 07302",https://www.greatschools.org/new-jersey/jersey-city/7136-Beloved-Community-Charter-School/,Average,6.0,BELOVEDCOMMUNITYCHARTERSCHOOL,508GRANDSTREETJERSEYCITYNJ07302,100.0,100.0
Hunterdon,High Bridge Borough School District,High Bridge Elementary School,19-2140-060,"40 FAIRVIEW AVENUE, HIGH BRIDGE, NJ, 08829",HIGHBRIDGEELEMENTARYSCHOOL,40FAIRVIEWAVENUEHIGHBRIDGENJ08829,High Bridge Elementary School,"40 Fairview Avenue, High Bridge, NJ, 08829",https://www.greatschools.org/new-jersey/high-bridge/782-High-Bridge-Elementary-School/,Below average,4.0,HIGHBRIDGEELEMENTARYSCHOOL,40FAIRVIEWAVENUEHIGHBRIDGENJ08829,100.0,100.0
Hudson,Hudson County Schools of Technology School District,High Tech High School,17-2295-050,"One High Tech Way, Secaucus, NJ, 07094",HIGHTECHHIGHSCHOOL,ONEHIGHTECHWAYSECAUCUSNJ07094,High Tech High School,"One High Tech Way, Secaucus, NJ, 07094",https://www.greatschools.org/new-jersey/north-bergen/840-High-Tech-High-School/,Above average,8.0,HIGHTECHHIGHSCHOOL,ONEHIGHTECHWAYSECAUCUSNJ07094,100.0,100.0
Morris,Morris School District,Morristown High School,27-3385-050,"50 EARLY STREET, MORRISTOWN, NJ, 07960",MORRISTOWNHIGHSCHOOL,50EARLYSTREETMORRISTOWNNJ07960,Morristown High School,"50 Early Street, Morristown, NJ, 07960",https://www.greatschools.org/new-jersey/morristown/1249-Morristown-High-School/,Average,5.0,MORRISTOWNHIGHSCHOOL,50EARLYSTREETMORRISTOWNNJ07960,100.0,100.0
Camden,"Mastery Schools of Camden, Inc.","Mastery Schools of Camden, Inc.",07-1802-112,"1001 North 17th Street, Camden, NJ, 08105",MASTERYSCHOOLSOFCAMDENINC,1001NORTH17THSTREETCAMDENNJ08105,Mastery Schools Of Camden Inc.,"1001 North 17th Street, Camden, NJ, 08105",https://www.greatschools.org/new-jersey/camden/8789-Mastery-Schools-Of-Camden-Inc./,Below average,2.0,MASTERYSCHOOLSOFCAMDENINC,1001NORTH17THSTREETCAMDENNJ08105,100.0,100.0
Hudson,Harrison Public Schools,Harrison High School,17-2060-050,"401 Kingsland Avenue, HARRISON, NJ, 07029",HARRISONHIGHSCHOOL,401KINGSLANDAVENUEHARRISONNJ07029,Harrison High School,"401 Kingsland Avenue, Harrison, NJ, 07029",https://www.greatschools.org/new-jersey/harrison/767-Harrison-High-School/,Below average,3.0,HARRISONHIGHSCHOOL,401KINGSLANDAVENUEHARRISONNJ07029,100.0,100.0
Burlington,Burlington Township School District,Burlington Township Middle School at Springside,05-0620-051,"1600 BURLINGTON BY  PASS, BURLINGTON, NJ, 08016",BURLINGTONTOWNSHIPMIDDLESCHOOLATSPRINGSIDE,1600BURLINGTONBYPASSBURLINGTONNJ08016,Burlington Township Middle School at Springside,"1600 BURLINGTON BY PASS, Burlington, NJ, 08016",https://www.greatschools.org/new-jersey/burlington/4552-Btms--At--Springside/,Below average,4.0,BURLINGTONTOWNSHIPMIDDLESCHOOLATSPRINGSIDE,1600BURLINGTONBYPASSBURLINGTONNJ08016,100.0,100.0
Hudson,Jersey City Public Schools,Liberty High School,17-2390-082,"299 SIP AVENUE, JERSEY CITY, NJ, 07306",LIBERTYHIGHSCHOOL,299SIPAVENUEJERSEYCITYNJ07306,Liberty High School,"299 Sip Avenue, Jersey City, NJ, 07306",https://www.greatschools.org/new-jersey/jersey-city/3416-Liberty-High-School/,Above average,7.0,LIBERTYHIGHSCHOOL,299SIPAVENUEJERSEYCITYNJ07306,100.0,100.0
Passaic,Wayne Township Public School District,John F. Kennedy Elementary School,31-5570-087,"1310 RATZER ROAD, WAYNE, NJ, 07470",JOHNFKENNEDYELEMENTARYSCHOOL,1310RATZERROADWAYNENJ07470,John F. Kennedy Elementary School,"1310 Ratzer Road, Wayne, NJ, 07470",https://www.greatschools.org/new-jersey/wayne/2128-John-F.-Kennedy-Elementary-School/,Above average,7.0,JOHNFKENNEDYELEMENTARYSCHOOL,1310RATZERROADWAYNENJ07470,100.0,100.0
Passaic,Paterson Public School District,Senator Frank Lautenberg School,31-4010-100,"137 CARROLL STREET, PATERSON, NJ, 07501",SENATORFRANKLAUTENBERGSCHOOL,137CARROLLSTREETPATERSONNJ07501,Senator Frank Lautenberg School,"137 Carroll Street, Paterson, NJ, 07501",https://www.greatschools.org/new-jersey/paterson/1544-Number-6-Elementary-School/,Below average,1.0,SENATORFRANKLAUTENBERGSCHOOL,137CARROLLSTREETPATERSONNJ07501,100.0,100.0
Hunterdon,Flemington-Raritan Regional School District,Robert Hunter Elementary School,19-1510-050,"8 DAYTON ROAD, FLEMINGTON, NJ, 08822",ROBERTHUNTERELEMENTARYSCHOOL,8DAYTONROADFLEMINGTONNJ08822,Robert Hunter Elementary School,"8 Dayton Road, Flemington, NJ, 08822",https://www.greatschools.org/new-jersey/flemington/588-Robert-Hunter-Elementary-School/,Average,6.0,ROBERTHUNTERELEMENTARYSCHOOL,8DAYTONROADFLEMINGTONNJ08822,100.0,100.0
Passaic,Clifton Public School District,School #16,31-0900-210,"755 GROVE STREET, CLIFTON, NJ, 07013",SCHOOL#16,755GROVESTREETCLIFTONNJ07013,School #16,"755 Grove Street, Clifton, NJ, 07013",https://www.greatschools.org/new-jersey/clifton/349-Number-16-Elementary-School/,Average,5.0,SCHOOL#16,755GROVESTREETCLIFTONNJ07013,100.0,100.0
Burlington,Willingboro Public School District,Hawthorne Park Elementary School,05-5805-065,"84 Hampshire Lane, WILLINGBORO, NJ, 08046",HAWTHORNEPARKELEMENTARYSCHOOL,84HAMPSHIRELANEWILLINGBORONJ08046,Hawthorne Park Elementary School,"84 Hampshire Lane, Willingboro, NJ, 08046",https://www.greatschools.org/new-jersey/willingboro/2226-Hawthorne-Park-Elementary-School/,Average,5.0,HAWTHORNEPARKELEMENTARYSCHOOL,84HAMPSHIRELANEWILLINGBORONJ08046,100.0,100.0
Somerset,Bridgewater-Raritan Regional School District,Bridgewater-Raritan High School,35-0555-005,"600 Garretson Road, Bridgewater, NJ, 08807",BRIDGEWATERRARITANHIGHSCHOOL,600GARRETSONROADBRIDGEWATERNJ08807,Bridgewater Raritan High School,"600 Garretson Road, Bridgewater, NJ, 08807",https://www.greatschools.org/new-jersey/bridgewater-township/192-Brdgwtr--Raritn-High-School/,Average,6.0,BRIDGEWATERRARITANHIGHSCHOOL,600GARRETSONROADBRIDGEWATERNJ08807,100.0,100.0
Middlesex,Edison Township School District,Herbert Hoover Middle School,23-1290-057,"174 JACKSON AVENUE, EDISON, NJ, 08837",HERBERTHOOVERMIDDLESCHOOL,174JACKSONAVENUEEDISONNJ08837,Herbert Hoover Middle School,"174 Jackson Avenue, Edison, NJ, 08837",https://www.greatschools.org/new-jersey/edison/480-Herbert-Hoover-Middle-School/,Average,5.0,HERBERTHOOVERMIDDLESCHOOL,174JACKSONAVENUEEDISONNJ08837,100.0,100.0
Sussex,Stanhope School District,Valley Road School,37-5030-050,"24 VALLEY ROAD, STANHOPE, NJ, 07874",VALLEYROADSCHOOL,24VALLEYROADSTANHOPENJ07874,Valley Road School,"24 Valley Road, Stanhope, NJ, 07874",https://www.greatschools.org/new-jersey/stanhope/1908-Valley-Road-School/,Above average,7.0,VALLEYROADSCHOOL,24VALLEYROADSTANHOPENJ07874,100.0,100.0
Charters,Cresthaven Academy Charter School,Cresthaven Academy Charter School,80-6102-993,"530 West 7th Street, Plainfield, NJ, 07060",CRESTHAVENACADEMYCHARTERSCHOOL,530WEST7THSTREETPLAINFIELDNJ07060,Cresthaven Academy Charter School,"530 West 7th Street, Plainfield, NJ, 07060",https://www.greatschools.org/new-jersey/plainfield/8878-Cresthaven-Academy-Charter-School/,Below average,4.0,CRESTHAVENACADEMYCHARTERSCHOOL,530WEST7THSTREETPLAINFIELDNJ07060,100.0,100.0
Bergen,Ramsey School District,Wesley D Tisdale Elementary School,03-4310-080,"200 ISLAND AVENUE, RAMSEY, NJ, 07446",WESLEYDTISDALEELEMENTARYSCHOOL,200ISLANDAVENUERAMSEYNJ07446,Wesley D. Tisdale Elementary School,"200 Island Avenue, Ramsey, NJ, 07446",https://www.greatschools.org/new-jersey/ramsey/1700-Wesley-D.-Tisdale-Elementary-School/,Average,5.0,WESLEYDTISDALEELEMENTARYSCHOOL,200ISLANDAVENUERAMSEYNJ07446,100.0,100.0
Charters,LEAP Academy University Charter School,Leap Academy University Charter School,80-7109-931,"130 North Broadway, CAMDEN, NJ, 08102",LEAPACADEMYUNIVERSITYCHARTERSCHOOL,130NORTHBROADWAYCAMDENNJ08102,Leap Academy University Charter School,"130 North Broadway, Camden, NJ, 08102",https://www.greatschools.org/new-jersey/camden/3440-Leap-Academy-University-Charter-School/,Below average,2.0,LEAPACADEMYUNIVERSITYCHARTERSCHOOL,130NORTHBROADWAYCAMDENNJ08102,100.0,100.0
Bergen,East Rutherford School District,Lincoln School,03-1230-300,"258 Grove Street, East Rutherford, NJ, 07073",LINCOLNSCHOOL,258GROVESTREETEASTRUTHERFORDNJ07073,Lincoln School,"258 Grove Street, East Rutherford, NJ, 07073",https://www.greatschools.org/new-jersey/east-rutherford/9238-Lincoln-School/,Above average,9.0,LINCOLNSCHOOL,258GROVESTREETEASTRUTHERFORDNJ07073,100.0,100.0
Monmouth,West Long Branch School District,Betty McElmon Elementary School,25-5640-080,"20 Parker Road, West Long Branch, NJ, 07764",BETTYMCELMONELEMENTARYSCHOOL,20PARKERROADWESTLONGBRANCHNJ07764,Betty Mcelmon Elementary School,"20 Parker Road, West Long Branch, NJ, 07764",https://www.greatschools.org/new-jersey/west-long-branch/2150-Betty-Mcelmon-Elementary-School/,Average,6.0,BETTYMCELMONELEMENTARYSCHOOL,20PARKERROADWESTLONGBRANCHNJ07764,100.0,100.0
Middlesex,Edison Township School District,Woodbrook Elementary School,23-1290-160,"15 ROBIN ROAD, EDISON, NJ, 08820",WOODBROOKELEMENTARYSCHOOL,15ROBINROADEDISONNJ08820,Woodbrook Elementary School,"15 Robin Road, Edison, NJ, 08820",https://www.greatschools.org/new-jersey/edison/493-Woodbrook-Elementary-School/,Above average,8.0,WOODBROOKELEMENTARYSCHOOL,15ROBINROADEDISONNJ08820,100.0,100.0
Morris,Dover Public School District,Dover High School,27-1110-040,"100 GRACE STREET, DOVER, NJ, 07801",DOVERHIGHSCHOOL,100GRACESTREETDOVERNJ07801,Dover High School,"100 Grace Street, Dover, NJ, 07801",https://www.greatschools.org/new-jersey/dover/407-Dover-High-School/,Below average,3.0,DOVERHIGHSCHOOL,100GRACESTREETDOVERNJ07801,100.0,100.0
Middlesex,Metuchen Public School District,Edgar Middle School,23-3120-070,"49 BRUNSWICK AVENUE, METUCHEN, NJ, 08840",EDGARMIDDLESCHOOL,49BRUNSWICKAVENUEMETUCHENNJ08840,Edgar Middle School,"49 Brunswick Avenue, Metuchen, NJ, 08840",https://www.greatschools.org/new-jersey/metuchen/1144-Edgar-Middle-School/,Above average,8.0,EDGARMIDDLESCHOOL,49BRUNSWICKAVENUEMETUCHENNJ08840,100.0,100.0
Camden,Mt. Ephraim School District,Mary Bray Elementary School,07-3420-030,"225 WEST KINGS HIGHWAY, MOUNT EPHRAIM, NJ, 08059",MARYBRAYELEMENTARYSCHOOL,225WESTKINGSHIGHWAYMOUNTEPHRAIMNJ08059,Mary Bray Elementary School,"225 West Kings Highway, Mount Ephraim, NJ, 08059",https://www.greatschools.org/new-jersey/mount-ephraim/1261-Mary-Bray-Elementary-School/,Below average,4.0,MARYBRAYELEMENTARYSCHOOL,225WESTKINGSHIGHWAYMOUNTEPHRAIMNJ08059,100.0,100.0
Passaic,Pompton Lakes School District,Lenox School,31-4230-060,"35 LENOX AVENUE, POMPTON LAKES, NJ, 07442",LENOXSCHOOL,35LENOXAVENUEPOMPTONLAKESNJ07442,Lenox School,"35 Lenox Avenue, Pompton Lakes, NJ, 07442",https://www.greatschools.org/new-jersey/pompton-lakes/1677-Lenox-Elementary-School/,Average,5.0,LENOXSCHOOL,35LENOXAVENUEPOMPTONLAKESNJ07442,100.0,100.0
Essex,Orange Board Of Education School District,STEM Innovation Academy of the Oranges,13-3880-302,"445 Scotland Road, South Orange, NJ, 07079",STEMINNOVATIONACADEMYOFTHEORANGES,445SCOTLANDROADSOUTHORANGENJ07079,Stem Innovation Academy Of The Oranges,"445 Scotland Road, South Orange, NJ, 07079",https://www.greatschools.org/new-jersey/south-orange/9205-Stem-Innovation-Academy-Of-The-Oranges/,Above average,8.0,STEMINNOVATIONACADEMYOFTHEORANGES,445SCOTLANDROADSOUTHORANGENJ07079,100.0,100.0
Gloucester,Pitman Boro School District,Pitman High School,15-4140-050,"225 Linden Avenue, Pitman, NJ, 08071",PITMANHIGHSCHOOL,225LINDENAVENUEPITMANNJ08071,Pitman High School,"225 Linden Avenue, Pitman, NJ, 08071",https://www.greatschools.org/new-jersey/pitman/1638-Pitman-High-School/,Average,5.0,PITMANHIGHSCHOOL,225LINDENAVENUEPITMANNJ08071,100.0,100.0
Passaic,West Milford Township Public School District,Westbrook Elementary School,31-5650-100,"55 NOSENZO POND ROAD, WEST MILFORD, NJ, 07480",WESTBROOKELEMENTARYSCHOOL,55NOSENZOPONDROADWESTMILFORDNJ07480,Westbrook Elementary School,"55 Nosenzo Pond Road, West Milford, NJ, 07480",https://www.greatschools.org/new-jersey/west-milford/2165-Westbrook-Elementary-School/,Above average,7.0,WESTBROOKELEMENTARYSCHOOL,55NOSENZOPONDROADWESTMILFORDNJ07480,100.0,100.0
Charters,Paterson Arts and Science Charter School,Paterson Arts and Science Charter School,80-6096-982,"225 Grand Street, Paterson, NJ, 07501",PATERSONARTSANDSCIENCECHARTERSCHOOL,225GRANDSTREETPATERSONNJ07501,Paterson Arts And Science Charter School,"225 Grand Street, Paterson, NJ, 07501",https://www.greatschools.org/new-jersey/paterson/8734-Paterson-Arts-And-Science-Charter-School/,Below average,4.0,PATERSONARTSANDSCIENCECHARTERSCHOOL,225GRANDSTREETPATERSONNJ07501,100.0,100.0
Cumberland,Vineland Public School District,Dr. William Mennies Elementary School,11-5390-260,"361 EAST GRANT AVENUE, VINELAND, NJ, 08360",DRWILLIAMMENNIESELEMENTARYSCHOOL,361EASTGRANTAVENUEVINELANDNJ08360,Dr. William Mennies Elementary School,"361 East Grant Avenue, Vineland, NJ, 08360",https://www.greatschools.org/new-jersey/vineland/2065-Dr.-William-Mennies-Elementary-School/,Below average,3.0,DRWILLIAMMENNIESELEMENTARYSCHOOL,361EASTGRANTAVENUEVINELANDNJ08360,100.0,100.0
Ocean,Toms River Regional School District,Silver Bay Elementary School,29-5190-095,"100 SILVER BAY ROAD, TOMS RIVER, NJ, 08753",SILVERBAYELEMENTARYSCHOOL,100SILVERBAYROADTOMSRIVERNJ08753,Silver Bay Elementary School,"100 Silver Bay Road, Toms River, NJ, 08753",https://www.greatschools.org/new-jersey/toms-river/1958-Silver-Bay-Elementary-School/,Below average,3.0,SILVERBAYELEMENTARYSCHOOL,100SILVERBAYROADTOMSRIVERNJ08753,100.0,100.0
Monmouth,Freehold Township School District,Joseph J Catena School,25-1660-020,"275 BURLINGTON ROAD, FREEHOLD, NJ, 07728",JOSEPHJCATENASCHOOL,275BURLINGTONROADFREEHOLDNJ07728,Joseph J Catena School,"275 Burlington Road, Freehold, NJ, 07728",https://www.greatschools.org/new-jersey/freehold/632-Joseph-J-Catena-School/,Above average,7.0,JOSEPHJCATENASCHOOL,275BURLINGTONROADFREEHOLDNJ07728,100.0,100.0
Union,Clark Township Public School District,Arthur L. Johnson High School,39-0850-005,"365 WESTFIELD AVENUE, CLARK, NJ, 07066",ARTHURLJOHNSONHIGHSCHOOL,365WESTFIELDAVENUECLARKNJ07066,Arthur L Johnson High School,"365 Westfield Avenue, Clark, NJ, 07066",https://www.greatschools.org/new-jersey/clark/319-Arthur-L--Johnson-High-School/,Average,5.0,ARTHURLJOHNSONHIGHSCHOOL,365WESTFIELDAVENUECLARKNJ07066,100.0,100.0
Middlesex,Edison Township School District,John Marshall Elementary School,23-1290-095,"15 CORNELL STREET, EDISON, NJ, 08817",JOHNMARSHALLELEMENTARYSCHOOL,15CORNELLSTREETEDISONNJ08817,John Marshall Elementary School,"15 Cornell Street, Edison, NJ, 08817",https://www.greatschools.org/new-jersey/edison/487-John-Marshall-Elementary-School/,Average,6.0,JOHNMARSHALLELEMENTARYSCHOOL,15CORNELLSTREETEDISONNJ08817,100.0,100.0
Burlington,Westampton Township Public School District,Holly Hills Elementary School,05-5720-020,"500 OGDEN DRIVE, WESTAMPTON, NJ, 08060",HOLLYHILLSELEMENTARYSCHOOL,500OGDENDRIVEWESTAMPTONNJ08060,Holly Hills Elementary School,"500 Ogden Drive, Westampton, NJ, 08060",https://www.greatschools.org/new-jersey/westampton/2196-Holly-Hills-Elementary-School/,Below average,4.0,HOLLYHILLSELEMENTARYSCHOOL,500OGDENDRIVEWESTAMPTONNJ08060,100.0,100.0
Monmouth,Red Bank Borough Public School District,Red Bank Middle School,25-4360-060,"101 HARDING ROAD, RED BANK, NJ, 07701",REDBANKMIDDLESCHOOL,101HARDINGROADREDBANKNJ07701,Red Bank Middle School,"101 Harding Road, Red Bank, NJ, 07701",https://www.greatschools.org/new-jersey/red-bank/1720-Red-Bank-Middle-School/,Below average,4.0,REDBANKMIDDLESCHOOL,101HARDINGROADREDBANKNJ07701,100.0,100.0
Morris,Dover Public School District,Academy Street Elementary School,27-1110-050,"14 ACADEMY STREET, DOVER, NJ, 07801",ACADEMYSTREETELEMENTARYSCHOOL,14ACADEMYSTREETDOVERNJ07801,Academy Street Elementary School,"14 Academy Street, Dover, NJ, 07801",https://www.greatschools.org/new-jersey/dover/408-Academy-Street-Elementary-School/,Below average,4.0,ACADEMYSTREETELEMENTARYSCHOOL,14ACADEMYSTREETDOVERNJ07801,100.0,100.0
Middlesex,Carteret Public School District,Carteret Middle School,23-0750-055,"300 CARTERET AVENUE, CARTERET, NJ, 07008",CARTERETMIDDLESCHOOL,300CARTERETAVENUECARTERETNJ07008,Carteret Middle School,"300 Carteret Avenue, Carteret, NJ, 07008",https://www.greatschools.org/new-jersey/carteret/283-Carteret-Middle-School/,Below average,4.0,CARTERETMIDDLESCHOOL,300CARTERETAVENUECARTERETNJ07008,100.0,100.0
Middlesex,Edison Township School District,Menlo Park Elementary School,23-1290-105,"155 MONROE AVENUE, EDISON, NJ, 08820",MENLOPARKELEMENTARYSCHOOL,155MONROEAVENUEEDISONNJ08820,Menlo Park Elementary School,"155 Monroe Avenue, Edison, NJ, 08820",https://www.greatschools.org/new-jersey/edison/491-Menlo-Park-Elementary-School/,Average,6.0,MENLOPARKELEMENTARYSCHOOL,155MONROEAVENUEEDISONNJ08820,100.0,100.0
Cumberland,Fairfield Township School District,Fairfield Township School,11-1460-070,"375 GOULDTOWN  WOODRUFF ROAD, BRIDGETON, NJ, 08302",FAIRFIELDTOWNSHIPSCHOOL,375GOULDTOWNWOODRUFFROADBRIDGETONNJ08302,Fairfield Township School,"375 Gouldtown Woodruff Road, Bridgeton, NJ, 08302",https://www.greatschools.org/new-jersey/bridgeton/4524-Fairfield-Township-School/,Below average,1.0,FAIRFIELDTOWNSHIPSCHOOL,375GOULDTOWNWOODRUFFROADBRIDGETONNJ08302,100.0,100.0
Union,Linden Public School District,Number 10,39-2660-170,"2801 HIGHLAND AVENUE, LINDEN, NJ, 07036",NUMBER10,2801HIGHLANDAVENUELINDENNJ07036,Number 10,"2801 Highland Avenue, Linden, NJ, 07036",https://www.greatschools.org/new-jersey/linden/983-Number-10-Highland-Avenue-Elementary-School/,Below average,3.0,NUMBER10,2801HIGHLANDAVENUELINDENNJ07036,100.0,100.0
Camden,Lindenwold Public School District,Lindenwold High School,07-2670-005,"801 Egg Harbor Road, Lindenwold, NJ, 08021",LINDENWOLDHIGHSCHOOL,801EGGHARBORROADLINDENWOLDNJ08021,Lindenwold High School,"801 Egg Harbor Road, Lindenwold, NJ, 08021",https://www.greatschools.org/new-jersey/lindenwold/3449-Lindenwold-High-School/,Below average,2.0,LINDENWOLDHIGHSCHOOL,801EGGHARBORROADLINDENWOLDNJ08021,100.0,100.0
Middlesex,Old Bridge Township School District,Raymond E. Voorhees Elementary School,23-3845-140,"11 LIBERTY STREET, OLD BRIDGE, NJ, 08857",RAYMONDEVOORHEESELEMENTARYSCHOOL,11LIBERTYSTREETOLDBRIDGENJ08857,Raymond E. Voorhees Elementary School,"11 Liberty Street, Old Bridge, NJ, 08857",https://www.greatschools.org/new-jersey/old-bridge-township/1068-Raymond-E.-Voorhees-Elementary-School/,Above average,9.0,RAYMONDEVOORHEESELEMENTARYSCHOOL,11LIBERTYSTREETOLDBRIDGENJ08857,100.0,100.0
Hudson,West New York Board of Education,Public School Number Two,17-5670-065,"5200 BROADWAY, WEST NEW YORK, NJ, 07093",PUBLICSCHOOLNUMBERTWO,5200BROADWAYWESTNEWYORKNJ07093,Public School Number Two,"5200 BROADWAY, West New York, NJ, 07093",https://www.greatschools.org/new-jersey/west-new-york/2170-Number-2-Elementary-School/,Average,6.0,PUBLICSCHOOLNUMBERTWO,5200BROADWAYWESTNEWYORKNJ07093,100.0,100.0
Union,Roselle Park Public School District,Robert Gordon Elementary School,39-4550-080,"59 WEST GRANT AVENUE, ROSELLE PARK, NJ, 07204",ROBERTGORDONELEMENTARYSCHOOL,59WESTGRANTAVENUEROSELLEPARKNJ07204,Robert Gordon Elementary School,"59 West Grant Avenue, Roselle Park, NJ, 07204",https://www.greatschools.org/new-jersey/roselle-park/1773-Robert-Gordon-Elementary-School/,Average,5.0,ROBERTGORDONELEMENTARYSCHOOL,59WESTGRANTAVENUEROSELLEPARKNJ07204,100.0,100.0
Passaic,Paterson Public School District,School 28,31-4010-310,"200 PRESIDENTIAL BOULEVARD, PATERSON, NJ, 07522",SCHOOL28,200PRESIDENTIALBOULEVARDPATERSONNJ07522,School 28,"200 Presidential Boulevard, Paterson, NJ, 07522",https://www.greatschools.org/new-jersey/paterson/1564-Number-28-Elementary-School/,Above average,9.0,SCHOOL28,200PRESIDENTIALBOULEVARDPATERSONNJ07522,100.0,100.0
Monmouth,Freehold Regional High School District,Freehold Borough High School,25-1650-050,"2 Robertsville Road, FREEHOLD, NJ, 07728",FREEHOLDBOROUGHHIGHSCHOOL,2ROBERTSVILLEROADFREEHOLDNJ07728,Freehold Borough High School,"2 Robertsville Road, Freehold, NJ, 07728",https://www.greatschools.org/new-jersey/freehold/627-Freehold-Borough-High-School/,Average,5.0,FREEHOLDBOROUGHHIGHSCHOOL,2ROBERTSVILLEROADFREEHOLDNJ07728,100.0,100.0
Camden,Camden City School District,Thomas H. Dudley Family School,07-0680-190,"2250 Berwick Street, Camden, NJ, 08105",THOMASHDUDLEYFAMILYSCHOOL,2250BERWICKSTREETCAMDENNJ08105,Thomas H. Dudley Family School,"2250 Berwick Street, Camden, NJ, 08105",https://www.greatschools.org/new-jersey/camden/251-Dudley-Es/,Below average,1.0,THOMASHDUDLEYFAMILYSCHOOL,2250BERWICKSTREETCAMDENNJ08105,100.0,100.0
Gloucester,Pitman Boro School District,Elwood Kindle Elementary School,15-4140-060,"211 Washington Avenue, Pitman, NJ, 08071",ELWOODKINDLEELEMENTARYSCHOOL,211WASHINGTONAVENUEPITMANNJ08071,Elwood Kindle Elementary School,"211 Washington Avenue, Pitman, NJ, 08071",https://www.greatschools.org/new-jersey/pitman/1639-Elwood-Kindle-Elementary-School/,Average,6.0,ELWOODKINDLEELEMENTARYSCHOOL,211WASHINGTONAVENUEPITMANNJ08071,100.0,100.0
Morris,Parsippany-Troy Hills Township School District,Littleton Elementary School,27-3950-090,"250 Brooklawn Drive, Morris Plains, NJ, 07950",LITTLETONELEMENTARYSCHOOL,250BROOKLAWNDRIVEMORRISPLAINSNJ07950,Littleton Elementary School,"250 Brooklawn Drive, Morris Plains, NJ, 07950",https://www.greatschools.org/new-jersey/morris-plains/1510-Littleton-Elementary-School/,Above average,8.0,LITTLETONELEMENTARYSCHOOL,250BROOKLAWNDRIVEMORRISPLAINSNJ07950,100.0,100.0
Bergen,Ridgefield Park Public School District,Ridgefield Park Jr Sr High School,03-4380-050,"1 OZZIE NELSON DRIVE, RIDGEFIELD PARK, NJ, 07660",RIDGEFIELDPARKJRSRHIGHSCHOOL,1OZZIENELSONDRIVERIDGEFIELDPARKNJ07660,Ridgefield Park Jr Sr High School,"1 Ozzie Nelson Drive, Ridgefield Park, NJ, 07660",https://www.greatschools.org/new-jersey/ridgefield-park/1727-Ridgefield-Park-Jr-Sr-High-School/,Below average,3.0,RIDGEFIELDPARKJRSRHIGHSCHOOL,1OZZIENELSONDRIVERIDGEFIELDPARKNJ07660,100.0,100.0
Passaic,Hawthorne Public School District,Lincoln Middle School,31-2100-070,"230 HAWTHORNE AVENUE, HAWTHORNE, NJ, 07506",LINCOLNMIDDLESCHOOL,230HAWTHORNEAVENUEHAWTHORNENJ07506,Lincoln Middle School,"230 Hawthorne Avenue, Hawthorne, NJ, 07506",https://www.greatschools.org/new-jersey/hawthorne/776-Lincoln-Middle-School/,Below average,4.0,LINCOLNMIDDLESCHOOL,230HAWTHORNEAVENUEHAWTHORNENJ07506,100.0,100.0
Warren,Washington Borough School District,Washington Memorial Elementary School,41-5480-055,"300 WEST STEWART STREET, WASHINGTON, NJ, 07882",WASHINGTONMEMORIALELEMENTARYSCHOOL,300WESTSTEWARTSTREETWASHINGTONNJ07882,Washington Memorial Elementary School,"300 West Stewart Street, Washington, NJ, 07882",https://www.greatschools.org/new-jersey/washington/2096-Washington-Memorial-Elementary-School/,Average,6.0,WASHINGTONMEMORIALELEMENTARYSCHOOL,300WESTSTEWARTSTREETWASHINGTONNJ07882,100.0,100.0
Hudson,Jersey City Public Schools,Academy I,17-2390-095,"209 BERGEN AVENUE, JERSEY CITY, NJ, 07305",ACADEMYI,209BERGENAVENUEJERSEYCITYNJ07305,Academy I,"209 Bergen Avenue, Jersey City, NJ, 07305",https://www.greatschools.org/new-jersey/jersey-city/872-The-Academy-I-Middle-School/,Above average,8.0,ACADEMYI,209BERGENAVENUEJERSEYCITYNJ07305,100.0,100.0
Monmouth,Little Silver Boro School District,Point Road School,25-2720-060,"357 LITTLE SILVER POINT ROAD, LITTLE SILVER, NJ, 07739",POINTROADSCHOOL,357LITTLESILVERPOINTROADLITTLESILVERNJ07739,Point Road School,"357 Little Silver Point Road, Little Silver, NJ, 07739",https://www.greatschools.org/new-jersey/little-silver/996-Point-Road-Elementary-School/,Above average,10.0,POINTROADSCHOOL,357LITTLESILVERPOINTROADLITTLESILVERNJ07739,100.0,100.0
Charters,Achieve Community Charter School,Achieve Community Charter School,80-6110-902,"534 Clinton Avenue, Newark, NJ, 07108",ACHIEVECOMMUNITYCHARTERSCHOOL,534CLINTONAVENUENEWARKNJ07108,Achieve Community Charter School,"534 Clinton Avenue, Newark, NJ, 07108",https://www.greatschools.org/new-jersey/newark/8907-Achieve-Community-Charter-School/,Below average,4.0,ACHIEVECOMMUNITYCHARTERSCHOOL,534CLINTONAVENUENEWARKNJ07108,100.0,100.0
Monmouth,Sea Girt Borough School District,Sea Girt Elementary School,25-4690-050,"451 Bell Place, Sea Girt, NJ, 08750",SEAGIRTELEMENTARYSCHOOL,451BELLPLACESEAGIRTNJ08750,Sea Girt Elementary School,"451 Bell Place, Sea Girt, NJ, 08750",https://www.greatschools.org/new-jersey/sea-girt/1823-Sea-Girt-Elementary-School/,Above average,8.0,SEAGIRTELEMENTARYSCHOOL,451BELLPLACESEAGIRTNJ08750,100.0,100.0
Burlington,Cinnaminson Township School District,Cinnaminson High School,05-0840-030,"1197 RIVERTON ROAD, CINNAMINSON, NJ, 08077",CINNAMINSONHIGHSCHOOL,1197RIVERTONROADCINNAMINSONNJ08077,Cinnaminson High School,"1197 Riverton Road, Cinnaminson, NJ, 08077",https://www.greatschools.org/new-jersey/cinnaminson/315-Cinnaminson-High-School/,Average,6.0,CINNAMINSONHIGHSCHOOL,1197RIVERTONROADCINNAMINSONNJ08077,100.0,100.0
Passaic,Bloomingdale School District,Walter T. Bergen Middle School,31-0420-050,"225 GLENWILD AVENUE, BLOOMINGDALE, NJ, 07403",WALTERTBERGENMIDDLESCHOOL,225GLENWILDAVENUEBLOOMINGDALENJ07403,Walter T. Bergen Middle School,"225 Glenwild Avenue, Bloomingdale, NJ, 07403",https://www.greatschools.org/new-jersey/bloomingdale/151-Walter-T.-Bergen-Middle-School/,Below average,4.0,WALTERTBERGENMIDDLESCHOOL,225GLENWILDAVENUEBLOOMINGDALENJ07403,100.0,100.0
Middlesex,Middlesex Borough School District,Middlesex High School,23-3140-050,"300 JOHN F. KENNEDY DRIVE, MIDDLESEX, NJ, 08846",MIDDLESEXHIGHSCHOOL,300JOHNFKENNEDYDRIVEMIDDLESEXNJ08846,Middlesex High School,"300 John F Kennedy Drive, Middlesex, NJ, 08846",https://www.greatschools.org/new-jersey/middlesex/1150-Middlesex-High-School/,Below average,4.0,MIDDLESEXHIGHSCHOOL,300JOHNFKENNEDYDRIVEMIDDLESEXNJ08846,100.0,100.0
Charters,Hope Academy Charter School,Hope Academy Charter School,80-6740-950,"601 GRAND AVENUE, ASBURY PARK, NJ, 07712",HOPEACADEMYCHARTERSCHOOL,601GRANDAVENUEASBURYPARKNJ07712,Hope Academy Charter School,"601 Grand Avenue, Asbury Park, NJ, 07712",https://www.greatschools.org/new-jersey/asbury-park/3438-Hope-Academy-Charter-School/,Average,5.0,HOPEACADEMYCHARTERSCHOOL,601GRANDAVENUEASBURYPARKNJ07712,100.0,100.0
Atlantic,Port Republic School District,Port Republic Elementary School,01-4240-050,"137 POMONA AVENUE, PORT REPUBLIC, NJ, 08241",PORTREPUBLICELEMENTARYSCHOOL,137POMONAAVENUEPORTREPUBLICNJ08241,Port Republic Elementary School,"137 Pomona Avenue, Port Republic, NJ, 08241",https://www.greatschools.org/new-jersey/port-republic/1679-Port-Republic-Elementary-School/,Above average,7.0,PORTREPUBLICELEMENTARYSCHOOL,137POMONAAVENUEPORTREPUBLICNJ08241,100.0,100.0
Passaic,Clifton Public School District,School #8,31-0900-140,"41 OAK STREET, CLIFTON, NJ, 07014",SCHOOL#8,41OAKSTREETCLIFTONNJ07014,School #8,"41 Oak Street, Clifton, NJ, 07014",https://www.greatschools.org/new-jersey/clifton/342-Number-8-Elementary-School/,Average,5.0,SCHOOL#8,41OAKSTREETCLIFTONNJ07014,100.0,100.0
Sussex,Hopatcong Borough School District,Tulsa Trail Elementary School,37-2240-070,"2 Tulsa Trail, Hopatcong, NJ, 07843",TULSATRAILELEMENTARYSCHOOL,2TULSATRAILHOPATCONGNJ07843,Tulsa Trail Elementary School,"2 Tulsa Trail, Hopatcong, NJ, 07843",https://www.greatschools.org/new-jersey/hopatcong/820-Tulsa-Trail-Elementary-School/,Average,6.0,TULSATRAILELEMENTARYSCHOOL,2TULSATRAILHOPATCONGNJ07843,100.0,100.0
Bergen,Cliffside Park School District,Cliffside Park High School,03-0890-030,"64 Riverview Avenue, CLIFFSIDE PARK, NJ, 07010",CLIFFSIDEPARKHIGHSCHOOL,64RIVERVIEWAVENUECLIFFSIDEPARKNJ07010,Cliffside Park High School,"64 Riverview Avenue, Cliffside Park, NJ, 07010",https://www.greatschools.org/new-jersey/cliffside-park/329-Cliffside-Park-High-School/,Below average,3.0,CLIFFSIDEPARKHIGHSCHOOL,64RIVERVIEWAVENUECLIFFSIDEPARKNJ07010,100.0,100.0
Union,Union County Vocational-Technical School District,Union County Magnet High School,39-5260-040,"1776 RARITAN ROAD, SCOTCH PLAINS, NJ, 07076",UNIONCOUNTYMAGNETHIGHSCHOOL,1776RARITANROADSCOTCHPLAINSNJ07076,Union County Magnet High School,"1776 Raritan Road, Scotch Plains, NJ, 07076",https://www.greatschools.org/new-jersey/scotch-plains/2233-Union-Cty-Magnet-High-School/,Above average,10.0,UNIONCOUNTYMAGNETHIGHSCHOOL,1776RARITANROADSCOTCHPLAINSNJ07076,100.0,100.0
Monmouth,Spring Lake Heights School District,Spring Lake Heights Elementary School,25-4990-050,"1110 HIGHWAY 71, SPRING LAKE HEIGHTS, NJ, 07762",SPRINGLAKEHEIGHTSELEMENTARYSCHOOL,1110HIGHWAY71SPRINGLAKEHEIGHTSNJ07762,Spring Lake Heights Elementary School,"1110 HIGHWAY 71, Spring Lake Heights, NJ, 07762",https://www.greatschools.org/new-jersey/spring-lake/1898-Spring-Lake-Heights-Elementary-School/,Above average,7.0,SPRINGLAKEHEIGHTSELEMENTARYSCHOOL,1110HIGHWAY71SPRINGLAKEHEIGHTSNJ07762,100.0,100.0
Bergen,New Milford Public School District,David E. Owens Middle School,03-3550-085,"470 MARION AVENUE, NEW MILFORD, NJ, 07646",DAVIDEOWENSMIDDLESCHOOL,470MARIONAVENUENEWMILFORDNJ07646,David E Owens Middle School,"470 Marion Avenue, New Milford, NJ, 07646",https://www.greatschools.org/new-jersey/new-milford/1309-David-E--Owens-Middle-School/,Above average,7.0,DAVIDEOWENSMIDDLESCHOOL,470MARIONAVENUENEWMILFORDNJ07646,100.0,100.0
Ocean,Point Pleasant Borough School District,Nellie F. Bennett Elementary School,29-4210-055,"RIVIERA PARKWAY, POINT PLEASANT, NJ, 08742",NELLIEFBENNETTELEMENTARYSCHOOL,RIVIERAPARKWAYPOINTPLEASANTNJ08742,Nellie F Bennett Elementary School,"Riviera Parkway, Point Pleasant, NJ, 08742",https://www.greatschools.org/new-jersey/point-pleasant/1671-Nellie-F-Bennett-Elementary-School/,Average,6.0,NELLIEFBENNETTELEMENTARYSCHOOL,RIVIERAPARKWAYPOINTPLEASANTNJ08742,100.0,100.0
Bergen,Leonia Public School District,Anna C. Scott Elementary School,03-2620-060,"281 Broad Avenue, Leonia, NJ, 07605",ANNACSCOTTELEMENTARYSCHOOL,281BROADAVENUELEONIANJ07605,Anna C. Scott Elementary School,"281 Broad Avenue, Leonia, NJ, 07605",https://www.greatschools.org/new-jersey/leonia/970-Anna-C.-Scott-Elementary-School/,Average,6.0,ANNACSCOTTELEMENTARYSCHOOL,281BROADAVENUELEONIANJ07605,100.0,100.0
Burlington,Tabernacle Township School District,Tabernacle Elementary School,05-5130-060,"141 NEW ROAD, TABERNACLE, NJ, 08088",TABERNACLEELEMENTARYSCHOOL,141NEWROADTABERNACLENJ08088,Tabernacle Elementary School,"141 New Road, Tabernacle, NJ, 08088",https://www.greatschools.org/new-jersey/tabernacle/1929-Tabernacle-Elementary-School/,Above average,8.0,TABERNACLEELEMENTARYSCHOOL,141NEWROADTABERNACLENJ08088,100.0,100.0
Camden,Bellmawr Public School District,Bellmawr Park Elementary School,07-0260-020,"29 PEACH ROAD, BELLMAWR, NJ, 08031",BELLMAWRPARKELEMENTARYSCHOOL,29PEACHROADBELLMAWRNJ08031,Bellmawr Park Elementary School,"29 Peach Road, Bellmawr, NJ, 08031",https://www.greatschools.org/new-jersey/bellmawr/90-Bellmawr-Park-Elementary-School/,Average,6.0,BELLMAWRPARKELEMENTARYSCHOOL,29PEACHROADBELLMAWRNJ08031,100.0,100.0
Monmouth,Hazlet Township Public School District,Middle Road School,25-2105-090,"305 MIDDLE ROAD, HAZLET, NJ, 07730",MIDDLEROADSCHOOL,305MIDDLEROADHAZLETNJ07730,Middle Road School,"305 Middle Road, Hazlet, NJ, 07730",https://www.greatschools.org/new-jersey/hazlet/1713-Middle-Road-School/,Above average,7.0,MIDDLEROADSCHOOL,305MIDDLEROADHAZLETNJ07730,100.0,100.0
Passaic,Paterson Public School District,School 1,31-4010-050,"1 EAST 32ND STREET, PATERSON, NJ, 07514",SCHOOL1,1EAST32NDSTREETPATERSONNJ07514,School 1,"1 East 32nd Street, Paterson, NJ, 07514",https://www.greatschools.org/new-jersey/paterson/1570-Number-1-Elementary-School/,Average,6.0,SCHOOL1,1EAST32NDSTREETPATERSONNJ07514,100.0,100.0
Monmouth,Hazlet Township Public School District,Cove Road School,25-2105-070,"8 COVE ROAD, HAZLET, NJ, 07730",COVEROADSCHOOL,8COVEROADHAZLETNJ07730,Cove Road School,"8 Cove Road, Hazlet, NJ, 07730",https://www.greatschools.org/new-jersey/hazlet/1711-Cove-Road-School/,Average,6.0,COVEROADSCHOOL,8COVEROADHAZLETNJ07730,100.0,100.0
Bergen,Carlstadt-East Rutherford Regional High School District,Henry P. Becton Regional High School,03-0745-050,"120 PATERSON AVENUE, EAST RUTHERFORD, NJ, 07073",HENRYPBECTONREGIONALHIGHSCHOOL,120PATERSONAVENUEEASTRUTHERFORDNJ07073,Henry P Becton Regional High School,"120 Paterson Avenue, East Rutherford, NJ, 07073",https://www.greatschools.org/new-jersey/east-rutherford/280-Henry-P-Becton-Reg-High-School/,Below average,4.0,HENRYPBECTONREGIONALHIGHSCHOOL,120PATERSONAVENUEEASTRUTHERFORDNJ07073,100.0,100.0
Bergen,Northern Valley Regional High School District,Northern Valley Regional High School at Old Tappan,03-3710-060,"140 Central Avenue, Old Tappan, NJ, 07675",NORTHERNVALLEYREGIONALHIGHSCHOOLATOLDTAPPAN,140CENTRALAVENUEOLDTAPPANNJ07675,Northern Valley Regional High School at Old Tappan,"140 Central Avenue, Old Tappan, NJ, 07675",https://www.greatschools.org/new-jersey/old-tappan/1431-N-Valley-Reg-H-Old-Tappan/,Above average,9.0,NORTHERNVALLEYREGIONALHIGHSCHOOLATOLDTAPPAN,140CENTRALAVENUEOLDTAPPANNJ07675,100.0,100.0
Mercer,East Windsor Regional School District,Perry L. Drew Elementary School,21-1245-075,"70 TWIN RIVERS DRIVE NORTH, EAST WINDSOR, NJ, 08520",PERRYLDREWELEMENTARYSCHOOL,70TWINRIVERSDRIVENORTHEASTWINDSORNJ08520,Perry L. Drew Elementary School,"70 Twin Rivers Drive North, East Windsor, NJ, 08520",https://www.greatschools.org/new-jersey/east-windsor/464-Perry-L.-Drew-Elementary-School/,Average,5.0,PERRYLDREWELEMENTARYSCHOOL,70TWINRIVERSDRIVENORTHEASTWINDSORNJ08520,100.0,100.0
Passaic,Clifton Public School District,School #9,31-0900-150,"25 BRIGHTON ROAD, CLIFTON, NJ, 07012",SCHOOL#9,25BRIGHTONROADCLIFTONNJ07012,School #9,"25 Brighton Road, Clifton, NJ, 07012",https://www.greatschools.org/new-jersey/clifton/343-Number-9-Elementary-School/,Average,6.0,SCHOOL#9,25BRIGHTONROADCLIFTONNJ07012,100.0,100.0
Middlesex,Piscataway Township School District,Arbor Elementary School,23-4130-060,"1717 LESTER PLACE, PISCATAWAY, NJ, 08854",ARBORELEMENTARYSCHOOL,1717LESTERPLACEPISCATAWAYNJ08854,Arbor Elementary School,"1717 Lester Place, Piscataway, NJ, 08854",https://www.greatschools.org/new-jersey/piscataway/1632-Arbor-Elementary-School/,Average,6.0,ARBORELEMENTARYSCHOOL,1717LESTERPLACEPISCATAWAYNJ08854,100.0,100.0
Middlesex,Piscataway Township School District,Conackamack Middle School,23-4130-053,"5205 WITHERSPOON STREET, PISCATAWAY, NJ, 08854",CONACKAMACKMIDDLESCHOOL,5205WITHERSPOONSTREETPISCATAWAYNJ08854,Conackamack Middle School,"5205 Witherspoon Street, Piscataway, NJ, 08854",https://www.greatschools.org/new-jersey/piscataway/1629-Conackamack-Middle-School/,Average,6.0,CONACKAMACKMIDDLESCHOOL,5205WITHERSPOONSTREETPISCATAWAYNJ08854,100.0,100.0
Middlesex,Edison Township School District,John Adams Middle School,23-1290-055,"1081 NEW DOVER ROAD, EDISON, NJ, 08820",JOHNADAMSMIDDLESCHOOL,1081NEWDOVERROADEDISONNJ08820,John Adams Middle School,"1081 New Dover Road, Edison, NJ, 08820",https://www.greatschools.org/new-jersey/edison/479-John-Adams-Middle-School/,Average,6.0,JOHNADAMSMIDDLESCHOOL,1081NEWDOVERROADEDISONNJ08820,100.0,100.0
Monmouth,Brielle Boro School District,Brielle Elementary School,25-0560-020,"605 UNION LANE, BRIELLE, NJ, 08730",BRIELLEELEMENTARYSCHOOL,605UNIONLANEBRIELLENJ08730,Brielle Elementary School,"605 Union Lane, Brielle, NJ, 08730",https://www.greatschools.org/new-jersey/brielle/202-Brielle-Elementary-School/,Above average,8.0,BRIELLEELEMENTARYSCHOOL,605UNIONLANEBRIELLENJ08730,100.0,100.0
Passaic,West Milford Township Public School District,Apshawa Elementary School,31-5650-042,"140 HIGH CREST DRIVE, WEST MILFORD, NJ, 07480",APSHAWAELEMENTARYSCHOOL,140HIGHCRESTDRIVEWESTMILFORDNJ07480,Apshawa Elementary School,"140 High Crest Drive, West Milford, NJ, 07480",https://www.greatschools.org/new-jersey/west-milford/2159-Apshawa-Elementary-School/,Below average,3.0,APSHAWAELEMENTARYSCHOOL,140HIGHCRESTDRIVEWESTMILFORDNJ07480,100.0,100.0
Cape May,West Cape May Elementary School District,West Cape May Elementary School,09-5610-050,"301 Moore Street, West Cape May, NJ, 08204",WESTCAPEMAYELEMENTARYSCHOOL,301MOORESTREETWESTCAPEMAYNJ08204,West Cape May Elementary School,"301 Moore Street, West Cape May, NJ, 08204",https://www.greatschools.org/new-jersey/west-cape-may/2141-West-Cape-May-Elementary-School/,Above average,7.0,WESTCAPEMAYELEMENTARYSCHOOL,301MOORESTREETWESTCAPEMAYNJ08204,100.0,100.0
Essex,Irvington Public School District,Grove Street Elementary School,13-2330-110,"602 GROVE STREET, IRVINGTON, NJ, 07111",GROVESTREETELEMENTARYSCHOOL,602GROVESTREETIRVINGTONNJ07111,Grove Street Elementary School,"602 Grove Street, Irvington, NJ, 07111",https://www.greatschools.org/new-jersey/irvington/848-Grove-Street-Elementary-School/,Below average,2.0,GROVESTREETELEMENTARYSCHOOL,602GROVESTREETIRVINGTONNJ07111,100.0,100.0
Burlington,North Hanover Township School District,Clarence B. Lamb Elementary School,05-3650-040,"46 SCHOOLHOUSE ROAD, WRIGHTSTOWN, NJ, 08562",CLARENCEBLAMBELEMENTARYSCHOOL,46SCHOOLHOUSEROADWRIGHTSTOWNNJ08562,Clarence B. Lamb Elementary School,"46 Schoolhouse Road, Wrightstown, NJ, 08562",https://www.greatschools.org/new-jersey/wrightstown/1417-Clarence-B.-Lamb-Elementary-School/,Below average,4.0,CLARENCEBLAMBELEMENTARYSCHOOL,46SCHOOLHOUSEROADWRIGHTSTOWNNJ08562,100.0,100.0
Ocean,Lakewood Township School District,Clifton Ave Grade School,29-2520-070,"625 CLIFTON AVENUE, LAKEWOOD, NJ, 08701",CLIFTONAVEGRADESCHOOL,625CLIFTONAVENUELAKEWOODNJ08701,Clifton Ave Grade School,"625 Clifton Avenue, Lakewood, NJ, 08701",https://www.greatschools.org/new-jersey/lakewood-township/944-Clifton-Ave-Grade-School/,Average,6.0,CLIFTONAVEGRADESCHOOL,625CLIFTONAVENUELAKEWOODNJ08701,100.0,100.0
Middlesex,Piscataway Township School District,Martin Luther King Elementary School,23-4130-105,"5205 LUDLOW STREET, PISCATAWAY, NJ, 08854",MARTINLUTHERKINGELEMENTARYSCHOOL,5205LUDLOWSTREETPISCATAWAYNJ08854,Martin Luther King Elementary School,"5205 Ludlow Street, Piscataway, NJ, 08854",https://www.greatschools.org/new-jersey/piscataway/1635-Martin-Luther-King-Elementary-School/,Above average,7.0,MARTINLUTHERKINGELEMENTARYSCHOOL,5205LUDLOWSTREETPISCATAWAYNJ08854,100.0,100.0
Bergen,Paramus Public School District,Ridge Ranch Elementary School,03-3930-110,"345 LOCKWOOD DRIVE, PARAMUS, NJ, 07652",RIDGERANCHELEMENTARYSCHOOL,345LOCKWOODDRIVEPARAMUSNJ07652,Ridge Ranch Elementary School,"345 Lockwood Drive, Paramus, NJ, 07652",https://www.greatschools.org/new-jersey/paramus/1496-Ridge-Ranch-Elementary-School/,Below average,4.0,RIDGERANCHELEMENTARYSCHOOL,345LOCKWOODDRIVEPARAMUSNJ07652,100.0,100.0
Bergen,Ridgewood Public School District,Benjamin Franklin Middle School,03-4390-060,"335 NORTH VAN DIEN AVE, RIDGEWOOD, NJ, 07451",BENJAMINFRANKLINMIDDLESCHOOL,335NORTHVANDIENAVERIDGEWOODNJ07451,Benjamin Franklin Middle School,"335 NORTH VAN DIEN AVE, Ridgewood, NJ, 07451",https://www.greatschools.org/new-jersey/ridgewood/1732-Benjamin-Franklin-Middle-School/,Above average,7.0,BENJAMINFRANKLINMIDDLESCHOOL,335NORTHVANDIENAVERIDGEWOODNJ07451,100.0,100.0
Union,Westfield Public School District,Thomas Edison Intermediate School,39-5730-070,"800 Rahway Avenue, Westfield, NJ, 07090",THOMASEDISONINTERMEDIATESCHOOL,800RAHWAYAVENUEWESTFIELDNJ07090,Thomas Edison Intermediate School,"800 Rahway Avenue, Westfield, NJ, 07090",https://www.greatschools.org/new-jersey/westfield/2200-Thomas-Edison-Intermediate-School/,Above average,7.0,THOMASEDISONINTERMEDIATESCHOOL,800RAHWAYAVENUEWESTFIELDNJ07090,100.0,100.0
Hunterdon,Flemington-Raritan Regional School District,J.P. Case Middle School,19-1510-045,"301 CASE BOULEVARD, FLEMINGTON, NJ, 08822",JPCASEMIDDLESCHOOL,301CASEBOULEVARDFLEMINGTONNJ08822,J P Case Middle School,"301 Case Boulevard, Flemington, NJ, 08822",https://www.greatschools.org/new-jersey/flemington/4248-J-P--Case-Middle-School/,Average,5.0,JPCASEMIDDLESCHOOL,301CASEBOULEVARDFLEMINGTONNJ08822,100.0,100.0
Bergen,Pascack Valley Regional High School District,Pascack Hills High School,03-3960-040,"225 West Grand Avenue, Montvale, NJ, 07645",PASCACKHILLSHIGHSCHOOL,225WESTGRANDAVENUEMONTVALENJ07645,Pascack Hills High School,"225 West Grand Avenue, Montvale, NJ, 07645",https://www.greatschools.org/new-jersey/montvale/1514-Pascack-Hills-High-School/,Above average,8.0,PASCACKHILLSHIGHSCHOOL,225WESTGRANDAVENUEMONTVALENJ07645,100.0,100.0
Passaic,Paterson Public School District,School 5,31-4010-090,"430 TOTOWA AVENUE, PATERSON, NJ, 07502",SCHOOL5,430TOTOWAAVENUEPATERSONNJ07502,School 5,"430 Totowa Avenue, Paterson, NJ, 07502",https://www.greatschools.org/new-jersey/paterson/1543-Number-5-Elementary-School/,Average,5.0,SCHOOL5,430TOTOWAAVENUEPATERSONNJ07502,100.0,100.0
Bergen,Fair Lawn Public School District,Fair Lawn High School,03-1450-050,"14  00 BERDAN AVENUE, FAIR LAWN, NJ, 07410",FAIRLAWNHIGHSCHOOL,1400BERDANAVENUEFAIRLAWNNJ07410,Fair Lawn High School,"14 00 BERDAN AVENUE, Fair Lawn, NJ, 07410",https://www.greatschools.org/new-jersey/fair-lawn/570-Fair-Lawn-High-School/,Above average,7.0,FAIRLAWNHIGHSCHOOL,1400BERDANAVENUEFAIRLAWNNJ07410,100.0,100.0
Passaic,Paterson Public School District,School 15,31-4010-190,"98 OAK STREET, PATERSON, NJ, 07501",SCHOOL15,98OAKSTREETPATERSONNJ07501,School 15,"98 Oak Street, Paterson, NJ, 07501",https://www.greatschools.org/new-jersey/paterson/1553-Number-15-Elementary-School/,Below average,3.0,SCHOOL15,98OAKSTREETPATERSONNJ07501,100.0,100.0
Passaic,West Milford Township Public School District,Maple Road Elementary School,31-5650-060,"36 MAPLE ROAD, WEST MILFORD, NJ, 07480",MAPLEROADELEMENTARYSCHOOL,36MAPLEROADWESTMILFORDNJ07480,Maple Road Elementary School,"36 Maple Road, West Milford, NJ, 07480",https://www.greatschools.org/new-jersey/west-milford/2161-Maple-Road-Elementary-School/,Below average,4.0,MAPLEROADELEMENTARYSCHOOL,36MAPLEROADWESTMILFORDNJ07480,100.0,100.0
Charters,Princeton Charter School,Princeton Charter School,80-7540-930,"100 Bunn Drive, PRINCETON, NJ, 08540",PRINCETONCHARTERSCHOOL,100BUNNDRIVEPRINCETONNJ08540,Princeton Charter School,"100 Bunn Drive, Princeton, NJ, 08540",https://www.greatschools.org/new-jersey/princeton/3358-Princeton-Charter-School/,Above average,10.0,PRINCETONCHARTERSCHOOL,100BUNNDRIVEPRINCETONNJ08540,100.0,100.0
Hudson,Union City School District,Emerson Middle School,17-5240-105,"318 - 18th Street, UNION CITY, NJ, 07087",EMERSONMIDDLESCHOOL,31818THSTREETUNIONCITYNJ07087,Emerson Middle School,"318 18th Street, Union City, NJ, 07087",https://www.greatschools.org/new-jersey/union-city/7044-Emerson-Middle-School/,Average,6.0,EMERSONMIDDLESCHOOL,31818THSTREETUNIONCITYNJ07087,100.0,100.0
Essex,Newark Public School District,South Street Elementary School,13-3570-640,"44-48 Hermon Street, NEWARK, NJ, 07105",SOUTHSTREETELEMENTARYSCHOOL,4448HERMONSTREETNEWARKNJ07105,South Street Elementary School,"44-48 Hermon Street, Newark, NJ, 07105",https://www.greatschools.org/new-jersey/newark/1375-South-Street-Elementary-School/,Below average,4.0,SOUTHSTREETELEMENTARYSCHOOL,4448HERMONSTREETNEWARKNJ07105,100.0,100.0
Union,Linden Public School District,Number 9,39-2660-160,"1401 Deerfield Terrace, LINDEN, NJ, 07036",NUMBER9,1401DEERFIELDTERRACELINDENNJ07036,Number 9,"1401 Deerfield Terrace, Linden, NJ, 07036",https://www.greatschools.org/new-jersey/linden/982-Number-9-Deerfield-Terrace-Elementary-School/,Average,6.0,NUMBER9,1401DEERFIELDTERRACELINDENNJ07036,100.0,100.0
Cumberland,Vineland Public School District,John H. Winslow Elementary School,11-5390-115,"1335 MAGNOLIA RD, VINELAND, NJ, 08360",JOHNHWINSLOWELEMENTARYSCHOOL,1335MAGNOLIARDVINELANDNJ08360,John H. Winslow Elementary School,"1335 MAGNOLIA RD, Vineland, NJ, 08360",https://www.greatschools.org/new-jersey/vineland/2058-John-H.-Winslow-Elementary-School/,Below average,4.0,JOHNHWINSLOWELEMENTARYSCHOOL,1335MAGNOLIARDVINELANDNJ08360,100.0,100.0
Burlington,Lenape Regional High School District,Lenape High School,05-2610-050,"235 HARTFORD ROAD, MEDFORD, NJ, 08055",LENAPEHIGHSCHOOL,235HARTFORDROADMEDFORDNJ08055,Lenape High School,"235 Hartford Road, Medford, NJ, 08055",https://www.greatschools.org/new-jersey/medford/965-Lenape-High-School/,Average,5.0,LENAPEHIGHSCHOOL,235HARTFORDROADMEDFORDNJ08055,100.0,100.0
Charters,Empowerment Academy Charter School,Empowerment Academy Charter School,80-6103-994,"240 Ege Avenue, Jersey City, NJ, 07304",EMPOWERMENTACADEMYCHARTERSCHOOL,240EGEAVENUEJERSEYCITYNJ07304,Empowerment Academy Charter School,"240 Ege Avenue, Jersey City, NJ, 07304",https://www.greatschools.org/new-jersey/jersey-city/8875-Empowerment-Academy-Charter-School/,Average,5.0,EMPOWERMENTACADEMYCHARTERSCHOOL,240EGEAVENUEJERSEYCITYNJ07304,100.0,100.0
Essex,Newark Public School District,Belmont Runyon Elementary School,13-3570-225,"1 BELMONT RUNYON WAY, NEWARK, NJ, 07108",BELMONTRUNYONELEMENTARYSCHOOL,1BELMONTRUNYONWAYNEWARKNJ07108,Belmont-Runyon Elementary School,"1 Belmont Runyon Way, Newark, NJ, 07108",https://www.greatschools.org/new-jersey/newark/1331-Belmont-Runyon-Elementary-School/,Below average,1.0,BELMONTRUNYONELEMENTARYSCHOOL,1BELMONTRUNYONWAYNEWARKNJ07108,100.0,100.0
Union,Summit Public School District,Brayton Elementary School,39-5090-070,"89 TULIP STREET, SUMMIT, NJ, 07901",BRAYTONELEMENTARYSCHOOL,89TULIPSTREETSUMMITNJ07901,Brayton Elementary School,"89 Tulip Street, Summit, NJ, 07901",https://www.greatschools.org/new-jersey/summit/1918-Brayton-Elementary-School/,Above average,8.0,BRAYTONELEMENTARYSCHOOL,89TULIPSTREETSUMMITNJ07901,100.0,100.0
Monmouth,Hazlet Township Public School District,Hazlet Middle School,25-2105-105,"1639 UNION AVENUE, HAZLET, NJ, 07730",HAZLETMIDDLESCHOOL,1639UNIONAVENUEHAZLETNJ07730,Hazlet Middle School,"1639 Union Avenue, Hazlet, NJ, 07730",https://www.greatschools.org/new-jersey/hazlet/1716-Hazlet-Middle-School/,Below average,3.0,HAZLETMIDDLESCHOOL,1639UNIONAVENUEHAZLETNJ07730,100.0,100.0
Essex,Belleville Public School District,Belleville PS4,13-0250-055,"30 Magnolia Street, BELLEVILLE, NJ, 07109",BELLEVILLEPS4,30MAGNOLIASTREETBELLEVILLENJ07109,Belleville PS4,"30 Magnolia Street, Belleville, NJ, 07109",https://www.greatschools.org/new-jersey/belleville/83-Number-4-Elementary-School/,Below average,3.0,BELLEVILLEPS4,30MAGNOLIASTREETBELLEVILLENJ07109,100.0,100.0
Atlantic,Galloway Township Public Schools,Reeds Road Elementary School,01-1690-045,"103 SOUTH REEDS ROAD, GALLOWAY, NJ, 08205",REEDSROADELEMENTARYSCHOOL,103SOUTHREEDSROADGALLOWAYNJ08205,Reeds Road Elementary School,"103 South Reeds Road, Galloway, NJ, 08205",https://www.greatschools.org/new-jersey/galloway/645-Reeds-Road-Elementary-School/,Below average,4.0,REEDSROADELEMENTARYSCHOOL,103SOUTHREEDSROADGALLOWAYNJ08205,100.0,100.0
Middlesex,East Brunswick Township School District,Frost Elementary School,23-1170-130,"65 FROST AVENUE, EAST BRUNSWICK, NJ, 08816",FROSTELEMENTARYSCHOOL,65FROSTAVENUEEASTBRUNSWICKNJ08816,Frost Elementary School,"65 Frost Avenue, East Brunswick, NJ, 08816",https://www.greatschools.org/new-jersey/east-brunswick/431-Frost-Elementary-School/,Average,6.0,FROSTELEMENTARYSCHOOL,65FROSTAVENUEEASTBRUNSWICKNJ08816,100.0,100.0
Passaic,Paterson Public School District,School 8,31-4010-120,"35 CHADWICK STREET, PATERSON, NJ, 07503",SCHOOL8,35CHADWICKSTREETPATERSONNJ07503,School 8,"35 Chadwick Street, Paterson, NJ, 07503",https://www.greatschools.org/new-jersey/paterson/1546-Number-8-Elementary-School/,Below average,4.0,SCHOOL8,35CHADWICKSTREETPATERSONNJ07503,100.0,100.0
Union,Scotch Plains-Fanwood School District,Scotch Plains-Fanwood High School,39-4670-050,"667 WESTFIELD ROAD, SCOTCH PLAINS, NJ, 07076",SCOTCHPLAINSFANWOODHIGHSCHOOL,667WESTFIELDROADSCOTCHPLAINSNJ07076,Scotch Plains Fanwood High School,"667 Westfield Road, Scotch Plains, NJ, 07076",https://www.greatschools.org/new-jersey/scotch-plains/1815-Scotch-Plains-Fanwood-High-School/,Above average,7.0,SCOTCHPLAINSFANWOODHIGHSCHOOL,667WESTFIELDROADSCOTCHPLAINSNJ07076,100.0,100.0
Ocean,Toms River Regional School District,Cedar Grove Elementary School,29-5190-065,"179 CEDAR GROVE ROAD, TOMS RIVER, NJ, 08753",CEDARGROVEELEMENTARYSCHOOL,179CEDARGROVEROADTOMSRIVERNJ08753,Cedar Grove Elementary School,"179 Cedar Grove Road, Toms River, NJ, 08753",https://www.greatschools.org/new-jersey/toms-river/1953-Cedar-Grove-Elementary-School/,Below average,4.0,CEDARGROVEELEMENTARYSCHOOL,179CEDARGROVEROADTOMSRIVERNJ08753,100.0,100.0
Burlington,Willingboro Public School District,W. R. James Sr. Elementary School,05-5805-080,"41 PINETREE LANE, WILLINGBORO, NJ, 08046",WRJAMESSRELEMENTARYSCHOOL,41PINETREELANEWILLINGBORONJ08046,W R James Sr Elementary School,"41 Pinetree Lane, Willingboro, NJ, 08046",https://www.greatschools.org/new-jersey/willingboro/2229-W--R--James-Sr-Elementary-School/,Below average,2.0,WRJAMESSRELEMENTARYSCHOOL,41PINETREELANEWILLINGBORONJ08046,100.0,100.0
Morris,Rockaway Township School District,Birchwood Elementary School,27-4490-010,"1 ART STREET, DOVER, NJ, 07801",BIRCHWOODELEMENTARYSCHOOL,1ARTSTREETDOVERNJ07801,Birchwood Elementary School,"1 Art Street, Dover, NJ, 07801",https://www.greatschools.org/new-jersey/dover/1757-Birchwood-Elementary-School/,Average,5.0,BIRCHWOODELEMENTARYSCHOOL,1ARTSTREETDOVERNJ07801,100.0,100.0
Middlesex,Middlesex Borough School District,Hazelwood Elementary School,23-3140-065,"800 HAZELWOOD AVENUE, MIDDLESEX, NJ, 08846",HAZELWOODELEMENTARYSCHOOL,800HAZELWOODAVENUEMIDDLESEXNJ08846,Hazelwood Elementary School,"800 Hazelwood Avenue, Middlesex, NJ, 08846",https://www.greatschools.org/new-jersey/middlesex/1151-Hazelwood-Elementary-School/,Below average,3.0,HAZELWOODELEMENTARYSCHOOL,800HAZELWOODAVENUEMIDDLESEXNJ08846,100.0,100.0
Union,Elizabeth Public Schools,J. Christian Bollwage Finance Academy,39-1320-303,"447 Richmond Street, Elizabeth, NJ, 07202",JCHRISTIANBOLLWAGEFINANCEACADEMY,447RICHMONDSTREETELIZABETHNJ07202,J. Christian Bollwage Finance Academy,"447 Richmond Street, Elizabeth, NJ, 07202",https://www.greatschools.org/new-jersey/elizabeth/8865-Academy-Of-Finance/,Below average,3.0,JCHRISTIANBOLLWAGEFINANCEACADEMY,447RICHMONDSTREETELIZABETHNJ07202,100.0,100.0
Bergen,Garfield Public School District,Thomas Jefferson School #9,03-1700-300,"62 Alpine Street, Garfield, NJ, 07026",THOMASJEFFERSONSCHOOL#9,62ALPINESTREETGARFIELDNJ07026,Thomas Jefferson School #9,"62 Alpine Street, Garfield, NJ, 07026",https://www.greatschools.org/new-jersey/garfield/8904-Thomas-Jefferson-School-9/,Above average,9.0,THOMASJEFFERSONSCHOOL#9,62ALPINESTREETGARFIELDNJ07026,100.0,100.0
Essex,Bloomfield Township School District,Carteret Elementary School,13-0410-080,"158 Grove Street, Bloomfield, NJ, 07003",CARTERETELEMENTARYSCHOOL,158GROVESTREETBLOOMFIELDNJ07003,Carteret Elementary School,"158 Grove Street, Bloomfield, NJ, 07003",https://www.greatschools.org/new-jersey/bloomfield/143-Carteret-Elementary-School/,Average,5.0,CARTERETELEMENTARYSCHOOL,158GROVESTREETBLOOMFIELDNJ07003,100.0,100.0
Bergen,Paramus Public School District,Memorial Elementary School,03-3930-080,"EAST 203 MIDLAND AVENUE, PARAMUS, NJ, 07652",MEMORIALELEMENTARYSCHOOL,EAST203MIDLANDAVENUEPARAMUSNJ07652,Memorial Elementary School,"EAST 203 MIDLAND AVENUE, Paramus, NJ, 07652",https://www.greatschools.org/new-jersey/paramus/1494-Memorial-Elementary-School/,Above average,9.0,MEMORIALELEMENTARYSCHOOL,EAST203MIDLANDAVENUEPARAMUSNJ07652,100.0,100.0
Gloucester,West Deptford Township School District,West Deptford High School,15-5620-050,"1600 OLD CROWN POINT RD, WEST DEPTFORD, NJ, 08093",WESTDEPTFORDHIGHSCHOOL,1600OLDCROWNPOINTRDWESTDEPTFORDNJ08093,West Deptford High School,"1600 OLD CROWN POINT RD, West Deptford, NJ, 08093",https://www.greatschools.org/new-jersey/west-deptford/2142-West-Deptford-High-School/,Below average,3.0,WESTDEPTFORDHIGHSCHOOL,1600OLDCROWNPOINTRDWESTDEPTFORDNJ08093,100.0,100.0
Middlesex,Highland Park Boro School District,Highland Park Middle School,23-2150-060,"330 WAYNE STREET, HIGHLAND PARK, NJ, 08904",HIGHLANDPARKMIDDLESCHOOL,330WAYNESTREETHIGHLANDPARKNJ08904,Highland Park Middle School,"330 Wayne Street, Highland Park, NJ, 08904",https://www.greatschools.org/new-jersey/highland-park/4258-Highland-Park-Middle-School/,Below average,3.0,HIGHLANDPARKMIDDLESCHOOL,330WAYNESTREETHIGHLANDPARKNJ08904,100.0,100.0
Monmouth,Freehold Regional High School District,Howell High School,25-1650-060,"405 SQUANKUM  YELLOWBROOK ROAD, FARMINGDALE, NJ, 07727",HOWELLHIGHSCHOOL,405SQUANKUMYELLOWBROOKROADFARMINGDALENJ07727,Howell High School,"405 Squankum Yellowbrook Road, Farmingdale, NJ, 07727",https://www.greatschools.org/new-jersey/howell-township/629-Howell-High-School/,Average,6.0,HOWELLHIGHSCHOOL,405SQUANKUMYELLOWBROOKROADFARMINGDALENJ07727,100.0,100.0
Camden,Sterling Regional School District,Sterling High School,07-5035-050,"501 South Warwick Road, Somerdale, NJ, 08083",STERLINGHIGHSCHOOL,501SOUTHWARWICKROADSOMERDALENJ08083,Sterling High School,"501 South Warwick Road, Somerdale, NJ, 08083",https://www.greatschools.org/new-jersey/somerdale/289-Sterling-High-School/,Below average,2.0,STERLINGHIGHSCHOOL,501SOUTHWARWICKROADSOMERDALENJ08083,100.0,100.0
Morris,Kinnelon School District,Pearl R. Miller Middle School,27-2460-065,"117 KIEL AVENUE, KINNELON, NJ, 07405",PEARLRMILLERMIDDLESCHOOL,117KIELAVENUEKINNELONNJ07405,Pearl R Miller Middle School,"117 Kiel Avenue, Kinnelon, NJ, 07405",https://www.greatschools.org/new-jersey/kinnelon/930-Pearl-R-Miller-Middle-School/,Above average,8.0,PEARLRMILLERMIDDLESCHOOL,117KIELAVENUEKINNELONNJ07405,100.0,100.0
Passaic,Little Falls Township Public School District,Little Falls Township Public School # 1,31-2700-050,"Little Falls School # 1, LITTLE FALLS, NJ, 07424",LITTLEFALLSTOWNSHIPPUBLICSCHOOL#1,LITTLEFALLSSCHOOL#1LITTLEFALLSNJ07424,Little Falls Township Public School # 1,"Little Falls School # 1, Little Falls, NJ, 07424",https://www.greatschools.org/new-jersey/little-falls/991-Number-1-Elementary-School/,Above average,7.0,LITTLEFALLSTOWNSHIPPUBLICSCHOOL#1,LITTLEFALLSSCHOOL#1LITTLEFALLSNJ07424,100.0,100.0
Bergen,Lodi School District,Roosevelt School,03-2740-080,"435 PASSAIC AVENUE, LODI, NJ, 07644",ROOSEVELTSCHOOL,435PASSAICAVENUELODINJ07644,Roosevelt School,"435 Passaic Avenue, Lodi, NJ, 07644",https://www.greatschools.org/new-jersey/lodi/1012-Roosevelt/,Above average,8.0,ROOSEVELTSCHOOL,435PASSAICAVENUELODINJ07644,100.0,100.0
Bergen,River Dell Regional School District,River Dell Regional High School,03-4405-050,"55 PYLE STREET, ORADELL, NJ, 07649",RIVERDELLREGIONALHIGHSCHOOL,55PYLESTREETORADELLNJ07649,River Dell Regional High School,"55 Pyle Street, Oradell, NJ, 07649",https://www.greatschools.org/new-jersey/oradell/1474-River-Dell-Regional-High-School/,Above average,8.0,RIVERDELLREGIONALHIGHSCHOOL,55PYLESTREETORADELLNJ07649,100.0,100.0
Monmouth,Atlantic Highlands School District,Atlantic Highlands Elementary School,25-0130-020,"140 FIRST AVENUE, ATLANTIC HIGHLANDS, NJ, 07716",ATLANTICHIGHLANDSELEMENTARYSCHOOL,140FIRSTAVENUEATLANTICHIGHLANDSNJ07716,Atlantic Highlands Elementary School,"140 First Avenue, Atlantic Highlands, NJ, 07716",https://www.greatschools.org/new-jersey/atlantic-highlands/56-Atlantic-Highlands-Elementary-School/,Average,6.0,ATLANTICHIGHLANDSELEMENTARYSCHOOL,140FIRSTAVENUEATLANTICHIGHLANDSNJ07716,100.0,100.0
Morris,Madison Public School District,Madison High School,27-2870-050,"170 RIDGEDALE AVENUE, MADISON, NJ, 07940",MADISONHIGHSCHOOL,170RIDGEDALEAVENUEMADISONNJ07940,Madison High School,"170 Ridgedale Avenue, Madison, NJ, 07940",https://www.greatschools.org/new-jersey/madison/1052-Madison-High-School/,Average,6.0,MADISONHIGHSCHOOL,170RIDGEDALEAVENUEMADISONNJ07940,100.0,100.0
Bergen,New Milford Public School District,New Milford High School,03-3550-050,"330 River Road, NEW MILFORD, NJ, 07646",NEWMILFORDHIGHSCHOOL,330RIVERROADNEWMILFORDNJ07646,New Milford High School,"330 River Road, New Milford, NJ, 07646",https://www.greatschools.org/new-jersey/new-milford/1306-New-Milford-High-School/,Average,6.0,NEWMILFORDHIGHSCHOOL,330RIVERROADNEWMILFORDNJ07646,100.0,100.0
Charters,LEAD Charter School,LEAD Charter School,80-6109-953,"201 Bergen Street, Newark, NJ, 07103",LEADCHARTERSCHOOL,201BERGENSTREETNEWARKNJ07103,Lead Charter School,"201 Bergen Street, Newark, NJ, 07103",https://www.greatschools.org/new-jersey/newark/8894-LEAD-Charter-School/,Below average,1.0,LEADCHARTERSCHOOL,201BERGENSTREETNEWARKNJ07103,100.0,100.0
Bergen,Saddle Brook School District,Saddle Brook Middle/High School,03-4610-050,"355 MAYHILL STREET, SADDLE BROOK, NJ, 07663",SADDLEBROOKMIDDLE/HIGHSCHOOL,355MAYHILLSTREETSADDLEBROOKNJ07663,Saddle Brook Middle/High School,"355 Mayhill Street, Saddle Brook, NJ, 07663",https://www.greatschools.org/new-jersey/saddle-brook/1796-Saddle-Brook-Mid--High-School/,Below average,4.0,SADDLEBROOKMIDDLE/HIGHSCHOOL,355MAYHILLSTREETSADDLEBROOKNJ07663,100.0,100.0
Essex,Irvington Public School District,University Elementary School,13-2330-136,"1 UNIVERSITY PLACE, IRVINGTON, NJ, 07111",UNIVERSITYELEMENTARYSCHOOL,1UNIVERSITYPLACEIRVINGTONNJ07111,University Elementary School,"1 University Place, Irvington, NJ, 07111",https://www.greatschools.org/new-jersey/irvington/6921-University-Elementary-School/,Below average,2.0,UNIVERSITYELEMENTARYSCHOOL,1UNIVERSITYPLACEIRVINGTONNJ07111,100.0,100.0
Cape May,North Wildwood School District,Margaret Mace Elementary School,09-3680-060,"1201 Atlantic Avenue, North Wildwood, NJ, 08260",MARGARETMACEELEMENTARYSCHOOL,1201ATLANTICAVENUENORTHWILDWOODNJ08260,Margaret Mace Elementary School,"1201 Atlantic Avenue, North Wildwood, NJ, 08260",https://www.greatschools.org/new-jersey/north-wildwood/1426-Margaret-Mace-Elementary-School/,Below average,3.0,MARGARETMACEELEMENTARYSCHOOL,1201ATLANTICAVENUENORTHWILDWOODNJ08260,100.0,100.0
Atlantic,Hammonton School District,Hammonton Middle School,01-1960-060,"75 NORTH LIBERTY STREET, HAMMONTON, NJ, 08037",HAMMONTONMIDDLESCHOOL,75NORTHLIBERTYSTREETHAMMONTONNJ08037,Hammonton Middle School,"75 North Liberty Street, Hammonton, NJ, 08037",https://www.greatschools.org/new-jersey/hammonton/754-Hammonton-Middle-School/,Average,5.0,HAMMONTONMIDDLESCHOOL,75NORTHLIBERTYSTREETHAMMONTONNJ08037,100.0,100.0
Monmouth,LONG BRANCH PUBLIC SCHOOL District,George L Catrambone,25-2770-300,"240 Park Avenue, Long Branch, NJ, 07740",GEORGELCATRAMBONE,240PARKAVENUELONGBRANCHNJ07740,George L Catrambone,"240 Park Avenue, Long Branch, NJ, 07740",https://www.greatschools.org/new-jersey/long-branch/8783-George-L-Catrambone/,Below average,3.0,GEORGELCATRAMBONE,240PARKAVENUELONGBRANCHNJ07740,100.0,100.0
Burlington,Maple Shade School District,Ralph J. Steinhauer Elementary School,05-3010-100,"25 NORTH FELLOWSHIP ROAD, MAPLE SHADE, NJ, 08052",RALPHJSTEINHAUERELEMENTARYSCHOOL,25NORTHFELLOWSHIPROADMAPLESHADENJ08052,Ralph J Steinhauer Elementary School,"25 North Fellowship Road, Maple Shade, NJ, 08052",https://www.greatschools.org/new-jersey/maple-shade-township/1108-Ralph-J-Steinhauer-Elementary-School/,Below average,2.0,RALPHJSTEINHAUERELEMENTARYSCHOOL,25NORTHFELLOWSHIPROADMAPLESHADENJ08052,100.0,100.0
Hudson,Hoboken Public School District,Hoboken High School,17-2210-005,"NINTH & CLINTON STS, HOBOKEN, NJ, 07030",HOBOKENHIGHSCHOOL,NINTH&CLINTONSTSHOBOKENNJ07030,Hoboken High School,"NINTH & CLINTON STS, Hoboken, NJ, 07030",https://www.greatschools.org/new-jersey/hoboken/807-Hoboken-High-School/,Below average,4.0,HOBOKENHIGHSCHOOL,NINTH&CLINTONSTSHOBOKENNJ07030,100.0,100.0
Bergen,North Arlington School District,North Arlington High School,03-3600-050,"222 Ridge Road, North Arlington, NJ, 07031",NORTHARLINGTONHIGHSCHOOL,222RIDGEROADNORTHARLINGTONNJ07031,North Arlington High School,"222 Ridge Road, North Arlington, NJ, 07031",https://www.greatschools.org/new-jersey/north-arlington/1392-North-Arlington-High-School/,Below average,4.0,NORTHARLINGTONHIGHSCHOOL,222RIDGEROADNORTHARLINGTONNJ07031,100.0,100.0
Monmouth,Monmouth County Vocational School District,Biotechnology High School,25-3260-028,"5000 KOZLOSKI ROAD, FREEHOLD, NJ, 07728",BIOTECHNOLOGYHIGHSCHOOL,5000KOZLOSKIROADFREEHOLDNJ07728,Biotechnology High School,"5000 Kozloski Road, Freehold, NJ, 07728",https://www.greatschools.org/new-jersey/freehold/4274-Biotechnology-High-School/,Above average,10.0,BIOTECHNOLOGYHIGHSCHOOL,5000KOZLOSKIROADFREEHOLDNJ07728,100.0,100.0
Charters,Englewood on the Palisades Charter School,Englewood on the Palisades Charter School,80-6430-930,"65  WEST DEMAREST AVENUE, ENGLEWOOD, NJ, 07631",ENGLEWOODONTHEPALISADESCHARTERSCHOOL,65WESTDEMARESTAVENUEENGLEWOODNJ07631,Englewood on the Palisades Charter School,"65 West Demarest Avenue, Englewood, NJ, 07631",https://www.greatschools.org/new-jersey/englewood/3329-Englewood-On-The-Palisades-Charter-School/,Below average,4.0,ENGLEWOODONTHEPALISADESCHARTERSCHOOL,65WESTDEMARESTAVENUEENGLEWOODNJ07631,100.0,100.0
Monmouth,Matawan-Aberdeen Regional School District,Ravine Drive Elementary School,25-3040-075,"170 RAVINE DRIVE, MATAWAN, NJ, 07747",RAVINEDRIVEELEMENTARYSCHOOL,170RAVINEDRIVEMATAWANNJ07747,Ravine Drive Elementary School,"170 Ravine Drive, Matawan, NJ, 07747",https://www.greatschools.org/new-jersey/matawan/1121-Ravine-Drive-Elementary-School/,Above average,7.0,RAVINEDRIVEELEMENTARYSCHOOL,170RAVINEDRIVEMATAWANNJ07747,100.0,100.0
Middlesex,Carteret Public School District,Carteret High School,23-0750-030,"199 WASHINGTON AVENUE, CARTERET, NJ, 07008",CARTERETHIGHSCHOOL,199WASHINGTONAVENUECARTERETNJ07008,Carteret High School,"199 Washington Avenue, Carteret, NJ, 07008",https://www.greatschools.org/new-jersey/carteret/281-Carteret-High-School/,Below average,2.0,CARTERETHIGHSCHOOL,199WASHINGTONAVENUECARTERETNJ07008,100.0,100.0
Union,Township of Union School District,Kawameeh Middle School,39-5290-070,"490 DAVID TERRACE, UNION, NJ, 07083",KAWAMEEHMIDDLESCHOOL,490DAVIDTERRACEUNIONNJ07083,Kawameeh Middle School,"490 David Terrace, Union, NJ, 07083",https://www.greatschools.org/new-jersey/union/2016-Kawameeh-Middle-School/,Average,6.0,KAWAMEEHMIDDLESCHOOL,490DAVIDTERRACEUNIONNJ07083,100.0,100.0
Middlesex,Monroe Township School District,Monroe Township Middle School,23-3290-020,"1629 PERRINEVILLE ROAD, MONROE TOWNSHIP, NJ, 08831",MONROETOWNSHIPMIDDLESCHOOL,1629PERRINEVILLEROADMONROETOWNSHIPNJ08831,Monroe Township Middle School,"1629 Perrineville Road, Monroe Township, NJ, 08831",https://www.greatschools.org/new-jersey/monroe-township/1210-Monroe-Township-Middle-School/,Average,6.0,MONROETOWNSHIPMIDDLESCHOOL,1629PERRINEVILLEROADMONROETOWNSHIPNJ08831,100.0,100.0
Passaic,Wayne Township Public School District,Wayne Hills High School,31-5570-055,"272 BERDAN AVENUE, WAYNE, NJ, 07470",WAYNEHILLSHIGHSCHOOL,272BERDANAVENUEWAYNENJ07470,Wayne Hills High School,"272 Berdan Avenue, Wayne, NJ, 07470",https://www.greatschools.org/new-jersey/wayne/2125-Wayne-Hills-High-School/,Above average,8.0,WAYNEHILLSHIGHSCHOOL,272BERDANAVENUEWAYNENJ07470,100.0,100.0
Camden,Lindenwold Public School District,Lindenwold Middle School,07-2670-090,"40 WHITE HORSE AVENUE, LINDENWOLD, NJ, 08021",LINDENWOLDMIDDLESCHOOL,40WHITEHORSEAVENUELINDENWOLDNJ08021,Lindenwold Middle School,"40 White Horse Avenue, Lindenwold, NJ, 08021",https://www.greatschools.org/new-jersey/lindenwold/3450-Lindenwold-Middle-School/,Below average,2.0,LINDENWOLDMIDDLESCHOOL,40WHITEHORSEAVENUELINDENWOLDNJ08021,100.0,100.0
Mercer,Area Vocational Technical Schools of Mercer County,Mercer County Technical School Health Sciences Academy,21-3105-304,"1085 Old Trenton Road, Trenton, NJ, 08690",MERCERCOUNTYTECHNICALSCHOOLHEALTHSCIENCESACADEMY,1085OLDTRENTONROADTRENTONNJ08690,Mercer County Technical School Health Sciences Academy,"1085 Old Trenton Road, Trenton, NJ, 08690",https://www.greatschools.org/new-jersey/trenton/8890-Mercer-County-Technical-School-Health-Sciences-Academy/,Above average,8.0,MERCERCOUNTYTECHNICALSCHOOLHEALTHSCIENCESACADEMY,1085OLDTRENTONROADTRENTONNJ08690,100.0,100.0
Somerset,Bridgewater-Raritan Regional School District,Hillside Intermediate School,35-0555-065,"844 Brown Road, Bridgewater, NJ, 08807",HILLSIDEINTERMEDIATESCHOOL,844BROWNROADBRIDGEWATERNJ08807,Hillside Intermediate School,"844 Brown Road, Bridgewater, NJ, 08807",https://www.greatschools.org/new-jersey/bridgewater-township/198-Hillside-Elementary-School/,Average,6.0,HILLSIDEINTERMEDIATESCHOOL,844BROWNROADBRIDGEWATERNJ08807,100.0,100.0
Union,Springfield Public School District,James Caldwell Elementary School,39-5000-070,"36 Caldwell Place, Springfield, NJ, 07081",JAMESCALDWELLELEMENTARYSCHOOL,36CALDWELLPLACESPRINGFIELDNJ07081,James Caldwell Elementary School,"36 Caldwell Place, Springfield, NJ, 07081",https://www.greatschools.org/new-jersey/springfield-township/1901-James-Caldwell-Elementary-School/,Above average,7.0,JAMESCALDWELLELEMENTARYSCHOOL,36CALDWELLPLACESPRINGFIELDNJ07081,100.0,100.0
Sussex,Sparta Township Public School District,Sparta Middle School,37-4960-057,"350 MAIN STREET, SPARTA, NJ, 07871",SPARTAMIDDLESCHOOL,350MAINSTREETSPARTANJ07871,Sparta Middle School,"350 Main Street, Sparta, NJ, 07871",https://www.greatschools.org/new-jersey/sparta-township/3394-Sparta-Middle-School/,Average,6.0,SPARTAMIDDLESCHOOL,350MAINSTREETSPARTANJ07871,100.0,100.0
Burlington,Medford Lakes School District,Neeta School,05-3070-040,"44 Neeta Trail, Medford Lakes, NJ, 08055",NEETASCHOOL,44NEETATRAILMEDFORDLAKESNJ08055,Neeta School,"44 Neeta Trail, Medford Lakes, NJ, 08055",https://www.greatschools.org/new-jersey/medford-lakes/1126-Neeta-School/,Above average,7.0,NEETASCHOOL,44NEETATRAILMEDFORDLAKESNJ08055,100.0,100.0
Burlington,Burlington City Public School District,Wilbur Watts Intermediate School,05-0600-085,"550 HIGH STREET, BURLINGTON, NJ, 08016",WILBURWATTSINTERMEDIATESCHOOL,550HIGHSTREETBURLINGTONNJ08016,Wilbur Watts Intermediate School,"550 High Street, Burlington, NJ, 08016",https://www.greatschools.org/new-jersey/burlington/216-Wilbur-Watts-Intermediate-School/,Below average,3.0,WILBURWATTSINTERMEDIATESCHOOL,550HIGHSTREETBURLINGTONNJ08016,100.0,100.0
Monmouth,Manasquan School District,Manasquan Elementary School,25-2930-060,"168 Broad Street, Manasquan, NJ, 08736",MANASQUANELEMENTARYSCHOOL,168BROADSTREETMANASQUANNJ08736,Manasquan Elementary School,"168 Broad Street, Manasquan, NJ, 08736",https://www.greatschools.org/new-jersey/manasquan/1087-Manasquan-Elementary-School/,Average,6.0,MANASQUANELEMENTARYSCHOOL,168BROADSTREETMANASQUANNJ08736,100.0,100.0
Mercer,Princeton Public Schools,Littlebrook School,21-4255-080,"39 MAGNOLIA LANE, PRINCETON, NJ, 08540",LITTLEBROOKSCHOOL,39MAGNOLIALANEPRINCETONNJ08540,Littlebrook School,"39 Magnolia Lane, Princeton, NJ, 08540",https://www.greatschools.org/new-jersey/princeton/1685-Littlebrook-School/,Above average,7.0,LITTLEBROOKSCHOOL,39MAGNOLIALANEPRINCETONNJ08540,100.0,100.0
Union,Westfield Public School District,Roosevelt Intermediate School,39-5730-060,"301 Clark Street, Westfield, NJ, 07090",ROOSEVELTINTERMEDIATESCHOOL,301CLARKSTREETWESTFIELDNJ07090,Roosevelt Intermediate School,"301 Clark Street, Westfield, NJ, 07090",https://www.greatschools.org/new-jersey/westfield/2199-Roosevelt-Intermediate-School/,Above average,8.0,ROOSEVELTINTERMEDIATESCHOOL,301CLARKSTREETWESTFIELDNJ07090,100.0,100.0
Bergen,Ramapo Indian Hills Regional High School District,Ramapo High School,03-4300-050,"331 GEORGE STREET, FRANKLIN LAKES, NJ, 07417",RAMAPOHIGHSCHOOL,331GEORGESTREETFRANKLINLAKESNJ07417,Ramapo High School,"331 George Street, Franklin Lakes, NJ, 07417",https://www.greatschools.org/new-jersey/franklin-lakes/1695-Ramapo-High-School/,Above average,8.0,RAMAPOHIGHSCHOOL,331GEORGESTREETFRANKLINLAKESNJ07417,100.0,100.0
Atlantic,Pleasantville Public School District,Pleasantville Middle School,01-4180-055,"801 MILL ROAD, PLEASANTVILLE, NJ, 08232",PLEASANTVILLEMIDDLESCHOOL,801MILLROADPLEASANTVILLENJ08232,Pleasantville Middle School,"801 Mill Road, Pleasantville, NJ, 08232",https://www.greatschools.org/new-jersey/pleasantville/1664-Pleasantville-Middle-School/,Below average,2.0,PLEASANTVILLEMIDDLESCHOOL,801MILLROADPLEASANTVILLENJ08232,100.0,100.0
Bergen,Paramus Public School District,West Brook Middle School,03-3930-060,"560 ROOSEVELT BOULEVARD, PARAMUS, NJ, 07652",WESTBROOKMIDDLESCHOOL,560ROOSEVELTBOULEVARDPARAMUSNJ07652,West Brook Middle School,"560 Roosevelt Boulevard, Paramus, NJ, 07652",https://www.greatschools.org/new-jersey/paramus/1492-West-Brook-Middle-School/,Average,6.0,WESTBROOKMIDDLESCHOOL,560ROOSEVELTBOULEVARDPARAMUSNJ07652,100.0,100.0
Passaic,Wayne Township Public School District,Wayne Valley High School,31-5570-050,"551 VALLEY ROAD, WAYNE, NJ, 07470",WAYNEVALLEYHIGHSCHOOL,551VALLEYROADWAYNENJ07470,Wayne Valley High School,"551 Valley Road, Wayne, NJ, 07470",https://www.greatschools.org/new-jersey/wayne/2124-Wayne-Valley-High-School/,Average,6.0,WAYNEVALLEYHIGHSCHOOL,551VALLEYROADWAYNENJ07470,100.0,100.0
Somerset,Manville School District,Alexander Batcho Intermediate School,35-3000-065,"100 North 13th Avenue, Manville, NJ, 08835",ALEXANDERBATCHOINTERMEDIATESCHOOL,100NORTH13THAVENUEMANVILLENJ08835,Alexander Batcho Intermediate School,"100 North 13th Avenue, Manville, NJ, 08835",https://www.greatschools.org/new-jersey/manville/1103-Alexander-Batcho-Intermediate-School/,Below average,2.0,ALEXANDERBATCHOINTERMEDIATESCHOOL,100NORTH13THAVENUEMANVILLENJ08835,100.0,100.0
Burlington,Lumberton Township Board of Education,Lumberton Middle School,05-2850-060,"30 DIMSDALE DRIVE, LUMBERTON, NJ, 08048",LUMBERTONMIDDLESCHOOL,30DIMSDALEDRIVELUMBERTONNJ08048,Lumberton Middle School,"30 Dimsdale Drive, Lumberton, NJ, 08048",https://www.greatschools.org/new-jersey/lumberton/1044-Lumberton-Middle-School/,Below average,4.0,LUMBERTONMIDDLESCHOOL,30DIMSDALEDRIVELUMBERTONNJ08048,100.0,100.0
Burlington,Lenape Regional High School District,Shawnee High School,05-2610-060,"600 TABERNACLE ROAD, MEDFORD, NJ, 08055",SHAWNEEHIGHSCHOOL,600TABERNACLEROADMEDFORDNJ08055,Shawnee High School,"600 Tabernacle Road, Medford, NJ, 08055",https://www.greatschools.org/new-jersey/medford/966-Shawnee-High-School/,Average,6.0,SHAWNEEHIGHSCHOOL,600TABERNACLEROADMEDFORDNJ08055,100.0,100.0
Bergen,North Arlington School District,Susan B. Anthony Elementary School,03-3600-300,"45 Beech Street, North Arlington, NJ, 07031",SUSANBANTHONYELEMENTARYSCHOOL,45BEECHSTREETNORTHARLINGTONNJ07031,Susan B. Anthony Elementary School,"45 Beech Street, North Arlington, NJ, 07031",https://www.greatschools.org/new-jersey/north-arlington/9210-Susan-B.-Anthony-Elementary-School/,Above average,8.0,SUSANBANTHONYELEMENTARYSCHOOL,45BEECHSTREETNORTHARLINGTONNJ07031,100.0,100.0
Hudson,Hudson County Schools of Technology School District,Academy of Technology Design,17-2295-304,"525 Montgomery Street, Jersey City, NJ, 07302",ACADEMYOFTECHNOLOGYDESIGN,525MONTGOMERYSTREETJERSEYCITYNJ07302,Academy of Technology Design,"525 Montgomery Street, Jersey City, NJ, 07302",https://www.greatschools.org/new-jersey/jersey-city/7111-Academy-Of-Technology-Design/,Below average,4.0,ACADEMYOFTECHNOLOGYDESIGN,525MONTGOMERYSTREETJERSEYCITYNJ07302,100.0,100.0
Passaic,Haledon Public School District,Haledon Public School,31-1920-015,"91 HENRY STREET, HALEDON, NJ, 07508",HALEDONPUBLICSCHOOL,91HENRYSTREETHALEDONNJ07508,Haledon Public School,"91 Henry Street, Haledon, NJ, 07508",https://www.greatschools.org/new-jersey/haledon/724-Haledon-Public-School/,Below average,4.0,HALEDONPUBLICSCHOOL,91HENRYSTREETHALEDONNJ07508,100.0,100.0
Middlesex,Old Bridge Township School District,William A. Miller Elementary School,23-3845-170,"2 OLD MATAWAN ROAD, OLD BRIDGE, NJ, 08857",WILLIAMAMILLERELEMENTARYSCHOOL,2OLDMATAWANROADOLDBRIDGENJ08857,William A. Miller Elementary School,"2 Old Matawan Road, Old Bridge, NJ, 08857",https://www.greatschools.org/new-jersey/old-bridge-township/1057-William-A.-Miller-Elementary-School/,Above average,7.0,WILLIAMAMILLERELEMENTARYSCHOOL,2OLDMATAWANROADOLDBRIDGENJ08857,100.0,100.0
Morris,Lincoln Park School District,Lincoln Park Middle School,27-2650-040,"90 RYERSON ROAD, LINCOLN PARK, NJ, 07035",LINCOLNPARKMIDDLESCHOOL,90RYERSONROADLINCOLNPARKNJ07035,Lincoln Park Middle School,"90 Ryerson Road, Lincoln Park, NJ, 07035",https://www.greatschools.org/new-jersey/lincoln-park/972-Lincoln-Park-Middle-School/,Above average,7.0,LINCOLNPARKMIDDLESCHOOL,90RYERSONROADLINCOLNPARKNJ07035,100.0,100.0
Monmouth,Freehold Regional High School District,Colts Neck High School,25-1650-010,"59 FIVE POINTS ROAD, COLTS NECK, NJ, 07722",COLTSNECKHIGHSCHOOL,59FIVEPOINTSROADCOLTSNECKNJ07722,Colts Neck High School,"59 Five Points Road, Colts Neck, NJ, 07722",https://www.greatschools.org/new-jersey/colts-neck/626-Colts-Neck-High-School/,Average,6.0,COLTSNECKHIGHSCHOOL,59FIVEPOINTSROADCOLTSNECKNJ07722,100.0,100.0
Somerset,North Plainfield School District,Somerset School,35-3670-080,"303 Somerset Street, North Plainfield, NJ, 07060",SOMERSETSCHOOL,303SOMERSETSTREETNORTHPLAINFIELDNJ07060,Somerset School,"303 Somerset Street, North Plainfield, NJ, 07060",https://www.greatschools.org/new-jersey/north-plainfield/1423-Somerset-School/,Below average,3.0,SOMERSETSCHOOL,303SOMERSETSTREETNORTHPLAINFIELDNJ07060,100.0,100.0
Passaic,Wayne Township Public School District,Anthony Wayne Middle School,31-5570-065,"201 GARSIDE AVENUE, WAYNE, NJ, 07470",ANTHONYWAYNEMIDDLESCHOOL,201GARSIDEAVENUEWAYNENJ07470,Anthony Wayne Middle School,"201 Garside Avenue, Wayne, NJ, 07470",https://www.greatschools.org/new-jersey/wayne/4297-Anthony-Wayne-Middle-School/,Above average,9.0,ANTHONYWAYNEMIDDLESCHOOL,201GARSIDEAVENUEWAYNENJ07470,100.0,100.0
Camden,Waterford Township School District,Waterford Elementary School,07-5560-100,"1106 Old White Horse Pike, Waterford, NJ, 08089",WATERFORDELEMENTARYSCHOOL,1106OLDWHITEHORSEPIKEWATERFORDNJ08089,Waterford Elementary School,"1106 Old White Horse Pike, Waterford, NJ, 08089",https://www.greatschools.org/new-jersey/waterford/2123-Waterford-Elementary-School/,Average,6.0,WATERFORDELEMENTARYSCHOOL,1106OLDWHITEHORSEPIKEWATERFORDNJ08089,100.0,100.0
Gloucester,Pitman Boro School District,W.C.K. Walls Elementary School,15-4140-080,"320 Grant Avenue, Pitman, NJ, 08071",WCKWALLSELEMENTARYSCHOOL,320GRANTAVENUEPITMANNJ08071,W.C.K. Walls Elementary School,"320 Grant Avenue, Pitman, NJ, 08071",https://www.greatschools.org/new-jersey/pitman/1641-W.C.K.-Walls-Elementary-School/,Below average,4.0,WCKWALLSELEMENTARYSCHOOL,320GRANTAVENUEPITMANNJ08071,100.0,100.0
Gloucester,West Deptford Township School District,Green-Fields Elementary School,15-5620-070,"15 HILL LANE, WOODBURY, NJ, 08096",GREENFIELDSELEMENTARYSCHOOL,15HILLLANEWOODBURYNJ08096,Green-Fields Elementary School,"15 Hill Lane, Woodbury, NJ, 08096",https://www.greatschools.org/new-jersey/woodbury/2143-Green-Fields-Elementary-School/,Below average,3.0,GREENFIELDSELEMENTARYSCHOOL,15HILLLANEWOODBURYNJ08096,100.0,100.0
Burlington,Delran Township School District,Delran High School,05-1060-005,"50 HARTFORD ROAD, DELRAN, NJ, 08075",DELRANHIGHSCHOOL,50HARTFORDROADDELRANNJ08075,Delran High School,"50 Hartford Road, Delran, NJ, 08075",https://www.greatschools.org/new-jersey/delran/387-Delran-High-School/,Below average,4.0,DELRANHIGHSCHOOL,50HARTFORDROADDELRANNJ08075,100.0,100.0
Ocean,Toms River Regional School District,South Toms River Elementary School,29-5190-100,"419 DOVER ROAD, SOUTH TOMS RIVER, NJ, 08757",SOUTHTOMSRIVERELEMENTARYSCHOOL,419DOVERROADSOUTHTOMSRIVERNJ08757,South Toms River Elementary School,"419 DOVER ROAD, South Toms River, NJ, 08757",https://www.greatschools.org/new-jersey/toms-river/1959-South-Toms-River-Elementary-School/,Below average,3.0,SOUTHTOMSRIVERELEMENTARYSCHOOL,419DOVERROADSOUTHTOMSRIVERNJ08757,100.0,100.0
Morris,School District of the Chathams,Chatham Middle School,27-0785-030,"480 MAIN STREET, CHATHAM, NJ, 07928",CHATHAMMIDDLESCHOOL,480MAINSTREETCHATHAMNJ07928,Chatham Middle School,"480 Main Street, Chatham, NJ, 07928",https://www.greatschools.org/new-jersey/chatham/2-Chatham-Middle-School/,Above average,7.0,CHATHAMMIDDLESCHOOL,480MAINSTREETCHATHAMNJ07928,100.0,100.0
Bergen,Ridgewood Public School District,Willard Elementary School,03-4390-130,"601 MORNINGSIDE RD, RIDGEWOOD, NJ, 07451",WILLARDELEMENTARYSCHOOL,601MORNINGSIDERDRIDGEWOODNJ07451,Willard Elementary School,"601 MORNINGSIDE RD, Ridgewood, NJ, 07451",https://www.greatschools.org/new-jersey/ridgewood/1739-Willard-Elementary-School/,Above average,10.0,WILLARDELEMENTARYSCHOOL,601MORNINGSIDERDRIDGEWOODNJ07451,100.0,100.0
Burlington,Shamong Township School District,Indian Mills Memorial School,05-4740-055,"295 INDIAN MILLS ROAD, SHAMONG, NJ, 08088",INDIANMILLSMEMORIALSCHOOL,295INDIANMILLSROADSHAMONGNJ08088,Indian Mills Memorial School,"295 Indian Mills Road, Shamong, NJ, 08088",https://www.greatschools.org/new-jersey/shamong/1832-Indian-Mills-Memorial-School/,Above average,7.0,INDIANMILLSMEMORIALSCHOOL,295INDIANMILLSROADSHAMONGNJ08088,100.0,100.0
Monmouth,Hazlet Township Public School District,Raritan High School,25-2105-050,"419 MIDDLE ROAD, HAZLET, NJ, 07730",RARITANHIGHSCHOOL,419MIDDLEROADHAZLETNJ07730,Raritan High School,"419 Middle Road, Hazlet, NJ, 07730",https://www.greatschools.org/new-jersey/hazlet/1709-Raritan-High-School/,Below average,4.0,RARITANHIGHSCHOOL,419MIDDLEROADHAZLETNJ07730,100.0,100.0
Essex,Irvington Public School District,Florence Avenue Elementary School,13-2330-100,"1324      SPRINGFIELD AVENUE, IRVINGTON, NJ, 07111",FLORENCEAVENUEELEMENTARYSCHOOL,1324SPRINGFIELDAVENUEIRVINGTONNJ07111,Florence Avenue Elementary School,"1324 Springfield Avenue, Irvington, NJ, 07111",https://www.greatschools.org/new-jersey/irvington/853-Florence-Avenue-Elementary-School/,Below average,3.0,FLORENCEAVENUEELEMENTARYSCHOOL,1324SPRINGFIELDAVENUEIRVINGTONNJ07111,100.0,100.0
Essex,Newark Public School District,Ivy Hill Elementary School,13-3570-565,"107 IVY STREET, NEWARK, NJ, 07106",IVYHILLELEMENTARYSCHOOL,107IVYSTREETNEWARKNJ07106,Ivy Hill Elementary School,"107 Ivy Street, Newark, NJ, 07106",https://www.greatschools.org/new-jersey/newark/6909-Ivy-Hill-Elementary-School/,Average,5.0,IVYHILLELEMENTARYSCHOOL,107IVYSTREETNEWARKNJ07106,100.0,100.0
Camden,Collingswood Public School District,William P Tatem Elementary School,07-0940-080,"265 LINCOLN AVENUE, COLLINGSWOOD, NJ, 08108",WILLIAMPTATEMELEMENTARYSCHOOL,265LINCOLNAVENUECOLLINGSWOODNJ08108,William P. Tatem Elementary School,"265 Lincoln Avenue, Collingswood, NJ, 08108",https://www.greatschools.org/new-jersey/collingswood/361-William-P.-Tatem-Elementary-School/,Above average,9.0,WILLIAMPTATEMELEMENTARYSCHOOL,265LINCOLNAVENUECOLLINGSWOODNJ08108,100.0,100.0
Essex,Newark Public School District,Sir Isaac Newton Elementary School,13-3570-315,"150 Newton Street, Newark, NJ, 07103",SIRISAACNEWTONELEMENTARYSCHOOL,150NEWTONSTREETNEWARKNJ07103,Sir Isaac Newton Elementary School,"150 Newton Street, Newark, NJ, 07103",https://www.greatschools.org/new-jersey/newark/1340-Sir-Isaac-Newton-Elementary-School/,Average,5.0,SIRISAACNEWTONELEMENTARYSCHOOL,150NEWTONSTREETNEWARKNJ07103,100.0,100.0
Warren,Hackettstown Public School District,Hackettstown High School,41-1870-050,"599 Warren Street, HACKETTSTOWN, NJ, 07840",HACKETTSTOWNHIGHSCHOOL,599WARRENSTREETHACKETTSTOWNNJ07840,Hackettstown High School,"599 Warren Street, Hackettstown, NJ, 07840",https://www.greatschools.org/new-jersey/hackettstown/704-Hackettstown-High-School/,Average,5.0,HACKETTSTOWNHIGHSCHOOL,599WARRENSTREETHACKETTSTOWNNJ07840,100.0,100.0
Salem,Pittsgrove Township School District,Arthur P. Schalick High School,33-4150-040,"718 CENTERTON ROAD, PITTSGROVE, NJ, 08318",ARTHURPSCHALICKHIGHSCHOOL,718CENTERTONROADPITTSGROVENJ08318,Arthur P Schalick High School,"718 Centerton Road, Pittsgrove, NJ, 08318",https://www.greatschools.org/new-jersey/pittsgrove-township/1642-Arthur-P-Schalick-High-School/,Below average,4.0,ARTHURPSCHALICKHIGHSCHOOL,718CENTERTONROADPITTSGROVENJ08318,100.0,100.0
Burlington,Maple Shade School District,Maude M. Wilkins Elementary School,05-3010-080,"34 WEST MILL ROAD, MAPLE SHADE, NJ, 08052",MAUDEMWILKINSELEMENTARYSCHOOL,34WESTMILLROADMAPLESHADENJ08052,Maude M. Wilkins Elementary School,"34 West Mill Road, Maple Shade, NJ, 08052",https://www.greatschools.org/new-jersey/maple-shade-township/1106-Maude-M.-Wilkins-Elementary-School/,Below average,2.0,MAUDEMWILKINSELEMENTARYSCHOOL,34WESTMILLROADMAPLESHADENJ08052,100.0,100.0
Bergen,Ridgewood Public School District,Hawes Elementary School,03-4390-085,"531 STEVENS AVENUE, RIDGEWOOD, NJ, 07451",HAWESELEMENTARYSCHOOL,531STEVENSAVENUERIDGEWOODNJ07451,Hawes Elementary School,"531 STEVENS AVENUE, Ridgewood, NJ, 07451",https://www.greatschools.org/new-jersey/ridgewood/1734-Hawes-Elementary-School/,Above average,9.0,HAWESELEMENTARYSCHOOL,531STEVENSAVENUERIDGEWOODNJ07451,100.0,100.0
Cape May,Ocean City School District,Ocean City Primary School,09-3780-070,"550 WEST AVENUE, OCEAN CITY, NJ, 08226",OCEANCITYPRIMARYSCHOOL,550WESTAVENUEOCEANCITYNJ08226,Ocean City Primary School,"550 West Avenue, Ocean City, NJ, 08226",https://www.greatschools.org/new-jersey/ocean-city/1452-Ocean-City-Primary-School/,Average,5.0,OCEANCITYPRIMARYSCHOOL,550WESTAVENUEOCEANCITYNJ08226,100.0,100.0
Essex,Newark Public School District,Bard Early College High School,13-3570-304,"321 BERGEN STREET, NEWARK, NJ, 07103",BARDEARLYCOLLEGEHIGHSCHOOL,321BERGENSTREETNEWARKNJ07103,Bard Early College High School,"321 Bergen Street, Newark, NJ, 07103",https://www.greatschools.org/new-jersey/newark/7143-Bard-Early-College-High-School/,Below average,4.0,BARDEARLYCOLLEGEHIGHSCHOOL,321BERGENSTREETNEWARKNJ07103,100.0,100.0
Burlington,Cinnaminson Township School District,Cinnaminson Middle School,05-0840-053,"312 N  FORKLANDING ROAD, CINNAMINSON, NJ, 08077",CINNAMINSONMIDDLESCHOOL,312NFORKLANDINGROADCINNAMINSONNJ08077,Cinnaminson Middle School,"312 N FORKLANDING ROAD, Cinnaminson, NJ, 08077",https://www.greatschools.org/new-jersey/cinnaminson/316-Cinnaminson-Middle-School/,Average,5.0,CINNAMINSONMIDDLESCHOOL,312NFORKLANDINGROADCINNAMINSONNJ08077,100.0,100.0
Burlington,Delran Township School District,Delran Intermediate School,05-1060-015,"20 CREEK ROAD, DELRAN, NJ, 08075",DELRANINTERMEDIATESCHOOL,20CREEKROADDELRANNJ08075,Delran Intermediate School,"20 Creek Road, Delran, NJ, 08075",https://www.greatschools.org/new-jersey/delran/386-Delran-Intermediate-School/,Below average,4.0,DELRANINTERMEDIATESCHOOL,20CREEKROADDELRANNJ08075,100.0,100.0
Charters,Red Bank Charter School,Red Bank Charter School,80-7720-915,"58 OAKLAND STREET, RED BANK, NJ, 07701",REDBANKCHARTERSCHOOL,58OAKLANDSTREETREDBANKNJ07701,Red Bank Charter School,"58 Oakland Street, Red Bank, NJ, 07701",https://www.greatschools.org/new-jersey/red-bank/3364-Red-Bank-Charter-School/,Below average,3.0,REDBANKCHARTERSCHOOL,58OAKLANDSTREETREDBANKNJ07701,100.0,100.0
Camden,Haddonfield School District,Haddonfield Memorial High School,07-1900-050,"401 KINGS HIGHWAY EAST, HADDONFIELD, NJ, 08033",HADDONFIELDMEMORIALHIGHSCHOOL,401KINGSHIGHWAYEASTHADDONFIELDNJ08033,Haddonfield Memorial High School,"401 Kings Highway East, Haddonfield, NJ, 08033",https://www.greatschools.org/new-jersey/haddonfield/718-Haddonfield-Memorial-High-School/,Above average,8.0,HADDONFIELDMEMORIALHIGHSCHOOL,401KINGSHIGHWAYEASTHADDONFIELDNJ08033,100.0,100.0
Bergen,Fair Lawn Public School District,John A. Forrest Elementary School,03-1450-085,"10 - 00 HOPPER AVE, FAIR LAWN, NJ, 07410",JOHNAFORRESTELEMENTARYSCHOOL,1000HOPPERAVEFAIRLAWNNJ07410,John A. Forrest Elementary School,"10 - 00 HOPPER AVE, Fair Lawn, NJ, 07410",https://www.greatschools.org/new-jersey/fair-lawn/573-John-A.-Forrest-Elementary-School/,Above average,8.0,JOHNAFORRESTELEMENTARYSCHOOL,1000HOPPERAVEFAIRLAWNNJ07410,100.0,100.0
Morris,Netcong School District,Netcong Elementary School,27-3520-060,"26 COLLEGE ROAD, NETCONG, NJ, 07857",NETCONGELEMENTARYSCHOOL,26COLLEGEROADNETCONGNJ07857,Netcong Elementary School,"26 College Road, Netcong, NJ, 07857",https://www.greatschools.org/new-jersey/netcong/1294-Netcong-Elementary-School/,Average,6.0,NETCONGELEMENTARYSCHOOL,26COLLEGEROADNETCONGNJ07857,100.0,100.0
Warren,Hackettstown Public School District,Willow Grove Elementary School,41-1870-090,"601 WILLOW GROVE STREET, HACKETTSTOWN, NJ, 07840",WILLOWGROVEELEMENTARYSCHOOL,601WILLOWGROVESTREETHACKETTSTOWNNJ07840,Willow Grove Elementary School,"601 Willow Grove Street, Hackettstown, NJ, 07840",https://www.greatschools.org/new-jersey/hackettstown/707-Willow-Grove-Elementary-School/,Average,6.0,WILLOWGROVEELEMENTARYSCHOOL,601WILLOWGROVESTREETHACKETTSTOWNNJ07840,100.0,100.0
Passaic,Bloomingdale School District,Samuel R. Donald Elementary School,31-0420-030,"29 CAPTOLENE AVENUE, BLOOMINGDALE, NJ, 07403",SAMUELRDONALDELEMENTARYSCHOOL,29CAPTOLENEAVENUEBLOOMINGDALENJ07403,Samuel R. Donald Elementary School,"29 Captolene Avenue, Bloomingdale, NJ, 07403",https://www.greatschools.org/new-jersey/bloomingdale/150-Samuel-R.-Donald-Elementary-School/,Above average,7.0,SAMUELRDONALDELEMENTARYSCHOOL,29CAPTOLENEAVENUEBLOOMINGDALENJ07403,100.0,100.0
Union,Plainfield Public School District,Plainfield High School,39-4160-050,"950 PARK AVENUE, PLAINFIELD, NJ, 07060",PLAINFIELDHIGHSCHOOL,950PARKAVENUEPLAINFIELDNJ07060,Plainfield High School,"950 Park Avenue, Plainfield, NJ, 07060",https://www.greatschools.org/new-jersey/plainfield/1646-Plainfield-High-School/,Below average,1.0,PLAINFIELDHIGHSCHOOL,950PARKAVENUEPLAINFIELDNJ07060,100.0,100.0
Essex,West Orange Public Schools,Liberty Middle School,13-5680-135,"1  KELLY  DRIVE, WEST ORANGE, NJ, 07052",LIBERTYMIDDLESCHOOL,1KELLYDRIVEWESTORANGENJ07052,Liberty Middle School,"1 Kelly Drive, West Orange, NJ, 07052",https://www.greatschools.org/new-jersey/west-orange/4233-Liberty-Middle-School/,Above average,7.0,LIBERTYMIDDLESCHOOL,1KELLYDRIVEWESTORANGENJ07052,100.0,100.0
Atlantic,Estell Manor School District,Estell Manor Elementary School,01-1410-050,"128 CAPE MAY AVENUE, ESTELL MANOR, NJ, 08319",ESTELLMANORELEMENTARYSCHOOL,128CAPEMAYAVENUEESTELLMANORNJ08319,Estell Manor Elementary School,"128 Cape May Avenue, Estell Manor, NJ, 08319",https://www.greatschools.org/new-jersey/estell-manor/552-Estell-Manor-Elementary-School/,Average,6.0,ESTELLMANORELEMENTARYSCHOOL,128CAPEMAYAVENUEESTELLMANORNJ08319,100.0,100.0
Morris,School District of the Chathams,Chatham High School,27-0785-010,"255 LAFAYETTE AVENUE, CHATHAM, NJ, 07928",CHATHAMHIGHSCHOOL,255LAFAYETTEAVENUECHATHAMNJ07928,Chatham High School,"255 LAFAYETTE AVENUE, Chatham, NJ, 07928",https://www.greatschools.org/new-jersey/chatham-township/1-Chatham-High-School/,Above average,8.0,CHATHAMHIGHSCHOOL,255LAFAYETTEAVENUECHATHAMNJ07928,100.0,100.0
Passaic,Wayne Township Public School District,Ryerson Elementary School,31-5570-140,"30 MC CLELLAND AVENUE, WAYNE, NJ, 07470",RYERSONELEMENTARYSCHOOL,30MCCLELLANDAVENUEWAYNENJ07470,Ryerson Elementary School,"30 McClelland Avenue, Wayne, NJ, 07470",https://www.greatschools.org/new-jersey/wayne/2133-Ryerson-Elementary-School/,Below average,4.0,RYERSONELEMENTARYSCHOOL,30MCCLELLANDAVENUEWAYNENJ07470,100.0,100.0
Passaic,Clifton Public School District,Clifton High School,31-0900-030,"333 COLFAX AVENUE, CLIFTON, NJ, 07013",CLIFTONHIGHSCHOOL,333COLFAXAVENUECLIFTONNJ07013,Clifton High School,"333 Colfax Avenue, Clifton, NJ, 07013",https://www.greatschools.org/new-jersey/clifton/334-Clifton-High-School/,Below average,2.0,CLIFTONHIGHSCHOOL,333COLFAXAVENUECLIFTONNJ07013,100.0,100.0
Mercer,Trenton Public School District,Robbins Elementary School,21-5210-280,"283 Tyler Street, Trenton, NJ, 08609",ROBBINSELEMENTARYSCHOOL,283TYLERSTREETTRENTONNJ08609,Robbins Elementary School,"283 Tyler Street, Trenton, NJ, 08609",https://www.greatschools.org/new-jersey/trenton/1986-Robbins-Elementary-School/,Below average,1.0,ROBBINSELEMENTARYSCHOOL,283TYLERSTREETTRENTONNJ08609,100.0,100.0
Monmouth,Freehold Regional High School District,Manalapan High School,25-1650-070,"20 CHURCH LANE, ENGLISHTOWN, NJ, 07726",MANALAPANHIGHSCHOOL,20CHURCHLANEENGLISHTOWNNJ07726,Manalapan High School,"20 CHURCH LANE, Englishtown, NJ, 07726",https://www.greatschools.org/new-jersey/manalapan-township/630-Manalapan-High-School/,Average,6.0,MANALAPANHIGHSCHOOL,20CHURCHLANEENGLISHTOWNNJ07726,100.0,100.0
Union,Westfield Public School District,Tamaques Elementary School,39-5730-145,"641 Willow Grove Road, Westfield, NJ, 07090",TAMAQUESELEMENTARYSCHOOL,641WILLOWGROVEROADWESTFIELDNJ07090,Tamaques Elementary School,"641 Willow Grove Road, Westfield, NJ, 07090",https://www.greatschools.org/new-jersey/westfield/2204-Tamaques-Elementary-School/,Above average,8.0,TAMAQUESELEMENTARYSCHOOL,641WILLOWGROVEROADWESTFIELDNJ07090,100.0,100.0
Passaic,Passaic City School District,Passaic Gifted and Talented Academy School No. 20,31-3970-300,"19 Henry Street, Passaic, NJ, 07055",PASSAICGIFTEDANDTALENTEDACADEMYSCHOOLNO20,19HENRYSTREETPASSAICNJ07055,Passaic Gifted And Talented Academy School No 20,"19 Henry Street, Passaic, NJ, 07055",https://www.greatschools.org/new-jersey/passaic/8842-Passaic-Gifted-And-Talented-Academy-School-No-20/,Above average,7.0,PASSAICGIFTEDANDTALENTEDACADEMYSCHOOLNO20,19HENRYSTREETPASSAICNJ07055,100.0,100.0
Warren,Harmony Township School District,Harmony Township School,41-2040-030,"2551 BELVIDERE ROAD, PHILLIPSBURG, NJ, 08865",HARMONYTOWNSHIPSCHOOL,2551BELVIDEREROADPHILLIPSBURGNJ08865,Harmony Township School,"2551 Belvidere Road, Phillipsburg, NJ, 08865",https://www.greatschools.org/new-jersey/phillipsburg/765-Harmony-Township-School/,Average,6.0,HARMONYTOWNSHIPSCHOOL,2551BELVIDEREROADPHILLIPSBURGNJ08865,100.0,100.0
Camden,Collingswood Public School District,Zane North Elementary School,07-0940-090,"801 STOKES AVENUE, COLLINGSWOOD, NJ, 08108",ZANENORTHELEMENTARYSCHOOL,801STOKESAVENUECOLLINGSWOODNJ08108,Zane North Elementary School,"801 Stokes Avenue, Collingswood, NJ, 08108",https://www.greatschools.org/new-jersey/collingswood/362-Zane-North-Elementary-School/,Above average,8.0,ZANENORTHELEMENTARYSCHOOL,801STOKESAVENUECOLLINGSWOODNJ08108,100.0,100.0
Bergen,Wood-Ridge School District,Catherine E. Doyle Elementary School,03-5830-060,"250 WOOD  RIDGE AVE, WOOD  RIDGE, NJ, 07075",CATHERINEEDOYLEELEMENTARYSCHOOL,250WOODRIDGEAVEWOODRIDGENJ07075,Catherine E. Doyle Elementary School,"250 WOOD RIDGE AVE, Wood-Ridge, NJ, 07075",https://www.greatschools.org/new-jersey/wood_ridge/2276-Catherine-E.-Doyle-Elementary-School/,Above average,10.0,CATHERINEEDOYLEELEMENTARYSCHOOL,250WOODRIDGEAVEWOODRIDGENJ07075,100.0,100.0
Middlesex,Spotswood Public School District,Spotswood High School,23-4970-040,"105 SUMMERHILL ROAD, SPOTSWOOD, NJ, 08884",SPOTSWOODHIGHSCHOOL,105SUMMERHILLROADSPOTSWOODNJ08884,Spotswood High School,"105 Summerhill Road, Spotswood, NJ, 08884",https://www.greatschools.org/new-jersey/spotswood/1894-Spotswood-High-School/,Below average,4.0,SPOTSWOODHIGHSCHOOL,105SUMMERHILLROADSPOTSWOODNJ08884,100.0,100.0
Passaic,Clifton Public School District,School #15,31-0900-200,"700 GREGORY AVENUE, CLIFTON, NJ, 07011",SCHOOL#15,700GREGORYAVENUECLIFTONNJ07011,School #15,"700 Gregory Avenue, Clifton, NJ, 07011",https://www.greatschools.org/new-jersey/clifton/348-Number-15-Elementary-School/,Below average,4.0,SCHOOL#15,700GREGORYAVENUECLIFTONNJ07011,100.0,100.0
Morris,Madison Public School District,Kings Road School,27-2870-080,"215 KINGS ROAD, MADISON, NJ, 07940",KINGSROADSCHOOL,215KINGSROADMADISONNJ07940,Kings Road School,"215 Kings Road, Madison, NJ, 07940",https://www.greatschools.org/new-jersey/madison/1054-Kings-Road-Elementary-School/,Above average,8.0,KINGSROADSCHOOL,215KINGSROADMADISONNJ07940,100.0,100.0
Ocean,Toms River Regional School District,Washington Street Elementary School,29-5190-110,"500 WEST EARL COURT, TOMS RIVER, NJ, 08753",WASHINGTONSTREETELEMENTARYSCHOOL,500WESTEARLCOURTTOMSRIVERNJ08753,Washington Street Elementary School,"500 West Earl Court, Toms River, NJ, 08753",https://www.greatschools.org/new-jersey/toms-river/1961-Washington-Street-Elementary-School/,Average,5.0,WASHINGTONSTREETELEMENTARYSCHOOL,500WESTEARLCOURTTOMSRIVERNJ08753,100.0,100.0
Morris,Morris School District,Frelinghuysen Middle School,27-3385-075,"WEST HANOVER AVENUE, MORRISTOWN, NJ, 07960",FRELINGHUYSENMIDDLESCHOOL,WESTHANOVERAVENUEMORRISTOWNNJ07960,Frelinghuysen Middle School,"West Hanover Avenue, Morristown, NJ, 07960",https://www.greatschools.org/new-jersey/morristown/1252-Frelinghuysen-Middle-School/,Below average,4.0,FRELINGHUYSENMIDDLESCHOOL,WESTHANOVERAVENUEMORRISTOWNNJ07960,100.0,100.0
Middlesex,Dunellen Public School District,John P. Faber Elementary School,23-1140-050,"400 HIGH STREET, DUNELLEN, NJ, 08812",JOHNPFABERELEMENTARYSCHOOL,400HIGHSTREETDUNELLENNJ08812,John P. Faber Elementary School,"400 High Street, Dunellen, NJ, 08812",https://www.greatschools.org/new-jersey/dunellen/420-John-P.-Faber-Elementary-School/,Average,5.0,JOHNPFABERELEMENTARYSCHOOL,400HIGHSTREETDUNELLENNJ08812,100.0,100.0
Bergen,Northvale Public School District,Northvale Public School,03-3730-050,"441 TAPPAN ROAD, NORTHVALE, NJ, 07647",NORTHVALEPUBLICSCHOOL,441TAPPANROADNORTHVALENJ07647,Northvale Public School,"441 Tappan Road, Northvale, NJ, 07647",https://www.greatschools.org/new-jersey/northvale/1434-Northvale-Public-School/,Above average,9.0,NORTHVALEPUBLICSCHOOL,441TAPPANROADNORTHVALENJ07647,100.0,100.0
Essex,East Orange School District,East Orange Campus High School,13-1210-035,"344 PROSPECT STREET, EAST ORANGE, NJ, 07017",EASTORANGECAMPUSHIGHSCHOOL,344PROSPECTSTREETEASTORANGENJ07017,East Orange Campus High School,"344 Prospect Street, East Orange, NJ, 07017",https://www.greatschools.org/new-jersey/east-orange/3485-East-Orange-Campus-High-School/,Below average,1.0,EASTORANGECAMPUSHIGHSCHOOL,344PROSPECTSTREETEASTORANGENJ07017,100.0,100.0
Passaic,West Milford Township Public School District,Macopin Middle School,31-5650-055,"70 HIGHLANDER DRIVE, WEST MILFORD, NJ, 07480",MACOPINMIDDLESCHOOL,70HIGHLANDERDRIVEWESTMILFORDNJ07480,MacOpin Middle School,"70 Highlander Drive, West Milford, NJ, 07480",https://www.greatschools.org/new-jersey/west-milford/2160-MacOpin-Middle-School/,Below average,3.0,MACOPINMIDDLESCHOOL,70HIGHLANDERDRIVEWESTMILFORDNJ07480,100.0,100.0
Essex,Cedar Grove Township School District,North End Elementary School,13-0760-060,"122 Stevens Avenue, Cedar Grove, NJ, 07009",NORTHENDELEMENTARYSCHOOL,122STEVENSAVENUECEDARGROVENJ07009,North End Elementary School,"122 Stevens Avenue, Cedar Grove, NJ, 07009",https://www.greatschools.org/new-jersey/cedar-grove/286-North-End-Elementary-School/,Above average,8.0,NORTHENDELEMENTARYSCHOOL,122STEVENSAVENUECEDARGROVENJ07009,100.0,100.0
Middlesex,Spotswood Public School District,E Raymond Appleby Elementary School,23-4970-050,"23 VLIET STREET, SPOTSWOOD, NJ, 08884",ERAYMONDAPPLEBYELEMENTARYSCHOOL,23VLIETSTREETSPOTSWOODNJ08884,E. Raymond Appleby Elementary School,"23 Vliet Street, Spotswood, NJ, 08884",https://www.greatschools.org/new-jersey/spotswood/1895-E.-Raymond-Appleby-Elementary-School/,Average,5.0,ERAYMONDAPPLEBYELEMENTARYSCHOOL,23VLIETSTREETSPOTSWOODNJ08884,100.0,100.0
Morris,West Morris Regional High School District,West Morris Central High School,27-5660-030,"259 BARTLEY ROAD, CHESTER, NJ, 07930",WESTMORRISCENTRALHIGHSCHOOL,259BARTLEYROADCHESTERNJ07930,West Morris Central High School,"259 Bartley Road, Chester, NJ, 07930",https://www.greatschools.org/new-jersey/chester/2166-West-Morris-Central-High-School/,Above average,7.0,WESTMORRISCENTRALHIGHSCHOOL,259BARTLEYROADCHESTERNJ07930,100.0,100.0
Morris,Parsippany-Troy Hills Township School District,Parsippany Hills High School,27-3950-053,"20 Rita Drive, Morris Plains, NJ, 07950",PARSIPPANYHILLSHIGHSCHOOL,20RITADRIVEMORRISPLAINSNJ07950,Parsippany Hills High School,"20 Rita Drive, Morris Plains, NJ, 07950",https://www.greatschools.org/new-jersey/morris-plains/1503-Parsippany-Hills-High-School/,Average,6.0,PARSIPPANYHILLSHIGHSCHOOL,20RITADRIVEMORRISPLAINSNJ07950,100.0,100.0
Morris,Lincoln Park School District,Lincoln Park Elementary School,27-2650-035,"274 PINEBROOK ROAD, LINCOLN PARK, NJ, 07035",LINCOLNPARKELEMENTARYSCHOOL,274PINEBROOKROADLINCOLNPARKNJ07035,Lincoln Park Elementary School,"274 Pine Brook Road, Lincoln Park, NJ, 07035",https://www.greatschools.org/new-jersey/lincoln-park/971-Lincoln-Park-Elementary-School/,Above average,7.0,LINCOLNPARKELEMENTARYSCHOOL,274PINEBROOKROADLINCOLNPARKNJ07035,100.0,100.0
Ocean,Lakewood Township School District,Ella G Clarke Elementary School,29-2520-080,"455 MANETTA AVENUE, LAKEWOOD, NJ, 08701",ELLAGCLARKEELEMENTARYSCHOOL,455MANETTAAVENUELAKEWOODNJ08701,Ella G Clarke Elementary School,"455 Manetta Avenue, Lakewood, NJ, 08701",https://www.greatschools.org/new-jersey/lakewood-township/945-Ella-G-Clarke-Elementary-School/,Average,6.0,ELLAGCLARKEELEMENTARYSCHOOL,455MANETTAAVENUELAKEWOODNJ08701,100.0,100.0
Mercer,East Windsor Regional School District,Hightstown High School,21-1245-050,"25 LESHIN LANE, HIGHTSTOWN, NJ, 08520",HIGHTSTOWNHIGHSCHOOL,25LESHINLANEHIGHTSTOWNNJ08520,Hightstown High School,"25 Leshin Lane, Hightstown, NJ, 08520",https://www.greatschools.org/new-jersey/hightstown/460-Hightstown-High-School/,Average,5.0,HIGHTSTOWNHIGHSCHOOL,25LESHINLANEHIGHTSTOWNNJ08520,100.0,100.0
Bergen,Tenafly Public School District,Tenafly High School,03-5160-050,"19 COLUMBUS DRIVE, TENAFLY, NJ, 07670",TENAFLYHIGHSCHOOL,19COLUMBUSDRIVETENAFLYNJ07670,Tenafly High School,"19 Columbus Drive, Tenafly, NJ, 07670",https://www.greatschools.org/new-jersey/tenafly/1938-Tenafly-High-School/,Above average,8.0,TENAFLYHIGHSCHOOL,19COLUMBUSDRIVETENAFLYNJ07670,100.0,100.0
Charters,Foundation Academy Charter School,Foundation Academy Charter School,80-6017-932,"363 West State Street, Trenton, NJ, 08608",FOUNDATIONACADEMYCHARTERSCHOOL,363WESTSTATESTREETTRENTONNJ08608,Foundation Academy Charter School,"363 West State Street, Trenton, NJ, 08608",https://www.greatschools.org/new-jersey/trenton/7060-Foundation-Academy-Charter-School/,Below average,3.0,FOUNDATIONACADEMYCHARTERSCHOOL,363WESTSTATESTREETTRENTONNJ08608,100.0,100.0
Passaic,Paterson Public School District,School 3,31-4010-070,"448 MAIN STREET, PATERSON, NJ, 07501",SCHOOL3,448MAINSTREETPATERSONNJ07501,School 3,"448 Main Street, Paterson, NJ, 07501",https://www.greatschools.org/new-jersey/paterson/1541-Number-3-Elementary-School/,Below average,3.0,SCHOOL3,448MAINSTREETPATERSONNJ07501,100.0,100.0
Essex,Livingston Board of Education School District,Hillside Elementary School,13-2730-100,"98 BELMONT DRIVE, LIVINGSTON, NJ, 07039",HILLSIDEELEMENTARYSCHOOL,98BELMONTDRIVELIVINGSTONNJ07039,Hillside Elementary School,"98 Belmont Drive, Livingston, NJ, 07039",https://www.greatschools.org/new-jersey/livingston/1002-Hillside-Elementary-School/,Above average,10.0,HILLSIDEELEMENTARYSCHOOL,98BELMONTDRIVELIVINGSTONNJ07039,100.0,100.0
Passaic,Clifton Public School District,School #12,31-0900-170,"165 CLIFTON AVENUE, CLIFTON, NJ, 07011",SCHOOL#12,165CLIFTONAVENUECLIFTONNJ07011,School #12,"165 Clifton Avenue, Clifton, NJ, 07011",https://www.greatschools.org/new-jersey/clifton/345-Number-12-Elementary-School/,Below average,3.0,SCHOOL#12,165CLIFTONAVENUECLIFTONNJ07011,100.0,100.0
Middlesex,Old Bridge Township School District,M. Scott Carpenter Elementary School,23-3845-133,"ONE PAR AVENUE, OLD BRIDGE, NJ, 08857",MSCOTTCARPENTERELEMENTARYSCHOOL,ONEPARAVENUEOLDBRIDGENJ08857,M. Scott Carpenter Elementary School,"ONE PAR AVENUE, Old Bridge, NJ, 08857",https://www.greatschools.org/new-jersey/old-bridge-township/1067-M.-Scott-Carpenter-Elementary-School/,Above average,7.0,MSCOTTCARPENTERELEMENTARYSCHOOL,ONEPARAVENUEOLDBRIDGENJ08857,100.0,100.0
Passaic,Wayne Township Public School District,Theunis Dey Elementary School,31-5570-150,"55 WEBSTER DRIVE, WAYNE, NJ, 07470",THEUNISDEYELEMENTARYSCHOOL,55WEBSTERDRIVEWAYNENJ07470,Theunis Dey Elementary School,"55 Webster Drive, Wayne, NJ, 07470",https://www.greatschools.org/new-jersey/wayne/2135-Theunis-Dey-Elementary-School/,Above average,8.0,THEUNISDEYELEMENTARYSCHOOL,55WEBSTERDRIVEWAYNENJ07470,100.0,100.0
Charters,Jersey City Community Charter School,Jersey City Community Charter School,80-6910-940,"128 DANFORTH AVENUE, JERSEY CITY, NJ, 07305",JERSEYCITYCOMMUNITYCHARTERSCHOOL,128DANFORTHAVENUEJERSEYCITYNJ07305,Jersey City Community Charter School,"128 Danforth Avenue, Jersey City, NJ, 07305",https://www.greatschools.org/new-jersey/jersey-city/3348-Jersey-City-Community-Charter-School/,Below average,3.0,JERSEYCITYCOMMUNITYCHARTERSCHOOL,128DANFORTHAVENUEJERSEYCITYNJ07305,100.0,100.0
Somerset,South Bound Brook Public Schools,Robert Morris School,35-4850-060,"122 Elizabeth Street, South Bound Brook, NJ, 08880",ROBERTMORRISSCHOOL,122ELIZABETHSTREETSOUTHBOUNDBROOKNJ08880,Robert Morris School,"122 Elizabeth Street, South Bound Brook, NJ, 08880",https://www.greatschools.org/new-jersey/south-bound-brook/3465-Robert-Morris-School/,Average,5.0,ROBERTMORRISSCHOOL,122ELIZABETHSTREETSOUTHBOUNDBROOKNJ08880,100.0,100.0
Monmouth,Keansburg School District,Joseph C. Caruso School,25-2400-050,"81 Frances Place, KEANSBURG, NJ, 07734",JOSEPHCCARUSOSCHOOL,81FRANCESPLACEKEANSBURGNJ07734,Joseph C Caruso School,"81 Frances Place, Keansburg, NJ, 07734",https://www.greatschools.org/new-jersey/keansburg/913-Joseph-C-Caruso-School/,Below average,1.0,JOSEPHCCARUSOSCHOOL,81FRANCESPLACEKEANSBURGNJ07734,100.0,100.0
Morris,Morris School District,Normandy Park School,27-3385-100,"19A NORMANDY PARKWAY, MORRISTOWN, NJ, 07960",NORMANDYPARKSCHOOL,19ANORMANDYPARKWAYMORRISTOWNNJ07960,Normandy Park School,"19A NORMANDY PARKWAY, Morristown, NJ, 07960",https://www.greatschools.org/new-jersey/morristown/3386-Normandy-Park-School/,Average,6.0,NORMANDYPARKSCHOOL,19ANORMANDYPARKWAYMORRISTOWNNJ07960,100.0,100.0
Passaic,Hawthorne Public School District,Hawthorne High School,31-2100-050,"160 PARMELEE AVENUE, HAWTHORNE, NJ, 07506",HAWTHORNEHIGHSCHOOL,160PARMELEEAVENUEHAWTHORNENJ07506,Hawthorne High School,"160 Parmelee Avenue, Hawthorne, NJ, 07506",https://www.greatschools.org/new-jersey/hawthorne/775-Hawthorne-High-School/,Below average,3.0,HAWTHORNEHIGHSCHOOL,160PARMELEEAVENUEHAWTHORNENJ07506,100.0,100.0
Middlesex,South Plainfield School District,South Plainfield High School,23-4910-050,"200 LAKE STREET, SOUTH PLAINFIELD, NJ, 07080",SOUTHPLAINFIELDHIGHSCHOOL,200LAKESTREETSOUTHPLAINFIELDNJ07080,South Plainfield High School,"200 Lake Street, South Plainfield, NJ, 07080",https://www.greatschools.org/new-jersey/south-plainfield/1872-South-Plainfield-High-School/,Average,5.0,SOUTHPLAINFIELDHIGHSCHOOL,200LAKESTREETSOUTHPLAINFIELDNJ07080,100.0,100.0
Ocean,Point Pleasant Borough School District,Ocean Road Elementary School,29-4210-060,"BENEDICT STREET, POINT PLEASANT, NJ, 08742",OCEANROADELEMENTARYSCHOOL,BENEDICTSTREETPOINTPLEASANTNJ08742,Ocean Road Elementary School,"Benedict Street, Point Pleasant, NJ, 08742",https://www.greatschools.org/new-jersey/point-pleasant/1672-Ocean-Road-Elementary-School/,Average,5.0,OCEANROADELEMENTARYSCHOOL,BENEDICTSTREETPOINTPLEASANTNJ08742,100.0,100.0
Hudson,Harrison Public Schools,Hamilton Intermediate School,17-2060-061,"223 HAMILTON STREET, HARRISON, NJ, 07029",HAMILTONINTERMEDIATESCHOOL,223HAMILTONSTREETHARRISONNJ07029,Hamilton Intermediate School,"223 Hamilton Street, Harrison, NJ, 07029",https://www.greatschools.org/new-jersey/harrison/4557-Hamilton-Intermediate-School/,Average,5.0,HAMILTONINTERMEDIATESCHOOL,223HAMILTONSTREETHARRISONNJ07029,100.0,100.0
Mercer,Trenton Public School District,Mott Elementary School,21-5210-260,"45 Stokely Avenue, Trenton, NJ, 08611",MOTTELEMENTARYSCHOOL,45STOKELYAVENUETRENTONNJ08611,Mott Elementary School,"45 Stokely Avenue, Trenton, NJ, 08611",https://www.greatschools.org/new-jersey/trenton/1982-Mott-Elementary-School/,Below average,3.0,MOTTELEMENTARYSCHOOL,45STOKELYAVENUETRENTONNJ08611,100.0,100.0
Sussex,Hopatcong Borough School District,Hopatcong Middle School,37-2240-040,"1 David Road, Hopatcong, NJ, 07843",HOPATCONGMIDDLESCHOOL,1DAVIDROADHOPATCONGNJ07843,Hopatcong Middle School,"1 David Road, Hopatcong, NJ, 07843",https://www.greatschools.org/new-jersey/stanhope/821-Hopatcong-Middle-School/,Below average,2.0,HOPATCONGMIDDLESCHOOL,1DAVIDROADHOPATCONGNJ07843,100.0,100.0
Monmouth,Marlboro Township School District,Marlboro Elementary School,25-3030-045,"100 SCHOOL ROAD WEST, MARLBORO, NJ, 07746",MARLBOROELEMENTARYSCHOOL,100SCHOOLROADWESTMARLBORONJ07746,Marlboro Elementary School,"100 School Road West, Marlboro, NJ, 07746",https://www.greatschools.org/new-jersey/marlboro-township/1112-Marlboro-Elementary-School/,Above average,7.0,MARLBOROELEMENTARYSCHOOL,100SCHOOLROADWESTMARLBORONJ07746,100.0,100.0
Essex,East Orange School District,Benjamin Banneker Academy,13-1210-093,"500 South Clinton Street, EAST ORANGE, NJ, 07018",BENJAMINBANNEKERACADEMY,500SOUTHCLINTONSTREETEASTORANGENJ07018,Benjamin Banneker Academy,"500 South Clinton Street, East Orange, NJ, 07018",https://www.greatschools.org/new-jersey/east-orange/3377-Fourth-Avenue-Elementary-School/,Below average,2.0,BENJAMINBANNEKERACADEMY,500SOUTHCLINTONSTREETEASTORANGENJ07018,100.0,100.0
Charters,Philip's Academy Charter School of Paterson,Philip's Academy Charter School of Paterson,80-6106-997,"47 State Street, Paterson, NJ, 07501",PHILIP'SACADEMYCHARTERSCHOOLOFPATERSON,47STATESTREETPATERSONNJ07501,Philip's Academy Charter School Of Paterson,"47 State Street, Paterson, NJ, 07501",https://www.greatschools.org/new-jersey/paterson/8877-Philips-Academy-Charter-School-Of-Paterson/,Below average,3.0,PHILIP'SACADEMYCHARTERSCHOOLOFPATERSON,47STATESTREETPATERSONNJ07501,100.0,100.0
Sussex,Sussex-Wantage Regional School District,Sussex Middle School,37-5100-060,"10 LOOMIS AVENUE, SUSSEX, NJ, 07461",SUSSEXMIDDLESCHOOL,10LOOMISAVENUESUSSEXNJ07461,Sussex Middle School,"10 Loomis Avenue, Sussex, NJ, 07461",https://www.greatschools.org/new-jersey/sussex/1924-Sussex-Middle-School/,Below average,4.0,SUSSEXMIDDLESCHOOL,10LOOMISAVENUESUSSEXNJ07461,100.0,100.0
Hudson,Hudson County Schools of Technology School District,County Prep High School,17-2295-030,"525 MONTGOMERY STREET, JERSEY CITY, NJ, 07306",COUNTYPREPHIGHSCHOOL,525MONTGOMERYSTREETJERSEYCITYNJ07306,County Prep High School,"525 MONTGOMERY STREET, Jersey City, NJ, 07306",https://www.greatschools.org/new-jersey/jersey-city/841-County-Prep-High-School/,Above average,9.0,COUNTYPREPHIGHSCHOOL,525MONTGOMERYSTREETJERSEYCITYNJ07306,100.0,100.0
Hudson,Jersey City Public Schools,Innovation High School,17-2390-301,"239 Bergen Avenue, Jersey City, NJ, 07305",INNOVATIONHIGHSCHOOL,239BERGENAVENUEJERSEYCITYNJ07305,Innovation High School,"239 Bergen Avenue, Jersey City, NJ, 07305",https://www.greatschools.org/new-jersey/jersey-city/8720-Innovation-High-School/,Below average,4.0,INNOVATIONHIGHSCHOOL,239BERGENAVENUEJERSEYCITYNJ07305,100.0,100.0
Bergen,Ridgewood Public School District,Orchard Elementary School,03-4390-120,"230 DEMAREST ST, RIDGEWOOD, NJ, 07451",ORCHARDELEMENTARYSCHOOL,230DEMARESTSTRIDGEWOODNJ07451,Orchard Elementary School,"230 DEMAREST ST, Ridgewood, NJ, 07451",https://www.greatschools.org/new-jersey/ridgewood/1738-Orchard-Elementary-School/,Above average,10.0,ORCHARDELEMENTARYSCHOOL,230DEMARESTSTRIDGEWOODNJ07451,100.0,100.0
Hunterdon,Flemington-Raritan Regional School District,Barley Sheaf Elementary School,19-1510-030,"80 BARLEY SHEAF ROAD, FLEMINGTON, NJ, 08822",BARLEYSHEAFELEMENTARYSCHOOL,80BARLEYSHEAFROADFLEMINGTONNJ08822,Barley Sheaf Elementary School,"80 Barley Sheaf Road, Flemington, NJ, 08822",https://www.greatschools.org/new-jersey/flemington/586-Barley-Sheaf-Elementary-School/,Above average,7.0,BARLEYSHEAFELEMENTARYSCHOOL,80BARLEYSHEAFROADFLEMINGTONNJ08822,100.0,100.0
Bergen,Lodi School District,Lodi High School,03-2740-050,"99 PUTNAM STREET, LODI, NJ, 07644",LODIHIGHSCHOOL,99PUTNAMSTREETLODINJ07644,Lodi High School,"99 Putnam Street, Lodi, NJ, 07644",https://www.greatschools.org/new-jersey/lodi/1006-Lodi-High-School/,Average,5.0,LODIHIGHSCHOOL,99PUTNAMSTREETLODINJ07644,100.0,100.0
Monmouth,Bradley Beach School District,Bradley Beach Elementary School,25-0500-020,"515 BRINLEY AVENUE, BRADLEY BEACH, NJ, 07720",BRADLEYBEACHELEMENTARYSCHOOL,515BRINLEYAVENUEBRADLEYBEACHNJ07720,Bradley Beach Elementary School,"515 Brinley Avenue, Bradley Beach, NJ, 07720",https://www.greatschools.org/new-jersey/bradley-beach/168-Bradley-Beach-Elementary-School/,Average,6.0,BRADLEYBEACHELEMENTARYSCHOOL,515BRINLEYAVENUEBRADLEYBEACHNJ07720,100.0,100.0
Bergen,Fort Lee School District,Lewis F. Cole Middle School,03-1550-100,"467 STILLWELL AVENUE, FORT LEE, NJ, 07024",LEWISFCOLEMIDDLESCHOOL,467STILLWELLAVENUEFORTLEENJ07024,Lewis F Cole Middle School,"467 Stillwell Avenue, Fort Lee, NJ, 07024",https://www.greatschools.org/new-jersey/fort-lee/603-Lewis-F--Cole-Middle-School/,Above average,8.0,LEWISFCOLEMIDDLESCHOOL,467STILLWELLAVENUEFORTLEENJ07024,100.0,100.0
Bergen,Paramus Public School District,Stony Lane Elementary School,03-3930-130,"W 110 RIDGEWOOD AVENUE, PARAMUS, NJ, 07652",STONYLANEELEMENTARYSCHOOL,W110RIDGEWOODAVENUEPARAMUSNJ07652,Stony Lane Elementary School,"W 110 RIDGEWOOD AVENUE, Paramus, NJ, 07652",https://www.greatschools.org/new-jersey/paramus/1497-Stony-Lane-Elementary-School/,Below average,4.0,STONYLANEELEMENTARYSCHOOL,W110RIDGEWOODAVENUEPARAMUSNJ07652,100.0,100.0
Bergen,Fair Lawn Public School District,Henry B. Milnes Elementary School,03-1450-080,"8-01 PHILLIP ST, FAIR LAWN, NJ, 07410",HENRYBMILNESELEMENTARYSCHOOL,801PHILLIPSTFAIRLAWNNJ07410,Henry B. Milnes Elementary School,"8-01 PHILLIP ST, Fair Lawn, NJ, 07410",https://www.greatschools.org/new-jersey/fair-lawn/572-Henry-B.-Milnes-Elementary-School/,Above average,9.0,HENRYBMILNESELEMENTARYSCHOOL,801PHILLIPSTFAIRLAWNNJ07410,100.0,100.0
Bergen,Woodcliff Lake School District,Dorchester Elementary School,03-5880-030,"100 DORCHESTER ROAD, WOODCLIFF LAKE, NJ, 07677",DORCHESTERELEMENTARYSCHOOL,100DORCHESTERROADWOODCLIFFLAKENJ07677,Dorchester Elementary School,"100 Dorchester Road, Woodcliff Lake, NJ, 07677",https://www.greatschools.org/new-jersey/woodcliff-lake/2271-Dorchester-Elementary-School/,Above average,9.0,DORCHESTERELEMENTARYSCHOOL,100DORCHESTERROADWOODCLIFFLAKENJ07677,100.0,100.0
Middlesex,Edison Township School District,Woodrow Wilson Middle School,23-1290-063,"50 WOODROW WILSON DRIVE, EDISON, NJ, 08820",WOODROWWILSONMIDDLESCHOOL,50WOODROWWILSONDRIVEEDISONNJ08820,Woodrow Wilson Middle School,"50 Woodrow Wilson Drive, Edison, NJ, 08820",https://www.greatschools.org/new-jersey/edison/482-Woodrow-Wilson-Middle-School/,Above average,7.0,WOODROWWILSONMIDDLESCHOOL,50WOODROWWILSONDRIVEEDISONNJ08820,100.0,100.0
Cape May,Ocean City School District,Ocean City High School,09-3780-050,"501 ATLANTIC AVENUE, OCEAN CITY, NJ, 08226",OCEANCITYHIGHSCHOOL,501ATLANTICAVENUEOCEANCITYNJ08226,Ocean City High School,"501 Atlantic Avenue, Ocean City, NJ, 08226",https://www.greatschools.org/new-jersey/ocean-city/1450-Ocean-City-High-School/,Average,5.0,OCEANCITYHIGHSCHOOL,501ATLANTICAVENUEOCEANCITYNJ08226,100.0,100.0
Union,Township of Union School District,Burnet Middle School,39-5290-060,"1000 CALDWELL AVENUE, UNION, NJ, 07083",BURNETMIDDLESCHOOL,1000CALDWELLAVENUEUNIONNJ07083,Burnet Middle School,"1000 Caldwell Avenue, Union, NJ, 07083",https://www.greatschools.org/new-jersey/union/2015-Burnet-Middle-School/,Below average,4.0,BURNETMIDDLESCHOOL,1000CALDWELLAVENUEUNIONNJ07083,100.0,100.0
Bergen,Paramus Public School District,Paramus High School,03-3930-050,"99 EAST CENTURY ROAD, PARAMUS, NJ, 07652",PARAMUSHIGHSCHOOL,99EASTCENTURYROADPARAMUSNJ07652,Paramus High School,"99 East Century Road, Paramus, NJ, 07652",https://www.greatschools.org/new-jersey/paramus/1491-Paramus-High-School/,Above average,7.0,PARAMUSHIGHSCHOOL,99EASTCENTURYROADPARAMUSNJ07652,100.0,100.0
Charters,East Orange Community Charter School,East Orange Community Charter School,80-6410-920,"99 WASHINGTON STREET, EAST ORANGE, NJ, 07017",EASTORANGECOMMUNITYCHARTERSCHOOL,99WASHINGTONSTREETEASTORANGENJ07017,East Orange Community Charter School,"99 Washington Street, East Orange, NJ, 07017",https://www.greatschools.org/new-jersey/east-orange/3336-East-Orange-Community-Charter-School/,Below average,4.0,EASTORANGECOMMUNITYCHARTERSCHOOL,99WASHINGTONSTREETEASTORANGENJ07017,100.0,100.0
Union,Scotch Plains-Fanwood School District,Terrill Middle School,39-4670-065,"1301 TERRILL ROAD, SCOTCH PLAINS, NJ, 07076",TERRILLMIDDLESCHOOL,1301TERRILLROADSCOTCHPLAINSNJ07076,Terrill Middle School,"1301 Terrill Road, Scotch Plains, NJ, 07076",https://www.greatschools.org/new-jersey/scotch-plains/1817-Terrill-Middle-School/,Above average,7.0,TERRILLMIDDLESCHOOL,1301TERRILLROADSCOTCHPLAINSNJ07076,100.0,100.0
Bergen,Hasbrouck Heights School District,Euclid Elementary School,03-2080-060,"1 BURTON AVENUE, HASBROUCK HEIGHTS, NJ, 07604",EUCLIDELEMENTARYSCHOOL,1BURTONAVENUEHASBROUCKHEIGHTSNJ07604,Euclid Elementary School,"1 Burton Avenue, Hasbrouck Heights, NJ, 07604",https://www.greatschools.org/new-jersey/hasbrouck-heights/772-Euclid-Elementary-School/,Above average,9.0,EUCLIDELEMENTARYSCHOOL,1BURTONAVENUEHASBROUCKHEIGHTSNJ07604,100.0,100.0
Middlesex,Perth Amboy Public School District,Samuel E. Shull Middle School,23-4090-150,"380 HALL AVENUE, PERTH AMBOY, NJ, 08861",SAMUELESHULLMIDDLESCHOOL,380HALLAVENUEPERTHAMBOYNJ08861,Samuel E Shull Middle School,"380 Hall Avenue, Perth Amboy, NJ, 08861",https://www.greatschools.org/new-jersey/perth-amboy/1616-Samuel-E-Shull-Middle-School/,Below average,3.0,SAMUELESHULLMIDDLESCHOOL,380HALLAVENUEPERTHAMBOYNJ08861,100.0,100.0
Burlington,Willingboro Public School District,Twin Hills Elementary School,05-5805-120,"110 TWIN HILL DRIVE, WILLINGBORO, NJ, 08046",TWINHILLSELEMENTARYSCHOOL,110TWINHILLDRIVEWILLINGBORONJ08046,Twin Hills Elementary School,"110 Twin Hill Drive, Willingboro, NJ, 08046",https://www.greatschools.org/new-jersey/willingboro/2230-Twin-Hills-Elementary-School/,Average,5.0,TWINHILLSELEMENTARYSCHOOL,110TWINHILLDRIVEWILLINGBORONJ08046,100.0,100.0
Monmouth,Keansburg School District,Keansburg High School,25-2400-010,"140 PORT MONMOUTH ROAD, KEANSBURG, NJ, 07734",KEANSBURGHIGHSCHOOL,140PORTMONMOUTHROADKEANSBURGNJ07734,Keansburg High School,"140 Port Monmouth Road, Keansburg, NJ, 07734",https://www.greatschools.org/new-jersey/keansburg/911-Keansburg-High-School/,Below average,2.0,KEANSBURGHIGHSCHOOL,140PORTMONMOUTHROADKEANSBURGNJ07734,100.0,100.0
Middlesex,Metuchen Public School District,Campbell Elementary School,23-3120-060,"24 DURHAM AVENUE, METUCHEN, NJ, 08840",CAMPBELLELEMENTARYSCHOOL,24DURHAMAVENUEMETUCHENNJ08840,Campbell Elementary School,"24 Durham Avenue, Metuchen, NJ, 08840",https://www.greatschools.org/new-jersey/metuchen/1143-Campbell-Elementary-School/,Above average,8.0,CAMPBELLELEMENTARYSCHOOL,24DURHAMAVENUEMETUCHENNJ08840,100.0,100.0
Passaic,West Milford Township Public School District,West Milford High School,31-5650-040,"67 HIGHLANDER DRIVE, WEST MILFORD, NJ, 07480",WESTMILFORDHIGHSCHOOL,67HIGHLANDERDRIVEWESTMILFORDNJ07480,West Milford High School,"67 Highlander Drive, West Milford, NJ, 07480",https://www.greatschools.org/new-jersey/west-milford/2158-West-Milford-High-School/,Average,5.0,WESTMILFORDHIGHSCHOOL,67HIGHLANDERDRIVEWESTMILFORDNJ07480,100.0,100.0
Charters,Academy Charter High School,Academy Charter High School,80-6010-910,"1725 MAIN STREET, LAKE COMO, NJ, 07719",ACADEMYCHARTERHIGHSCHOOL,1725MAINSTREETLAKECOMONJ07719,Academy Charter High School,"1725 Main Street, Lake Como, NJ, 07719",https://www.greatschools.org/new-jersey/lake-como/3363-Academy-Charter-High-School/,Below average,1.0,ACADEMYCHARTERHIGHSCHOOL,1725MAINSTREETLAKECOMONJ07719,100.0,100.0
Bergen,Hackensack School District,Hackensack High School,03-1860-050,"FIRST & BEECH STREETS, HACKENSACK, NJ, 07601",HACKENSACKHIGHSCHOOL,FIRST&BEECHSTREETSHACKENSACKNJ07601,Hackensack High School,"FIRST & BEECH STREETS, Hackensack, NJ, 07601",https://www.greatschools.org/new-jersey/hackensack/698-Hackensack-High-School/,Below average,3.0,HACKENSACKHIGHSCHOOL,FIRST&BEECHSTREETSHACKENSACKNJ07601,100.0,100.0
Passaic,Clifton Public School District,School #3,31-0900-100,"365 WASHINGTON AVENUE, CLIFTON, NJ, 07011",SCHOOL#3,365WASHINGTONAVENUECLIFTONNJ07011,School #3,"365 Washington Avenue, Clifton, NJ, 07011",https://www.greatschools.org/new-jersey/clifton/339-Number-3-Elementary-School/,Below average,4.0,SCHOOL#3,365WASHINGTONAVENUECLIFTONNJ07011,100.0,100.0
Passaic,Paterson Public School District,School 19,31-4010-230,"31 JAMES STREET, PATERSON, NJ, 07502",SCHOOL19,31JAMESSTREETPATERSONNJ07502,School 19,"31 James Street, Paterson, NJ, 07502",https://www.greatschools.org/new-jersey/paterson/1557-Number-19-Elementary-School/,Average,5.0,SCHOOL19,31JAMESSTREETPATERSONNJ07502,100.0,100.0
Bergen,River Dell Regional School District,River Dell Middle School,03-4405-060,"230 WOODLAND AVENUE, River Edge, NJ, 07661",RIVERDELLMIDDLESCHOOL,230WOODLANDAVENUERIVEREDGENJ07661,River Dell Middle School,"230 Woodland Avenue, River Edge, NJ, 07661",https://www.greatschools.org/new-jersey/river-edge/1475-River-Dell-Middle-School/,Average,5.0,RIVERDELLMIDDLESCHOOL,230WOODLANDAVENUERIVEREDGENJ07661,100.0,100.0
Cape May,Woodbine School District,Woodbine Elementary School,09-5840-050,"801 WEBSTER STREET, WOODBINE, NJ, 08270",WOODBINEELEMENTARYSCHOOL,801WEBSTERSTREETWOODBINENJ08270,Woodbine Elementary School,"801 Webster Street, Woodbine, NJ, 08270",https://www.greatschools.org/new-jersey/woodbine/2241-Woodbine-Elementary-School/,Average,5.0,WOODBINEELEMENTARYSCHOOL,801WEBSTERSTREETWOODBINENJ08270,100.0,100.0
Morris,Chester School District,Black River Middle School,27-0820-020,"133 Rt. 513 - North Road, Chester, NJ, 07930",BLACKRIVERMIDDLESCHOOL,133RT513NORTHROADCHESTERNJ07930,Black River Middle School,"133 Rt. 513 - North Road, Chester, NJ, 07930",https://www.greatschools.org/new-jersey/chester/311-Black-River-Middle-School/,Above average,7.0,BLACKRIVERMIDDLESCHOOL,133RT513NORTHROADCHESTERNJ07930,100.0,100.0
Gloucester,Deptford Township Public School District,Shady Lane Elementary School,15-1100-140,"130 PEACH STREET, WESTVILLE, NJ, 08093",SHADYLANEELEMENTARYSCHOOL,130PEACHSTREETWESTVILLENJ08093,Shady Lane Elementary School,"130 Peach Street, Westville, NJ, 08093",https://www.greatschools.org/new-jersey/westville/405-Shady-Lane-Elementary-School/,Below average,4.0,SHADYLANEELEMENTARYSCHOOL,130PEACHSTREETWESTVILLENJ08093,100.0,100.0
Morris,Butler Public School District,Butler High School,27-0630-020,"38 BARTHOLDI AVENUE, BUTLER, NJ, 07405",BUTLERHIGHSCHOOL,38BARTHOLDIAVENUEBUTLERNJ07405,Butler High School,"38 Bartholdi Avenue, Butler, NJ, 07405",https://www.greatschools.org/new-jersey/butler/226-Butler-High-School/,Average,5.0,BUTLERHIGHSCHOOL,38BARTHOLDIAVENUEBUTLERNJ07405,100.0,100.0
Camden,Haddon Township School District,Stoy Elementary School,07-1890-080,"206 BRIARWOOD AVENUE, HADDONFIELD, NJ, 08033",STOYELEMENTARYSCHOOL,206BRIARWOODAVENUEHADDONFIELDNJ08033,Stoy Elementary School,"206 Briarwood Avenue, Haddonfield, NJ, 08033",https://www.greatschools.org/new-jersey/haddonfield/715-Stoy-Elementary-School/,Average,6.0,STOYELEMENTARYSCHOOL,206BRIARWOODAVENUEHADDONFIELDNJ08033,100.0,100.0
Bergen,Glen Rock Public School District,Glen Rock Middle School,03-1760-060,"600 HARRISTOWN ROAD, GLEN ROCK, NJ, 07452",GLENROCKMIDDLESCHOOL,600HARRISTOWNROADGLENROCKNJ07452,Glen Rock Middle School,"600 Harristown Road, Glen Rock, NJ, 07452",https://www.greatschools.org/new-jersey/glen-rock/668-Glen-Rock-Middle-School/,Above average,7.0,GLENROCKMIDDLESCHOOL,600HARRISTOWNROADGLENROCKNJ07452,100.0,100.0
Essex,Essex County Schools of Technology,Essex County Newark Tech,13-1390-070,"91 WEST MARKET STREET, NEWARK, NJ, 07103",ESSEXCOUNTYNEWARKTECH,91WESTMARKETSTREETNEWARKNJ07103,Essex County Newark Tech,"91 West Market Street, Newark, NJ, 07103",https://www.greatschools.org/new-jersey/newark/547-West-Market-Street-Vocational-School/,Average,5.0,ESSEXCOUNTYNEWARKTECH,91WESTMARKETSTREETNEWARKNJ07103,100.0,100.0
Essex,Newark Public School District,East Ward Elementary School,13-3570-303,"104 Oliver Street, Newark, NJ, 07105",EASTWARDELEMENTARYSCHOOL,104OLIVERSTREETNEWARKNJ07105,East Ward Elementary School,"104 Oliver Street, Newark, NJ, 07105",https://www.greatschools.org/new-jersey/newark/8694-New-Oliver-Street-School/,Below average,1.0,EASTWARDELEMENTARYSCHOOL,104OLIVERSTREETNEWARKNJ07105,100.0,100.0
Passaic,Paterson Public School District,School 2,31-4010-060,"22 PASSAIC STREET, PATERSON, NJ, 07501",SCHOOL2,22PASSAICSTREETPATERSONNJ07501,School 2,"22 Passaic Street, Paterson, NJ, 07501",https://www.greatschools.org/new-jersey/paterson/1540-Number-2-Elementary-School/,Below average,4.0,SCHOOL2,22PASSAICSTREETPATERSONNJ07501,100.0,100.0
Camden,Cherry Hill School District,Clara Barton Elementary School,07-0800-069,"223 Rhode Island Ave., CHERRY HILL, NJ, 08034",CLARABARTONELEMENTARYSCHOOL,223RHODEISLANDAVECHERRYHILLNJ08034,Clara Barton Elementary School,"223 Rhode Island Ave., Cherry Hill, NJ, 08034",https://www.greatschools.org/new-jersey/cherry-hill/298-Clara-Barton-Elementary-School/,Below average,4.0,CLARABARTONELEMENTARYSCHOOL,223RHODEISLANDAVECHERRYHILLNJ08034,100.0,100.0
Union,Westfield Public School District,Wilson Elementary School,39-5730-160,"301 Linden Avenue, Westfield, NJ, 07090",WILSONELEMENTARYSCHOOL,301LINDENAVENUEWESTFIELDNJ07090,Wilson Elementary School,"301 Linden Avenue, Westfield, NJ, 07090",https://www.greatschools.org/new-jersey/westfield/2206-Wilson-Elementary-School/,Above average,9.0,WILSONELEMENTARYSCHOOL,301LINDENAVENUEWESTFIELDNJ07090,100.0,100.0
Ocean,Toms River Regional School District,Beachwood Elementary School,29-5190-064,"901 BERKELEY AVENUE, BEACHWOOD, NJ, 08722",BEACHWOODELEMENTARYSCHOOL,901BERKELEYAVENUEBEACHWOODNJ08722,Beachwood Elementary School,"901 Berkeley Avenue, Beachwood, NJ, 08722",https://www.greatschools.org/new-jersey/beachwood/1964-Beachwood-Elementary-School/,Below average,3.0,BEACHWOODELEMENTARYSCHOOL,901BERKELEYAVENUEBEACHWOODNJ08722,100.0,100.0
Passaic,Clifton Public School District,School #11,31-0900-160,"147 MERSELIS AVENUE, CLIFTON, NJ, 07011",SCHOOL#11,147MERSELISAVENUECLIFTONNJ07011,School #11,"147 Merselis Avenue, Clifton, NJ, 07011",https://www.greatschools.org/new-jersey/clifton/344-Number-11-Elementary-School/,Below average,3.0,SCHOOL#11,147MERSELISAVENUECLIFTONNJ07011,100.0,100.0
Morris,Montville Township School District,Robert R Lazar Middle School,27-3340-030,"123 CHANGEBRIDGE ROAD, MONTVILLE, NJ, 07045",ROBERTRLAZARMIDDLESCHOOL,123CHANGEBRIDGEROADMONTVILLENJ07045,Robert R Lazar Middle School,"123 Changebridge Road, Montville, NJ, 07045",https://www.greatschools.org/new-jersey/montville/1233-Robert-R-Lazar-Middle-School/,Above average,8.0,ROBERTRLAZARMIDDLESCHOOL,123CHANGEBRIDGEROADMONTVILLENJ07045,100.0,100.0
Passaic,Pompton Lakes School District,Pompton Lakes High School,31-4230-050,"44 LAKESIDE AVENUE, POMPTON LAKES, NJ, 07442",POMPTONLAKESHIGHSCHOOL,44LAKESIDEAVENUEPOMPTONLAKESNJ07442,Pompton Lakes High School,"44 Lakeside Avenue, Pompton Lakes, NJ, 07442",https://www.greatschools.org/new-jersey/pompton-lakes/1675-Pompton-Lakes-High-School/,Average,5.0,POMPTONLAKESHIGHSCHOOL,44LAKESIDEAVENUEPOMPTONLAKESNJ07442,100.0,100.0
Gloucester,Elk Township School District,Aura Elementary School,15-1330-010,"900 Clems Run, GLASSBORO, NJ, 08028",AURAELEMENTARYSCHOOL,900CLEMSRUNGLASSBORONJ08028,Aura Elementary School,"900 Clems Run, Glassboro, NJ, 08028",https://www.greatschools.org/new-jersey/glassboro/529-Aura-Elementary-School/,Average,6.0,AURAELEMENTARYSCHOOL,900CLEMSRUNGLASSBORONJ08028,100.0,100.0
Atlantic,Linwood City School District,Belhaven Middle School,01-2680-020,"51 BELHAVEN AVENUE, LINWOOD, NJ, 08221",BELHAVENMIDDLESCHOOL,51BELHAVENAVENUELINWOODNJ08221,Belhaven Middle School,"51 Belhaven Avenue, Linwood, NJ, 08221",https://www.greatschools.org/new-jersey/linwood/987-Belhaven-Middle-School/,Above average,7.0,BELHAVENMIDDLESCHOOL,51BELHAVENAVENUELINWOODNJ08221,100.0,100.0
Bergen,Fair Lawn Public School District,Thomas Jefferson Middle School,03-1450-060,"35 - 01 MORLOT AVENUE, FAIR LAWN, NJ, 07410",THOMASJEFFERSONMIDDLESCHOOL,3501MORLOTAVENUEFAIRLAWNNJ07410,Thomas Jefferson Middle School,"35 - 01 MORLOT AVENUE, Fair Lawn, NJ, 07410",https://www.greatschools.org/new-jersey/fair-lawn/569-Thomas-Jefferson-Middle-School/,Above average,8.0,THOMASJEFFERSONMIDDLESCHOOL,3501MORLOTAVENUEFAIRLAWNNJ07410,100.0,100.0
Atlantic,Northfield City School District,Northfield Community Middle School,01-3720-056,"2000 NEW ROAD, NORTHFIELD, NJ, 08225",NORTHFIELDCOMMUNITYMIDDLESCHOOL,2000NEWROADNORTHFIELDNJ08225,Northfield Community Middle School,"2000 New Road, Northfield, NJ, 08225",https://www.greatschools.org/new-jersey/northfield/1432-Northfield-Community-Middle-School/,Average,5.0,NORTHFIELDCOMMUNITYMIDDLESCHOOL,2000NEWROADNORTHFIELDNJ08225,100.0,100.0
Hunterdon,Flemington-Raritan Regional School District,Reading-Fleming Intermediate School,19-1510-040,"50 COURT STREET, FLEMINGTON, NJ, 08822",READINGFLEMINGINTERMEDIATESCHOOL,50COURTSTREETFLEMINGTONNJ08822,Reading-Fleming Intermediate School,"50 Court Street, Flemington, NJ, 08822",https://www.greatschools.org/new-jersey/flemington/587-Reading-Fleming-Intermediate-School/,Average,6.0,READINGFLEMINGINTERMEDIATESCHOOL,50COURTSTREETFLEMINGTONNJ08822,100.0,100.0
Essex,Newark Public School District,Elliott Street Elementary School,13-3570-390,"721 Summer Avenue, NEWARK, NJ, 07104",ELLIOTTSTREETELEMENTARYSCHOOL,721SUMMERAVENUENEWARKNJ07104,Elliott Street Elementary School,"721 Summer Avenue, Newark, NJ, 07104",https://www.greatschools.org/new-jersey/newark/1347-Elliott-Street-Elementary-School/,Below average,3.0,ELLIOTTSTREETELEMENTARYSCHOOL,721SUMMERAVENUENEWARKNJ07104,100.0,100.0
Hudson,North Bergen School District,Polk Street School,17-3610-300,"7111 Polk Street, North Bergen, NJ, 07047",POLKSTREETSCHOOL,7111POLKSTREETNORTHBERGENNJ07047,Polk Street School,"7111 Polk Street, North Bergen, NJ, 07047",https://www.greatschools.org/new-jersey/north-bergen/9213-Polk-Street-School/,Below average,2.0,POLKSTREETSCHOOL,7111POLKSTREETNORTHBERGENNJ07047,100.0,100.0
Bergen,Fairview Public School District,Number Three School,03-1470-080,"403 CLIFF STREET, FAIRVIEW, NJ, 07022",NUMBERTHREESCHOOL,403CLIFFSTREETFAIRVIEWNJ07022,Number Three School,"403 Cliff Street, Fairview, NJ, 07022",https://www.greatschools.org/new-jersey/fairview/583-Number-3-Elementary-School/,Below average,1.0,NUMBERTHREESCHOOL,403CLIFFSTREETFAIRVIEWNJ07022,100.0,100.0
Charters,Teaneck Community Charter School,Teaneck Community Charter school,80-7890-920,"563 CHESTNUT AVENUE, TEANECK, NJ, 07666",TEANECKCOMMUNITYCHARTERSCHOOL,563CHESTNUTAVENUETEANECKNJ07666,Teaneck Community Charter School,"563 Chestnut Avenue, Teaneck, NJ, 07666",https://www.greatschools.org/new-jersey/teaneck/3330-Teaneck-Community-Charter-School/,Average,6.0,TEANECKCOMMUNITYCHARTERSCHOOL,563CHESTNUTAVENUETEANECKNJ07666,100.0,100.0
Ocean,Toms River Regional School District,Joseph A. Citta Elementary School,29-5190-067,"2050 LAKEWOOD ROAD, TOMS RIVER, NJ, 08755",JOSEPHACITTAELEMENTARYSCHOOL,2050LAKEWOODROADTOMSRIVERNJ08755,Joseph A Citta Elementary School,"2050 Lakewood Road, Toms River, NJ, 08755",https://www.greatschools.org/new-jersey/toms-river/3396-Joseph-A--Citta-Elementary-School/,Below average,3.0,JOSEPHACITTAELEMENTARYSCHOOL,2050LAKEWOODROADTOMSRIVERNJ08755,100.0,100.0
Bergen,Ridgewood Public School District,Ridgewood High School,03-4390-050,"627 EAST RIDGEWOOD AVE, RIDGEWOOD, NJ, 07451",RIDGEWOODHIGHSCHOOL,627EASTRIDGEWOODAVERIDGEWOODNJ07451,Ridgewood High School,"627 EAST RIDGEWOOD AVE, Ridgewood, NJ, 07451",https://www.greatschools.org/new-jersey/ridgewood/1731-Ridgewood-High-School/,Above average,8.0,RIDGEWOODHIGHSCHOOL,627EASTRIDGEWOODAVERIDGEWOODNJ07451,100.0,100.0
Charters,Phillip's Academy  Charter School,Philip's Academy Charter School,80-6094-968,"342 Central Avenue, Newark, NJ, 07103",PHILIP'SACADEMYCHARTERSCHOOL,342CENTRALAVENUENEWARKNJ07103,Philip's Academy Charter School,"342 Central Avenue, Newark, NJ, 07103",https://www.greatschools.org/new-jersey/newark/2955-Philips-Academy-Charter-School/,Average,6.0,PHILIP'SACADEMYCHARTERSCHOOL,342CENTRALAVENUENEWARKNJ07103,100.0,100.0
Bergen,Northern Valley Regional High School District,Northern Valley Regional High School at Demarest,03-3710-050,"150 Knickerbocker Road, Demarest, NJ, 07627",NORTHERNVALLEYREGIONALHIGHSCHOOLATDEMAREST,150KNICKERBOCKERROADDEMARESTNJ07627,Northern Valley Regional High School at Demarest,"150 Knickerbocker Road, Demarest, NJ, 07627",https://www.greatschools.org/new-jersey/demarest/1430-N-Valley-Reg-H-Demarest/,Above average,9.0,NORTHERNVALLEYREGIONALHIGHSCHOOLATDEMAREST,150KNICKERBOCKERROADDEMARESTNJ07627,100.0,100.0
Charters,New Horizons Community Charter School,New Horizons Community Charter School,80-7290-957,"45  59 HAYES STREET, NEWARK, NJ, 07103",NEWHORIZONSCOMMUNITYCHARTERSCHOOL,4559HAYESSTREETNEWARKNJ07103,New Horizons Community Charter School,"45 59 HAYES STREET, Newark, NJ, 07103",https://www.greatschools.org/new-jersey/newark/3338-New-Horizons-Community-Charter-School/,Below average,3.0,NEWHORIZONSCOMMUNITYCHARTERSCHOOL,4559HAYESSTREETNEWARKNJ07103,100.0,100.0
Bergen,Lyndhurst School District,Lyndhurst High School,03-2860-050,"400 Weart Avenue, LYNDHURST, NJ, 07071",LYNDHURSTHIGHSCHOOL,400WEARTAVENUELYNDHURSTNJ07071,Lyndhurst High School,"400 Weart Avenue, Lyndhurst, NJ, 07071",https://www.greatschools.org/new-jersey/lyndhurst/1045-Lyndhurst-High-School/,Below average,4.0,LYNDHURSTHIGHSCHOOL,400WEARTAVENUELYNDHURSTNJ07071,100.0,100.0
Union,Mountainside School District,Deerfield Elementary School,39-3470-030,"302 CENTRAL AVENUE, MOUNTAINSIDE, NJ, 07092",DEERFIELDELEMENTARYSCHOOL,302CENTRALAVENUEMOUNTAINSIDENJ07092,Deerfield Elementary School,"302 Central Avenue, Mountainside, NJ, 07092",https://www.greatschools.org/new-jersey/mountainside/1281-Deerfield-Elementary-School/,Above average,10.0,DEERFIELDELEMENTARYSCHOOL,302CENTRALAVENUEMOUNTAINSIDENJ07092,100.0,100.0
Ocean,Point Pleasant Beach School District,G. Harold Antrim Elementary School,29-4220-060,"401 Niblick Street, Point Pleasant Beach, NJ, 08742",GHAROLDANTRIMELEMENTARYSCHOOL,401NIBLICKSTREETPOINTPLEASANTBEACHNJ08742,G Harold Antrim Elementary School,"401 Niblick Street, Point Pleasant Beach, NJ, 08742",https://www.greatschools.org/new-jersey/point-pleasant-beach/1674-G-Harold-Antrim-Elementary-School/,Above average,7.0,GHAROLDANTRIMELEMENTARYSCHOOL,401NIBLICKSTREETPOINTPLEASANTBEACHNJ08742,100.0,100.0
Mercer,Trenton Public School District,Trenton Central High School-9th Grade Academy,21-5210-302,"500 Perry Street, Trenton, NJ, 08609",TRENTONCENTRALHIGHSCHOOL9THGRADEACADEMY,500PERRYSTREETTRENTONNJ08609,Trenton Central High School-9th Grade Academy,"500 Perry Street, Trenton, NJ, 08609",https://www.greatschools.org/new-jersey/trenton/8834-Trenton-Central-High-School-9th-Grade-Academy/,Below average,1.0,TRENTONCENTRALHIGHSCHOOL9THGRADEACADEMY,500PERRYSTREETTRENTONNJ08609,100.0,100.0
Bergen,Hasbrouck Heights School District,Hasbrouck Heights Middle School,03-2080-055,"365 BOULEVARD, HASBROUCK HEIGHTS, NJ, 07604",HASBROUCKHEIGHTSMIDDLESCHOOL,365BOULEVARDHASBROUCKHEIGHTSNJ07604,Hasbrouck Heights Middle School,"365 Boulevard, Hasbrouck Heights, NJ, 07604",https://www.greatschools.org/new-jersey/hasbrouck-heights/3490-Hasbrouck-Heights-Middle-School/,Above average,7.0,HASBROUCKHEIGHTSMIDDLESCHOOL,365BOULEVARDHASBROUCKHEIGHTSNJ07604,100.0,100.0
Bergen,Bergenfield Borough School District,Hoover Elementary School,03-0300-050,"273 MURRAY HILL TERRACE, BERGENFIELD, NJ, 07621",HOOVERELEMENTARYSCHOOL,273MURRAYHILLTERRACEBERGENFIELDNJ07621,Hoover Elementary School,"273 Murray Hill Terrace, Bergenfield, NJ, 07621",https://www.greatschools.org/new-jersey/bergenfield/110-Hoover-Elementary-School/,Above average,8.0,HOOVERELEMENTARYSCHOOL,273MURRAYHILLTERRACEBERGENFIELDNJ07621,100.0,100.0
Mercer,Princeton Public Schools,Princeton High School,21-4255-050,"151 MOORE STREET, PRINCETON, NJ, 08540",PRINCETONHIGHSCHOOL,151MOORESTREETPRINCETONNJ08540,Princeton High School,"151 Moore Street, Princeton, NJ, 08540",https://www.greatschools.org/new-jersey/princeton/1681-Princeton-High-School/,Average,6.0,PRINCETONHIGHSCHOOL,151MOORESTREETPRINCETONNJ08540,100.0,100.0
Monmouth,Monmouth Beach School District,Monmouth Beach Elementary School,25-3250-050,"7 HASTINGS PLACE, MONMOUTH BEACH, NJ, 07750",MONMOUTHBEACHELEMENTARYSCHOOL,7HASTINGSPLACEMONMOUTHBEACHNJ07750,Monmouth Beach Elementary School,"7 Hastings Place, Monmouth Beach, NJ, 07750",https://www.greatschools.org/new-jersey/monmouth-beach/1201-Monmouth-Beach-Elementary-School/,Above average,10.0,MONMOUTHBEACHELEMENTARYSCHOOL,7HASTINGSPLACEMONMOUTHBEACHNJ07750,100.0,100.0
Somerset,North Plainfield School District,North Plainfield Middle School,35-3670-300,"34 Wilson Avenue, North Plainfield, NJ, 07060",NORTHPLAINFIELDMIDDLESCHOOL,34WILSONAVENUENORTHPLAINFIELDNJ07060,North Plainfield Middle School,"34 Wilson Avenue, North Plainfield, NJ, 07060",https://www.greatschools.org/new-jersey/north-plainfield/8840-North-Plainfield-Middle-School/,Below average,4.0,NORTHPLAINFIELDMIDDLESCHOOL,34WILSONAVENUENORTHPLAINFIELDNJ07060,100.0,100.0
Middlesex,East Brunswick Township School District,Warnsdorfer Elementary School,23-1170-138,"9 HARDENBURG LANE, EAST BRUNSWICK, NJ, 08816",WARNSDORFERELEMENTARYSCHOOL,9HARDENBURGLANEEASTBRUNSWICKNJ08816,Warnsdorfer Elementary School,"9 Hardenburg Lane, East Brunswick, NJ, 08816",https://www.greatschools.org/new-jersey/east-brunswick/432-Warnsdorfer-Elementary-School/,Above average,8.0,WARNSDORFERELEMENTARYSCHOOL,9HARDENBURGLANEEASTBRUNSWICKNJ08816,100.0,100.0
Union,Plainfield Public School District,Dewitt D. Barlow Elementary School,39-4160-080,"E  FRONT ST & FARRAGUT RD, PLAINFIELD, NJ, 07060",DEWITTDBARLOWELEMENTARYSCHOOL,EFRONTST&FARRAGUTRDPLAINFIELDNJ07060,Dewitt D. Barlow Elementary School,"E FRONT ST & FARRAGUT RD, Plainfield, NJ, 07060",https://www.greatschools.org/new-jersey/plainfield/1649-Dewitt-D.-Barlow-Elementary-School/,Below average,2.0,DEWITTDBARLOWELEMENTARYSCHOOL,EFRONTST&FARRAGUTRDPLAINFIELDNJ07060,100.0,100.0
Cumberland,Millville School District,Rieck Avenue Elementary School,11-3230-085,"339 RIECK AVENUE, MILLVILLE, NJ, 08332",RIECKAVENUEELEMENTARYSCHOOL,339RIECKAVENUEMILLVILLENJ08332,Rieck Avenue Elementary School,"339 Rieck Avenue, Millville, NJ, 08332",https://www.greatschools.org/new-jersey/millville/1198-Rieck-Avenue-Elementary-School/,Below average,2.0,RIECKAVENUEELEMENTARYSCHOOL,339RIECKAVENUEMILLVILLENJ08332,100.0,100.0
Passaic,Wanaque School District,Wanaque Elementary School,31-5440-070,"FIRST STREET, WANAQUE, NJ, 07465",WANAQUEELEMENTARYSCHOOL,FIRSTSTREETWANAQUENJ07465,Wanaque Elementary School,"FIRST STREET, Wanaque, NJ, 07465",https://www.greatschools.org/new-jersey/wanaque/2087-Wanaque-Elementary-School/,Average,6.0,WANAQUEELEMENTARYSCHOOL,FIRSTSTREETWANAQUENJ07465,100.0,100.0
Monmouth,Holmdel Township School District,Indian Hill School,25-2230-050,"735 HOLMDEL ROAD, HOLMDEL, NJ, 07733",INDIANHILLSCHOOL,735HOLMDELROADHOLMDELNJ07733,Indian Hill School,"735 Holmdel Road, Holmdel, NJ, 07733",https://www.greatschools.org/new-jersey/holmdel/815-Indian-Hill-School/,Above average,10.0,INDIANHILLSCHOOL,735HOLMDELROADHOLMDELNJ07733,100.0,100.0
Hunterdon,Tewksbury Township School District,Old Turnpike School,19-5180-030,"171 OLD TURNPIKE ROAD, CALIFON, NJ, 07830",OLDTURNPIKESCHOOL,171OLDTURNPIKEROADCALIFONNJ07830,Old Turnpike School,"171 OLD TURNPIKE ROAD, Califon, NJ, 07830",https://www.greatschools.org/new-jersey/tewksbury/1944-Old-Turnpike-School/,Above average,7.0,OLDTURNPIKESCHOOL,171OLDTURNPIKEROADCALIFONNJ07830,100.0,100.0
Mercer,Princeton Public Schools,Johnson Park School,21-4255-070,"285 ROSEDALE ROAD, PRINCETON, NJ, 08540",JOHNSONPARKSCHOOL,285ROSEDALEROADPRINCETONNJ08540,Johnson Park School,"285 Rosedale Road, Princeton, NJ, 08540",https://www.greatschools.org/new-jersey/princeton/1680-Johnson-Park-School/,Average,6.0,JOHNSONPARKSCHOOL,285ROSEDALEROADPRINCETONNJ08540,100.0,100.0
Hunterdon,Califon Borough School District,Califon Public School,19-0670-030,"6 SCHOOL STREET, CALIFON, NJ, 07830",CALIFONPUBLICSCHOOL,6SCHOOLSTREETCALIFONNJ07830,Califon Public School,"6 School Street, Califon, NJ, 07830",https://www.greatschools.org/new-jersey/califon/237-Califon-Borough-Elementary-School/,Average,5.0,CALIFONPUBLICSCHOOL,6SCHOOLSTREETCALIFONNJ07830,100.0,100.0
Passaic,Paterson Public School District,"Charles J. Riley, School 9",31-4010-130,"6 TIMOTHY STREET, PATERSON, NJ, 07503",CHARLESJRILEYSCHOOL9,6TIMOTHYSTREETPATERSONNJ07503,Charles J. Riley School 9,"6 Timothy Street, Paterson, NJ, 07503",https://www.greatschools.org/new-jersey/paterson/1547-Number-9-Elementary-School/,Below average,3.0,CHARLESJRILEYSCHOOL9,6TIMOTHYSTREETPATERSONNJ07503,100.0,100.0
Sussex,Hopatcong Borough School District,Hopatcong High School,37-2240-030,"2A Windsor Ave, Hopatcong, NJ, 07843",HOPATCONGHIGHSCHOOL,2AWINDSORAVEHOPATCONGNJ07843,Hopatcong High School,"2A Windsor Ave, Hopatcong, NJ, 07843",https://www.greatschools.org/new-jersey/hopatcong/817-Hopatcong-High-School/,Below average,3.0,HOPATCONGHIGHSCHOOL,2AWINDSORAVEHOPATCONGNJ07843,100.0,100.0
Bergen,Leonia Public School District,Leonia Middle School,03-2620-055,"500 Broad Avenue, Leonia, NJ, 07605",LEONIAMIDDLESCHOOL,500BROADAVENUELEONIANJ07605,Leonia Middle School,"500 Broad Avenue, Leonia, NJ, 07605",https://www.greatschools.org/new-jersey/leonia/969-Leonia-Middle-School/,Above average,7.0,LEONIAMIDDLESCHOOL,500BROADAVENUELEONIANJ07605,100.0,100.0
Monmouth,Monmouth County Vocational School District,Marine Academy of Science and Technology,25-3260-020,"305 Mast Way, Highlands, NJ, 07732",MARINEACADEMYOFSCIENCEANDTECHNOLOGY,305MASTWAYHIGHLANDSNJ07732,Marine Academy of Science and Technology,"305 MAST Way, Highlands, NJ, 07732",https://www.greatschools.org/new-jersey/highlands/2154-Marine-Academy-Sci--Tech/,Above average,10.0,MARINEACADEMYOFSCIENCEANDTECHNOLOGY,305MASTWAYHIGHLANDSNJ07732,100.0,100.0
Bergen,Hackensack School District,Hackensack Middle School,03-1860-300,"360 Union Street, Hackensack, NJ, 07601",HACKENSACKMIDDLESCHOOL,360UNIONSTREETHACKENSACKNJ07601,Hackensack Middle School,"360 Union Street, Hackensack, NJ, 07601",https://www.greatschools.org/new-jersey/hackensack/7151-Middle-School/,Below average,4.0,HACKENSACKMIDDLESCHOOL,360UNIONSTREETHACKENSACKNJ07601,100.0,100.0
Middlesex,Perth Amboy Public School District,Rose M. Lopez Elementary School,23-4090-301,"435 Seaman Avenue, Perth Amboy, NJ, 08861",ROSEMLOPEZELEMENTARYSCHOOL,435SEAMANAVENUEPERTHAMBOYNJ08861,Rose M. Lopez Elementary School,"435 Seaman Avenue, Perth Amboy, NJ, 08861",https://www.greatschools.org/new-jersey/perth-amboy/9214-Rose-M.-Lopez-Elementary-School/,Below average,3.0,ROSEMLOPEZELEMENTARYSCHOOL,435SEAMANAVENUEPERTHAMBOYNJ08861,100.0,100.0
Monmouth,Tinton Falls School District,Tinton Falls Middle School,25-5185-070,"674 TINTON AVENUE, TINTON FALLS, NJ, 07724",TINTONFALLSMIDDLESCHOOL,674TINTONAVENUETINTONFALLSNJ07724,Tinton Falls Middle School,"674 Tinton Avenue, Tinton Falls, NJ, 07724",https://www.greatschools.org/new-jersey/tinton-falls/1948-Tinton-Falls-Middle-School/,Average,5.0,TINTONFALLSMIDDLESCHOOL,674TINTONAVENUETINTONFALLSNJ07724,100.0,100.0
Hunterdon,North Hunterdon-Voorhees Regional High School District,Voorhees High School,19-3660-060,"256 County Route 513, Glen Gardner, NJ, 08826",VOORHEESHIGHSCHOOL,256COUNTYROUTE513GLENGARDNERNJ08826,Voorhees High School,"256 County Route 513, Glen Gardner, NJ, 08826",https://www.greatschools.org/new-jersey/glen-gardner/1420-Voorhees-High-School/,Above average,9.0,VOORHEESHIGHSCHOOL,256COUNTYROUTE513GLENGARDNERNJ08826,100.0,100.0
Passaic,Paterson Public School District,Dr. Hani Awadallah School,31-4010-313,"515 MARSHALL STREET, PATERSON, NJ, 07503",DRHANIAWADALLAHSCHOOL,515MARSHALLSTREETPATERSONNJ07503,Dr Hani Awadallah School,"515 Marshall Street, Paterson, NJ, 07503",https://www.greatschools.org/new-jersey/paterson/8859-Dr-Hani-Awadallah-School/,Below average,4.0,DRHANIAWADALLAHSCHOOL,515MARSHALLSTREETPATERSONNJ07503,100.0,100.0
Middlesex,South Plainfield School District,John E Riley Elementary School,23-4910-058,"100 MORRIS AVENUE, SOUTH PLAINFIELD, NJ, 07080",JOHNERILEYELEMENTARYSCHOOL,100MORRISAVENUESOUTHPLAINFIELDNJ07080,John E. Riley Elementary School,"100 Morris Avenue, South Plainfield, NJ, 07080",https://www.greatschools.org/new-jersey/south-plainfield/1875-John-E.-Riley-Elementary-School/,Average,5.0,JOHNERILEYELEMENTARYSCHOOL,100MORRISAVENUESOUTHPLAINFIELDNJ07080,100.0,100.0
Monmouth,Upper Freehold Regional School District,Allentown High School,25-5310-050,"27 High Street, ALLENTOWN, NJ, 08501",ALLENTOWNHIGHSCHOOL,27HIGHSTREETALLENTOWNNJ08501,Allentown High School,"27 High Street, Allentown, NJ, 08501",https://www.greatschools.org/new-jersey/allentown/2026-Allentown-High-School/,Above average,7.0,ALLENTOWNHIGHSCHOOL,27HIGHSTREETALLENTOWNNJ08501,100.0,100.0
Essex,Bloomfield Township School District,Brookdale Elementary School,13-0410-060,"1230 Broad Street, Bloomfield, NJ, 07003",BROOKDALEELEMENTARYSCHOOL,1230BROADSTREETBLOOMFIELDNJ07003,Brookdale Elementary School,"1230 Broad Street, Bloomfield, NJ, 07003",https://www.greatschools.org/new-jersey/bloomfield/142-Brookdale-Elementary-School/,Above average,9.0,BROOKDALEELEMENTARYSCHOOL,1230BROADSTREETBLOOMFIELDNJ07003,100.0,100.0
Passaic,Paterson Public School District,"Rev. Dr. Frank Napier, Jr. School",31-4010-080,"55 CLINTON STREET, PATERSON, NJ, 07522",REVDRFRANKNAPIERJRSCHOOL,55CLINTONSTREETPATERSONNJ07522,Rev. Dr. Frank Napier Jr. School,"55 Clinton Street, Paterson, NJ, 07522",https://www.greatschools.org/new-jersey/paterson/1542-Number-4-Elementary-School/,Below average,3.0,REVDRFRANKNAPIERJRSCHOOL,55CLINTONSTREETPATERSONNJ07522,100.0,100.0
Middlesex,Perth Amboy Public School District,James J. Flynn Elementary School,23-4090-145,"850 CHAMBERLAIN AVENUE, PERTH AMBOY, NJ, 08861",JAMESJFLYNNELEMENTARYSCHOOL,850CHAMBERLAINAVENUEPERTHAMBOYNJ08861,James J. Flynn Elementary School,"850 Chamberlain Avenue, Perth Amboy, NJ, 08861",https://www.greatschools.org/new-jersey/perth-amboy/1615-James-J.-Flynn-Elementary-School/,Below average,2.0,JAMESJFLYNNELEMENTARYSCHOOL,850CHAMBERLAINAVENUEPERTHAMBOYNJ08861,100.0,100.0
Somerset,Somerset Hills Regional School District,Bernards High School,35-4815-020,"25 Olcott Avenue, Bernardsville, NJ, 07924",BERNARDSHIGHSCHOOL,25OLCOTTAVENUEBERNARDSVILLENJ07924,Bernards High School,"25 Olcott Avenue, Bernardsville, NJ, 07924",https://www.greatschools.org/new-jersey/bernardsville/20-Bernards-High-School/,Average,6.0,BERNARDSHIGHSCHOOL,25OLCOTTAVENUEBERNARDSVILLENJ07924,100.0,100.0
Ocean,Toms River Regional School District,Pine Beach Elementary School,29-5190-090,"101 PENNSYLVANIA AVENUE, PINE BEACH, NJ, 08741",PINEBEACHELEMENTARYSCHOOL,101PENNSYLVANIAAVENUEPINEBEACHNJ08741,Pine Beach Elementary School,"101 Pennsylvania Avenue, Pine Beach, NJ, 08741",https://www.greatschools.org/new-jersey/pine-beach/1957-Pine-Beach-Elementary-School/,Below average,3.0,PINEBEACHELEMENTARYSCHOOL,101PENNSYLVANIAAVENUEPINEBEACHNJ08741,100.0,100.0
Bergen,River Vale Public School District,Holdrum Middle School,03-4430-050,"393 RIVERVALE ROAD, RIVER VALE, NJ, 07675",HOLDRUMMIDDLESCHOOL,393RIVERVALEROADRIVERVALENJ07675,Holdrum Middle School,"393 Rivervale Road, River Vale, NJ, 07675",https://www.greatschools.org/new-jersey/river-vale/1746-Holdrum-Middle-School/,Above average,7.0,HOLDRUMMIDDLESCHOOL,393RIVERVALEROADRIVERVALENJ07675,100.0,100.0
Bergen,Bergenfield Borough School District,Lincoln Elementary School,03-0300-070,"115 HIGHVIEW AVENUE, BERGENFIELD, NJ, 07621",LINCOLNELEMENTARYSCHOOL,115HIGHVIEWAVENUEBERGENFIELDNJ07621,Lincoln Elementary School,"115 Highview Avenue, Bergenfield, NJ, 07621",https://www.greatschools.org/new-jersey/bergenfield/112-Lincoln-Elementary-School/,Above average,9.0,LINCOLNELEMENTARYSCHOOL,115HIGHVIEWAVENUEBERGENFIELDNJ07621,100.0,100.0
Essex,Irvington Public School District,Chancellor Avenue Elementary School,13-2330-090,"844     CHANCELLOR AVENUE, IRVINGTON, NJ, 07111",CHANCELLORAVENUEELEMENTARYSCHOOL,844CHANCELLORAVENUEIRVINGTONNJ07111,Chancellor Avenue Elementary School,"844 Chancellor Avenue, Irvington, NJ, 07111",https://www.greatschools.org/new-jersey/irvington/847-Chancellor-Avenue-Elementary-School/,Below average,3.0,CHANCELLORAVENUEELEMENTARYSCHOOL,844CHANCELLORAVENUEIRVINGTONNJ07111,100.0,100.0
Middlesex,New Brunswick School District,Lord Stirling Elementary School,23-3530-100,"101 REDMOND STREET, NEW BRUNSWICK, NJ, 08901",LORDSTIRLINGELEMENTARYSCHOOL,101REDMONDSTREETNEWBRUNSWICKNJ08901,Lord Stirling Elementary School,"101 Redmond Street, New Brunswick, NJ, 08901",https://www.greatschools.org/new-jersey/new-brunswick/1300-Lord-Stirling-Elementary-School/,Below average,4.0,LORDSTIRLINGELEMENTARYSCHOOL,101REDMONDSTREETNEWBRUNSWICKNJ08901,100.0,100.0
Bergen,Fair Lawn Public School District,Radburn Elementary School,03-1450-110,"18-00 RADBURN RD, FAIR LAWN, NJ, 07410",RADBURNELEMENTARYSCHOOL,1800RADBURNRDFAIRLAWNNJ07410,Radburn Elementary School,"18-00 RADBURN RD, Fair Lawn, NJ, 07410",https://www.greatschools.org/new-jersey/fair-lawn/575-Radburn-Elementary-School/,Above average,10.0,RADBURNELEMENTARYSCHOOL,1800RADBURNRDFAIRLAWNNJ07410,100.0,100.0
Charters,TEAM Academy Charter School,TEAM Academy Charter School,80-7325-965,"60 Park Place, NEWARK, NJ, 07102",TEAMACADEMYCHARTERSCHOOL,60PARKPLACENEWARKNJ07102,Team Academy Charter School,"60 Park Place, Newark, NJ, 07102",https://www.greatschools.org/new-jersey/newark/3481-Team-Academy-Charter-School/,Average,5.0,TEAMACADEMYCHARTERSCHOOL,60PARKPLACENEWARKNJ07102,100.0,100.0
Monmouth,Keyport School District,Keyport High School,25-2430-050,"351 BROAD STREET, KEYPORT, NJ, 07735",KEYPORTHIGHSCHOOL,351BROADSTREETKEYPORTNJ07735,Keyport High School,"351 Broad Street, Keyport, NJ, 07735",https://www.greatschools.org/new-jersey/keyport/923-Keyport-High-School/,Below average,2.0,KEYPORTHIGHSCHOOL,351BROADSTREETKEYPORTNJ07735,100.0,100.0
Middlesex,South River Public School District,South River High School,23-4920-050,"11 MONTGOMERY STREET, SOUTH RIVER, NJ, 08882",SOUTHRIVERHIGHSCHOOL,11MONTGOMERYSTREETSOUTHRIVERNJ08882,South River High School,"11 Montgomery Street, South River, NJ, 08882",https://www.greatschools.org/new-jersey/south-river/1880-South-River-High-School/,Below average,3.0,SOUTHRIVERHIGHSCHOOL,11MONTGOMERYSTREETSOUTHRIVERNJ08882,100.0,100.0
Bergen,Paramus Public School District,East Brook Middle School,03-3930-065,"190 SPRING VALLEY ROAD, PARAMUS, NJ, 07652",EASTBROOKMIDDLESCHOOL,190SPRINGVALLEYROADPARAMUSNJ07652,East Brook Middle School,"190 Spring Valley Road, Paramus, NJ, 07652",https://www.greatschools.org/new-jersey/paramus/1493-East-Brook-Middle-School/,Above average,8.0,EASTBROOKMIDDLESCHOOL,190SPRINGVALLEYROADPARAMUSNJ07652,100.0,100.0
Atlantic,Galloway Township Public Schools,Smithville Elementary School,01-1690-048,"37 S  OLD PORT REPUBLIC ROAD, GALLOWAY, NJ, 08205",SMITHVILLEELEMENTARYSCHOOL,37SOLDPORTREPUBLICROADGALLOWAYNJ08205,Smithville Elementary School,"37 Old Port Republic Road, Galloway, NJ, 08205",https://www.greatschools.org/new-jersey/galloway/647-Smithville-Elementary-School/,Below average,3.0,SMITHVILLEELEMENTARYSCHOOL,37OLDPORTREPUBLICROADGALLOWAYNJ08205,100.0,98.63013698630137
Camden,Pine Hill School District,Pine Hill Middle School,07-4110-100,"1100 TURNERVILLE ROAD, PINE HILL, NJ, 08021",PINEHILLMIDDLESCHOOL,1100TURNERVILLEROADPINEHILLNJ08021,Pine Hill Middle School,"1100 Turnersville Road, Pine Hill, NJ, 08021",https://www.greatschools.org/new-jersey/pine-hill/3463-Pine-Hill-Middle-School/,Below average,4.0,PINEHILLMIDDLESCHOOL,1100TURNERSVILLEROADPINEHILLNJ08021,100.0,98.55072463768117
Middlesex,Piscataway Township School District,Theodore Schor Middle School,23-4130-057,"243 NORTH RANDOLPHVILLE RD, PISCATAWAY, NJ, 08854",THEODORESCHORMIDDLESCHOOL,243NORTHRANDOLPHVILLERDPISCATAWAYNJ08854,Theodore Schor Middle School,"243 North Randolphville Road, Piscataway, NJ, 08854",https://www.greatschools.org/new-jersey/piscataway/1631-Theodore-Schor-Middle-School/,Average,6.0,THEODORESCHORMIDDLESCHOOL,243NORTHRANDOLPHVILLEROADPISCATAWAYNJ08854,100.0,97.5609756097561
Middlesex,Piscataway Township School District,Grandview Elementary School,23-4130-080,"130 NORTH RANDOLPHVILLE RD, PISCATAWAY, NJ, 08854",GRANDVIEWELEMENTARYSCHOOL,130NORTHRANDOLPHVILLERDPISCATAWAYNJ08854,Grandview Elementary School,"130 North Randolphville Road, Piscataway, NJ, 08854",https://www.greatschools.org/new-jersey/piscataway/1634-Grandview-Elementary-School/,Below average,4.0,GRANDVIEWELEMENTARYSCHOOL,130NORTHRANDOLPHVILLEROADPISCATAWAYNJ08854,100.0,97.5609756097561
Camden,Collingswood Public School District,Mark Newbie Elementary School,07-0940-060,"2 EAST BROWNING RD, COLLINGSWOOD, NJ, 08108",MARKNEWBIEELEMENTARYSCHOOL,2EASTBROWNINGRDCOLLINGSWOODNJ08108,Mark Newbie Elementary School,"2 East Browning Road, Collingswood, NJ, 08108",https://www.greatschools.org/new-jersey/collingswood/359-Mark-Newbie-Elementary-School/,Above average,7.0,MARKNEWBIEELEMENTARYSCHOOL,2EASTBROWNINGROADCOLLINGSWOODNJ08108,100.0,97.14285714285714
Morris,Mountain Lakes Public School District,Mountain Lakes High School,27-3460-050,"96 Powerville Rd., Mountain Lakes, NJ, 07046",MOUNTAINLAKESHIGHSCHOOL,96POWERVILLERDMOUNTAINLAKESNJ07046,Mountain Lakes High School,"96 Powerville Road, Mountain Lakes, NJ, 07046",https://www.greatschools.org/new-jersey/mountain-lakes/1277-Mountain-Lakes-High-School/,Above average,9.0,MOUNTAINLAKESHIGHSCHOOL,96POWERVILLEROADMOUNTAINLAKESNJ07046,100.0,97.14285714285714
Camden,Cherry Hill School District,A. Russell Knight Elementary School,07-0800-058,"140 Old Carriage Rd., CHERRY HILL, NJ, 08034",ARUSSELLKNIGHTELEMENTARYSCHOOL,140OLDCARRIAGERDCHERRYHILLNJ08034,A. Russell Knight Elementary School,"140 Old Carriage Road, Cherry Hill, NJ, 08034",https://www.greatschools.org/new-jersey/cherry-hill/295-A.-Russell-Knight-Elementary-School/,Above average,9.0,ARUSSELLKNIGHTELEMENTARYSCHOOL,140OLDCARRIAGEROADCHERRYHILLNJ08034,100.0,97.05882352941177
Charters,Atlantic Community Charter School,Atlantic Community Charter School,80-6060-942,"112 South New York Rd, Galloway, NJ, 08205",ATLANTICCOMMUNITYCHARTERSCHOOL,112SOUTHNEWYORKRDGALLOWAYNJ08205,Atlantic Community Charter School,"112 South New York Road, Galloway, NJ, 08205",https://www.greatschools.org/new-jersey/galloway/8780-Atlantic-Community-Charter-School/,Average,5.0,ATLANTICCOMMUNITYCHARTERSCHOOL,112SOUTHNEWYORKROADGALLOWAYNJ08205,100.0,96.96969696969697
Camden,Cherry Hill School District,Joseph D. Sharp Elementary School,07-0800-100,"300 Old Orchard Rd., CHERRY HILL, NJ, 08003",JOSEPHDSHARPELEMENTARYSCHOOL,300OLDORCHARDRDCHERRYHILLNJ08003,Joseph D. Sharp Elementary School,"300 Old Orchard Road, Cherry Hill, NJ, 08003",https://www.greatschools.org/new-jersey/cherry-hill/304-Joseph-D.-Sharp-Elementary-School/,Above average,10.0,JOSEPHDSHARPELEMENTARYSCHOOL,300OLDORCHARDROADCHERRYHILLNJ08003,100.0,96.96969696969697
Camden,Cherry Hill School District,James F. Cooper Elementary School,07-0800-083,"1960 Greentree Rd., CHERRY HILL, NJ, 08003",JAMESFCOOPERELEMENTARYSCHOOL,1960GREENTREERDCHERRYHILLNJ08003,James F. Cooper Elementary School,"1960 Greentree Road, Cherry Hill, NJ, 08003",https://www.greatschools.org/new-jersey/cherry-hill/302-James-F.-Cooper-Elementary-School/,Average,5.0,JAMESFCOOPERELEMENTARYSCHOOL,1960GREENTREEROADCHERRYHILLNJ08003,100.0,96.96969696969697
Essex,Essex Fells School District,Essex Fells Elementary School,13-1400-050,"102 HAWTHORNE RD, ESSEX FELLS, NJ, 07021",ESSEXFELLSELEMENTARYSCHOOL,102HAWTHORNERDESSEXFELLSNJ07021,Essex Fells Elementary School,"102 Hawthorne Road, Essex Fells, NJ, 07021",https://www.greatschools.org/new-jersey/essex-fells/551-Essex-Fells-Elementary-School/,Above average,9.0,ESSEXFELLSELEMENTARYSCHOOL,102HAWTHORNEROADESSEXFELLSNJ07021,100.0,96.875
Gloucester,Deptford Township Public School District,Good Intent Elementary School,15-1100-090,"1555 GOOD INTENT RD, DEPTFORD, NJ, 08096",GOODINTENTELEMENTARYSCHOOL,1555GOODINTENTRDDEPTFORDNJ08096,Good Intent Elementary School,"1555 Good Intent Road, Deptford, NJ, 08096",https://www.greatschools.org/new-jersey/deptford-township/400-Good-Intent-Elementary-School/,Below average,4.0,GOODINTENTELEMENTARYSCHOOL,1555GOODINTENTROADDEPTFORDNJ08096,100.0,96.875
Mercer,Area Vocational Technical Schools of Mercer County,Mercer County Technical School STEM Academy,21-3105-302,"229 Bull Run Road, Pennington, NJ, 08534",MERCERCOUNTYTECHNICALSCHOOLSTEMACADEMY,229BULLRUNROADPENNINGTONNJ08534,Mercer County Technical School Stem Academy,"129 Bull Run Road, Pennington, NJ, 08534",https://www.greatschools.org/new-jersey/pennington/8889-Mercer-County-Technical-School-STEM-Academy/,Above average,9.0,MERCERCOUNTYTECHNICALSCHOOLSTEMACADEMY,129BULLRUNROADPENNINGTONNJ08534,100.0,96.7741935483871
Camden,Cherry Hill School District,Kingston Elementary School,07-0800-110,"320 Kingston Rd., CHERRY HILL, NJ, 08034",KINGSTONELEMENTARYSCHOOL,320KINGSTONRDCHERRYHILLNJ08034,Kingston Elementary School,"320 Kingston Road, Cherry Hill, NJ, 08034",https://www.greatschools.org/new-jersey/cherry-hill/306-Kingston-Elementary-School/,Average,6.0,KINGSTONELEMENTARYSCHOOL,320KINGSTONROADCHERRYHILLNJ08034,100.0,96.7741935483871
Bergen,Old Tappan Public School District,Charles DeWolf Middle School,03-3850-030,"275 OLD TAPPAN RD, OLD TAPPAN, NJ, 07675",CHARLESDEWOLFMIDDLESCHOOL,275OLDTAPPANRDOLDTAPPANNJ07675,Charles Dewolf Middle School,"275 Old Tappan Road, Old Tappan, NJ, 07675",https://www.greatschools.org/new-jersey/old-tappan/1469-Charles-Dewolf-Middle-School/,Above average,9.0,CHARLESDEWOLFMIDDLESCHOOL,275OLDTAPPANROADOLDTAPPANNJ07675,100.0,96.7741935483871
Bergen,River Vale Public School District,Woodside Elementary School,03-4430-070,"801 RIVERVALE RD, RIVER VALE, NJ, 07675",WOODSIDEELEMENTARYSCHOOL,801RIVERVALERDRIVERVALENJ07675,Woodside Elementary School,"801 Rivervale Road, River Vale, NJ, 07675",https://www.greatschools.org/new-jersey/river-vale/1748-Woodside-Elementary-School/,Above average,7.0,WOODSIDEELEMENTARYSCHOOL,801RIVERVALEROADRIVERVALENJ07675,100.0,96.7741935483871
Camden,Cherry Hill School District,Henry C. Beck Middle School,07-0800-073,"950 Cropwell Rd., CHERRY HILL, NJ, 08003",HENRYCBECKMIDDLESCHOOL,950CROPWELLRDCHERRYHILLNJ08003,Henry C Beck Middle School,"950 Cropwell Road, Cherry Hill, NJ, 08003",https://www.greatschools.org/new-jersey/cherry-hill/300-Henry-C-Beck-Middle-School/,Average,6.0,HENRYCBECKMIDDLESCHOOL,950CROPWELLROADCHERRYHILLNJ08003,100.0,96.7741935483871
Essex,South Orange-Maplewood School District,Clinton Elementary School,13-4900-060,"27 BERKSHIRE RD, MAPLEWOOD, NJ, 07040",CLINTONELEMENTARYSCHOOL,27BERKSHIRERDMAPLEWOODNJ07040,Clinton Elementary School,"27 Berkshire Road, Maplewood, NJ, 07040",https://www.greatschools.org/new-jersey/maplewood/1866-Clinton-Elementary-School/,Average,6.0,CLINTONELEMENTARYSCHOOL,27BERKSHIREROADMAPLEWOODNJ07040,100.0,96.66666666666667
Gloucester,West Deptford Township School District,West Deptford Middle School,15-5620-130,"675 GROVE RD, WEST DEPTFORD, NJ, 08066",WESTDEPTFORDMIDDLESCHOOL,675GROVERDWESTDEPTFORDNJ08066,West Deptford Middle School,"675 Grove Road, West Deptford, NJ, 08066",https://www.greatschools.org/new-jersey/west-deptford/2146-West-Deptford-Middle-School/,Average,5.0,WESTDEPTFORDMIDDLESCHOOL,675GROVEROADWESTDEPTFORDNJ08066,100.0,96.66666666666667
Camden,Cherry Hill School District,James Johnson Elementary School,07-0800-085,"500 Kresson Rd., CHERRY HILL, NJ, 08034",JAMESJOHNSONELEMENTARYSCHOOL,500KRESSONRDCHERRYHILLNJ08034,James Johnson Elementary School,"500 Kresson Road, Cherry Hill, NJ, 08034",https://www.greatschools.org/new-jersey/cherry-hill/303-James-Johnson-Elementary-School/,Average,6.0,JAMESJOHNSONELEMENTARYSCHOOL,500KRESSONROADCHERRYHILLNJ08034,100.0,96.66666666666667
Camden,Cherry Hill School District,Thomas Paine Elementary School,07-0800-115,"4001 Church Rd., CHERRY HILL, NJ, 08034",THOMASPAINEELEMENTARYSCHOOL,4001CHURCHRDCHERRYHILLNJ08034,Thomas Paine Elementary School,"4001 Church Road, Cherry Hill, NJ, 08034",https://www.greatschools.org/new-jersey/cherry-hill/308-Thomas-Paine-Elementary-School/,Average,6.0,THOMASPAINEELEMENTARYSCHOOL,4001CHURCHROADCHERRYHILLNJ08034,100.0,96.66666666666667
Morris,Mountain Lakes Public School District,Wildwood Elementary School,27-3460-080,"51 Glen Rd., Mountain Lakes, NJ, 07046",WILDWOODELEMENTARYSCHOOL,51GLENRDMOUNTAINLAKESNJ07046,Wildwood Elementary School,"51 Glen Road, Mountain Lakes, NJ, 07046",https://www.greatschools.org/new-jersey/mountain-lakes/1280-Wildwood-Elementary-School/,Above average,8.0,WILDWOODELEMENTARYSCHOOL,51GLENROADMOUNTAINLAKESNJ07046,100.0,96.55172413793103
Union,Plainfield Public School District,Charles H. Stillman Elementary School,39-4160-170,"201 W FOURTH ST, PLAINFIELD, NJ, 07060",CHARLESHSTILLMANELEMENTARYSCHOOL,201WFOURTHSTPLAINFIELDNJ07060,Charles H. Stillman Elementary School,"201 W FOURTH ST, Plainfield, NJ, 07062",https://www.greatschools.org/new-jersey/plainfield/1656-Charles-H.-Stillman-Elementary-School/,Below average,1.0,CHARLESHSTILLMANELEMENTARYSCHOOL,201WFOURTHSTPLAINFIELDNJ07062,100.0,96.55172413793103
Camden,Gibbsboro Elementary School District,Gibbsboro Elementary School,07-1720-020,"37 KIRKWOOD RD, GIBBSBORO, NJ, 08026",GIBBSBOROELEMENTARYSCHOOL,37KIRKWOODRDGIBBSBORONJ08026,Gibbsboro Elementary School,"37 Kirkwood Road, Gibbsboro, NJ, 08026",https://www.greatschools.org/new-jersey/gibbsboro/658-Gibbsboro-Elementary-School/,Below average,4.0,GIBBSBOROELEMENTARYSCHOOL,37KIRKWOODROADGIBBSBORONJ08026,100.0,96.55172413793103
Bergen,Demarest School District,Demarest Middle School,03-1070-040,"568 PIERMONT RD, DEMAREST, NJ, 07627",DEMARESTMIDDLESCHOOL,568PIERMONTRDDEMARESTNJ07627,Demarest Middle School,"568 Piermont Road, Demarest, NJ, 07627",https://www.greatschools.org/new-jersey/demarest/391-Demarest-Middle-School/,Above average,8.0,DEMARESTMIDDLESCHOOL,568PIERMONTROADDEMARESTNJ07627,100.0,96.55172413793103
Essex,Montclair Public School District,Edgemont Elementary School,13-3310-110,"20 EDGEMONT RD, MONTCLAIR, NJ, 07042",EDGEMONTELEMENTARYSCHOOL,20EDGEMONTRDMONTCLAIRNJ07042,Edgemont Elementary School,"20 Edgemont Road, Montclair, NJ, 07042",https://www.greatschools.org/new-jersey/montclair/1218-Edgemont-Elementary-School/,Average,6.0,EDGEMONTELEMENTARYSCHOOL,20EDGEMONTROADMONTCLAIRNJ07042,100.0,96.55172413793103
Middlesex,Old Bridge Township School District,Alan B. Shepard Elementary School,23-3845-082,"33 BUSHNELL RD, OLD BRIDGE, NJ, 08857",ALANBSHEPARDELEMENTARYSCHOOL,33BUSHNELLRDOLDBRIDGENJ08857,Alan B. Shepard Elementary School,"33 Bushnell Road, Old Bridge, NJ, 08857",https://www.greatschools.org/new-jersey/old-bridge-township/1059-Alan-B.-Shepard-Elementary-School/,Above average,7.0,ALANBSHEPARDELEMENTARYSCHOOL,33BUSHNELLROADOLDBRIDGENJ08857,100.0,96.55172413793103
Essex,Livingston Board of Education School District,Collins Elementary School,13-2730-080,"67 MARTIN RD, LIVINGSTON, NJ, 07039",COLLINSELEMENTARYSCHOOL,67MARTINRDLIVINGSTONNJ07039,Collins Elementary School,"67 Martin Road, Livingston, NJ, 07039",https://www.greatschools.org/new-jersey/livingston/1000-Collins-Elementary-School/,Above average,10.0,COLLINSELEMENTARYSCHOOL,67MARTINROADLIVINGSTONNJ07039,100.0,96.42857142857143
Sussex,Andover Regional School District,Long Pond School,37-0090-040,"707 LIMECREST RD, NEWTON, NJ, 07860",LONGPONDSCHOOL,707LIMECRESTRDNEWTONNJ07860,Long Pond School,"707 Limecrest Road, Newton, NJ, 07860",https://www.greatschools.org/new-jersey/newton/37-Long-Pond-School/,Above average,7.0,LONGPONDSCHOOL,707LIMECRESTROADNEWTONNJ07860,100.0,96.42857142857143
Cape May,Lower Township Elementary School District,Maud Abrams School,09-2840-060,"714 TOWNBANK RD, CAPE MAY, NJ, 08204",MAUDABRAMSSCHOOL,714TOWNBANKRDCAPEMAYNJ08204,Maud Abrams School,"714 Town Bank Road, Cape May, NJ, 08204",https://www.greatschools.org/new-jersey/cape-may/1039-Maud-Abrams-School/,Below average,4.0,MAUDABRAMSSCHOOL,714TOWNBANKROADCAPEMAYNJ08204,100.0,96.42857142857143
Camden,Brooklawn Public School District,Alice Costello Elementary School,07-0580-010,"301 Haakon rd., BROOKLAWN, NJ, 08030",ALICECOSTELLOELEMENTARYSCHOOL,301HAAKONRDBROOKLAWNNJ08030,Alice Costello Elementary School,"301 Haakon Road, Brooklawn, NJ, 08030",https://www.greatschools.org/new-jersey/brooklawn/205-Alice-Costello-Elementary-School/,Below average,4.0,ALICECOSTELLOELEMENTARYSCHOOL,301HAAKONROADBROOKLAWNNJ08030,100.0,96.42857142857143
Union,Springfield Public School District,Thelma L. Sandmeier Elementary School,39-5000-090,"666 South Springfield Ave., Springfield, NJ, 07081",THELMALSANDMEIERELEMENTARYSCHOOL,666SOUTHSPRINGFIELDAVESPRINGFIELDNJ07081,Thelma L. Sandmeier Elementary School,"666 South Springfield Avenue, Springfield, NJ, 07081",https://www.greatschools.org/new-jersey/springfield-township/1902-Thelma-L.-Sandmeier-Elementary-School/,Above average,7.0,THELMALSANDMEIERELEMENTARYSCHOOL,666SOUTHSPRINGFIELDAVENUESPRINGFIELDNJ07081,100.0,96.3855421686747
Atlantic,Pleasantville Public School District,Washington Avenue Elementary School,01-4180-060,"225 W  WASHINGTON AVENUE, PLEASANTVILLE, NJ, 08232",WASHINGTONAVENUEELEMENTARYSCHOOL,225WWASHINGTONAVENUEPLEASANTVILLENJ08232,Washington Avenue Elementary School,"225 West Washington Avenue, Pleasantville, NJ, 08232",https://www.greatschools.org/new-jersey/pleasantville/1660-Washington-Avenue-Elementary-School/,Below average,3.0,WASHINGTONAVENUEELEMENTARYSCHOOL,225WESTWASHINGTONAVENUEPLEASANTVILLENJ08232,100.0,96.3855421686747
Essex,Caldwell-West Caldwell School District,Grover Cleveland Middle School,13-0660-060,"36 ACADEMY RD, CALDWELL, NJ, 07006",GROVERCLEVELANDMIDDLESCHOOL,36ACADEMYRDCALDWELLNJ07006,Grover Cleveland Middle School,"36 Academy Road, Caldwell, NJ, 07006",https://www.greatschools.org/new-jersey/caldwell/232-Grover-Cleveland-Middle-School/,Average,5.0,GROVERCLEVELANDMIDDLESCHOOL,36ACADEMYROADCALDWELLNJ07006,100.0,96.2962962962963
Union,Springfield Public School District,Florence M. Gaudineer Middle School,39-5000-060,"75 South Springfield Ave., Springfield, NJ, 07081",FLORENCEMGAUDINEERMIDDLESCHOOL,75SOUTHSPRINGFIELDAVESPRINGFIELDNJ07081,Florence M. Gaudineer Middle School,"75 South Springfield Avenue, Springfield, NJ, 07081",https://www.greatschools.org/new-jersey/springfield-township/1900-Florence-M.-Gaudineer-Middle-School/,Average,6.0,FLORENCEMGAUDINEERMIDDLESCHOOL,75SOUTHSPRINGFIELDAVENUESPRINGFIELDNJ07081,100.0,96.2962962962963
Union,Linden Public School District,Myles J. McManus MIddle School,39-2660-060,"300 EDGEWOOD RD, LINDEN, NJ, 07036",MYLESJMCMANUSMIDDLESCHOOL,300EDGEWOODRDLINDENNJ07036,Myles J Mcmanus Middle School,"300 Edgewood Road, Linden, NJ, 07036",https://www.greatschools.org/new-jersey/linden/974-Myles-J-Mcmanus-Middle-School/,Below average,3.0,MYLESJMCMANUSMIDDLESCHOOL,300EDGEWOODROADLINDENNJ07036,100.0,96.2962962962963
Gloucester,Deptford Township Public School District,Lake Tract Elementary School,15-1100-105,"690 ISZARD RD, DEPTFORD, NJ, 08096",LAKETRACTELEMENTARYSCHOOL,690ISZARDRDDEPTFORDNJ08096,Lake Tract Elementary School,"690 Iszard Road, Deptford, NJ, 08096",https://www.greatschools.org/new-jersey/deptford-township/401-Lake-Tract-Elementary-School/,Average,5.0,LAKETRACTELEMENTARYSCHOOL,690ISZARDROADDEPTFORDNJ08096,100.0,96.2962962962963
Somerset,Watchung Hills Regional High School District,Watchung Hills Regional High School,35-5550-050,"108 Stirling Rd., Warren, NJ, 07059",WATCHUNGHILLSREGIONALHIGHSCHOOL,108STIRLINGRDWARRENNJ07059,Watchung Hills Regional High School,"108 Stirling Road, Warren, NJ, 07059",https://www.greatschools.org/new-jersey/warren/2120-Watchung-Hills-Reg-High-School/,Average,6.0,WATCHUNGHILLSREGIONALHIGHSCHOOL,108STIRLINGROADWARRENNJ07059,100.0,96.2962962962963
Gloucester,Township of Franklin School District,Main Road School,15-1590-095,"1452 MAIN RD, NEWFIELD, NJ, 08344",MAINROADSCHOOL,1452MAINRDNEWFIELDNJ08344,Main Road School,"1452 Main Road, Newfield, NJ, 08344",https://www.greatschools.org/new-jersey/newfield/611-Main-Road-School/,Average,5.0,MAINROADSCHOOL,1452MAINROADNEWFIELDNJ08344,100.0,96.15384615384616
Morris,Hanover Park Regional High School District,Hanover Park High School,27-1990-050,"63 MT  PLEASANT AVENUE, EAST HANOVER, NJ, 07936",HANOVERPARKHIGHSCHOOL,63MTPLEASANTAVENUEEASTHANOVERNJ07936,Hanover Park High School,"63 Mount Pleasant Avenue, East Hanover, NJ, 07936",https://www.greatschools.org/new-jersey/east-hanover/757-Hanover-Park-High-School/,Above average,8.0,HANOVERPARKHIGHSCHOOL,63MOUNTPLEASANTAVENUEEASTHANOVERNJ07936,100.0,96.0
Bergen,Englewood Cliffs School District,Upper School,03-1380-060,"143 CHARLOTTE PL, ENGLEWOOD CLIFFS, NJ, 07632",UPPERSCHOOL,143CHARLOTTEPLENGLEWOODCLIFFSNJ07632,Upper School,"143 Charlotte Place, Englewood Cliffs, NJ, 07632",https://www.greatschools.org/new-jersey/englewood-cliffs/546-Englewood-Cliffs-Upper-School/,Above average,10.0,UPPERSCHOOL,143CHARLOTTEPLACEENGLEWOODCLIFFSNJ07632,100.0,96.0
Bergen,Woodcliff Lake School District,Woodcliff Middle School,03-5880-050,"134 WOODCLIFF AVE, WOODCLIFF LAKE, NJ, 07677",WOODCLIFFMIDDLESCHOOL,134WOODCLIFFAVEWOODCLIFFLAKENJ07677,Woodcliff Middle School,"134 Woodcliff Avenue, Woodcliff Lake, NJ, 07677",https://www.greatschools.org/new-jersey/woodcliff-lake/2272-Woodcliff-Middle-School/,Above average,8.0,WOODCLIFFMIDDLESCHOOL,134WOODCLIFFAVENUEWOODCLIFFLAKENJ07677,100.0,95.89041095890411
Bergen,Ridgewood Public School District,Ridge Elementary School,03-4390-090,"325 WEST RIDGEWOOD AVE, RIDGEWOOD, NJ, 07450",RIDGEELEMENTARYSCHOOL,325WESTRIDGEWOODAVERIDGEWOODNJ07450,Ridge Elementary School,"325 West Ridgewood Avenue, Ridgewood, NJ, 07450",https://www.greatschools.org/new-jersey/ridgewood/1735-Ridge-Elementary-School/,Above average,8.0,RIDGEELEMENTARYSCHOOL,325WESTRIDGEWOODAVENUERIDGEWOODNJ07450,100.0,95.89041095890411
Atlantic,Greater Egg Harbor Regional High School District,Cedar Creek High School,01-1790-060,"1701 New York Ave., EGG HARBOR CITY, NJ, 08215",CEDARCREEKHIGHSCHOOL,1701NEWYORKAVEEGGHARBORCITYNJ08215,Cedar Creek High School,"1701 New York Avenue, Egg Harbor City, NJ, 08215",https://www.greatschools.org/new-jersey/egg-harbor-city/7086-Cedar-Creek-High-School/,Below average,4.0,CEDARCREEKHIGHSCHOOL,1701NEWYORKAVENUEEGGHARBORCITYNJ08215,100.0,95.77464788732395
Essex,Caldwell-West Caldwell School District,James Caldwell High School,13-0660-050,"265 WESTVILLE AVE, WEST CALDWELL, NJ, 07006",JAMESCALDWELLHIGHSCHOOL,265WESTVILLEAVEWESTCALDWELLNJ07006,James Caldwell High School,"265 Westville Avenue, West Caldwell, NJ, 07006",https://www.greatschools.org/new-jersey/west-caldwell/231-James-Caldwell-High-School/,Average,6.0,JAMESCALDWELLHIGHSCHOOL,265WESTVILLEAVENUEWESTCALDWELLNJ07006,100.0,95.77464788732395
Ocean,Point Pleasant Borough School District,Memorial Middle School,29-4210-050,"LAURA HERBERT DR, POINT PLEASANT, NJ, 08742",MEMORIALMIDDLESCHOOL,LAURAHERBERTDRPOINTPLEASANTNJ08742,Memorial Middle School,"Laura Herbert Drive, Point Pleasant, NJ, 08742",https://www.greatschools.org/new-jersey/point-pleasant/1670-Memorial-Middle-School/,Average,6.0,MEMORIALMIDDLESCHOOL,LAURAHERBERTDRIVEPOINTPLEASANTNJ08742,100.0,95.77464788732395
Passaic,Clifton Public School District,School #14,31-0900-190,"99 ST  ANDREWS BOULEVARD, CLIFTON, NJ, 07012",SCHOOL#14,99STANDREWSBOULEVARDCLIFTONNJ07012,School #14,"99 Saint Andrews Boulevard, Clifton, NJ, 07012",https://www.greatschools.org/new-jersey/clifton/347-Number-14-Elementary-School/,Average,6.0,SCHOOL#14,99SAINTANDREWSBOULEVARDCLIFTONNJ07012,100.0,95.77464788732395
Bergen,Paramus Public School District,Parkway Elementary School,03-3930-100,"145 E. RIDGEWOOD AVENUE, PARAMUS, NJ, 07652",PARKWAYELEMENTARYSCHOOL,145ERIDGEWOODAVENUEPARAMUSNJ07652,Parkway Elementary School,"145 East Ridgewood Avenue, Paramus, NJ, 07652",https://www.greatschools.org/new-jersey/paramus/1495-Parkway-Elementary-School/,Above average,7.0,PARKWAYELEMENTARYSCHOOL,145EASTRIDGEWOODAVENUEPARAMUSNJ07652,100.0,95.65217391304348
Camden,Collingswood Public School District,Collingswood Middle School,07-0940-040,"414 COLLINGS AVE, COLLINGSWOOD, NJ, 08108",COLLINGSWOODMIDDLESCHOOL,414COLLINGSAVECOLLINGSWOODNJ08108,Collingswood Middle School,"414 Collings Avenue, Collingswood, NJ, 08108",https://www.greatschools.org/new-jersey/collingswood/357-Collingswood-Middle-School/,Average,5.0,COLLINGSWOODMIDDLESCHOOL,414COLLINGSAVENUECOLLINGSWOODNJ08108,100.0,95.65217391304348
Middlesex,Old Bridge Township School District,Jonas Salk Middle School,23-3845-110,"155 W GREYSTONE ROAD, OLD BRIDGE, NJ, 08857",JONASSALKMIDDLESCHOOL,155WGREYSTONEROADOLDBRIDGENJ08857,Jonas Salk Middle School,"155 West Greystone Road, Old Bridge, NJ, 08857",https://www.greatschools.org/new-jersey/old-bridge-township/1063-Jonas-Salk-Middle-School/,Average,6.0,JONASSALKMIDDLESCHOOL,155WESTGREYSTONEROADOLDBRIDGENJ08857,100.0,95.65217391304348
Essex,Belleville Public School District,Belleville PS10,13-0250-100,"527 BELLEVILLE AVE, BELLEVILLE, NJ, 07109",BELLEVILLEPS10,527BELLEVILLEAVEBELLEVILLENJ07109,Belleville PS10,"527 Belleville Avenue, Belleville, NJ, 07109",https://www.greatschools.org/new-jersey/belleville/88-Number-10-Elementary-School/,Average,5.0,BELLEVILLEPS10,527BELLEVILLEAVENUEBELLEVILLENJ07109,100.0,95.65217391304348
Cumberland,Vineland Public School District,Solve D'Ippolito Elementary School,11-5390-230,"1578 NORTH VALLEY AVE, VINELAND, NJ, 08360",SOLVED'IPPOLITOELEMENTARYSCHOOL,1578NORTHVALLEYAVEVINELANDNJ08360,Solve d'IPPOLITO Elementary School,"1578 North Valley Avenue, Vineland, NJ, 08360",https://www.greatschools.org/new-jersey/vineland/2064-Dippolito-Intermediate-School/,Average,5.0,SOLVED'IPPOLITOELEMENTARYSCHOOL,1578NORTHVALLEYAVENUEVINELANDNJ08360,100.0,95.65217391304348
Essex,Bloomfield Township School District,Berkeley Elementary School,13-0410-050,"351 Bloomfield Ave, Bloomfield, NJ, 07003",BERKELEYELEMENTARYSCHOOL,351BLOOMFIELDAVEBLOOMFIELDNJ07003,Berkeley Elementary School,"351 Bloomfield Avenue, Bloomfield, NJ, 07003",https://www.greatschools.org/new-jersey/bloomfield/141-Berkeley-Elementary-School/,Average,5.0,BERKELEYELEMENTARYSCHOOL,351BLOOMFIELDAVENUEBLOOMFIELDNJ07003,100.0,95.65217391304348
Essex,Belleville Public School District,Belleville Middle School,13-0250-025,"279 WASHINGTON AVE, BELLEVILLE, NJ, 07109",BELLEVILLEMIDDLESCHOOL,279WASHINGTONAVEBELLEVILLENJ07109,Belleville Middle School,"279 Washington Avenue, Belleville, NJ, 07109",https://www.greatschools.org/new-jersey/belleville/81-Belleville-Middle-School/,Below average,2.0,BELLEVILLEMIDDLESCHOOL,279WASHINGTONAVENUEBELLEVILLENJ07109,100.0,95.65217391304348
Hudson,Jersey City Public Schools,Gladys Nunery School,17-2390-260,"123 CLAREMONT AVE, JERSEY CITY, NJ, 07305",GLADYSNUNERYSCHOOL,123CLAREMONTAVEJERSEYCITYNJ07305,Gladys Nunery School,"123 Claremont Avenue, Jersey City, NJ, 07305",https://www.greatschools.org/new-jersey/jersey-city/895-Number-29-Elementary-School/,Below average,4.0,GLADYSNUNERYSCHOOL,123CLAREMONTAVENUEJERSEYCITYNJ07305,100.0,95.5223880597015
Middlesex,East Brunswick Township School District,East Brunswick High School,23-1170-050,"380 CRANBURY ROAD, E BRUNSWICK, NJ, 08816",EASTBRUNSWICKHIGHSCHOOL,380CRANBURYROADEBRUNSWICKNJ08816,East Brunswick High School,"380 Cranbury Road, East Brunswick, NJ, 08816",https://www.greatschools.org/new-jersey/east-brunswick/423-East-Brunswick-High-School/,Above average,7.0,EASTBRUNSWICKHIGHSCHOOL,380CRANBURYROADEASTBRUNSWICKNJ08816,100.0,95.5223880597015
Union,Springfield Public School District,Jonathan Dayton High School,39-5000-010,"139 Mountain Ave., Springfield, NJ, 07081",JONATHANDAYTONHIGHSCHOOL,139MOUNTAINAVESPRINGFIELDNJ07081,Jonathan Dayton High School,"139 Mountain Avenue, Springfield, NJ, 07081",https://www.greatschools.org/new-jersey/springfield-township/1899-Jonathan-Dayton-High-School/,Average,5.0,JONATHANDAYTONHIGHSCHOOL,139MOUNTAINAVENUESPRINGFIELDNJ07081,100.0,95.5223880597015
Essex,Bloomfield Township School District,Demarest Elementary School,13-0410-100,"465 Broughton Ave, Bloomfield, NJ, 07003",DEMARESTELEMENTARYSCHOOL,465BROUGHTONAVEBLOOMFIELDNJ07003,Demarest Elementary School,"465 Broughton Avenue, Bloomfield, NJ, 07003",https://www.greatschools.org/new-jersey/bloomfield/144-Demarest-Elementary-School/,Average,6.0,DEMARESTELEMENTARYSCHOOL,465BROUGHTONAVENUEBLOOMFIELDNJ07003,100.0,95.5223880597015
Charters,Compass Academy Charter School,Compass Academy Charter School,80-6089-976,"23 West Chestnut Ave, Vineland, NJ, 08360",COMPASSACADEMYCHARTERSCHOOL,23WESTCHESTNUTAVEVINELANDNJ08360,COMPASS ACADEMY CHARTER SCHOOL,"23 West Chestnut Avenue, Vineland, NJ, 08360",https://www.greatschools.org/new-jersey/vineland/8779-COMPASS-ACADEMY-CHARTER-SCHOOL/,Below average,2.0,COMPASSACADEMYCHARTERSCHOOL,23WESTCHESTNUTAVENUEVINELANDNJ08360,100.0,95.5223880597015
Union,Westfield Public School District,Washington Elementary School,39-5730-150,"900 St. Marks Avenue, Westfield, NJ, 07090",WASHINGTONELEMENTARYSCHOOL,900STMARKSAVENUEWESTFIELDNJ07090,Washington Elementary School,"900 Saint Marks Avenue, Westfield, NJ, 07090",https://www.greatschools.org/new-jersey/westfield/2205-Washington-Elementary-School/,Above average,10.0,WASHINGTONELEMENTARYSCHOOL,900SAINTMARKSAVENUEWESTFIELDNJ07090,100.0,95.5223880597015
Burlington,Maple Shade School District,Maple Shade High School,05-3010-030,"180 Frederick Ave, MAPLE SHADE, NJ, 08052",MAPLESHADEHIGHSCHOOL,180FREDERICKAVEMAPLESHADENJ08052,Maple Shade High School,"180 Frederick Avenue, Maple Shade, NJ, 08052",https://www.greatschools.org/new-jersey/maple-shade-township/1105-Maple-Shade-High-School/,Below average,3.0,MAPLESHADEHIGHSCHOOL,180FREDERICKAVENUEMAPLESHADENJ08052,100.0,95.5223880597015
Ocean,Island Heights School District,Island Heights Elementary School,29-2350-050,"115 SUMMIT AVE, ISLAND HEIGHTS, NJ, 08732",ISLANDHEIGHTSELEMENTARYSCHOOL,115SUMMITAVEISLANDHEIGHTSNJ08732,Island Heights Elementary School,"115 Summit Avenue, Island Heights, NJ, 08732",https://www.greatschools.org/new-jersey/island-heights/854-Island-Heights-Elementary-School/,Above average,7.0,ISLANDHEIGHTSELEMENTARYSCHOOL,115SUMMITAVENUEISLANDHEIGHTSNJ08732,100.0,95.5223880597015
Middlesex,Edison Township School District,James Monroe Elementary School,23-1290-093,"7 Sharp Rd, Edison, NJ, 08837",JAMESMONROEELEMENTARYSCHOOL,7SHARPRDEDISONNJ08837,James Monroe Elementary School,"7 Sharp Road, Edison, NJ, 08837",https://www.greatschools.org/new-jersey/edison/486-James-Monroe-Elementary-School/,Average,5.0,JAMESMONROEELEMENTARYSCHOOL,7SHARPROADEDISONNJ08837,100.0,95.45454545454545
Burlington,Delanco Township School District,M. Joan Pearson Elementary School,05-1030-030,"1301 BURLINGTON AVE, DELANCO, NJ, 08075",MJOANPEARSONELEMENTARYSCHOOL,1301BURLINGTONAVEDELANCONJ08075,M. Joan Pearson Elementary School,"1301 Burlington Avenue, Delanco, NJ, 08075",https://www.greatschools.org/new-jersey/delanco/382-M.-Joan-Pearson-Elementary-School/,Below average,3.0,MJOANPEARSONELEMENTARYSCHOOL,1301BURLINGTONAVENUEDELANCONJ08075,100.0,95.38461538461539
Essex,Glen Ridge Public School District,Ridgewood Avenue School,13-1750-075,"235 RIDGEWOOD AVE, GLEN RIDGE, NJ, 07028",RIDGEWOODAVENUESCHOOL,235RIDGEWOODAVEGLENRIDGENJ07028,Ridgewood Avenue School,"235 Ridgewood Avenue, Glen Ridge, NJ, 07028",https://www.greatschools.org/new-jersey/glen-ridge/666-Ridgewood-Avenue-School/,Above average,9.0,RIDGEWOODAVENUESCHOOL,235RIDGEWOODAVENUEGLENRIDGENJ07028,100.0,95.38461538461539
Essex,Glen Ridge Public School District,Glen Ridge High School,13-1750-050,"200 RIDGEWOOD AVE, GLEN RIDGE, NJ, 07028",GLENRIDGEHIGHSCHOOL,200RIDGEWOODAVEGLENRIDGENJ07028,Glen Ridge High School,"200 Ridgewood Avenue, Glen Ridge, NJ, 07028",https://www.greatschools.org/new-jersey/glen-ridge/664-Glen-Ridge-High-School/,Above average,8.0,GLENRIDGEHIGHSCHOOL,200RIDGEWOODAVENUEGLENRIDGENJ07028,100.0,95.38461538461539
Camden,Collingswood Public School District,James A. Garfield Elementary School,07-0940-050,"480 HADDON AVE, COLLINGSWOOD, NJ, 08108",JAMESAGARFIELDELEMENTARYSCHOOL,480HADDONAVECOLLINGSWOODNJ08108,James A. Garfield Elementary School,"480 Haddon Avenue, Collingswood, NJ, 08108",https://www.greatschools.org/new-jersey/collingswood/358-James-A.-Garfield-Elementary-School/,Above average,9.0,JAMESAGARFIELDELEMENTARYSCHOOL,480HADDONAVENUECOLLINGSWOODNJ08108,100.0,95.38461538461539
Ocean,Lavallette Borough School District,Lavallette Elementary School,29-2550-050,"105 Brooklyn Ave., Lavallette, NJ, 08735",LAVALLETTEELEMENTARYSCHOOL,105BROOKLYNAVELAVALLETTENJ08735,Lavallette Elementary School,"105 Brooklyn Avenue, Lavallette, NJ, 08735",https://www.greatschools.org/new-jersey/lavallette/951-Lavallette-Elementary-School/,Average,6.0,LAVALLETTEELEMENTARYSCHOOL,105BROOKLYNAVENUELAVALLETTENJ08735,100.0,95.38461538461539
Bergen,Ridgefield School District,Slocum Skewes School,03-4370-100,"650 PROSPECT AVE, RIDGEFIELD, NJ, 07657",SLOCUMSKEWESSCHOOL,650PROSPECTAVERIDGEFIELDNJ07657,Slocum Skewes School,"650 Prospect Avenue, Ridgefield, NJ, 07657",https://www.greatschools.org/new-jersey/ridgefield/1725-Slocum--Skewes-School/,Average,6.0,SLOCUMSKEWESSCHOOL,650PROSPECTAVENUERIDGEFIELDNJ07657,100.0,95.38461538461539
Middlesex,Carteret Public School District,Carteret Junior High School,23-0750-300,"195 Washington Ave, Carteret, NJ, 07008",CARTERETJUNIORHIGHSCHOOL,195WASHINGTONAVECARTERETNJ07008,Carteret Junior High School,"195 Washington Avenue, Carteret, NJ, 07008",https://www.greatschools.org/new-jersey/carteret/9244-Carteret-Junior-High-School/,Average,5.0,CARTERETJUNIORHIGHSCHOOL,195WASHINGTONAVENUECARTERETNJ07008,100.0,95.38461538461539
Middlesex,East Brunswick Township School District,Chittick Elementary School,23-1170-125,"5 FLAGLER STREET, E BRUNSWICK, NJ, 08816",CHITTICKELEMENTARYSCHOOL,5FLAGLERSTREETEBRUNSWICKNJ08816,Chittick Elementary School,"5 Flagler Street, East Brunswick, NJ, 08816",https://www.greatschools.org/new-jersey/east-brunswick/430-Chittick-Elementary-School/,Average,6.0,CHITTICKELEMENTARYSCHOOL,5FLAGLERSTREETEASTBRUNSWICKNJ08816,100.0,95.38461538461539
Hudson,Jersey City Public Schools,Chaplain Charles Watters School,17-2390-220,"220 VIRGINIA AVE, JERSEY CITY, NJ, 07304",CHAPLAINCHARLESWATTERSSCHOOL,220VIRGINIAAVEJERSEYCITYNJ07304,Chaplain Charles Watters School,"220 Virginia Avenue, Jersey City, NJ, 07304",https://www.greatschools.org/new-jersey/jersey-city/891-Chaplain-Charles-Watters-School/,Below average,1.0,CHAPLAINCHARLESWATTERSSCHOOL,220VIRGINIAAVENUEJERSEYCITYNJ07304,100.0,95.38461538461539
Essex,Livingston Board of Education School District,Riker Hill Elementary School,13-2730-118,"31 BLACKSTONE DR, LIVINGSTON, NJ, 07039",RIKERHILLELEMENTARYSCHOOL,31BLACKSTONEDRLIVINGSTONNJ07039,Riker Hill Elementary School,"31 Blackstone Drive, Livingston, NJ, 07039",https://www.greatschools.org/new-jersey/livingston/1004-Riker-Hill-Elementary-School/,Above average,8.0,RIKERHILLELEMENTARYSCHOOL,31BLACKSTONEDRIVELIVINGSTONNJ07039,100.0,95.38461538461539
Union,New Providence School District,New Providence High School,39-3560-050,"35 PIONEER DR, NEW PROVIDENCE, NJ, 07974",NEWPROVIDENCEHIGHSCHOOL,35PIONEERDRNEWPROVIDENCENJ07974,New Providence High School,"35 Pioneer Drive, New Providence, NJ, 07974",https://www.greatschools.org/new-jersey/new-providence/1310-New-Providence-High-School/,Above average,7.0,NEWPROVIDENCEHIGHSCHOOL,35PIONEERDRIVENEWPROVIDENCENJ07974,100.0,95.38461538461539
Union,Plainfield Public School District,Cedarbrook Elementary School,39-4160-100,"1049 CENTRAL AVE, PLAINFIELD, NJ, 07060",CEDARBROOKELEMENTARYSCHOOL,1049CENTRALAVEPLAINFIELDNJ07060,Cedarbrook Elementary School,"1049 Central Avenue, Plainfield, NJ, 07060",https://www.greatschools.org/new-jersey/plainfield/1650-Cedarbrook-Elementary-School/,Below average,3.0,CEDARBROOKELEMENTARYSCHOOL,1049CENTRALAVENUEPLAINFIELDNJ07060,100.0,95.38461538461539
Atlantic,Ventnor City School District,Ventnor Middle School,01-5350-040,"VENTNOR EDUCATIONAL COMMUNITY, VENTNOR, NJ, 08406",VENTNORMIDDLESCHOOL,VENTNOREDUCATIONALCOMMUNITYVENTNORNJ08406,Ventnor Middle School,"VENTNOR EDUCATIONAL COMMUNITY, Ventnor City, NJ, 08406",https://www.greatschools.org/new-jersey/ventnor-city/2035-Ventnor-Middle-School/,Above average,7.0,VENTNORMIDDLESCHOOL,VENTNOREDUCATIONALCOMMUNITYVENTNORCITYNJ08406,100.0,95.34883720930233
Charters,The Barack Obama Green Charter High School District,The Barack Obama Green Charter High School,80-6033-902,"35 Watchung ave, Plainfield, NJ, 07060",THEBARACKOBAMAGREENCHARTERHIGHSCHOOL,35WATCHUNGAVEPLAINFIELDNJ07060,The Barack Obama Green Charter High School,"35 Watchung Avenue, Plainfield, NJ, 07060",https://www.greatschools.org/new-jersey/plainfield/7101-The-Barack-Obama-Green-Charter-High-School/,Below average,2.0,THEBARACKOBAMAGREENCHARTERHIGHSCHOOL,35WATCHUNGAVENUEPLAINFIELDNJ07060,100.0,95.23809523809524
Charters,Pride Academy Charter School District,Pride Academy Charter School,80-6020-985,"117 ELMWOOD AVE, EAST ORANGE, NJ, 07018",PRIDEACADEMYCHARTERSCHOOL,117ELMWOODAVEEASTORANGENJ07018,Pride Academy Charter School,"117 Elmwood Avenue, East Orange, NJ, 07018",https://www.greatschools.org/new-jersey/east-orange/7059-Pride-Academy-Charter-School/,Above average,8.0,PRIDEACADEMYCHARTERSCHOOL,117ELMWOODAVENUEEASTORANGENJ07018,100.0,95.23809523809524
Essex,West Orange Public Schools,West Orange High School,13-5680-050,"51 CONFORTI AVE, WEST ORANGE, NJ, 07052",WESTORANGEHIGHSCHOOL,51CONFORTIAVEWESTORANGENJ07052,West Orange High School,"51 Conforti Avenue, West Orange, NJ, 07052",https://www.greatschools.org/new-jersey/west-orange/2176-West-Orange-High-School/,Below average,4.0,WESTORANGEHIGHSCHOOL,51CONFORTIAVENUEWESTORANGENJ07052,100.0,95.23809523809524
Middlesex,East Brunswick Township School District,Bowne-Munro Elementary School,23-1170-060,"120 MAIN STREET, E BRUNSWICK, NJ, 08816",BOWNEMUNROELEMENTARYSCHOOL,120MAINSTREETEBRUNSWICKNJ08816,Bowne-Munro Elementary School,"120 Main Street, East Brunswick, NJ, 08816",https://www.greatschools.org/new-jersey/east-brunswick/426-Bowne-Munro-Elementary-School/,Above average,8.0,BOWNEMUNROELEMENTARYSCHOOL,120MAINSTREETEASTBRUNSWICKNJ08816,100.0,95.23809523809524
Hudson,Jersey City Public Schools,Lincoln High School,17-2390-070,"60 CRESCENT AVE, JERSEY CITY, NJ, 07304",LINCOLNHIGHSCHOOL,60CRESCENTAVEJERSEYCITYNJ07304,Lincoln High School,"60 Crescent Avenue, Jersey City, NJ, 07304",https://www.greatschools.org/new-jersey/jersey-city/877-Lincoln-High-School/,Below average,1.0,LINCOLNHIGHSCHOOL,60CRESCENTAVENUEJERSEYCITYNJ07304,100.0,95.23809523809524
Essex,East Orange School District,Dionne Warwick Institute,13-1210-110,"120 CENTRAL AVE, EAST ORANGE, NJ, 07018",DIONNEWARWICKINSTITUTE,120CENTRALAVEEASTORANGENJ07018,Dionne Warwick Institute,"120 Central Avenue, East Orange, NJ, 07018",https://www.greatschools.org/new-jersey/east-orange/448-Dionne-Warwick-Institute/,Average,5.0,DIONNEWARWICKINSTITUTE,120CENTRALAVENUEEASTORANGENJ07018,100.0,95.23809523809524
Hudson,Jersey City Public Schools,Mahatma K. Gandhi School,17-2390-210,"143 ROMAINE AVE, JERSEY CITY, NJ, 07306",MAHATMAKGANDHISCHOOL,143ROMAINEAVEJERSEYCITYNJ07306,Mahatma K. Gandhi School,"143 Romaine Avenue, Jersey City, NJ, 07306",https://www.greatschools.org/new-jersey/jersey-city/890-Number-23-Elementary-School/,Below average,2.0,MAHATMAKGANDHISCHOOL,143ROMAINEAVENUEJERSEYCITYNJ07306,100.0,95.23809523809524
Hudson,Jersey City Public Schools,"Patricia M. Noonan School, PS #26",17-2390-302,"164 Laidlaw Ave, Jersey City, NJ, 07306",PATRICIAMNOONANSCHOOLPS#26,164LAIDLAWAVEJERSEYCITYNJ07306,Patricia M. Noonan School Ps #26,"164 Laidlaw Avenue, Jersey City, NJ, 07306",https://www.greatschools.org/new-jersey/jersey-city/8898-Patricia-M.-Noonan-School-PS-26/,Below average,3.0,PATRICIAMNOONANSCHOOLPS#26,164LAIDLAWAVENUEJERSEYCITYNJ07306,100.0,95.23809523809524
Bergen,Palisades Park School District,Lindbergh Elementary School,03-3910-070,"401 GLEN AVE, PALISADES PARK, NJ, 07650",LINDBERGHELEMENTARYSCHOOL,401GLENAVEPALISADESPARKNJ07650,Lindbergh Elementary School,"401 Glen Avenue, Palisades Park, NJ, 07650",https://www.greatschools.org/new-jersey/palisades-park/1487-Lindbergh-Elementary-School/,Below average,4.0,LINDBERGHELEMENTARYSCHOOL,401GLENAVENUEPALISADESPARKNJ07650,100.0,95.23809523809524
Essex,Irvington Public School District,Irvington High School,13-2330-050,"1253      CLINTON AVE, IRVINGTON, NJ, 07111",IRVINGTONHIGHSCHOOL,1253CLINTONAVEIRVINGTONNJ07111,Irvington High School,"1253 Clinton Avenue, Irvington, NJ, 07111",https://www.greatschools.org/new-jersey/irvington/844-Irvington-High-School/,Below average,1.0,IRVINGTONHIGHSCHOOL,1253CLINTONAVENUEIRVINGTONNJ07111,100.0,95.23809523809524
Middlesex,East Brunswick Township School District,Lawrence Brook Elementary School,23-1170-100,"48 SULLIVAN WAY, E BRUNSWICK, NJ, 08816",LAWRENCEBROOKELEMENTARYSCHOOL,48SULLIVANWAYEBRUNSWICKNJ08816,Lawrence Brook Elementary School,"48 Sullivan Way, East Brunswick, NJ, 08816",https://www.greatschools.org/new-jersey/east-brunswick/428-Lawrence-Brook-Elementary-School/,Above average,9.0,LAWRENCEBROOKELEMENTARYSCHOOL,48SULLIVANWAYEASTBRUNSWICKNJ08816,100.0,95.23809523809524
Essex,Livingston Board of Education School District,Mount Pleasant Elementary School,13-2730-110,"11 BROADLAWN DR, LIVINGSTON, NJ, 07039",MOUNTPLEASANTELEMENTARYSCHOOL,11BROADLAWNDRLIVINGSTONNJ07039,Mount Pleasant Elementary School,"11 Broadlawn Drive, Livingston, NJ, 07039",https://www.greatschools.org/new-jersey/livingston/1003-Mount-Pleasant-Elementary-School/,Above average,9.0,MOUNTPLEASANTELEMENTARYSCHOOL,11BROADLAWNDRIVELIVINGSTONNJ07039,100.0,95.23809523809524
Hudson,Jersey City Public Schools,Christa McAuliffe School,17-2390-250,"167 HANCOCK AVE, JERSEY CITY, NJ, 07307",CHRISTAMCAULIFFESCHOOL,167HANCOCKAVEJERSEYCITYNJ07307,Christa McAuliffe School,"167 Hancock Avenue, Jersey City, NJ, 07307",https://www.greatschools.org/new-jersey/jersey-city/894-Number-28-Elementary-School/,Average,6.0,CHRISTAMCAULIFFESCHOOL,167HANCOCKAVENUEJERSEYCITYNJ07307,100.0,95.23809523809524
Bergen,Northern Highlands Regional High School District,Northern Highlands Regional High School,03-3700-050,"298 HILLSIDE AVE, ALLENDALE, NJ, 07401",NORTHERNHIGHLANDSREGIONALHIGHSCHOOL,298HILLSIDEAVEALLENDALENJ07401,Northern Highlands Regional High School,"298 Hillside Avenue, Allendale, NJ, 07401",https://www.greatschools.org/new-jersey/allendale/1429-Northern-Highlands-Reg-High-School/,Above average,9.0,NORTHERNHIGHLANDSREGIONALHIGHSCHOOL,298HILLSIDEAVENUEALLENDALENJ07401,100.0,95.23809523809524
Charters,College Achieve Central Charter School,College Achieve Central Charter School,80-6101-992,"365 Emerson Ave, Plainfield, NJ, 07062",COLLEGEACHIEVECENTRALCHARTERSCHOOL,365EMERSONAVEPLAINFIELDNJ07062,College Achieve Central Charter School,"365 Emerson Avenue, Plainfield, NJ, 07062",https://www.greatschools.org/new-jersey/plainfield/8825-College-Achieve-Central-Charter-School/,Average,5.0,COLLEGEACHIEVECENTRALCHARTERSCHOOL,365EMERSONAVENUEPLAINFIELDNJ07062,100.0,95.23809523809524
Union,Plainfield Public School District,Emerson Elementary School,39-4160-130,"305 EMERSON AVE, PLAINFIELD, NJ, 07062",EMERSONELEMENTARYSCHOOL,305EMERSONAVEPLAINFIELDNJ07062,Emerson Elementary School,"305 Emerson Avenue, Plainfield, NJ, 07062",https://www.greatschools.org/new-jersey/plainfield/1653-Emerson-Elementary-School/,Below average,4.0,EMERSONELEMENTARYSCHOOL,305EMERSONAVENUEPLAINFIELDNJ07062,100.0,95.23809523809524
Bergen,River Vale Public School District,Roberge Elementary School,03-4430-060,"617 WESTWOOD AVE, RIVER VALE, NJ, 07675",ROBERGEELEMENTARYSCHOOL,617WESTWOODAVERIVERVALENJ07675,Roberge Elementary School,"617 Westwood Avenue, River Vale, NJ, 07675",https://www.greatschools.org/new-jersey/river-vale/1747-Roberge-Elementary-School/,Above average,8.0,ROBERGEELEMENTARYSCHOOL,617WESTWOODAVENUERIVERVALENJ07675,100.0,95.23809523809524
Bergen,Garfield Public School District,Garfield High School,03-1700-050,"500 PALISADE AVE, GARFIELD, NJ, 07026",GARFIELDHIGHSCHOOL,500PALISADEAVEGARFIELDNJ07026,Garfield High School,"500 Palisade Avenue, Garfield, NJ, 07026",https://www.greatschools.org/new-jersey/garfield/648-Garfield-High-School/,Below average,3.0,GARFIELDHIGHSCHOOL,500PALISADEAVENUEGARFIELDNJ07026,100.0,95.08196721311475
Essex,Belleville Public School District,Belleville PS7,13-0250-070,"20 PASSAIC AVE, BELLEVILLE, NJ, 07109",BELLEVILLEPS7,20PASSAICAVEBELLEVILLENJ07109,Belleville PS7,"20 Passaic Avenue, Belleville, NJ, 07109",https://www.greatschools.org/new-jersey/belleville/85-Number-7-Elementary-School/,Below average,3.0,BELLEVILLEPS7,20PASSAICAVENUEBELLEVILLENJ07109,100.0,95.08196721311475
Essex,Newark Public School District,Weequahic High School,13-3570-070,"279 CHANCELLOR AVE, NEWARK, NJ, 07112",WEEQUAHICHIGHSCHOOL,279CHANCELLORAVENEWARKNJ07112,Weequahic High School,"279 Chancellor Avenue, Newark, NJ, 07112",https://www.greatschools.org/new-jersey/newark/1324-Weequahic-High-School/,Below average,1.0,WEEQUAHICHIGHSCHOOL,279CHANCELLORAVENUENEWARKNJ07112,100.0,95.08196721311475
Somerset,Bound Brook School District,Smalley Elementary School,35-0490-303,"163 Cherry Ave, Bound Brook, NJ, 08805",SMALLEYELEMENTARYSCHOOL,163CHERRYAVEBOUNDBROOKNJ08805,Smalley Elementary School,"163 Cherry Avenue, Bound Brook, NJ, 08805",https://www.greatschools.org/new-jersey/bound-brook/8839-Smalley-Elementary-School/,Below average,3.0,SMALLEYELEMENTARYSCHOOL,163CHERRYAVENUEBOUNDBROOKNJ08805,100.0,95.08196721311475
Bergen,Fort Lee School District,School No. 4,03-1550-090,"1193 ANDERSON AVE, FORT LEE, NJ, 07024",SCHOOLNO4,1193ANDERSONAVEFORTLEENJ07024,School No. 4,"1193 Anderson Avenue, Fort Lee, NJ, 07024",https://www.greatschools.org/new-jersey/fort-lee/602-Number-4-Elementary-School/,Average,6.0,SCHOOLNO4,1193ANDERSONAVENUEFORTLEENJ07024,100.0,95.08196721311475
Hudson,Union City School District,Union Hill Middle School,17-5240-150,"3800 HUDSON AVE, UNION CITY, NJ, 07087",UNIONHILLMIDDLESCHOOL,3800HUDSONAVEUNIONCITYNJ07087,Union Hill Middle School,"3800 Hudson Avenue, Union City, NJ, 07087",https://www.greatschools.org/new-jersey/union-city/7045-Union-Hill-Middle-School/,Above average,7.0,UNIONHILLMIDDLESCHOOL,3800HUDSONAVENUEUNIONCITYNJ07087,100.0,95.08196721311475
Union,Hillside Public School District,Walter O. Krumbiegel Middle School,39-2190-085,"145 HILLSIDE AVE, HILLSIDE, NJ, 07205",WALTEROKRUMBIEGELMIDDLESCHOOL,145HILLSIDEAVEHILLSIDENJ07205,Walter O. Krumbiegel Middle School,"145 Hillside Avenue, Hillside, NJ, 07205",https://www.greatschools.org/new-jersey/hillside/802-Walter-O.-Krumbiegel-Elementary-School/,Below average,2.0,WALTEROKRUMBIEGELMIDDLESCHOOL,145HILLSIDEAVENUEHILLSIDENJ07205,100.0,95.08196721311475
Bergen,Wyckoff Township Public School District,Calvin Coolidge Elementary School,03-5920-020,"420 GRANDVIEW AVE, WYCKOFF, NJ, 07481",CALVINCOOLIDGEELEMENTARYSCHOOL,420GRANDVIEWAVEWYCKOFFNJ07481,Calvin Coolidge Elementary School,"420 Grandview Avenue, Wyckoff, NJ, 07481",https://www.greatschools.org/new-jersey/wyckoff/2282-Calvin-Coolidge-Elementary-School/,Above average,8.0,CALVINCOOLIDGEELEMENTARYSCHOOL,420GRANDVIEWAVENUEWYCKOFFNJ07481,100.0,95.08196721311475
Cape May,Wildwood City School District,Wildwood High School,09-5790-050,"4300 PACIFIC AVE, WILDWOOD, NJ, 08260",WILDWOODHIGHSCHOOL,4300PACIFICAVEWILDWOODNJ08260,Wildwood High School,"4300 Pacific Avenue, Wildwood, NJ, 08260",https://www.greatschools.org/new-jersey/wildwood/2219-Wildwood-High-School/,Below average,2.0,WILDWOODHIGHSCHOOL,4300PACIFICAVENUEWILDWOODNJ08260,100.0,95.08196721311475
Middlesex,Old Bridge Township School District,Southwood Elementary School,23-3845-150,"64 SOUTHWOOD DR, OLD BRIDGE, NJ, 08857",SOUTHWOODELEMENTARYSCHOOL,64SOUTHWOODDROLDBRIDGENJ08857,Southwood Elementary School,"64 Southwood Drive, Old Bridge, NJ, 08857",https://www.greatschools.org/new-jersey/old-bridge-township/1069-Southwood-Elementary-School/,Average,6.0,SOUTHWOODELEMENTARYSCHOOL,64SOUTHWOODDRIVEOLDBRIDGENJ08857,100.0,95.08196721311475
Morris,Rockaway Township School District,Catherine A Dwyer Elementary School,27-4490-019,"665 MT  HOPE AVENUE, WHARTON, NJ, 07885",CATHERINEADWYERELEMENTARYSCHOOL,665MTHOPEAVENUEWHARTONNJ07885,Catherine A. Dwyer Elementary School,"665 Mount Hope Avenue, Wharton, NJ, 07885",https://www.greatschools.org/new-jersey/wharton/1759-Catherine-A.-Dwyer-Elementary-School/,Above average,7.0,CATHERINEADWYERELEMENTARYSCHOOL,665MOUNTHOPEAVENUEWHARTONNJ07885,100.0,95.08196721311475
Bergen,Cliffside Park School District,School #5,03-0890-070,"214 DAY AVE, CLIFFSIDE PARK, NJ, 07010",SCHOOL#5,214DAYAVECLIFFSIDEPARKNJ07010,School #5,"214 Day Avenue, Cliffside Park, NJ, 07010",https://www.greatschools.org/new-jersey/cliffside-park/332-Number-5-Elementary-School/,Above average,7.0,SCHOOL#5,214DAYAVENUECLIFFSIDEPARKNJ07010,100.0,95.08196721311475
Hudson,Jersey City Public Schools,William L Dickinson High School,17-2390-080,"2 PALISADE AVE, JERSEY CITY, NJ, 07306",WILLIAMLDICKINSONHIGHSCHOOL,2PALISADEAVEJERSEYCITYNJ07306,William L. Dickinson High School,"2 Palisade Avenue, Jersey City, NJ, 07306",https://www.greatschools.org/new-jersey/jersey-city/879-William-L.-Dickinson-High-School/,Below average,2.0,WILLIAMLDICKINSONHIGHSCHOOL,2PALISADEAVENUEJERSEYCITYNJ07306,100.0,95.08196721311475
Passaic,Paterson Public School District,School 27,31-4010-300,"250 RICHMOND AVE, PATERSON, NJ, 07502",SCHOOL27,250RICHMONDAVEPATERSONNJ07502,School 27,"250 Richmond Avenue, Paterson, NJ, 07502",https://www.greatschools.org/new-jersey/paterson/1563-Number-27-Elementary-School/,Below average,3.0,SCHOOL27,250RICHMONDAVENUEPATERSONNJ07502,100.0,95.08196721311475
Essex,Livingston Board of Education School District,Heritage Middle School,13-2730-055,"20 FOXCROFT DR, LIVINGSTON, NJ, 07039",HERITAGEMIDDLESCHOOL,20FOXCROFTDRLIVINGSTONNJ07039,Heritage Middle School,"20 Foxcroft Drive, Livingston, NJ, 07039",https://www.greatschools.org/new-jersey/livingston/998-Heritage-Middle-School/,Above average,8.0,HERITAGEMIDDLESCHOOL,20FOXCROFTDRIVELIVINGSTONNJ07039,100.0,95.08196721311475
Camden,Cherry Hill School District,Richard Stockton Elementary School,07-0800-113,"200 Wexford Dr., CHERRY HILL, NJ, 08003",RICHARDSTOCKTONELEMENTARYSCHOOL,200WEXFORDDRCHERRYHILLNJ08003,Richard Stockton Elementary School,"200 Wexford Drive, Cherry Hill, NJ, 08003",https://www.greatschools.org/new-jersey/cherry-hill/307-Richard-Stockton-Elementary-School/,Average,6.0,RICHARDSTOCKTONELEMENTARYSCHOOL,200WEXFORDDRIVECHERRYHILLNJ08003,100.0,95.08196721311475
Hudson,West New York Board of Education,Memorial High School,17-5670-050,"5501 PARK AVE, WEST NEW YORK, NJ, 07093",MEMORIALHIGHSCHOOL,5501PARKAVEWESTNEWYORKNJ07093,Memorial High School,"5501 Park Avenue, West New York, NJ, 07093",https://www.greatschools.org/new-jersey/west-new-york/2168-Memorial-High-School/,Below average,3.0,MEMORIALHIGHSCHOOL,5501PARKAVENUEWESTNEWYORKNJ07093,100.0,95.08196721311475
Union,Hillside Public School District,Hillside High School,39-2190-050,"1085 LIBERTY AVE, HILLSIDE, NJ, 07205",HILLSIDEHIGHSCHOOL,1085LIBERTYAVEHILLSIDENJ07205,Hillside High School,"1085 Liberty Avenue, Hillside, NJ, 07205",https://www.greatschools.org/new-jersey/hillside/799-Hillside-High-School/,Below average,2.0,HILLSIDEHIGHSCHOOL,1085LIBERTYAVENUEHILLSIDENJ07205,100.0,95.08196721311475
Hudson,Union City School District,Robert Waters Elementary School,17-5240-130,"2800 SUMMIT AVE, UNION CITY, NJ, 07087",ROBERTWATERSELEMENTARYSCHOOL,2800SUMMITAVEUNIONCITYNJ07087,Robert Waters Elementary School,"2800 Summit Avenue, Union City, NJ, 07087",https://www.greatschools.org/new-jersey/union-city/2002-Robert-Waters-Elementary-School/,Below average,4.0,ROBERTWATERSELEMENTARYSCHOOL,2800SUMMITAVENUEUNIONCITYNJ07087,100.0,95.08196721311475
Essex,Verona Public School District,Henry B. Whitehorne Middle School,13-5370-095,"600 BLOOMFIELD AVE, VERONA, NJ, 07044",HENRYBWHITEHORNEMIDDLESCHOOL,600BLOOMFIELDAVEVERONANJ07044,Henry B Whitehorne Middle School,"600 Bloomfield Avenue, Verona, NJ, 07044",https://www.greatschools.org/new-jersey/verona/2046-Henry-B-Whitehorne-Middle-School/,Above average,8.0,HENRYBWHITEHORNEMIDDLESCHOOL,600BLOOMFIELDAVENUEVERONANJ07044,100.0,95.08196721311475
Monmouth,Spring Lake Borough,H W Mountz Elementary School,25-4980-050,"411 Tuttle Ave, Spring Lake, NJ, 07762",HWMOUNTZELEMENTARYSCHOOL,411TUTTLEAVESPRINGLAKENJ07762,H W Mountz Elementary School,"411 Tuttle Avenue, Spring Lake, NJ, 07762",https://www.greatschools.org/new-jersey/spring-lake/1897-H-W-Mountz-Elementary-School/,Above average,8.0,HWMOUNTZELEMENTARYSCHOOL,411TUTTLEAVENUESPRINGLAKENJ07762,100.0,95.08196721311475
Burlington,Burlington City Public School District,Burlington City High School,05-0600-020,"100 Blue Devil WAy, BURLINGTON, NJ, 08016",BURLINGTONCITYHIGHSCHOOL,100BLUEDEVILWAYBURLINGTONNJ08016,Burlington City High School,"100 Blue Devil, Burlington, NJ, 08016",https://www.greatschools.org/new-jersey/burlington/212-Burlington-City-High-School/,Below average,3.0,BURLINGTONCITYHIGHSCHOOL,100BLUEDEVILBURLINGTONNJ08016,100.0,95.08196721311475
Union,Roselle Public Schools,Grace Wilday Junior High School,39-4540-060,"400 BROOKLAWN AVE, ROSELLE, NJ, 07203",GRACEWILDAYJUNIORHIGHSCHOOL,400BROOKLAWNAVEROSELLENJ07203,Grace Wilday Junior High School,"400 Brooklawn Avenue, Roselle, NJ, 07203",https://www.greatschools.org/new-jersey/roselle/1770-Wilday-Middle-School/,Average,5.0,GRACEWILDAYJUNIORHIGHSCHOOL,400BROOKLAWNAVENUEROSELLENJ07203,100.0,95.08196721311475
Bergen,Dumont Public School District,Dumont High School,03-1130-040,"101 NEW MILFORD AVE, DUMONT, NJ, 07628",DUMONTHIGHSCHOOL,101NEWMILFORDAVEDUMONTNJ07628,Dumont High School,"101 New Milford Avenue, Dumont, NJ, 07628",https://www.greatschools.org/new-jersey/dumont/413-Dumont-High-School/,Average,6.0,DUMONTHIGHSCHOOL,101NEWMILFORDAVENUEDUMONTNJ07628,100.0,95.08196721311475
Morris,Denville Township K-8 School District,Riverview Elementary School,27-1090-070,"33 ST  MARYS PLACE, DENVILLE, NJ, 07834",RIVERVIEWELEMENTARYSCHOOL,33STMARYSPLACEDENVILLENJ07834,Riverview Elementary School,"33 Saint Marys Place, Denville, NJ, 07834",https://www.greatschools.org/new-jersey/denville/395-Riverview-Elementary-School/,Above average,8.0,RIVERVIEWELEMENTARYSCHOOL,33SAINTMARYSPLACEDENVILLENJ07834,100.0,95.08196721311475
Union,Plainfield Public School District,Frederic W. Cook Elementary School,39-4160-120,"739 LELAND AVE, PLAINFIELD, NJ, 07062",FREDERICWCOOKELEMENTARYSCHOOL,739LELANDAVEPLAINFIELDNJ07062,Frederic W. Cook Elementary School,"739 Leland Avenue, Plainfield, NJ, 07062",https://www.greatschools.org/new-jersey/plainfield/1652-Frederic-W.-Cook-Elementary-School/,Average,6.0,FREDERICWCOOKELEMENTARYSCHOOL,739LELANDAVENUEPLAINFIELDNJ07062,100.0,95.08196721311475
Essex,Belleville Public School District,Belleville PS8,13-0250-080,"183 UNION AVE, BELLEVILLE, NJ, 07109",BELLEVILLEPS8,183UNIONAVEBELLEVILLENJ07109,Belleville PS8,"183 Union Avenue, Belleville, NJ, 07109",https://www.greatschools.org/new-jersey/belleville/86-Number-8-Elementary-School/,Below average,2.0,BELLEVILLEPS8,183UNIONAVENUEBELLEVILLENJ07109,100.0,94.91525423728814
Middlesex,East Brunswick Township School District,Hammarskjold Middle School,23-1170-056,"200 RUES LANE, E BRUNSWICK, NJ, 08816",HAMMARSKJOLDMIDDLESCHOOL,200RUESLANEEBRUNSWICKNJ08816,Hammarskjold Middle School,"200 Rues Lane, East Brunswick, NJ, 08816",https://www.greatschools.org/new-jersey/east-brunswick/425-Hammarskjold-Middle-School/,Above average,7.0,HAMMARSKJOLDMIDDLESCHOOL,200RUESLANEEASTBRUNSWICKNJ08816,100.0,94.91525423728814
Essex,Irvington Public School District,University Middle School,13-2330-135,"255 MYRTLE AVE, IRVINGTON, NJ, 07111",UNIVERSITYMIDDLESCHOOL,255MYRTLEAVEIRVINGTONNJ07111,University Middle School,"255 Myrtle Avenue, Irvington, NJ, 07111",https://www.greatschools.org/new-jersey/irvington/851-University-Middle-School/,Below average,2.0,UNIVERSITYMIDDLESCHOOL,255MYRTLEAVENUEIRVINGTONNJ07111,100.0,94.91525423728814
Bergen,Rutherford School District,Union School,03-4600-100,"359 UNION AVE, RUTHERFORD, NJ, 07070",UNIONSCHOOL,359UNIONAVERUTHERFORDNJ07070,Union School,"359 Union Avenue, Rutherford, NJ, 07070",https://www.greatschools.org/new-jersey/rutherford/1793-Union-Elementary-School/,Average,6.0,UNIONSCHOOL,359UNIONAVENUERUTHERFORDNJ07070,100.0,94.91525423728814
Essex,South Orange-Maplewood School District,Tuscan Elementary School,13-4900-150,"25 HARVARD AVE, MAPLEWOOD, NJ, 07040",TUSCANELEMENTARYSCHOOL,25HARVARDAVEMAPLEWOODNJ07040,Tuscan Elementary School,"25 Harvard Avenue, Maplewood, NJ, 07040",https://www.greatschools.org/new-jersey/maplewood/1871-Tuscan-Elementary-School/,Average,6.0,TUSCANELEMENTARYSCHOOL,25HARVARDAVENUEMAPLEWOODNJ07040,100.0,94.91525423728814
Bergen,Park Ridge School District,East Brook Elementary School,03-3940-060,"167 SIBBALD DR, PARK RIDGE, NJ, 07656",EASTBROOKELEMENTARYSCHOOL,167SIBBALDDRPARKRIDGENJ07656,East Brook Elementary School,"167 Sibbald Drive, Park Ridge, NJ, 07656",https://www.greatschools.org/new-jersey/park-ridge/1499-East-Brook-Elementary-School/,Above average,7.0,EASTBROOKELEMENTARYSCHOOL,167SIBBALDDRIVEPARKRIDGENJ07656,100.0,94.91525423728814
Bergen,Rutherford School District,Rutherford High School,03-4600-050,"56 ELLIOTT PL, RUTHERFORD, NJ, 07070",RUTHERFORDHIGHSCHOOL,56ELLIOTTPLRUTHERFORDNJ07070,Rutherford High School,"56 Elliott Place, Rutherford, NJ, 07070",https://www.greatschools.org/new-jersey/rutherford/1789-Rutherford-High-School/,Average,5.0,RUTHERFORDHIGHSCHOOL,56ELLIOTTPLACERUTHERFORDNJ07070,100.0,94.91525423728814
Bergen,Wyckoff Township Public School District,George Washington Elementary School,03-5920-030,"270 WOODLAND AVE, WYCKOFF, NJ, 07481",GEORGEWASHINGTONELEMENTARYSCHOOL,270WOODLANDAVEWYCKOFFNJ07481,George Washington Elementary School,"270 Woodland Avenue, Wyckoff, NJ, 07481",https://www.greatschools.org/new-jersey/wyckoff/2284-George-Washington-Elementary-School/,Above average,7.0,GEORGEWASHINGTONELEMENTARYSCHOOL,270WOODLANDAVENUEWYCKOFFNJ07481,100.0,94.91525423728814
Middlesex,Perth Amboy Public School District,Perth Amboy High School,23-4090-050,"300 EAGLE AVE, PERTH AMBOY, NJ, 08861",PERTHAMBOYHIGHSCHOOL,300EAGLEAVEPERTHAMBOYNJ08861,Perth Amboy High School,"300 Eagle Avenue, Perth Amboy, NJ, 08861",https://www.greatschools.org/new-jersey/perth-amboy/1609-Perth-Amboy-High-School/,Below average,2.0,PERTHAMBOYHIGHSCHOOL,300EAGLEAVENUEPERTHAMBOYNJ08861,100.0,94.91525423728814
Charters,Burch Charter School of Excellence,Burch Charter School of Excellence,80-6022-990,"100 LINDEN AVE, IRVINGTON, NJ, 07111",BURCHCHARTERSCHOOLOFEXCELLENCE,100LINDENAVEIRVINGTONNJ07111,Burch Charter School Of Excellence,"100 Linden Avenue, Irvington, NJ, 07111",https://www.greatschools.org/new-jersey/irvington/7058-Burch-Charter-School-Of-Excellence/,Below average,3.0,BURCHCHARTERSCHOOLOFEXCELLENCE,100LINDENAVENUEIRVINGTONNJ07111,100.0,94.91525423728814
Charters,Freedom Prep Charter School,Freedom Prep Charter School,80-6240-900,"1000 Atlantic AVE, CAMDEN, NJ, 08104",FREEDOMPREPCHARTERSCHOOL,1000ATLANTICAVECAMDENNJ08104,Freedom Prep Charter School,"1000 Atlantic Avenue, Camden, NJ, 08104",https://www.greatschools.org/new-jersey/camden/4320-Freedom-Prep-Charter-School/,Below average,1.0,FREEDOMPREPCHARTERSCHOOL,1000ATLANTICAVENUECAMDENNJ08104,100.0,94.91525423728814
Passaic,Paterson Public School District,School 18,31-4010-220,"51 E  18TH STREET, PATERSON, NJ, 07524",SCHOOL18,51E18THSTREETPATERSONNJ07524,School 18,"51 East 18th Street, Paterson, NJ, 07524",https://www.greatschools.org/new-jersey/paterson/1556-Number-18-Elementary-School/,Below average,2.0,SCHOOL18,51EAST18THSTREETPATERSONNJ07524,100.0,94.91525423728814
Bergen,Fort Lee School District,Fort Lee High School,03-1550-050,"3000 LEMOINE AVE, FORT LEE, NJ, 07024",FORTLEEHIGHSCHOOL,3000LEMOINEAVEFORTLEENJ07024,Fort Lee High School,"3000 Lemoine Avenue, Fort Lee, NJ, 07024",https://www.greatschools.org/new-jersey/fort-lee/598-Fort-Lee-High-School/,Average,6.0,FORTLEEHIGHSCHOOL,3000LEMOINEAVENUEFORTLEENJ07024,100.0,94.91525423728814
Charters,Academy for Urban Leadership Charter School,Academy for Urban Leadership Charter School,80-6032-901,"612 Amboy Ave, Perth Amboy, NJ, 08861",ACADEMYFORURBANLEADERSHIPCHARTERSCHOOL,612AMBOYAVEPERTHAMBOYNJ08861,Academy For Urban Leadership Charter School,"612 Amboy Avenue, Perth Amboy, NJ, 08861",https://www.greatschools.org/new-jersey/perth-amboy/7140-Academy-For-Urban-Leadership-Cs/,Below average,1.0,ACADEMYFORURBANLEADERSHIPCHARTERSCHOOL,612AMBOYAVENUEPERTHAMBOYNJ08861,100.0,94.91525423728814
Bergen,Oakland Public School District,Heights Elementary School,03-3760-050,"114 SEMINOLE AVE, OAKLAND, NJ, 07436",HEIGHTSELEMENTARYSCHOOL,114SEMINOLEAVEOAKLANDNJ07436,Heights Elementary School,"114 Seminole Avenue, Oakland, NJ, 07436",https://www.greatschools.org/new-jersey/oakland/1445-Heights-Elementary-School/,Average,6.0,HEIGHTSELEMENTARYSCHOOL,114SEMINOLEAVENUEOAKLANDNJ07436,100.0,94.91525423728814
Bergen,Ramsey School District,Ramsey High School,03-4310-050,"256 E  MAIN STREET, RAMSEY, NJ, 07446",RAMSEYHIGHSCHOOL,256EMAINSTREETRAMSEYNJ07446,Ramsey High School,"256 East Main Street, Ramsey, NJ, 07446",https://www.greatschools.org/new-jersey/ramsey/1696-Ramsey-High-School/,Above average,7.0,RAMSEYHIGHSCHOOL,256EASTMAINSTREETRAMSEYNJ07446,100.0,94.73684210526316
Atlantic,Atlantic City School District,Brighton Avenue School,01-0110-300,"30 N. Brighton Avenue, Atlantic City, NJ, 08401",BRIGHTONAVENUESCHOOL,30NBRIGHTONAVENUEATLANTICCITYNJ08401,BRIGHTON AVENUE SCHOOL,"30 North Brighton Avenue, Atlantic City, NJ, 08401",https://www.greatschools.org/new-jersey/atlantic-city/4201-BRIGHTON-AVENUE-SCHOOL/,Below average,3.0,BRIGHTONAVENUESCHOOL,30NORTHBRIGHTONAVENUEATLANTICCITYNJ08401,100.0,94.73684210526316
Essex,Irvington Public School District,Union Avenue Middle School,13-2330-140,"427     UNION AVE, IRVINGTON, NJ, 07111",UNIONAVENUEMIDDLESCHOOL,427UNIONAVEIRVINGTONNJ07111,Union Avenue Middle School,"427 Union Avenue, Irvington, NJ, 07111",https://www.greatschools.org/new-jersey/irvington/852-Union-Avenue-Middle-School/,Below average,3.0,UNIONAVENUEMIDDLESCHOOL,427UNIONAVENUEIRVINGTONNJ07111,100.0,94.73684210526316
Essex,Nutley Public School District,Nutley High School,13-3750-050,"300 FRANKLIN AVE, NUTLEY, NJ, 07110",NUTLEYHIGHSCHOOL,300FRANKLINAVENUTLEYNJ07110,Nutley High School,"300 Franklin Avenue, Nutley, NJ, 07110",https://www.greatschools.org/new-jersey/nutley/1437-Nutley-High-School/,Average,5.0,NUTLEYHIGHSCHOOL,300FRANKLINAVENUENUTLEYNJ07110,100.0,94.73684210526316
Camden,Clementon Elementary School District,Clementon Elementary School,07-0880-010,"4 AUDUBON AVE, CLEMENTON, NJ, 08021",CLEMENTONELEMENTARYSCHOOL,4AUDUBONAVECLEMENTONNJ08021,Clementon Elementary School,"4 Audubon Avenue, Clementon, NJ, 08021",https://www.greatschools.org/new-jersey/clementon/328-Clementon-Elementary-School/,Above average,8.0,CLEMENTONELEMENTARYSCHOOL,4AUDUBONAVENUECLEMENTONNJ08021,100.0,94.73684210526316
Essex,Verona Public School District,Verona High School,13-5370-050,"151 FAIRVIEW AVE, VERONA, NJ, 07044",VERONAHIGHSCHOOL,151FAIRVIEWAVEVERONANJ07044,Verona High School,"151 Fairview Avenue, Verona, NJ, 07044",https://www.greatschools.org/new-jersey/verona/2042-Verona-High-School/,Above average,7.0,VERONAHIGHSCHOOL,151FAIRVIEWAVENUEVERONANJ07044,100.0,94.73684210526316
Gloucester,Paulsboro School District,Loudenslager Elementary School,15-4020-070,"100 BAIRD AVE, PAULSBORO, NJ, 08066",LOUDENSLAGERELEMENTARYSCHOOL,100BAIRDAVEPAULSBORONJ08066,Loudenslager Elementary School,"100 Baird Avenue, Paulsboro, NJ, 08066",https://www.greatschools.org/new-jersey/paulsboro/1573-Loudenslager-Elementary-School/,Below average,3.0,LOUDENSLAGERELEMENTARYSCHOOL,100BAIRDAVENUEPAULSBORONJ08066,100.0,94.73684210526316
Atlantic,Atlantic City School District,New York Avenue School,01-0110-070,"411 N New York Avenue, Atlantic City, NJ, 08401",NEWYORKAVENUESCHOOL,411NNEWYORKAVENUEATLANTICCITYNJ08401,New York Avenue School,"411 North New York Avenue, Atlantic City, NJ, 08401",https://www.greatschools.org/new-jersey/atlantic-city/49-New-York-Avenue-School/,Below average,1.0,NEWYORKAVENUESCHOOL,411NORTHNEWYORKAVENUEATLANTICCITYNJ08401,100.0,94.73684210526316
Union,Rahway Public School District,Rahway High School,39-4290-050,"1012 MADISON AVE, RAHWAY, NJ, 07065",RAHWAYHIGHSCHOOL,1012MADISONAVERAHWAYNJ07065,Rahway High School,"1012 Madison Avenue, Rahway, NJ, 07065",https://www.greatschools.org/new-jersey/rahway/1688-Rahway-High-School/,Below average,2.0,RAHWAYHIGHSCHOOL,1012MADISONAVENUERAHWAYNJ07065,100.0,94.73684210526316
Essex,Nutley Public School District,John H. Walker Middle School,13-3750-060,"325 FRANKLIN AVE, NUTLEY, NJ, 07110",JOHNHWALKERMIDDLESCHOOL,325FRANKLINAVENUTLEYNJ07110,John H Walker Middle School,"325 Franklin Avenue, Nutley, NJ, 07110",https://www.greatschools.org/new-jersey/nutley/1438-John-H-Walker-Middle-School/,Average,6.0,JOHNHWALKERMIDDLESCHOOL,325FRANKLINAVENUENUTLEYNJ07110,100.0,94.73684210526316
Union,Roselle Public Schools,Abraham Clark High School,39-4540-010,"122 EAST 6TH AVE, ROSELLE, NJ, 07203",ABRAHAMCLARKHIGHSCHOOL,122EAST6THAVEROSELLENJ07203,Abraham Clark High School,"122 East 6th Avenue, Roselle, NJ, 07203",https://www.greatschools.org/new-jersey/roselle/1765-Abraham-Clark-High-School/,Below average,1.0,ABRAHAMCLARKHIGHSCHOOL,122EAST6THAVENUEROSELLENJ07203,100.0,94.73684210526316
Somerset,Somerville Public School District,Van Derveer Elementary School,35-4820-090,"51 Union Ave., Somerville, NJ, 08876",VANDERVEERELEMENTARYSCHOOL,51UNIONAVESOMERVILLENJ08876,Van Derveer Elementary School,"51 Union Avenue, Somerville, NJ, 08876",https://www.greatschools.org/new-jersey/somerville/1843-Van-Derveer-Elementary-School/,Average,5.0,VANDERVEERELEMENTARYSCHOOL,51UNIONAVENUESOMERVILLENJ08876,100.0,94.73684210526316
Ocean,Lakehurst School District,Lakehurst Elementary School,29-2500-050,"301 UNION AVE, LAKEHURST, NJ, 08733",LAKEHURSTELEMENTARYSCHOOL,301UNIONAVELAKEHURSTNJ08733,Lakehurst Elementary School,"301 Union Avenue, Lakehurst, NJ, 08733",https://www.greatschools.org/new-jersey/lakehurst/941-Lakehurst-Elementary-School/,Below average,3.0,LAKEHURSTELEMENTARYSCHOOL,301UNIONAVENUELAKEHURSTNJ08733,100.0,94.73684210526316
Charters,Paul Robeson Charter School for the Humanities,Paul Robeson Charter School for the Humanities,80-6025-907,"643 INDIANA AVE, TRENTON, NJ, 08638",PAULROBESONCHARTERSCHOOLFORTHEHUMANITIES,643INDIANAAVETRENTONNJ08638,Paul Robeson Charter School For The Humanities,"643 Indiana Avenue, Trenton, NJ, 08638",https://www.greatschools.org/new-jersey/trenton/7056-Paul-Robeson-Charter-School-For-The-Humanities/,Average,5.0,PAULROBESONCHARTERSCHOOLFORTHEHUMANITIES,643INDIANAAVENUETRENTONNJ08638,100.0,94.73684210526316
Bergen,Wyckoff Township Public School District,Sicomac Elementary School,03-5920-050,"356 SICOMAC AVE, WYCKOFF, NJ, 07481",SICOMACELEMENTARYSCHOOL,356SICOMACAVEWYCKOFFNJ07481,Sicomac Elementary School,"356 Sicomac Avenue, Wyckoff, NJ, 07481",https://www.greatschools.org/new-jersey/wyckoff/2285-Sicomac-Elementary-School/,Above average,7.0,SICOMACELEMENTARYSCHOOL,356SICOMACAVENUEWYCKOFFNJ07481,100.0,94.73684210526316
Atlantic,Atlantic City School District,Atlantic City High School,01-0110-010,"1400 N Albany Avenue, Atlantic City, NJ, 08401",ATLANTICCITYHIGHSCHOOL,1400NALBANYAVENUEATLANTICCITYNJ08401,Atlantic City High School,"1400 North Albany Avenue, Atlantic City, NJ, 08401",https://www.greatschools.org/new-jersey/atlantic-city/44-Atlantic-City-High-School/,Below average,2.0,ATLANTICCITYHIGHSCHOOL,1400NORTHALBANYAVENUEATLANTICCITYNJ08401,100.0,94.73684210526316
Middlesex,Highland Park Boro School District,Highland Park High School,23-2150-050,"102 NORTH FIFTH AVENUE, HIGHLAND PARK, NJ, 08904",HIGHLANDPARKHIGHSCHOOL,102NORTHFIFTHAVENUEHIGHLANDPARKNJ08904,Highland Park High School,"102 North 5th Avenue, Highland Park, NJ, 08904",https://www.greatschools.org/new-jersey/highland-park/784-Highland-Park-High-School/,Average,5.0,HIGHLANDPARKHIGHSCHOOL,102NORTH5THAVENUEHIGHLANDPARKNJ08904,100.0,94.5945945945946
Mercer,Hopewell Valley Regional School District,Timberlane Middle School,21-2280-075,"51 S  TIMBERLANE DRIVE, PENNINGTON, NJ, 08534",TIMBERLANEMIDDLESCHOOL,51STIMBERLANEDRIVEPENNINGTONNJ08534,Timberlane Middle School,"51 South Timberlane Drive, Pennington, NJ, 08534",https://www.greatschools.org/new-jersey/pennington/828-Timberlane-Middle-School/,Average,6.0,TIMBERLANEMIDDLESCHOOL,51SOUTHTIMBERLANEDRIVEPENNINGTONNJ08534,100.0,94.5945945945946
Bergen,Oakland Public School District,Manito Elementary School,03-3760-060,"111 MANITO AVE, OAKLAND, NJ, 07436",MANITOELEMENTARYSCHOOL,111MANITOAVEOAKLANDNJ07436,Manito Elementary School,"111 Manito Avenue, Oakland, NJ, 07436",https://www.greatschools.org/new-jersey/oakland/1446-Manito-Elementary-School/,Above average,9.0,MANITOELEMENTARYSCHOOL,111MANITOAVENUEOAKLANDNJ07436,100.0,94.54545454545455
Union,Summit Public School District,Lincoln-Hubbard Elementary School,39-5090-100,"52 WOODLAND AVE, SUMMIT, NJ, 07901",LINCOLNHUBBARDELEMENTARYSCHOOL,52WOODLANDAVESUMMITNJ07901,Lincoln Hubbard Elementary School,"52 Woodland Avenue, Summit, NJ, 07901",https://www.greatschools.org/new-jersey/summit/1921-Lincoln--Hubbard-Elementary-School/,Above average,9.0,LINCOLNHUBBARDELEMENTARYSCHOOL,52WOODLANDAVENUESUMMITNJ07901,100.0,94.54545454545455
Bergen,Garfield Public School District,Garfield Middle School,03-1700-070,"175 LANZA AVE, GARFIELD, NJ, 07026",GARFIELDMIDDLESCHOOL,175LANZAAVEGARFIELDNJ07026,Garfield Middle School,"175 Lanza Avenue, Garfield, NJ, 07026",https://www.greatschools.org/new-jersey/garfield/650-Garfield-Middle-School/,Below average,3.0,GARFIELDMIDDLESCHOOL,175LANZAAVENUEGARFIELDNJ07026,100.0,94.54545454545455
Middlesex,Metuchen Public School District,Metuchen High School,23-3120-050,"400 GROVE AVE, METUCHEN, NJ, 08840",METUCHENHIGHSCHOOL,400GROVEAVEMETUCHENNJ08840,Metuchen High School,"400 Grove Avenue, Metuchen, NJ, 08840",https://www.greatschools.org/new-jersey/metuchen/1142-Metuchen-High-School/,Above average,8.0,METUCHENHIGHSCHOOL,400GROVEAVENUEMETUCHENNJ08840,100.0,94.54545454545455
Essex,Montclair Public School District,Glenfield Middle School,13-3310-116,"25 MAPLE AVE, MONTCLAIR, NJ, 07042",GLENFIELDMIDDLESCHOOL,25MAPLEAVEMONTCLAIRNJ07042,Glenfield Middle School,"25 Maple Avenue, Montclair, NJ, 07042",https://www.greatschools.org/new-jersey/montclair/1219-Glenfield-Middle-School/,Average,5.0,GLENFIELDMIDDLESCHOOL,25MAPLEAVENUEMONTCLAIRNJ07042,100.0,94.54545454545455
Hudson,Kearny,Garfield Elementary School,17-2410-080,"360 BELGROVE DR, KEARNY, NJ, 07032",GARFIELDELEMENTARYSCHOOL,360BELGROVEDRKEARNYNJ07032,Garfield Elementary School,"360 Belgrove Drive, Kearny, NJ, 07032",https://www.greatschools.org/new-jersey/kearny/916-Garfield-Elementary-School/,Below average,3.0,GARFIELDELEMENTARYSCHOOL,360BELGROVEDRIVEKEARNYNJ07032,100.0,94.54545454545455
Atlantic,Greater Egg Harbor Regional High School District,Absegami High School,01-1790-040,"201 S  WRANGLEBORO ROAD, GALLOWAY, NJ, 08205",ABSEGAMIHIGHSCHOOL,201SWRANGLEBOROROADGALLOWAYNJ08205,Absegami High School,"201 South Wrangleboro Road, Galloway, NJ, 08205",https://www.greatschools.org/new-jersey/galloway/688-Absegami-High-School/,Below average,3.0,ABSEGAMIHIGHSCHOOL,201SOUTHWRANGLEBOROROADGALLOWAYNJ08205,100.0,94.44444444444444
Essex,South Orange-Maplewood School District,South Orange Middle School,13-4900-050,"70 North Ridgewood Road, S ORANGE, NJ, 07079",SOUTHORANGEMIDDLESCHOOL,70NORTHRIDGEWOODROADSORANGENJ07079,South Orange Middle School,"70 North Ridgewood Road, South Orange, NJ, 07079",https://www.greatschools.org/new-jersey/south-orange/1865-South-Orange-Middle-School/,Average,5.0,SOUTHORANGEMIDDLESCHOOL,70NORTHRIDGEWOODROADSOUTHORANGENJ07079,100.0,94.44444444444444
Bergen,Bergenfield Borough School District,Franklin Elementary School,03-0300-040,"2 N  FRANKLIN AVENUE, BERGENFIELD, NJ, 07621",FRANKLINELEMENTARYSCHOOL,2NFRANKLINAVENUEBERGENFIELDNJ07621,Franklin Elementary School,"2 North Franklin Avenue, Bergenfield, NJ, 07621",https://www.greatschools.org/new-jersey/bergenfield/109-Franklin-Elementary-School/,Above average,8.0,FRANKLINELEMENTARYSCHOOL,2NORTHFRANKLINAVENUEBERGENFIELDNJ07621,100.0,94.44444444444444
Essex,Newark Public School District,Malcolm X Shabazz High School,13-3570-050,"80 JOHNSON AVE, NEWARK, NJ, 07108",MALCOLMXSHABAZZHIGHSCHOOL,80JOHNSONAVENEWARKNJ07108,Malcolm X Shabazz High School,"80 Johnson Avenue, Newark, NJ, 07108",https://www.greatschools.org/new-jersey/newark/1321-Malcolm-X-Shabazz-High-School/,Below average,2.0,MALCOLMXSHABAZZHIGHSCHOOL,80JOHNSONAVENUENEWARKNJ07108,100.0,94.33962264150944
Monmouth,Freehold Borough School District,Park Avenue Elementary School,25-1640-070,"280 Park Ave., Freehold, NJ, 07728",PARKAVENUEELEMENTARYSCHOOL,280PARKAVEFREEHOLDNJ07728,Park Avenue Elementary School,"280 Park Avenue, Freehold, NJ, 07728",https://www.greatschools.org/new-jersey/freehold/625-Park-Avenue-Elementary-School/,Below average,4.0,PARKAVENUEELEMENTARYSCHOOL,280PARKAVENUEFREEHOLDNJ07728,100.0,94.33962264150944
Bergen,Oakland Public School District,Dogwood Hill Elementary School,03-3760-040,"25 DOGWOOD DR, OAKLAND, NJ, 07436",DOGWOODHILLELEMENTARYSCHOOL,25DOGWOODDROAKLANDNJ07436,Dogwood Hill Elementary School,"25 Dogwood Drive, Oakland, NJ, 07436",https://www.greatschools.org/new-jersey/oakland/1444-Dogwood-Hill-Elementary-School/,Above average,7.0,DOGWOODHILLELEMENTARYSCHOOL,25DOGWOODDRIVEOAKLANDNJ07436,100.0,94.33962264150944
Passaic,Passaic City School District,Muhammad Ali School Number 23,31-3970-306,"63 Dayton Ave, Passaic, NJ, 07055",MUHAMMADALISCHOOLNUMBER23,63DAYTONAVEPASSAICNJ07055,Muhammad Ali School Number 23,"63 Dayton Avenue, Passaic, NJ, 07055",https://www.greatschools.org/new-jersey/passaic/9245-Muhammad-Ali-School-Number-23/,Below average,2.0,MUHAMMADALISCHOOLNUMBER23,63DAYTONAVENUEPASSAICNJ07055,100.0,94.33962264150944
Passaic,Passaic City School District,Ellen Ochoa School Number 22,31-3970-305,"95 Dayton Ave, Passaic, NJ, 07055",ELLENOCHOASCHOOLNUMBER22,95DAYTONAVEPASSAICNJ07055,Ellen Ochoa School Number 22,"95 Dayton Avenue, Passaic, NJ, 07055",https://www.greatschools.org/new-jersey/passaic/9241-Ellen-Ochoa-School-Number-22/,Below average,4.0,ELLENOCHOASCHOOLNUMBER22,95DAYTONAVENUEPASSAICNJ07055,100.0,94.33962264150944
Bergen,Wyckoff Township Public School District,Dwight D. Eisenhower Middle School,03-5920-025,"344 CALVIN CT, WYCKOFF, NJ, 07481",DWIGHTDEISENHOWERMIDDLESCHOOL,344CALVINCTWYCKOFFNJ07481,Dwight D Eisenhower Middle School,"344 Calvin Court, Wyckoff, NJ, 07481",https://www.greatschools.org/new-jersey/wyckoff/2283-Dwight-D-Eisenhower-Middle-School/,Above average,7.0,DWIGHTDEISENHOWERMIDDLESCHOOL,344CALVINCOURTWYCKOFFNJ07481,100.0,94.33962264150944
Bergen,Wyckoff Township Public School District,Abraham Lincoln Elementary School,03-5920-010,"325 MASON AVE, WYCKOFF, NJ, 07481",ABRAHAMLINCOLNELEMENTARYSCHOOL,325MASONAVEWYCKOFFNJ07481,Abraham Lincoln Elementary School,"325 Mason Avenue, Wyckoff, NJ, 07481",https://www.greatschools.org/new-jersey/wyckoff/2281-Abraham-Lincoln-Elementary-School/,Above average,9.0,ABRAHAMLINCOLNELEMENTARYSCHOOL,325MASONAVENUEWYCKOFFNJ07481,100.0,94.33962264150944
Essex,Newark Public School District,Roberto Clemente Elementary School,13-3570-615,"257 SUMMER AVE, NEWARK, NJ, 07104",ROBERTOCLEMENTEELEMENTARYSCHOOL,257SUMMERAVENEWARKNJ07104,Roberto Clemente Elementary School,"257 Summer Avenue, Newark, NJ, 07104",https://www.greatschools.org/new-jersey/newark/1374-Roberto-Clemente-Elementary-School/,Below average,4.0,ROBERTOCLEMENTEELEMENTARYSCHOOL,257SUMMERAVENUENEWARKNJ07104,100.0,94.33962264150944
Essex,Newark Public School District,George Washington Carver Elementary School,13-3570-435,"333 CLINTON PL, NEWARK, NJ, 07112",GEORGEWASHINGTONCARVERELEMENTARYSCHOOL,333CLINTONPLNEWARKNJ07112,George Washington Carver Elementary School,"333 Clinton Place, Newark, NJ, 07112",https://www.greatschools.org/new-jersey/newark/1382-George-Washington-Carver-Elementary-School/,Below average,2.0,GEORGEWASHINGTONCARVERELEMENTARYSCHOOL,333CLINTONPLACENEWARKNJ07112,100.0,94.33962264150944
Ocean,Seaside Heights School District,Hugh J. Boyd Jr. Elementary School,29-4710-050,"1200 BAY BOULEVARD, SEASIDE HTS, NJ, 08751",HUGHJBOYDJRELEMENTARYSCHOOL,1200BAYBOULEVARDSEASIDEHTSNJ08751,Hugh J Boyd Jr Elementary School,"1200 Bay Boulevard, Seaside Heights, NJ, 08751",https://www.greatschools.org/new-jersey/seaside-heights/1825-Hugh-J-Boyd-Jr--Elementary-School/,Below average,4.0,HUGHJBOYDJRELEMENTARYSCHOOL,1200BAYBOULEVARDSEASIDEHEIGHTSNJ08751,100.0,94.28571428571429
Middlesex,New Brunswick School District,New Brunswick High School,23-3530-050,"1000 Somerset St, NEW BRUNSWICK, NJ, 08901",NEWBRUNSWICKHIGHSCHOOL,1000SOMERSETSTNEWBRUNSWICKNJ08901,New Brunswick High School,"1000 Somerset Street, New Brunswick, NJ, 08901",https://www.greatschools.org/new-jersey/new-brunswick/1295-New-Brunswick-High-School/,Below average,2.0,NEWBRUNSWICKHIGHSCHOOL,1000SOMERSETSTREETNEWBRUNSWICKNJ08901,100.0,94.28571428571429
Atlantic,Ventnor City School District,Ventnor Elementary School,01-5350-045,"400 N  LAFAYETTE AVENUE, VENTNOR, NJ, 08406",VENTNORELEMENTARYSCHOOL,400NLAFAYETTEAVENUEVENTNORNJ08406,Ventnor Elementary School,"400 N LAFAYETTE AVENUE, Ventnor City, NJ, 08406",https://www.greatschools.org/new-jersey/ventnor-city/3427-Ventnor-Elementary-School/,Above average,8.0,VENTNORELEMENTARYSCHOOL,400NLAFAYETTEAVENUEVENTNORCITYNJ08406,100.0,94.28571428571429
Bergen,Ramapo Indian Hills Regional High School District,Indian Hills High School,03-4300-030,"97 YAWPO AVE, OAKLAND, NJ, 07436",INDIANHILLSHIGHSCHOOL,97YAWPOAVEOAKLANDNJ07436,Indian Hills High School,"97 Yawpo Avenue, Oakland, NJ, 07436",https://www.greatschools.org/new-jersey/oakland/1694-Indian-Hills-High-School/,Average,6.0,INDIANHILLSHIGHSCHOOL,97YAWPOAVENUEOAKLANDNJ07436,100.0,94.11764705882354
Bergen,Upper Saddle River School District,Emil A. Cavallini Middle School,03-5330-050,"392 W  SADDLE RIVER RD, UPPER SADDLE RIVER, NJ, 07458",EMILACAVALLINIMIDDLESCHOOL,392WSADDLERIVERRDUPPERSADDLERIVERNJ07458,Emil A. Cavallini Middle School,"392 West Saddle River Road, Upper Saddle River, NJ, 07458",https://www.greatschools.org/new-jersey/upper-saddle-river/2029-Emil-A.-Cavallini-Middle-School/,Above average,9.0,EMILACAVALLINIMIDDLESCHOOL,392WESTSADDLERIVERROADUPPERSADDLERIVERNJ07458,100.0,94.11764705882354
Union,Plainfield Public School District,Plainfield Academy For The Arts & Advanced Studies,39-4160-052,"1700 West Front St, PLAINFIELD, NJ, 07063",PLAINFIELDACADEMYFORTHEARTS&ADVANCEDSTUDIES,1700WESTFRONTSTPLAINFIELDNJ07063,Plainfield Academy for the Arts & Advanced Studies,"1700 West Front Street, Plainfield, NJ, 07063",https://www.greatschools.org/new-jersey/plainfield/6917-Paaas/,Average,5.0,PLAINFIELDACADEMYFORTHEARTS&ADVANCEDSTUDIES,1700WESTFRONTSTREETPLAINFIELDNJ07063,100.0,94.11764705882354
Bergen,Dumont Public School District,Grant Elementary School,03-1130-050,"100 GRANT AVE, DUMONT, NJ, 07628",GRANTELEMENTARYSCHOOL,100GRANTAVEDUMONTNJ07628,Grant Elementary School,"100 Grant Avenue, Dumont, NJ, 07628",https://www.greatschools.org/new-jersey/dumont/414-Grant-Elementary-School/,Above average,8.0,GRANTELEMENTARYSCHOOL,100GRANTAVENUEDUMONTNJ07628,100.0,94.11764705882354
Essex,Newark Public School District,University High School,13-3570-057,"55 CLINTON PL, NEWARK, NJ, 07108",UNIVERSITYHIGHSCHOOL,55CLINTONPLNEWARKNJ07108,University High School,"55 Clinton Place, Newark, NJ, 07108",https://www.greatschools.org/new-jersey/newark/1323-University-High-School/,Average,5.0,UNIVERSITYHIGHSCHOOL,55CLINTONPLACENEWARKNJ07108,100.0,94.11764705882354
Bergen,Park Ridge School District,Park Ridge High School,03-3940-050,"2 PARK AVE, PARK RIDGE, NJ, 07656",PARKRIDGEHIGHSCHOOL,2PARKAVEPARKRIDGENJ07656,Park Ridge High School,"2 Park Avenue, Park Ridge, NJ, 07656",https://www.greatschools.org/new-jersey/park-ridge/1498-Park-Ridge-High-School/,Above average,7.0,PARKRIDGEHIGHSCHOOL,2PARKAVENUEPARKRIDGENJ07656,100.0,94.11764705882354
Bergen,Upper Saddle River School District,Edith A. Bogert Elementary School,03-5330-060,"391 W  SADDLE RIVER RD, UPPER SADDLE RIVER, NJ, 07458",EDITHABOGERTELEMENTARYSCHOOL,391WSADDLERIVERRDUPPERSADDLERIVERNJ07458,Edith A. Bogert Elementary School,"391 West Saddle River Road, Upper Saddle River, NJ, 07458",https://www.greatschools.org/new-jersey/upper-saddle-river/2030-Edith-A.-Bogert-Elementary-School/,Above average,8.0,EDITHABOGERTELEMENTARYSCHOOL,391WESTSADDLERIVERROADUPPERSADDLERIVERNJ07458,100.0,94.11764705882354
Ocean,Brick Township Public School District,Midstreams Elementary School,29-0530-060,"500 MIDSTREAMS RD, BRICK TOWN, NJ, 08724",MIDSTREAMSELEMENTARYSCHOOL,500MIDSTREAMSRDBRICKTOWNNJ08724,Midstreams Elementary School,"500 MIDSTREAMS RD, Brick Township, NJ, 08724",https://www.greatschools.org/new-jersey/brick-township/180-Midstreams-Elementary-School/,Average,5.0,MIDSTREAMSELEMENTARYSCHOOL,500MIDSTREAMSRDBRICKTOWNSHIPNJ08724,100.0,93.93939393939394
Monmouth,Marlboro Township School District,Marlboro Middle School,25-3030-050,"355 COUNTY ROAD 520, MARLBORO, NJ, 07746",MARLBOROMIDDLESCHOOL,355COUNTYROAD520MARLBORONJ07746,Marlboro Middle School,"355 County Road 520 West, Marlboro, NJ, 07746",https://www.greatschools.org/new-jersey/marlboro-township/1113-Marlboro-Middle-School/,Average,6.0,MARLBOROMIDDLESCHOOL,355COUNTYROAD520WESTMARLBORONJ07746,100.0,93.93939393939394
Somerset,Somerville Public School District,Somerville High School,35-4820-050,"222 Davenport St., Somerville, NJ, 08876",SOMERVILLEHIGHSCHOOL,222DAVENPORTSTSOMERVILLENJ08876,Somerville High School,"222 Davenport Street, Somerville, NJ, 08876",https://www.greatschools.org/new-jersey/somerville/1840-Somerville-High-School/,Average,5.0,SOMERVILLEHIGHSCHOOL,222DAVENPORTSTREETSOMERVILLENJ08876,100.0,93.93939393939394
Camden,Runnemede Public School District,Mary E. Volz Elementary School,07-4590-040,"509 WEST THIRD AVENUE, RUNNEMEDE, NJ, 08078",MARYEVOLZELEMENTARYSCHOOL,509WESTTHIRDAVENUERUNNEMEDENJ08078,Mary E. Volz Elementary School,"509 West 3rd Avenue, Runnemede, NJ, 08078",https://www.greatschools.org/new-jersey/runnemede/1788-Mary-E.-Volz-Elementary-School/,Average,6.0,MARYEVOLZELEMENTARYSCHOOL,509WEST3RDAVENUERUNNEMEDENJ08078,100.0,93.93939393939394
Hudson,West New York Board of Education,Public School Number One,17-5670-060,"6129 MADISON ST, WEST NEW YORK, NJ, 07093",PUBLICSCHOOLNUMBERONE,6129MADISONSTWESTNEWYORKNJ07093,Public School Number One,"6129 Madison Street, West New York, NJ, 07093",https://www.greatschools.org/new-jersey/west-new-york/2169-Number-1-Elementary-School/,Below average,4.0,PUBLICSCHOOLNUMBERONE,6129MADISONSTREETWESTNEWYORKNJ07093,100.0,93.93939393939394
Salem,Penns Grove-Carneys Point Regional School District,Penns Grove Middle School,33-4070-105,"351 MAPLE AVENUE, PENNS GROVE, NJ, 08069",PENNSGROVEMIDDLESCHOOL,351MAPLEAVENUEPENNSGROVENJ08069,Penns Grove Middle School,"351 East Maple Avenue, Penns Grove, NJ, 08069",https://www.greatschools.org/new-jersey/penns-grove/1590-Penns-Grove-Middle-School/,Below average,1.0,PENNSGROVEMIDDLESCHOOL,351EASTMAPLEAVENUEPENNSGROVENJ08069,100.0,93.93939393939394
Essex,Belleville Public School District,Belleville PS3,13-0250-050,"230 JORALEMON ST, BELLEVILLE, NJ, 07109",BELLEVILLEPS3,230JORALEMONSTBELLEVILLENJ07109,Belleville PS3,"230 Joralemon Street, Belleville, NJ, 07109",https://www.greatschools.org/new-jersey/belleville/82-Number-3-Elementary-School/,Average,6.0,BELLEVILLEPS3,230JORALEMONSTREETBELLEVILLENJ07109,100.0,93.93939393939394
Bergen,Park Ridge School District,West Ridge Elementary School,03-3940-070,"18 South  First Street, PARK RIDGE, NJ, 07656",WESTRIDGEELEMENTARYSCHOOL,18SOUTHFIRSTSTREETPARKRIDGENJ07656,West Ridge Elementary School,"18 South 1st Street, Park Ridge, NJ, 07656",https://www.greatschools.org/new-jersey/park-ridge/1500-West-Ridge-Elementary-School/,Above average,9.0,WESTRIDGEELEMENTARYSCHOOL,18SOUTH1STSTREETPARKRIDGENJ07656,100.0,93.93939393939394
Essex,Newark Public School District,Avon Avenue School,13-3570-220,"219 AVON AVE, NEWARK, NJ, 07108",AVONAVENUESCHOOL,219AVONAVENEWARKNJ07108,Avon Avenue School,"219 Avon Avenue, Newark, NJ, 07108",https://www.greatschools.org/new-jersey/newark/1330-Avon-Avenue-Elementary-School/,Below average,2.0,AVONAVENUESCHOOL,219AVONAVENUENEWARKNJ07108,100.0,93.87755102040816
Essex,East Orange School District,Patrick F. Healy Middle School,13-1210-095,"116 HAMILTON ST, EAST ORANGE, NJ, 07017",PATRICKFHEALYMIDDLESCHOOL,116HAMILTONSTEASTORANGENJ07017,Patrick F Healy Middle School,"116 Hamilton Street, East Orange, NJ, 07017",https://www.greatschools.org/new-jersey/east-orange/455-Patrick-F--Healy-Middle-School/,Below average,4.0,PATRICKFHEALYMIDDLESCHOOL,116HAMILTONSTREETEASTORANGENJ07017,100.0,93.75
Hudson,Jersey City Public Schools,Dr. Michael Conti School,17-2390-110,"182 MERSELES ST, JERSEY CITY, NJ, 07302",DRMICHAELCONTISCHOOL,182MERSELESSTJERSEYCITYNJ07302,Dr. Michael Conti School,"182 Merseles Street, Jersey City, NJ, 07302",https://www.greatschools.org/new-jersey/jersey-city/881-Number-5-Elementary-School/,Above average,8.0,DRMICHAELCONTISCHOOL,182MERSELESSTREETJERSEYCITYNJ07302,100.0,93.75
Somerset,Somerville Public School District,Somerville Middle School,35-4820-055,"51 West Cliff St., Somerville, NJ, 08876",SOMERVILLEMIDDLESCHOOL,51WESTCLIFFSTSOMERVILLENJ08876,Somerville Middle School,"51 West Cliff Street, Somerville, NJ, 08876",https://www.greatschools.org/new-jersey/somerville/1841-Somerville-Middle-School/,Below average,3.0,SOMERVILLEMIDDLESCHOOL,51WESTCLIFFSTREETSOMERVILLENJ08876,100.0,93.75
Essex,Belleville Public School District,Belleville PS5,13-0250-060,"149 ADELAIDE ST, BELLEVILLE, NJ, 07109",BELLEVILLEPS5,149ADELAIDESTBELLEVILLENJ07109,Belleville PS5,"149 Adelaide Street, Belleville, NJ, 07109",https://www.greatschools.org/new-jersey/belleville/84-Number-5-Elementary-School/,Average,6.0,BELLEVILLEPS5,149ADELAIDESTREETBELLEVILLENJ07109,100.0,93.75
Charters,The Learning Community Charter School,Learning Community Charter School,80-7115-960,"2495 John F Kennedy Blvd, JERSEY CITY, NJ, 07304",LEARNINGCOMMUNITYCHARTERSCHOOL,2495JOHNFKENNEDYBLVDJERSEYCITYNJ07304,Learning Community Charter School,"2495 John F. Kennedy Boulevard, Jersey City, NJ, 07304",https://www.greatschools.org/new-jersey/jersey-city/3350-Learning-Community-Charter-School/,Average,6.0,LEARNINGCOMMUNITYCHARTERSCHOOL,2495JOHNFKENNEDYBOULEVARDJERSEYCITYNJ07304,100.0,93.67088607594937
Gloucester,Woodbury City Public School District,Woodbury Jr-Sr High School,15-5860-050,"25 N. Broad Street, Woodbury, NJ, 08096",WOODBURYJRSRHIGHSCHOOL,25NBROADSTREETWOODBURYNJ08096,Woodbury Jr Sr High School,"25 North Broad Street, Woodbury, NJ, 08096",https://www.greatschools.org/new-jersey/woodbury/2266-Woodbury-Jr--Sr-High-School/,Below average,3.0,WOODBURYJRSRHIGHSCHOOL,25NORTHBROADSTREETWOODBURYNJ08096,100.0,93.5483870967742
Charters,Hoboken Charter School,Hoboken Charter School,80-6720-930,"713 Washington St, Hoboken, NJ, 07030",HOBOKENCHARTERSCHOOL,713WASHINGTONSTHOBOKENNJ07030,Hoboken Charter School,"713 Washington Street, Hoboken, NJ, 07030",https://www.greatschools.org/new-jersey/hoboken/3347-Hoboken-Charter-School/,Average,6.0,HOBOKENCHARTERSCHOOL,713WASHINGTONSTREETHOBOKENNJ07030,100.0,93.5483870967742
Hudson,Jersey City Public Schools,Charles E. Trefurt School,17-2390-120,"96 FRANKLIN ST, JERSEY CITY, NJ, 07307",CHARLESETREFURTSCHOOL,96FRANKLINSTJERSEYCITYNJ07307,Charles E. Trefurt School,"96 Franklin Street, Jersey City, NJ, 07307",https://www.greatschools.org/new-jersey/jersey-city/882-Number-8-Elementary-School/,Average,5.0,CHARLESETREFURTSCHOOL,96FRANKLINSTREETJERSEYCITYNJ07307,100.0,93.5483870967742
Monmouth,Asbury Park School District,Bradley Elementary School,25-0100-040,"1100 THIRD AVENUE, ASBURY PARK, NJ, 07712",BRADLEYELEMENTARYSCHOOL,1100THIRDAVENUEASBURYPARKNJ07712,Bradley Elementary School,"1100 3rd Avenue, Asbury Park, NJ, 07712",https://www.greatschools.org/new-jersey/asbury-park/41-Bradley-Elementary-School/,Below average,1.0,BRADLEYELEMENTARYSCHOOL,11003RDAVENUEASBURYPARKNJ07712,100.0,93.5483870967742
Essex,Montclair Public School District,Montclair High School,13-3310-050,"100 CHESTNUT ST, MONTCLAIR, NJ, 07042",MONTCLAIRHIGHSCHOOL,100CHESTNUTSTMONTCLAIRNJ07042,Montclair High School,"100 Chestnut Street, Montclair, NJ, 07042",https://www.greatschools.org/new-jersey/montclair/1216-Montclair-High-School/,Average,5.0,MONTCLAIRHIGHSCHOOL,100CHESTNUTSTREETMONTCLAIRNJ07042,100.0,93.5483870967742
Camden,Cherry Hill School District,Woodcrest Elementary School,07-0800-130,"400 Cranford Dr., CHERRY HILL, NJ, 08003",WOODCRESTELEMENTARYSCHOOL,400CRANFORDDRCHERRYHILLNJ08003,Woodcrest Elementary School,"400 Cranford Road, Cherry Hill, NJ, 08003",https://www.greatschools.org/new-jersey/cherry-hill/309-Woodcrest-Elementary-School/,Average,6.0,WOODCRESTELEMENTARYSCHOOL,400CRANFORDROADCHERRYHILLNJ08003,100.0,93.5483870967742
Charters,Link Community Charter School,Link Community Charter School,80-6099-986,"23 Pennsyvania Ave, Newark, NJ, 07114",LINKCOMMUNITYCHARTERSCHOOL,23PENNSYVANIAAVENEWARKNJ07114,Link Community Charter School,"23 Pennsylvania Avenue, Newark, NJ, 07114",https://www.greatschools.org/new-jersey/newark/8777-Link-Community-Charter-School/,Average,6.0,LINKCOMMUNITYCHARTERSCHOOL,23PENNSYLVANIAAVENUENEWARKNJ07114,100.0,93.5483870967742
Ocean,Brick Township Public School District,Drum Point Road Elementary School,29-0530-030,"41 DRUM POINT RD, BRICK TOWN, NJ, 08723",DRUMPOINTROADELEMENTARYSCHOOL,41DRUMPOINTRDBRICKTOWNNJ08723,Drum Point Road Elementary School,"41 DRUM POINT RD, Brick Township, NJ, 08723",https://www.greatschools.org/new-jersey/brick-township/175-Drum-Point-Road-Elementary-School/,Below average,4.0,DRUMPOINTROADELEMENTARYSCHOOL,41DRUMPOINTRDBRICKTOWNSHIPNJ08723,100.0,93.5483870967742
Essex,Newark Public School District,Newark Vocational High School,13-3570-045,"301 West Kinney St, Newark, NJ, 07103",NEWARKVOCATIONALHIGHSCHOOL,301WESTKINNEYSTNEWARKNJ07103,Newark Vocational High School,"301 West Kinney Street, Newark, NJ, 07103",https://www.greatschools.org/new-jersey/newark/1320-Newark-Vocational-High-School/,Below average,1.0,NEWARKVOCATIONALHIGHSCHOOL,301WESTKINNEYSTREETNEWARKNJ07103,100.0,93.33333333333333
Warren,Phillipsburg School District,Phillipsburg Middle School,41-4100-110,"200 Hillcrest Blvd., PHILLIPSBURG, NJ, 08865",PHILLIPSBURGMIDDLESCHOOL,200HILLCRESTBLVDPHILLIPSBURGNJ08865,Phillipsburg Middle School,"200 Hillcrest Boulevard, Phillipsburg, NJ, 08865",https://www.greatschools.org/new-jersey/phillipsburg/1622-Phillipsburg-Middle-School/,Below average,3.0,PHILLIPSBURGMIDDLESCHOOL,200HILLCRESTBOULEVARDPHILLIPSBURGNJ08865,100.0,93.33333333333333
Atlantic,Galloway Township Public Schools,Roland Rogers Elementary School,01-1690-046,"105 S  REEDS ROAD, GALLOWAY, NJ, 08205",ROLANDROGERSELEMENTARYSCHOOL,105SREEDSROADGALLOWAYNJ08205,Roland Rogers Elementary School,"105 South Reeds Road, Galloway, NJ, 08205",https://www.greatschools.org/new-jersey/galloway/646-Roland-Rogers-Elementary-School/,Below average,4.0,ROLANDROGERSELEMENTARYSCHOOL,105SOUTHREEDSROADGALLOWAYNJ08205,100.0,93.33333333333333
Hudson,Jersey City Public Schools,James J Ferris High School,17-2390-060,"35 COLGATE ST, JERSEY CITY, NJ, 07302",JAMESJFERRISHIGHSCHOOL,35COLGATESTJERSEYCITYNJ07302,James J. Ferris High School,"35 Colgate Street, Jersey City, NJ, 07302",https://www.greatschools.org/new-jersey/jersey-city/876-James-J.-Ferris-High-School/,Below average,2.0,JAMESJFERRISHIGHSCHOOL,35COLGATESTREETJERSEYCITYNJ07302,100.0,93.33333333333333
Cape May,Cape May City School District,Cape May City Elementary School,09-0710-050,"921 LAFAYETTE ST, CAPE MAY, NJ, 08204",CAPEMAYCITYELEMENTARYSCHOOL,921LAFAYETTESTCAPEMAYNJ08204,Cape May City Elementary School,"921 Lafayette Street, Cape May, NJ, 08204",https://www.greatschools.org/new-jersey/cape-may/272-Cape-May-City-Elementary-School/,Above average,8.0,CAPEMAYCITYELEMENTARYSCHOOL,921LAFAYETTESTREETCAPEMAYNJ08204,100.0,93.33333333333333
Bergen,Ridgefield School District,Ridgefield Memorial High School,03-4370-050,"555 WALNUT ST, RIDGEFIELD, NJ, 07657",RIDGEFIELDMEMORIALHIGHSCHOOL,555WALNUTSTRIDGEFIELDNJ07657,Ridgefield Memorial High School,"555 Walnut Street, Ridgefield, NJ, 07657",https://www.greatschools.org/new-jersey/ridgefield/1724-Ridgefield-Memorial-High-School/,Average,5.0,RIDGEFIELDMEMORIALHIGHSCHOOL,555WALNUTSTREETRIDGEFIELDNJ07657,100.0,93.33333333333333
Passaic,Paterson Public School District,School 13,31-4010-170,"690 EAST 23RD ST, PATERSON, NJ, 07504",SCHOOL13,690EAST23RDSTPATERSONNJ07504,School 13,"690 East 23rd Street, Paterson, NJ, 07504",https://www.greatschools.org/new-jersey/paterson/1551-Number-13-Elementary-School/,Below average,2.0,SCHOOL13,690EAST23RDSTREETPATERSONNJ07504,100.0,93.33333333333333
Camden,Cherry Hill School District,Horace Mann Elementary School,07-0800-075,"150 Walt Whitman Blvd., CHERRY HILL, NJ, 08003",HORACEMANNELEMENTARYSCHOOL,150WALTWHITMANBLVDCHERRYHILLNJ08003,Horace Mann Elementary School,"150 Walt Whitman Boulevard, Cherry Hill, NJ, 08003",https://www.greatschools.org/new-jersey/cherry-hill/301-Horace-Mann-Elementary-School/,Average,6.0,HORACEMANNELEMENTARYSCHOOL,150WALTWHITMANBOULEVARDCHERRYHILLNJ08003,100.0,93.33333333333333
Gloucester,Glassboro School District,Glassboro High School,15-1730-050,"560 Joseph L Bowe Blvd, Glassboro, NJ, 08028",GLASSBOROHIGHSCHOOL,560JOSEPHLBOWEBLVDGLASSBORONJ08028,Glassboro High School,"560 Joseph L Bowe Boulevard, Glassboro, NJ, 08028",https://www.greatschools.org/new-jersey/glassboro/660-Glassboro-High-School/,Below average,2.0,GLASSBOROHIGHSCHOOL,560JOSEPHLBOWEBOULEVARDGLASSBORONJ08028,100.0,93.15068493150685
Warren,Phillipsburg School District,Phillipsburg High School,41-4100-050,"1 Stateliner Blvd., PHILLIPSBURG, NJ, 08865",PHILLIPSBURGHIGHSCHOOL,1STATELINERBLVDPHILLIPSBURGNJ08865,Phillipsburg High School,"1 Stateliner Boulevard, Phillipsburg, NJ, 08865",https://www.greatschools.org/new-jersey/phillipsburg/1617-Phillipsburg-High-School/,Below average,4.0,PHILLIPSBURGHIGHSCHOOL,1STATELINERBOULEVARDPHILLIPSBURGNJ08865,100.0,93.15068493150685
Essex,Belleville Public School District,Belleville PS9,13-0250-090,"301 RALPH ST, BELLEVILLE, NJ, 07109",BELLEVILLEPS9,301RALPHSTBELLEVILLENJ07109,Belleville PS9,"301 Ralph Street, Belleville, NJ, 07109",https://www.greatschools.org/new-jersey/belleville/87-Number-9-Elementary-School/,Above average,7.0,BELLEVILLEPS9,301RALPHSTREETBELLEVILLENJ07109,100.0,93.10344827586206
Hudson,Jersey City Public Schools,Dr. Paul Rafalides School,17-2390-270,"362 UNION ST, JERSEY CITY, NJ, 07304",DRPAULRAFALIDESSCHOOL,362UNIONSTJERSEYCITYNJ07304,Dr. Paul Rafalides School,"362 Union Street, Jersey City, NJ, 07304",https://www.greatschools.org/new-jersey/jersey-city/897-Number-33-Elementary-School/,Below average,3.0,DRPAULRAFALIDESSCHOOL,362UNIONSTREETJERSEYCITYNJ07304,100.0,93.10344827586206
Hunterdon,High Bridge Borough School District,High Bridge Middle School,19-2140-055,"50 THOMAS ST, HIGH BRIDGE, NJ, 08829",HIGHBRIDGEMIDDLESCHOOL,50THOMASSTHIGHBRIDGENJ08829,High Bridge Middle School,"50 Thomas Street, High Bridge, NJ, 08829",https://www.greatschools.org/new-jersey/high-bridge/781-High-Bridge-Middle-School/,Average,5.0,HIGHBRIDGEMIDDLESCHOOL,50THOMASSTREETHIGHBRIDGENJ08829,100.0,93.10344827586206
Union,Elizabeth Public Schools,Jerome Dunn Academy No 9,39-1320-302,"125 Third Street, Elizabeth, NJ, 07206",JEROMEDUNNACADEMYNO9,125THIRDSTREETELIZABETHNJ07206,Jerome Dunn Academy No 9,"125 3rd Street, Elizabeth, NJ, 07206",https://www.greatschools.org/new-jersey/elizabeth/8781-Jerome-Dunn-Academy-No-9/,Below average,4.0,JEROMEDUNNACADEMYNO9,1253RDSTREETELIZABETHNJ07206,100.0,93.10344827586206
Hudson,West New York Board of Education,West New York Middle School,17-5670-110,"201 57TH ST, WEST NEW YORK, NJ, 07093",WESTNEWYORKMIDDLESCHOOL,20157THSTWESTNEWYORKNJ07093,West New York Middle School,"201 57th Street, West New York, NJ, 07093",https://www.greatschools.org/new-jersey/west-new-york/4247-West-New-York-Middle-School/,Below average,4.0,WESTNEWYORKMIDDLESCHOOL,20157THSTREETWESTNEWYORKNJ07093,100.0,93.10344827586206
Camden,Haddon Township School District,Clyde S. Jennings Elementary School,07-1890-070,"100 CEDAR AVENUE, OAKLYN, NJ, 08107",CLYDESJENNINGSELEMENTARYSCHOOL,100CEDARAVENUEOAKLYNNJ08107,Clyde S. Jennings Elementary School,"100 West Cedar Avenue, Oaklyn, NJ, 08107",https://www.greatschools.org/new-jersey/oaklyn/714-Clyde-S.-Jennings-Elementary-School/,Above average,7.0,CLYDESJENNINGSELEMENTARYSCHOOL,100WESTCEDARAVENUEOAKLYNNJ08107,100.0,93.10344827586206
Middlesex,Perth Amboy Public School District,Robert N. Wilentz Elementary School,23-4090-200,"51 FIRST STREET, PERTH AMBOY, NJ, 08861",ROBERTNWILENTZELEMENTARYSCHOOL,51FIRSTSTREETPERTHAMBOYNJ08861,Robert N Wilentz Elementary School,"51 1st Street, Perth Amboy, NJ, 08861",https://www.greatschools.org/new-jersey/perth-amboy/3425-Robert-N--Wilentz-Elementary-School/,Average,5.0,ROBERTNWILENTZELEMENTARYSCHOOL,511STSTREETPERTHAMBOYNJ08861,100.0,93.10344827586206
Hudson,Jersey City Public Schools,"Ollie Culbreth, Jr. School",17-2390-160,"153 UNION ST, JERSEY CITY, NJ, 07304",OLLIECULBRETHJRSCHOOL,153UNIONSTJERSEYCITYNJ07304,Ollie Culbreth Jr. School,"153 Union Street, Jersey City, NJ, 07304",https://www.greatschools.org/new-jersey/jersey-city/886-Number-14-Elementary-School/,Below average,1.0,OLLIECULBRETHJRSCHOOL,153UNIONSTREETJERSEYCITYNJ07304,100.0,93.10344827586206
Essex,Newark Public School District,American History High School,13-3570-087,"74 Montgomery St, NEWARK, NJ, 07103",AMERICANHISTORYHIGHSCHOOL,74MONTGOMERYSTNEWARKNJ07103,American History High School,"74 Montgomery Street, Newark, NJ, 07103",https://www.greatschools.org/new-jersey/newark/4531-American-History-High-School/,Below average,1.0,AMERICANHISTORYHIGHSCHOOL,74MONTGOMERYSTREETNEWARKNJ07103,100.0,93.10344827586206
Middlesex,Jamesburg Public School District,Grace M. Breckwedel Middle School,23-2370-075,"13 AUGUSTA ST, JAMESBURG, NJ, 08831",GRACEMBRECKWEDELMIDDLESCHOOL,13AUGUSTASTJAMESBURGNJ08831,Grace M. Breckwedel Middle School,"13 Augusta Street, Jamesburg, NJ, 08831",https://www.greatschools.org/new-jersey/jamesburg/862-Grace-M.-Breckwedel-Middle-School/,Below average,4.0,GRACEMBRECKWEDELMIDDLESCHOOL,13AUGUSTASTREETJAMESBURGNJ08831,100.0,93.10344827586206
Cape May,Stone Harbor School District,Stone Harbor Elementary School,09-5060-050,"275 93RD ST, STONE HARBOR, NJ, 08247",STONEHARBORELEMENTARYSCHOOL,27593RDSTSTONEHARBORNJ08247,Stone Harbor Elementary School,"275 93rd Street, Stone Harbor, NJ, 08247",https://www.greatschools.org/new-jersey/stone-harbor/1912-Stone-Harbor-Elementary-School/,Below average,3.0,STONEHARBORELEMENTARYSCHOOL,27593RDSTREETSTONEHARBORNJ08247,100.0,93.10344827586206
Bergen,Wood-Ridge School District,Wood-Ridge Intermediate School,03-5830-300,"151 FIRST STREET, WOOD-RIDGE, NJ, 07075",WOODRIDGEINTERMEDIATESCHOOL,151FIRSTSTREETWOODRIDGENJ07075,WOOD-RIDGE INTERMEDIATE SCHOOL,"151 1st Street, Wood-Ridge, NJ, 07075",https://www.greatschools.org/new-jersey/wood_ridge/8731-WOOD-RIDGE-INTERMEDIATE-SCHOOL/,Average,6.0,WOODRIDGEINTERMEDIATESCHOOL,1511STSTREETWOODRIDGENJ07075,100.0,93.10344827586206
Union,Westfield Public School District,McKinley Elementary School,39-5730-140,"500 First Street, Westfield, NJ, 07090",MCKINLEYELEMENTARYSCHOOL,500FIRSTSTREETWESTFIELDNJ07090,McKinley Elementary School,"500 1st Street, Westfield, NJ, 07090",https://www.greatschools.org/new-jersey/westfield/2203-McKinley-Elementary-School/,Average,6.0,MCKINLEYELEMENTARYSCHOOL,5001STSTREETWESTFIELDNJ07090,100.0,93.10344827586206
Atlantic,Brigantine Public School District,Brigantine Community School,01-0570-300,"301 East Evans Blvd, Brigantine, NJ, 08203",BRIGANTINECOMMUNITYSCHOOL,301EASTEVANSBLVDBRIGANTINENJ08203,Brigantine Community School,"301 East Evans Boulevard, Brigantine, NJ, 08203",https://www.greatschools.org/new-jersey/brigantine/9198-Brigantine-Community-School/,Above average,7.0,BRIGANTINECOMMUNITYSCHOOL,301EASTEVANSBOULEVARDBRIGANTINENJ08203,100.0,92.95774647887323
Essex,Montclair Public School District,Watchung Elementary School,13-3310-170,"14 GARDEN ST, MONTCLAIR, NJ, 07042",WATCHUNGELEMENTARYSCHOOL,14GARDENSTMONTCLAIRNJ07042,Watchung Elementary School,"14 Garden Street, Montclair, NJ, 07042",https://www.greatschools.org/new-jersey/montclair/1224-Watchung-Elementary-School/,Average,6.0,WATCHUNGELEMENTARYSCHOOL,14GARDENSTREETMONTCLAIRNJ07042,100.0,92.85714285714286
Middlesex,Dunellen Public School District,Dunellen High School,23-1140-040,"411 First Street, DUNELLEN, NJ, 08812",DUNELLENHIGHSCHOOL,411FIRSTSTREETDUNELLENNJ08812,Dunellen High School,"411 1st Street, Dunellen, NJ, 08812",https://www.greatschools.org/new-jersey/dunellen/419-Dunellen-High-School/,Below average,3.0,DUNELLENHIGHSCHOOL,4111STSTREETDUNELLENNJ08812,100.0,92.85714285714286
Charters,Hope Community Charter School,Hope Community Charter School,80-6086-972,"836 S. 4th Street, Camden, NJ, 08103",HOPECOMMUNITYCHARTERSCHOOL,836S4THSTREETCAMDENNJ08103,Hope Community Charter School,"836 South 4th Street, Camden, NJ, 08103",https://www.greatschools.org/new-jersey/camden/8794-Hope-Community-Charter-School/,Below average,1.0,HOPECOMMUNITYCHARTERSCHOOL,836SOUTH4THSTREETCAMDENNJ08103,100.0,92.85714285714286
Essex,Newark Public School District,East Side High School,13-3570-040,"238 VAN BUREN ST, NEWARK, NJ, 07105",EASTSIDEHIGHSCHOOL,238VANBURENSTNEWARKNJ07105,East Side High School,"238 Van Buren Street, Newark, NJ, 07105",https://www.greatschools.org/new-jersey/newark/1319-East-Side-High-School/,Below average,2.0,EASTSIDEHIGHSCHOOL,238VANBURENSTREETNEWARKNJ07105,100.0,92.85714285714286
Union,Roselle Public Schools,Dr. Charles C. Polk School,39-4540-030,"1100 WARREN ST, ROSELLE, NJ, 07203",DRCHARLESCPOLKSCHOOL,1100WARRENSTROSELLENJ07203,Dr Charles C Polk School,"1100 Warren Street, Roselle, NJ, 07203",https://www.greatschools.org/new-jersey/roselle/1767-Dr-Charles-C--Polk-School/,Below average,3.0,DRCHARLESCPOLKSCHOOL,1100WARRENSTREETROSELLENJ07203,100.0,92.85714285714286
Bergen,Wallington Boro School District,Frank W. Gavlak Elementary School,03-5430-055,"106 KING ST, WALLINGTON, NJ, 07057",FRANKWGAVLAKELEMENTARYSCHOOL,106KINGSTWALLINGTONNJ07057,Frank W. Gavlak Elementary School,"106 King Street, Wallington, NJ, 07057",https://www.greatschools.org/new-jersey/wallington/2084-Frank-W.-Gavlak-Elementary-School/,Above average,8.0,FRANKWGAVLAKELEMENTARYSCHOOL,106KINGSTREETWALLINGTONNJ07057,100.0,92.85714285714286
Cumberland,Vineland Public School District,Marie Durand Elementary School,11-5390-135,"371 W FOREST GROVE RD, VINELAND, NJ, 08360",MARIEDURANDELEMENTARYSCHOOL,371WFORESTGROVERDVINELANDNJ08360,Marie Durand Elementary School,"371 West Forest Grove Road, Vineland, NJ, 08360",https://www.greatschools.org/new-jersey/vineland/2060-Marie-Durand-Elementary-School/,Below average,3.0,MARIEDURANDELEMENTARYSCHOOL,371WESTFORESTGROVEROADVINELANDNJ08360,100.0,92.7536231884058
Charters,Community Charter School of Paterson,Community Charter School of Paterson,80-6021-905,"75 SPRUCE ST, PATERSON, NJ, 07501",COMMUNITYCHARTERSCHOOLOFPATERSON,75SPRUCESTPATERSONNJ07501,Community Charter School Of Paterson,"75 Spruce Street, Paterson, NJ, 07501",https://www.greatschools.org/new-jersey/paterson/7052-Community-Charter-School-Of-Paterson/,Below average,4.0,COMMUNITYCHARTERSCHOOLOFPATERSON,75SPRUCESTREETPATERSONNJ07501,100.0,92.5925925925926
Bergen,Westwood Regional School District,Westwood Regional Middle School,03-5755-062,"23 THIRD AVENUE, WESTWOOD, NJ, 07675",WESTWOODREGIONALMIDDLESCHOOL,23THIRDAVENUEWESTWOODNJ07675,Westwood Regional Middle School,"23 3rd Avenue, Westwood, NJ, 07675",https://www.greatschools.org/new-jersey/westwood/2210-Brookside-Elementary-School/,Below average,4.0,WESTWOODREGIONALMIDDLESCHOOL,233RDAVENUEWESTWOODNJ07675,100.0,92.5925925925926
Union,Roselle Public Schools,Leonard V Moore Middle School,39-4540-040,"720 LOCUST ST, ROSELLE, NJ, 07203",LEONARDVMOOREMIDDLESCHOOL,720LOCUSTSTROSELLENJ07203,Leonard V. Moore Middle School,"720 Locust Street, Roselle, NJ, 07203",https://www.greatschools.org/new-jersey/roselle/1768-Leonard-V.-Moore-Middle-School/,Below average,3.0,LEONARDVMOOREMIDDLESCHOOL,720LOCUSTSTREETROSELLENJ07203,100.0,92.5925925925926
Bergen,Old Tappan Public School District,T. Baldwin Demarest Elementary School,03-3850-060,"1 SCHOOL ST, OLD TAPPAN, NJ, 07675",TBALDWINDEMARESTELEMENTARYSCHOOL,1SCHOOLSTOLDTAPPANNJ07675,T. Baldwin Demarest Elementary School,"1 School Street, Old Tappan, NJ, 07675",https://www.greatschools.org/new-jersey/old-tappan/1470-T.-Baldwin-Demarest-Elementary-School/,Above average,9.0,TBALDWINDEMARESTELEMENTARYSCHOOL,1SCHOOLSTREETOLDTAPPANNJ07675,100.0,92.5925925925926
Charters,Passaic Arts and Science Charter School,Passaic Arts and Science Charter School,80-6080-966,"7 St. Francis Way, Passaic, NJ, 07055",PASSAICARTSANDSCIENCECHARTERSCHOOL,7STFRANCISWAYPASSAICNJ07055,Passaic Arts And Science Charter School,"7 St. Francis Way, Passaic, NJ, 07410",https://www.greatschools.org/new-jersey/passaic/7154-Passaic-Arts-And-Science-Charter-School/,Below average,4.0,PASSAICARTSANDSCIENCECHARTERSCHOOL,7STFRANCISWAYPASSAICNJ07410,100.0,92.5925925925926
Hudson,Union City School District,Thomas A Edison Elementary School,17-5240-070,"507 WEST ST, UNION CITY, NJ, 07087",THOMASAEDISONELEMENTARYSCHOOL,507WESTSTUNIONCITYNJ07087,Thomas A. Edison Elementary School,"507 West Street, Union City, NJ, 07087",https://www.greatschools.org/new-jersey/union-city/1996-Thomas-A.-Edison-Elementary-School/,Average,6.0,THOMASAEDISONELEMENTARYSCHOOL,507WESTSTREETUNIONCITYNJ07087,100.0,92.5925925925926
Passaic,Paterson Public School District,School 12,31-4010-160,"121 NORTH SECOND STREET, PATERSON, NJ, 07522",SCHOOL12,121NORTHSECONDSTREETPATERSONNJ07522,School 12,"121 North 2nd Street, Paterson, NJ, 07522",https://www.greatschools.org/new-jersey/paterson/1550-Number-12-Elementary-School/,Below average,2.0,SCHOOL12,121NORTH2NDSTREETPATERSONNJ07522,100.0,92.53731343283582
Camden,Haddonfield School District,Haddonfield Middle School,07-1900-070,"FIVE LINCOLN AVENUE, HADDONFIELD, NJ, 08033",HADDONFIELDMIDDLESCHOOL,FIVELINCOLNAVENUEHADDONFIELDNJ08033,Haddonfield Middle School,"5 Lincoln Avenue, Haddonfield, NJ, 08033",https://www.greatschools.org/new-jersey/haddonfield/720-Middle-School/,Average,6.0,HADDONFIELDMIDDLESCHOOL,5LINCOLNAVENUEHADDONFIELDNJ08033,100.0,92.53731343283582
Middlesex,Monroe Township School District,Applegarth Elementary School,23-3290-300,"227 Applegarth Rd, Monroe Twp, NJ, 08831",APPLEGARTHELEMENTARYSCHOOL,227APPLEGARTHRDMONROETWPNJ08831,Applegarth Elementary School,"227 Applegarth Rd, Monroe Township, NJ, 08831",https://www.greatschools.org/new-jersey/monroe-township/7146-Applegarth-Elementary-School/,Above average,9.0,APPLEGARTHELEMENTARYSCHOOL,227APPLEGARTHRDMONROETOWNSHIPNJ08831,100.0,92.53731343283582
Cumberland,Vineland Public School District,Gloria M Sabater Elementary School,11-5390-075,"301 SOUTH EAST BLVD, VINELAND, NJ, 08360",GLORIAMSABATERELEMENTARYSCHOOL,301SOUTHEASTBLVDVINELANDNJ08360,Gloria M Sabater Elementary School,"301 Southeast Boulevard, Vineland, NJ, 08360",https://www.greatschools.org/new-jersey/buena/6912-Sabater/,Below average,3.0,GLORIAMSABATERELEMENTARYSCHOOL,301SOUTHEASTBOULEVARDVINELANDNJ08360,100.0,92.53731343283582
Camden,Cherry Hill School District,Bret Harte Elementary School,07-0800-068,"1909 Queen Anne Dr., CHERRY HILL, NJ, 08003",BRETHARTEELEMENTARYSCHOOL,1909QUEENANNEDRCHERRYHILLNJ08003,Bret Harte Elementary School,"1909 Queen Ann Road, Cherry Hill, NJ, 08003",https://www.greatschools.org/new-jersey/cherry-hill/297-Bret-Harte-Elementary-School/,Above average,7.0,BRETHARTEELEMENTARYSCHOOL,1909QUEENANNROADCHERRYHILLNJ08003,100.0,92.3076923076923
Hudson,Kearny,Schuyler Elementary School,17-2410-110,"644 FOREST ST, KEARNY, NJ, 07032",SCHUYLERELEMENTARYSCHOOL,644FORESTSTKEARNYNJ07032,Schuyler Elementary School,"644 Forest Street, Kearny, NJ, 07032",https://www.greatschools.org/new-jersey/kearny/919-Schuyler-Elementary-School/,Average,5.0,SCHUYLERELEMENTARYSCHOOL,644FORESTSTREETKEARNYNJ07032,100.0,92.3076923076923
Charters,Discovery Charter School,Discovery Charter School,80-6320-920,"240 Halsey St, NEWARK, NJ, 07102",DISCOVERYCHARTERSCHOOL,240HALSEYSTNEWARKNJ07102,Discovery Charter School,"240 Halsey Street, Newark, NJ, 07102",https://www.greatschools.org/new-jersey/newark/3335-Discovery-Charter-School/,Average,6.0,DISCOVERYCHARTERSCHOOL,240HALSEYSTREETNEWARKNJ07102,100.0,92.3076923076923
Essex,Newark Public School District,Camden Street Elementary School,13-3570-310,"281 CAMDEN ST, NEWARK, NJ, 07103",CAMDENSTREETELEMENTARYSCHOOL,281CAMDENSTNEWARKNJ07103,Camden Street Elementary School,"281 Camden Street, Newark, NJ, 07103",https://www.greatschools.org/new-jersey/newark/1339-Camden-Street-Elementary-School/,Below average,1.0,CAMDENSTREETELEMENTARYSCHOOL,281CAMDENSTREETNEWARKNJ07103,100.0,92.3076923076923
Essex,Newark Public School District,Quitman Street School,13-3570-605,"21 QUITMAN ST, NEWARK, NJ, 07103",QUITMANSTREETSCHOOL,21QUITMANSTNEWARKNJ07103,Quitman Street School,"21 Quitman Street, Newark, NJ, 07103",https://www.greatschools.org/new-jersey/newark/1372-Quitman-Community-School/,Below average,1.0,QUITMANSTREETSCHOOL,21QUITMANSTREETNEWARKNJ07103,100.0,92.3076923076923
Atlantic,Hammonton School District,Warren E. Sooy Jr. Elementary School,01-1960-055,"601 N  FOURTH STREET, HAMMONTON, NJ, 08037",WARRENESOOYJRELEMENTARYSCHOOL,601NFOURTHSTREETHAMMONTONNJ08037,Warren E Sooy Jr Elementary School,"601 North 4th Street, Hammonton, NJ, 08037",https://www.greatschools.org/new-jersey/hammonton/753-Warren-E-Sooy-Jr-Elementary-School/,Below average,4.0,WARRENESOOYJRELEMENTARYSCHOOL,601NORTH4THSTREETHAMMONTONNJ08037,100.0,92.3076923076923
Gloucester,Clayton Public School District,Clayton High School,15-0860-030,"55 POP KRAMER BLVD, CLAYTON, NJ, 08312",CLAYTONHIGHSCHOOL,55POPKRAMERBLVDCLAYTONNJ08312,Clayton High School,"55 Pop Kramer Boulevard, Clayton, NJ, 08312",https://www.greatschools.org/new-jersey/clayton/323-Clayton-High-School/,Below average,4.0,CLAYTONHIGHSCHOOL,55POPKRAMERBOULEVARDCLAYTONNJ08312,100.0,92.06349206349206
Gloucester,Delsea Regional High School District,Delsea Regional High School,15-4940-050,"242 FRIES MILL RD, FRANKLINVILLE, NJ, 08322",DELSEAREGIONALHIGHSCHOOL,242FRIESMILLRDFRANKLINVILLENJ08322,Delsea Regional High School,"242 FRIES MILL RD, Franklin, NJ, 08322",https://www.greatschools.org/new-jersey/franklin/1885-Delsea-Regional-High-School/,Below average,4.0,DELSEAREGIONALHIGHSCHOOL,242FRIESMILLRDFRANKLINNJ08322,100.0,92.06349206349206
Burlington,Delran Township School District,Delran Middle School,05-1060-007,"905 CHESTER AVENUE, DELRAN, NJ, 08075",DELRANMIDDLESCHOOL,905CHESTERAVENUEDELRANNJ08075,Delran Middle School,"905 South Chester Avenue, Delran, NJ, 08075",https://www.greatschools.org/new-jersey/delran/388-Delran-Middle-School/,Average,5.0,DELRANMIDDLESCHOOL,905SOUTHCHESTERAVENUEDELRANNJ08075,100.0,92.06349206349206
Essex,Newark Public School District,Barringer High School,13-3570-020,"90 PARKER ST, NEWARK, NJ, 07104",BARRINGERHIGHSCHOOL,90PARKERSTNEWARKNJ07104,Barringer High School,"90 Parker Street, Newark, NJ, 07104",https://www.greatschools.org/new-jersey/newark/1317-Barringer-High-School/,Below average,1.0,BARRINGERHIGHSCHOOL,90PARKERSTREETNEWARKNJ07104,100.0,92.0
Hudson,Kearny,Kearny High School,17-2410-050,"336 DEVON ST, KEARNY, NJ, 07032",KEARNYHIGHSCHOOL,336DEVONSTKEARNYNJ07032,Kearny High School,"336 Devon Street, Kearny, NJ, 07032",https://www.greatschools.org/new-jersey/kearny/914-Kearny-High-School/,Below average,3.0,KEARNYHIGHSCHOOL,336DEVONSTREETKEARNYNJ07032,100.0,92.0
Salem,Salem City School District,Salem High School,33-4630-050,"219 WALNUT ST, SALEM, NJ, 08079",SALEMHIGHSCHOOL,219WALNUTSTSALEMNJ08079,Salem High School,"219 Walnut Street, Salem, NJ, 08079",https://www.greatschools.org/new-jersey/salem/1801-Salem-High-School/,Below average,3.0,SALEMHIGHSCHOOL,219WALNUTSTREETSALEMNJ08079,100.0,92.0
Gloucester,Deptford Township Public School District,Oak Valley Elementary School,15-1100-120,"525 COLLEGE BLVD, WENONAH, NJ, 08090",OAKVALLEYELEMENTARYSCHOOL,525COLLEGEBLVDWENONAHNJ08090,Oak Valley Elementary School,"525 College Boulevard, Wenonah, NJ, 08090",https://www.greatschools.org/new-jersey/wenonah/403-Oak-Valley-Elementary-School/,Below average,4.0,OAKVALLEYELEMENTARYSCHOOL,525COLLEGEBOULEVARDWENONAHNJ08090,100.0,91.80327868852459
Mercer,Robbinsville Public Schools,Robbinsville High School,21-5510-030,"155 ROBBINSVILLE EDINBURG RD, ROBBINSVILLE, NJ, 08691",ROBBINSVILLEHIGHSCHOOL,155ROBBINSVILLEEDINBURGRDROBBINSVILLENJ08691,Robbinsville High School,"155 ROBBINSVILLE EDINBURG RD, Robbinsville Township, NJ, 08691",https://www.greatschools.org/new-jersey/robbinsville-township/4257-Robbinsville-High-School/,Above average,7.0,ROBBINSVILLEHIGHSCHOOL,155ROBBINSVILLEEDINBURGRDROBBINSVILLETOWNSHIPNJ08691,100.0,91.66666666666667
Gloucester,Township of Franklin School District,Caroline L. Reutter School,15-1590-070,"2150 DELSEA DR, FRANKLINVILLE, NJ, 08322",CAROLINELREUTTERSCHOOL,2150DELSEADRFRANKLINVILLENJ08322,Caroline L Reutter School,"2150 DELSEA DR, Franklin, NJ, 08322",https://www.greatschools.org/new-jersey/franklin/609-Caroline-L-Reutter-School/,Average,5.0,CAROLINELREUTTERSCHOOL,2150DELSEADRFRANKLINNJ08322,100.0,91.52542372881356
Camden,Oaklyn Public School District,Oaklyn Public School,07-3770-050,"136 KENDALL BLVD, OAKLYN, NJ, 08107",OAKLYNPUBLICSCHOOL,136KENDALLBLVDOAKLYNNJ08107,Oaklyn Public School,"136 Kendall Boulevard, Oaklyn, NJ, 08107",https://www.greatschools.org/new-jersey/oaklyn/1448-Oaklyn-Public-School/,Average,5.0,OAKLYNPUBLICSCHOOL,136KENDALLBOULEVARDOAKLYNNJ08107,100.0,91.52542372881356
Monmouth,Middletown Township Public School District,Thompson Middle School,25-3160-057,"1001 MIDDLETOWN  LINCROFT ROAD, MIDDLETOWN, NJ, 07748",THOMPSONMIDDLESCHOOL,1001MIDDLETOWNLINCROFTROADMIDDLETOWNNJ07748,Thompson Middle School,"1001 MIDDLETOWN LINCROFT ROAD, Middletown Township, NJ, 07748",https://www.greatschools.org/new-jersey/middletown/1163-Thompson-Middle-School/,Above average,7.0,THOMPSONMIDDLESCHOOL,1001MIDDLETOWNLINCROFTROADMIDDLETOWNTOWNSHIPNJ07748,100.0,91.48936170212767
Union,Roselle Park Public School District,Roselle Park High School,39-4550-050,"185 W WEBSTER AVE, ROSELLE PARK, NJ, 07204",ROSELLEPARKHIGHSCHOOL,185WWEBSTERAVEROSELLEPARKNJ07204,Roselle Park High School,"185 West Webster Avenue, Roselle Park, NJ, 07204",https://www.greatschools.org/new-jersey/roselle-park/1771-Roselle-Park-High-School/,Below average,3.0,ROSELLEPARKHIGHSCHOOL,185WESTWEBSTERAVENUEROSELLEPARKNJ07204,100.0,91.42857142857143
Bergen,Oakland Public School District,Valley Middle School,03-3760-080,"71 OAK ST, OAKLAND, NJ, 07436",VALLEYMIDDLESCHOOL,71OAKSTOAKLANDNJ07436,Valley Middle School,"71 Oak Street, Oakland, NJ, 07436",https://www.greatschools.org/new-jersey/oakland/1447-Valley-Middle-School/,Above average,7.0,VALLEYMIDDLESCHOOL,71OAKSTREETOAKLANDNJ07436,100.0,91.30434782608697
Gloucester,Delsea Regional High School District,Delsea Regional Middle School,15-4940-060,"FRIES MILL RD, FRANKLINVILLE, NJ, 08322",DELSEAREGIONALMIDDLESCHOOL,FRIESMILLRDFRANKLINVILLENJ08322,Delsea Regional Middle School,"FRIES MILL RD, Franklin, NJ, 08322",https://www.greatschools.org/new-jersey/franklinville/1886-Delsea-Regional-Middle-School/,Below average,4.0,DELSEAREGIONALMIDDLESCHOOL,FRIESMILLRDFRANKLINNJ08322,100.0,91.2280701754386
Bergen,Fort Lee School District,School No. 3,03-1550-080,"2405 SECOND STREET, FORT LEE, NJ, 07024",SCHOOLNO3,2405SECONDSTREETFORTLEENJ07024,School No. 3,"2405 2nd Street, Fort Lee, NJ, 07024",https://www.greatschools.org/new-jersey/fort-lee/601-Number-3-Elementary-School/,Above average,9.0,SCHOOLNO3,24052NDSTREETFORTLEENJ07024,100.0,91.2280701754386
Essex,Montclair Public School District,Northeast Elementary School,13-3310-140,"603 GROVE ST, UPPER MONTCLAIR, NJ, 07042",NORTHEASTELEMENTARYSCHOOL,603GROVESTUPPERMONTCLAIRNJ07042,Northeast Elementary School,"603 GROVE ST, Montclair, NJ, 07042",https://www.greatschools.org/new-jersey/montclair/1223-Northeast-Elementary-School/,Average,6.0,NORTHEASTELEMENTARYSCHOOL,603GROVESTMONTCLAIRNJ07042,100.0,91.2280701754386
Passaic,Paterson Public School District,School 21,31-4010-250,"322 TENTH AVENUE, PATERSON, NJ, 07514",SCHOOL21,322TENTHAVENUEPATERSONNJ07514,School 21,"322 10th Avenue, Paterson, NJ, 07514",https://www.greatschools.org/new-jersey/paterson/1559-Number-21-Elementary-School/,Below average,1.0,SCHOOL21,32210THAVENUEPATERSONNJ07514,100.0,91.2280701754386
Atlantic,Linwood City School District,Seaview Elementary School,01-2680-050,"2013 WABASH AVE, LINWOOD, NJ, 08221",SEAVIEWELEMENTARYSCHOOL,2013WABASHAVELINWOODNJ08221,Seaview Elementary School,"2015 Wabash Avenue, Linwood, NJ, 08221",https://www.greatschools.org/new-jersey/linwood/988-Seaview-Elementary-School/,Average,6.0,SEAVIEWELEMENTARYSCHOOL,2015WABASHAVENUELINWOODNJ08221,100.0,91.2280701754386
Essex,South Orange-Maplewood School District,Maplewood Middle School,13-4900-040,"7 BURNETT ST, MAPLEWOOD, NJ, 07040",MAPLEWOODMIDDLESCHOOL,7BURNETTSTMAPLEWOODNJ07040,Maplewood Middle School,"7 Burnet Street, Maplewood, NJ, 07040",https://www.greatschools.org/new-jersey/maplewood/1864-Maplewood-Middle-School/,Average,5.0,MAPLEWOODMIDDLESCHOOL,7BURNETSTREETMAPLEWOODNJ07040,100.0,90.9090909090909
Monmouth,Hazlet Township Public School District,Raritan Valley School,25-2105-095,"37 CRESCI BLVD, HAZLET, NJ, 07730",RARITANVALLEYSCHOOL,37CRESCIBLVDHAZLETNJ07730,Raritan Valley School,"37 Cresci Boulevard, Hazlet, NJ, 07730",https://www.greatschools.org/new-jersey/hazlet/1714-Raritan-Valley-School/,Average,5.0,RARITANVALLEYSCHOOL,37CRESCIBOULEVARDHAZLETNJ07730,100.0,90.9090909090909
Bergen,Bergenfield Borough School District,Roy W. Brown Middle School,03-0300-075,"130 S WASHINGTON AVE, BERGENFIELD, NJ, 07621",ROYWBROWNMIDDLESCHOOL,130SWASHINGTONAVEBERGENFIELDNJ07621,Roy W Brown Middle School,"130 South Washington Avenue, Bergenfield, NJ, 07621",https://www.greatschools.org/new-jersey/bergenfield/113-Roy-W-Brown-Middle-School/,Average,6.0,ROYWBROWNMIDDLESCHOOL,130SOUTHWASHINGTONAVENUEBERGENFIELDNJ07621,100.0,90.9090909090909
Hudson,Hoboken Public School District,Hoboken Middle School,17-2210-300,"158 Fourth Street, HOBOKEN, NJ, 07030",HOBOKENMIDDLESCHOOL,158FOURTHSTREETHOBOKENNJ07030,Hoboken Middle School,"158 4th Street, Hoboken, NJ, 07030",https://www.greatschools.org/new-jersey/hoboken/8863-Hoboken-Middle-School/,Average,6.0,HOBOKENMIDDLESCHOOL,1584THSTREETHOBOKENNJ07030,100.0,90.9090909090909
Union,Roselle Park Public School District,Sherman Elementary School,39-4550-090,"375 E GRANT AVE, ROSELLE PARK, NJ, 07204",SHERMANELEMENTARYSCHOOL,375EGRANTAVEROSELLEPARKNJ07204,Sherman Elementary School,"375 East Grant Avenue, Roselle Park, NJ, 07204",https://www.greatschools.org/new-jersey/roselle-park/1775-Sherman-Elementary-School/,Average,6.0,SHERMANELEMENTARYSCHOOL,375EASTGRANTAVENUEROSELLEPARKNJ07204,100.0,90.9090909090909
Middlesex,North Brunswick Township School District,North Brunswick Twp. Middle School,23-3620-300,"100 Renaissance Blvd, North Brunswick, NJ, 08902",NORTHBRUNSWICKTWPMIDDLESCHOOL,100RENAISSANCEBLVDNORTHBRUNSWICKNJ08902,North Brunswick Twp. Middle School,"100 Renaissance Blvd, North Brunswick Township, NJ, 08902",https://www.greatschools.org/new-jersey/north-brunswick-township/9206-North-Brunswick-Twp.-Middle-School/,Below average,4.0,NORTHBRUNSWICKTWPMIDDLESCHOOL,100RENAISSANCEBLVDNORTHBRUNSWICKTOWNSHIPNJ08902,100.0,90.69767441860466
Mercer,West Windsor-Plainsboro Regional School District,Maurice Hawk Elementary School,21-5715-040,"303  305 CLARKSVILLE ROAD, West Windsor, NJ, 08550",MAURICEHAWKELEMENTARYSCHOOL,303305CLARKSVILLEROADWESTWINDSORNJ08550,Maurice Hawk Elementary School,"303 305 CLARKSVILLE ROAD, West Windsor Township, NJ, 08550",https://www.greatschools.org/new-jersey/west-windsor-township/2192-Maurice-Hawk-Elementary-School/,Average,5.0,MAURICEHAWKELEMENTARYSCHOOL,303305CLARKSVILLEROADWESTWINDSORTOWNSHIPNJ08550,100.0,90.69767441860466
Union,Berkeley Heights School District,Columbia Middle School,39-0310-030,"345 PLAINFIELD AVE, BERKELEY HTS, NJ, 07922",COLUMBIAMIDDLESCHOOL,345PLAINFIELDAVEBERKELEYHTSNJ07922,Columbia Middle School,"345 Plainfield Avenue, Berkeley Heights, NJ, 07922",https://www.greatschools.org/new-jersey/berkeley-heights/118-Columbia-Middle-School/,Above average,9.0,COLUMBIAMIDDLESCHOOL,345PLAINFIELDAVENUEBERKELEYHEIGHTSNJ07922,100.0,90.66666666666667
Essex,Livingston Board of Education School District,Harrison Elementary School,13-2730-090,"148 N LIVINGSTON AVE, LIVINGSTON, NJ, 07039",HARRISONELEMENTARYSCHOOL,148NLIVINGSTONAVELIVINGSTONNJ07039,Harrison Elementary School,"148 North Livingston Avenue, Livingston, NJ, 07039",https://www.greatschools.org/new-jersey/livingston/1001-Harrison-Elementary-School/,Above average,10.0,HARRISONELEMENTARYSCHOOL,148NORTHLIVINGSTONAVENUELIVINGSTONNJ07039,100.0,90.66666666666667
Cumberland,Bridgeton City School District,Bridgeton High School,11-0540-020,"111 N WEST AVENUE, BRIDGETON, NJ, 08302",BRIDGETONHIGHSCHOOL,111NWESTAVENUEBRIDGETONNJ08302,Bridgeton High School,"111 West Avenue North, Bridgeton, NJ, 08302",https://www.greatschools.org/new-jersey/bridgeton/185-Bridgeton-High-School/,Below average,1.0,BRIDGETONHIGHSCHOOL,111WESTAVENUENORTHBRIDGETONNJ08302,100.0,90.625
Union,Roselle Park Public School District,Roselle Park Middle School,39-4550-085,"57 W GRANT AVE, ROSELLE PARK, NJ, 07204",ROSELLEPARKMIDDLESCHOOL,57WGRANTAVEROSELLEPARKNJ07204,Roselle Park Middle School,"57 West Grant Avenue, Roselle Park, NJ, 07204",https://www.greatschools.org/new-jersey/roselle-park/1774-Roselle-Park-Middle-School/,Average,5.0,ROSELLEPARKMIDDLESCHOOL,57WESTGRANTAVENUEROSELLEPARKNJ07204,100.0,90.625
Cumberland,Vineland Public School District,Johnstone Elementary School,11-5390-120,"165 S  BREWSTER RD, VINELAND, NJ, 08361",JOHNSTONEELEMENTARYSCHOOL,165SBREWSTERRDVINELANDNJ08361,Johnstone Elementary School,"165 South Brewster Road, Vineland, NJ, 08361",https://www.greatschools.org/new-jersey/vineland/2059-Johnstone-Elementary-School/,Below average,4.0,JOHNSTONEELEMENTARYSCHOOL,165SOUTHBREWSTERROADVINELANDNJ08361,100.0,90.625
Camden,"Camden Prep, Inc.","Camden Prep, Inc.",07-1801-113,"1575 Mt. Ephraim Ave, Camden, NJ, 08104",CAMDENPREPINC,1575MTEPHRAIMAVECAMDENNJ08104,Camden Prep Inc.,"1575 Mount Ephraim Avenue, Camden, NJ, 08104",https://www.greatschools.org/new-jersey/camden/8832-Camden-Prep-Inc./,Below average,4.0,CAMDENPREPINC,1575MOUNTEPHRAIMAVENUECAMDENNJ08104,100.0,90.625
Mercer,Hamilton Township Public School District,Albert E Grice Middle School,21-1950-070,"901 WHITEHORSE HAMILTON SQ, HAMILTON, NJ, 08610",ALBERTEGRICEMIDDLESCHOOL,901WHITEHORSEHAMILTONSQHAMILTONNJ08610,Albert E Grice Middle School,"901 WHITEHORSE HAMILTON SQ, Hamilton Township, NJ, 08610",https://www.greatschools.org/new-jersey/hamilton-township/731-Albert-E-Grice-Middle-School/,Below average,4.0,ALBERTEGRICEMIDDLESCHOOL,901WHITEHORSEHAMILTONSQHAMILTONTOWNSHIPNJ08610,100.0,90.47619047619048
Mercer,Hamilton Township Public School District,Emily C. Reynolds Middle School,21-1950-080,"2145 YARDVILLE HAMILTON SQ, HAMILTON, NJ, 08690",EMILYCREYNOLDSMIDDLESCHOOL,2145YARDVILLEHAMILTONSQHAMILTONNJ08690,Emily C Reynolds Middle School,"2145 YARDVILLE HAMILTON SQ, Hamilton Township, NJ, 08690",https://www.greatschools.org/new-jersey/trenton/732-Emily-C-Reynolds-Middle-School/,Below average,4.0,EMILYCREYNOLDSMIDDLESCHOOL,2145YARDVILLEHAMILTONSQHAMILTONTOWNSHIPNJ08690,100.0,90.47619047619048
Mercer,Hamilton Township Public School District,Yardville Elementary School,21-1950-260,"450 YARDVILLE  ALLENTOWN RD, HAMILTON, NJ, 08620",YARDVILLEELEMENTARYSCHOOL,450YARDVILLEALLENTOWNRDHAMILTONNJ08620,Yardville Elementary School,"450 YARDVILLE ALLENTOWN RD, Hamilton Township, NJ, 08620",https://www.greatschools.org/new-jersey/trenton/748-Yardville-Elementary-School/,Above average,7.0,YARDVILLEELEMENTARYSCHOOL,450YARDVILLEALLENTOWNRDHAMILTONTOWNSHIPNJ08620,100.0,90.47619047619048
Atlantic,Egg Harbor Township School District,E. H. Slaybaugh Elementary School,01-1310-035,"11 SWIFT AVENUE, EGG HARBOR TOWNSHIP, NJ, 08234",EHSLAYBAUGHELEMENTARYSCHOOL,11SWIFTAVENUEEGGHARBORTOWNSHIPNJ08234,E H Slaybaugh Elementary School,"11 Swift Drive, Egg Harbor Township, NJ, 08234",https://www.greatschools.org/new-jersey/egg-harbor-township/498-E-H-Slaybaugh-Elementary-School/,Below average,3.0,EHSLAYBAUGHELEMENTARYSCHOOL,11SWIFTDRIVEEGGHARBORTOWNSHIPNJ08234,100.0,90.41095890410959
Cumberland,Vineland Public School District,Dane Barse Elementary School,11-5390-095,"240 S ORCHARD RD, VINELAND, NJ, 08360",DANEBARSEELEMENTARYSCHOOL,240SORCHARDRDVINELANDNJ08360,Dane Barse Elementary School,"240 South Orchard Road, Vineland, NJ, 08360",https://www.greatschools.org/new-jersey/vineland/2056-Dane-Barse-Elementary-School/,Below average,3.0,DANEBARSEELEMENTARYSCHOOL,240SOUTHORCHARDROADVINELANDNJ08360,100.0,90.3225806451613
Somerset,Hillsborough Township Public School District,Hillsborough High School,35-2170-030,"466 Raider Boulevard, Hillsborough, NJ, 08844",HILLSBOROUGHHIGHSCHOOL,466RAIDERBOULEVARDHILLSBOROUGHNJ08844,Hillsborough High School,"466 Raider Boulevard, Hillsborough Township, NJ, 08844",https://www.greatschools.org/new-jersey/hillsborough-township/788-Hillsborough-High-School/,Average,6.0,HILLSBOROUGHHIGHSCHOOL,466RAIDERBOULEVARDHILLSBOROUGHTOWNSHIPNJ08844,100.0,90.2439024390244
Ocean,Little Egg Harbor Township School District,Frog Pond Elementary School,29-2690-030,"305 FROG POND ROAD, LITTLE EGG HARBOR, NJ, 08087",FROGPONDELEMENTARYSCHOOL,305FROGPONDROADLITTLEEGGHARBORNJ08087,Frog Pond Elementary School,"305 FROG POND ROAD, Little Egg Harbor Township, NJ, 08087",https://www.greatschools.org/new-jersey/little-egg-harbor-township/990-Frog-Pond-Elementary-School/,Below average,4.0,FROGPONDELEMENTARYSCHOOL,305FROGPONDROADLITTLEEGGHARBORTOWNSHIPNJ08087,100.0,90.2439024390244
Monmouth,Howell Township Public School District,Ramtown Elementary School,25-2290-035,"216 RAMTOWN -GREENVILLE ROAD, HOWELL, NJ, 07731",RAMTOWNELEMENTARYSCHOOL,216RAMTOWNGREENVILLEROADHOWELLNJ07731,Ramtown Elementary School,"216 RAMTOWN -GREENVILLE ROAD, Howell Township, NJ, 07731",https://www.greatschools.org/new-jersey/howell-township/835-Ramtown-Elementary-School/,Below average,4.0,RAMTOWNELEMENTARYSCHOOL,216RAMTOWNGREENVILLEROADHOWELLTOWNSHIPNJ07731,100.0,90.2439024390244
Charters,Bridgeton Public Charter School,Bridgeton Public Charter School,80-6100-991,"790 East Commerce Ave, Bridgeton, NJ, 08302",BRIDGETONPUBLICCHARTERSCHOOL,790EASTCOMMERCEAVEBRIDGETONNJ08302,Bridgeton Public Charter School,"790 East Commerce Street, Bridgeton, NJ, 08302",https://www.greatschools.org/new-jersey/bridgeton/8876-Bridgeton-Public-Charter-School/,Below average,2.0,BRIDGETONPUBLICCHARTERSCHOOL,790EASTCOMMERCESTREETBRIDGETONNJ08302,100.0,90.14084507042254
Bergen,Bergenfield Borough School District,Bergenfield High School,03-0300-020,"80 S PROSPECT AVE, BERGENFIELD, NJ, 07621",BERGENFIELDHIGHSCHOOL,80SPROSPECTAVEBERGENFIELDNJ07621,Bergenfield High School,"80 South Prospect Avenue, Bergenfield, NJ, 07621",https://www.greatschools.org/new-jersey/bergenfield/108-Bergenfield-High-School/,Average,6.0,BERGENFIELDHIGHSCHOOL,80SOUTHPROSPECTAVENUEBERGENFIELDNJ07621,100.0,90.14084507042254
Charters,Vineland Public Charter School,Vineland Public Charter School,80-6028-910,"1480 Pennsylvania Ave., VINELAND, NJ, 08332",VINELANDPUBLICCHARTERSCHOOL,1480PENNSYLVANIAAVEVINELANDNJ08332,Vineland Public Charter School,"1480 Pennsylvania Avenue, Vineland, NJ, 08361",https://www.greatschools.org/new-jersey/vineland/7054-Vineland-Public-Charter-School/,Below average,4.0,VINELANDPUBLICCHARTERSCHOOL,1480PENNSYLVANIAAVENUEVINELANDNJ08361,100.0,90.14084507042254
Essex,West Orange Public Schools,St. Cloud Elementary School,13-5680-170,"71 SHERIDAN AVE, W ORANGE, NJ, 07052",STCLOUDELEMENTARYSCHOOL,71SHERIDANAVEWORANGENJ07052,St. Cloud Elementary School,"71 Sheridan Avenue, West Orange, NJ, 07052",https://www.greatschools.org/new-jersey/west-orange/2183-St.-Cloud-Elementary-School/,Above average,7.0,STCLOUDELEMENTARYSCHOOL,71SHERIDANAVENUEWESTORANGENJ07052,100.0,90.0
Monmouth,LONG BRANCH PUBLIC SCHOOL District,A A Anastasia Elementary School,25-2770-065,"92 SEVENTH AVENUE, LONG BRANCH, NJ, 07740",AAANASTASIAELEMENTARYSCHOOL,92SEVENTHAVENUELONGBRANCHNJ07740,A.A. Anastasia Elementary School,"92 7th Avenue, Long Branch, NJ, 07740",https://www.greatschools.org/new-jersey/long-branch/1018-A.A.-Anastasia-Elementary-School/,Below average,4.0,AAANASTASIAELEMENTARYSCHOOL,927THAVENUELONGBRANCHNJ07740,100.0,90.0
Essex,West Orange Public Schools,Gregory Elementary School,13-5680-120,"301 GREGORY AVE, W ORANGE, NJ, 07052",GREGORYELEMENTARYSCHOOL,301GREGORYAVEWORANGENJ07052,Gregory Elementary School,"301 Gregory Avenue, West Orange, NJ, 07052",https://www.greatschools.org/new-jersey/west-orange/2179-Gregory-Elementary-School/,Above average,7.0,GREGORYELEMENTARYSCHOOL,301GREGORYAVENUEWESTORANGENJ07052,100.0,90.0
Ocean,Jackson Township School District,Jackson Liberty High School,29-2360-025,"125 North Hope Chapel Road, Jackson, NJ, 08527",JACKSONLIBERTYHIGHSCHOOL,125NORTHHOPECHAPELROADJACKSONNJ08527,Jackson Liberty High School,"125 North Hope Chapel Road, Jackson Township, NJ, 08527",https://www.greatschools.org/new-jersey/jackson-township/4527-Jackson-Liberty-High-School/,Below average,3.0,JACKSONLIBERTYHIGHSCHOOL,125NORTHHOPECHAPELROADJACKSONTOWNSHIPNJ08527,100.0,90.0
Salem,Penns Grove-Carneys Point Regional School District,Penns Grove High School,33-4070-050,"334 HARDING HIGHWAY, CARNEYS POINT, NJ, 08069",PENNSGROVEHIGHSCHOOL,334HARDINGHIGHWAYCARNEYSPOINTNJ08069,Penns Grove High School,"334 HARDING HIGHWAY, Carneys Point Township, NJ, 08069",https://www.greatschools.org/new-jersey/penns-grove/1586-Penns-Grove-High-School/,Below average,2.0,PENNSGROVEHIGHSCHOOL,334HARDINGHIGHWAYCARNEYSPOINTTOWNSHIPNJ08069,100.0,90.0
Essex,ORANGE BOARD OF EDUCATION School District,Cleveland Street Elementary School,13-3880-070,"355 CLEVELAND ST, ORANGE, NJ, 07050",CLEVELANDSTREETELEMENTARYSCHOOL,355CLEVELANDSTORANGENJ07050,Cleveland Street Elementary School,"355 CLEVELAND ST, City of Orange, NJ, 07050",https://www.greatschools.org/new-jersey/city-of-orange/1478-Cleveland-Street-Elementary-School/,Below average,3.0,CLEVELANDSTREETELEMENTARYSCHOOL,355CLEVELANDSTCITYOFORANGENJ07050,100.0,90.0
Somerset,Hillsborough Township Public School District,Woods Road Elementary School,35-2170-085,"120 South Woods Road, Hillsborough, NJ, 08844",WOODSROADELEMENTARYSCHOOL,120SOUTHWOODSROADHILLSBOROUGHNJ08844,Woods Road Elementary School,"120 South Woods Road, Hillsborough Township, NJ, 08844",https://www.greatschools.org/new-jersey/hillsborough-township/794-Woods-Road-Elementary-School/,Above average,10.0,WOODSROADELEMENTARYSCHOOL,120SOUTHWOODSROADHILLSBOROUGHTOWNSHIPNJ08844,100.0,90.0
Burlington,Mount Laurel Township School District,T. E. Harrington Middle School,05-3440-060,"514 MOUNT LAUREL ROAD, MOUNT LAUREL, NJ, 08054",TEHARRINGTONMIDDLESCHOOL,514MOUNTLAURELROADMOUNTLAURELNJ08054,T E Harrington Middle School,"514 MOUNT LAUREL ROAD, Mount Laurel Township, NJ, 08054",https://www.greatschools.org/new-jersey/mount-laurel/1269-T-E--Harrington-Middle-School/,Average,5.0,TEHARRINGTONMIDDLESCHOOL,514MOUNTLAURELROADMOUNTLAURELTOWNSHIPNJ08054,100.0,90.0
Burlington,Mount Laurel Township School District,Countryside Elementary School,05-3440-010,"115 SCHOOLHOUSE LANE, MOUNT LAUREL, NJ, 08054",COUNTRYSIDEELEMENTARYSCHOOL,115SCHOOLHOUSELANEMOUNTLAURELNJ08054,Countryside Elementary School,"115 SCHOOLHOUSE LANE, Mount Laurel Township, NJ, 08054",https://www.greatschools.org/new-jersey/mount-laurel-township/1266-Countryside-Elementary-School/,Below average,4.0,COUNTRYSIDEELEMENTARYSCHOOL,115SCHOOLHOUSELANEMOUNTLAURELTOWNSHIPNJ08054,100.0,90.0
Sussex,Montague Township School District,Montague Township School,37-3300-050,"475 ROUTE 206, MONTAGUE, NJ, 07827",MONTAGUETOWNSHIPSCHOOL,475ROUTE206MONTAGUENJ07827,Montague Township School,"475 U.S. 206, Montague, NJ, 07827",https://www.greatschools.org/new-jersey/montague-township/1214-Montague-Elementary-School/,Average,6.0,MONTAGUETOWNSHIPSCHOOL,475US206MONTAGUENJ07827,100.0,89.79591836734694
Middlesex,North Brunswick Township School District,Linwood Middle School,23-3620-065,"25 LINWOOD PLACE, NORTH BRUNSWICK, NJ, 08902",LINWOODMIDDLESCHOOL,25LINWOODPLACENORTHBRUNSWICKNJ08902,Linwood Middle School,"25 LINWOOD PLACE, North Brunswick Township, NJ, 08902",https://www.greatschools.org/new-jersey/north-brunswick-township/1407-Linwood-Middle-School/,Below average,4.0,LINWOODMIDDLESCHOOL,25LINWOODPLACENORTHBRUNSWICKTOWNSHIPNJ08902,100.0,89.74358974358975
Mercer,Hamilton Township Public School District,Yardville Heights Elementary School,21-1950-270,"3880 SOUTH BROAD STREET, HAMILTON, NJ, 08620",YARDVILLEHEIGHTSELEMENTARYSCHOOL,3880SOUTHBROADSTREETHAMILTONNJ08620,Yardville Heights Elementary School,"3880 SOUTH BROAD STREET, Hamilton Township, NJ, 08620",https://www.greatschools.org/new-jersey/trenton/749-Yardville-Heights-Elementary-School/,Average,6.0,YARDVILLEHEIGHTSELEMENTARYSCHOOL,3880SOUTHBROADSTREETHAMILTONTOWNSHIPNJ08620,100.0,89.74358974358975
Ocean,Barnegat Township School District,Russell O. Brackman Middle School,29-0185-050,"600 BARNEGAT BLVD  NORTH, BARNEGAT, NJ, 08005",RUSSELLOBRACKMANMIDDLESCHOOL,600BARNEGATBLVDNORTHBARNEGATNJ08005,Russell O Brackman Middle School,"600 BARNEGAT BLVD NORTH, Barnegat Township, NJ, 08005",https://www.greatschools.org/new-jersey/barnegat-township/2012-Russell-O--Brackman-Middle-School/,Below average,4.0,RUSSELLOBRACKMANMIDDLESCHOOL,600BARNEGATBLVDNORTHBARNEGATTOWNSHIPNJ08005,100.0,89.74358974358975
Camden,Pennsauken Township Board of Education School District,G.H. Carson Elementary School,07-4060-130,"4150 GARFIELD AVENUE, PENNSAUKEN, NJ, 08109",GHCARSONELEMENTARYSCHOOL,4150GARFIELDAVENUEPENNSAUKENNJ08109,G.H. Carson Elementary School,"4150 GARFIELD AVENUE, Pennsauken Township, NJ, 08109",https://www.greatschools.org/new-jersey/pennsauken-township/1599-G.H.-Carson-Elementary-School/,Below average,3.0,GHCARSONELEMENTARYSCHOOL,4150GARFIELDAVENUEPENNSAUKENTOWNSHIPNJ08109,100.0,89.74358974358975
Ocean,Jackson Township School District,Jackson Memorial High School,29-2360-020,"101 Don Connor Boulevard, Jackson, NJ, 08527",JACKSONMEMORIALHIGHSCHOOL,101DONCONNORBOULEVARDJACKSONNJ08527,Jackson Memorial High School,"101 Don Connor Boulevard, Jackson Township, NJ, 08527",https://www.greatschools.org/new-jersey/jackson-township/856-Jackson-Memorial-High-School/,Average,5.0,JACKSONMEMORIALHIGHSCHOOL,101DONCONNORBOULEVARDJACKSONTOWNSHIPNJ08527,100.0,89.74358974358975
Salem,Pennsville Public School District,Pennsville Middle School,33-4075-055,"4 WILLIAM PENN AVENUE, PENNSVILLE, NJ, 08070",PENNSVILLEMIDDLESCHOOL,4WILLIAMPENNAVENUEPENNSVILLENJ08070,Pennsville Middle School,"4 WILLIAM PENN AVENUE, Pennsville Township, NJ, 08070",https://www.greatschools.org/new-jersey/pennsville/1034-Pennsville-Middle-School/,Below average,4.0,PENNSVILLEMIDDLESCHOOL,4WILLIAMPENNAVENUEPENNSVILLETOWNSHIPNJ08070,100.0,89.74358974358975
Monmouth,Middletown Township Public School District,New Monmouth Elementary School,25-3160-143,"121 NEW MONMOUTH ROAD, MIDDLETOWN, NJ, 07748",NEWMONMOUTHELEMENTARYSCHOOL,121NEWMONMOUTHROADMIDDLETOWNNJ07748,New Monmouth Elementary School,"121 NEW MONMOUTH ROAD, Middletown Township, NJ, 07748",https://www.greatschools.org/new-jersey/middletown/1173-New-Monmouth-Elementary-School/,Average,5.0,NEWMONMOUTHELEMENTARYSCHOOL,121NEWMONMOUTHROADMIDDLETOWNTOWNSHIPNJ07748,100.0,89.74358974358975
Ocean,Jackson Township School District,Switlik Elementary School,29-2360-050,"75 West Veterans Highway, Jackson, NJ, 08527",SWITLIKELEMENTARYSCHOOL,75WESTVETERANSHIGHWAYJACKSONNJ08527,Switlik Elementary School,"75 West Veterans Highway, Jackson Township, NJ, 08527",https://www.greatschools.org/new-jersey/jackson-township/860-Switlik-Elementary-School/,Average,5.0,SWITLIKELEMENTARYSCHOOL,75WESTVETERANSHIGHWAYJACKSONTOWNSHIPNJ08527,100.0,89.74358974358975
Somerset,Green Brook Township Public School District,Green Brook Middle School,35-1810-030,"132 Jefferson Avenue, Green Brook, NJ, 08812",GREENBROOKMIDDLESCHOOL,132JEFFERSONAVENUEGREENBROOKNJ08812,Green Brook Middle School,"132 Jefferson Avenue, Green Brook Township, NJ, 08812",https://www.greatschools.org/new-jersey/green-brook-township/8827-Green-Brook-Middle-School/,Average,6.0,GREENBROOKMIDDLESCHOOL,132JEFFERSONAVENUEGREENBROOKTOWNSHIPNJ08812,100.0,89.74358974358975
Essex,ORANGE BOARD OF EDUCATION School District,Heywood Avenue Elementary School,13-3880-090,"421 HEYWOOD AVE, ORANGE, NJ, 07050",HEYWOODAVENUEELEMENTARYSCHOOL,421HEYWOODAVEORANGENJ07050,Heywood Avenue Elementary School,"421 HEYWOOD AVE, City of Orange, NJ, 07050",https://www.greatschools.org/new-jersey/orange/1480-Heywood-Avenue-Elementary-School/,Average,5.0,HEYWOODAVENUEELEMENTARYSCHOOL,421HEYWOODAVECITYOFORANGENJ07050,100.0,89.65517241379311
Essex,ORANGE BOARD OF EDUCATION School District,Orange Preparatory Academy,13-3880-115,"400 CENTRAL AVE, ORANGE, NJ, 07050",ORANGEPREPARATORYACADEMY,400CENTRALAVEORANGENJ07050,Orange Preparatory Academy,"400 CENTRAL AVE, City of Orange, NJ, 07050",https://www.greatschools.org/new-jersey/city-of-orange/1483-Orange-Middle-School/,Average,6.0,ORANGEPREPARATORYACADEMY,400CENTRALAVECITYOFORANGENJ07050,100.0,89.65517241379311
Essex,ORANGE BOARD OF EDUCATION School District,Orange High School,13-3880-050,"400 LINCOLN AVE, ORANGE, NJ, 07050",ORANGEHIGHSCHOOL,400LINCOLNAVEORANGENJ07050,Orange High School,"400 LINCOLN AVE, City of Orange, NJ, 07050",https://www.greatschools.org/new-jersey/city-of-orange/1476-Orange-High-School/,Below average,2.0,ORANGEHIGHSCHOOL,400LINCOLNAVECITYOFORANGENJ07050,100.0,89.65517241379311
Essex,ORANGE BOARD OF EDUCATION School District,Lincoln Avenue Elementary School,13-3880-100,"216 LINCOLN AVE, ORANGE, NJ, 07050",LINCOLNAVENUEELEMENTARYSCHOOL,216LINCOLNAVEORANGENJ07050,Lincoln Avenue Elementary School,"216 LINCOLN AVE, City of Orange, NJ, 07050",https://www.greatschools.org/new-jersey/city-of-orange/1481-Lincoln-Avenue-Elementary-School/,Below average,4.0,LINCOLNAVENUEELEMENTARYSCHOOL,216LINCOLNAVECITYOFORANGENJ07050,100.0,89.65517241379311
Essex,ORANGE BOARD OF EDUCATION School District,Oakwood Avenue Elementary School,13-3880-110,"135 OAKWOOD AVE, ORANGE, NJ, 07050",OAKWOODAVENUEELEMENTARYSCHOOL,135OAKWOODAVEORANGENJ07050,Oakwood Avenue Elementary School,"135 OAKWOOD AVE, City of Orange, NJ, 07050",https://www.greatschools.org/new-jersey/city-of-orange/1482-Oakwood-Avenue-Elementary-School/,Below average,2.0,OAKWOODAVENUEELEMENTARYSCHOOL,135OAKWOODAVECITYOFORANGENJ07050,100.0,89.65517241379311
Union,Rahway Public School District,Grover Cleveland Elementary School,39-4290-090,"486 E MILTON AVE, RAHWAY, NJ, 07065",GROVERCLEVELANDELEMENTARYSCHOOL,486EMILTONAVERAHWAYNJ07065,Grover Cleveland Elementary School,"486 East Milton Avenue, Rahway, NJ, 07065",https://www.greatschools.org/new-jersey/rahway/1691-Grover-Cleveland-Elementary-School/,Average,5.0,GROVERCLEVELANDELEMENTARYSCHOOL,486EASTMILTONAVENUERAHWAYNJ07065,100.0,89.65517241379311
Essex,West Orange Public Schools,Redwood Elementary School,13-5680-160,"75 REDWOOD AVE, W ORANGE, NJ, 07052",REDWOODELEMENTARYSCHOOL,75REDWOODAVEWORANGENJ07052,Redwood Elementary School,"75 Redwood Avenue, West Orange, NJ, 07052",https://www.greatschools.org/new-jersey/west-orange/2182-Redwood-Elementary-School/,Above average,8.0,REDWOODELEMENTARYSCHOOL,75REDWOODAVENUEWESTORANGENJ07052,100.0,89.65517241379311
Charters,College Achieve Greater Asbury Park Charter School,College Achieve Greater Asbury Park Charter School,80-7891-904,"3455 W. Bangs Avenue, Neptune, NJ, 07753",COLLEGEACHIEVEGREATERASBURYPARKCHARTERSCHOOL,3455WBANGSAVENUENEPTUNENJ07753,College Achieve Greater Asbury Park Charter School,"3455 West Bangs Avenue, Neptune City, NJ, 07753",https://www.greatschools.org/new-jersey/asbury-park/8895-College-Achieve-Greater-Asbury-Park-Charter-School/,Below average,4.0,COLLEGEACHIEVEGREATERASBURYPARKCHARTERSCHOOL,3455WESTBANGSAVENUENEPTUNECITYNJ07753,100.0,89.55223880597015
Cumberland,Vineland Public School District,Sgt. Dominick Pilla Middle School,11-5390-301,"3133 S Lincoln Ave, Vineland, NJ, 08361",SGTDOMINICKPILLAMIDDLESCHOOL,3133SLINCOLNAVEVINELANDNJ08361,Sgt. Dominick Pilla Middle School,"3133 South Lincoln Avenue, Vineland, NJ, 08361",https://www.greatschools.org/new-jersey/vineland/8901-Lincoln-Avenue-Middle-School/,Below average,2.0,SGTDOMINICKPILLAMIDDLESCHOOL,3133SOUTHLINCOLNAVENUEVINELANDNJ08361,100.0,89.55223880597015
Middlesex,Woodbridge Township School District,Woodbridge High School,23-5850-050,"25 SAMUEL LUPO PLACE, WOODBRIDGE, NJ, 07095",WOODBRIDGEHIGHSCHOOL,25SAMUELLUPOPLACEWOODBRIDGENJ07095,Woodbridge High School,"25 SAMUEL LUPO PLACE, Woodbridge Township, NJ, 07095",https://www.greatschools.org/new-jersey/woodbridge-township/2244-Woodbridge-High-School/,Below average,2.0,WOODBRIDGEHIGHSCHOOL,25SAMUELLUPOPLACEWOODBRIDGETOWNSHIPNJ07095,100.0,89.47368421052632
Mercer,West Windsor-Plainsboro Regional School District,Millstone River School,21-5715-150,"75 GROVERS MILL ROAD, PLAINSBORO, NJ, 08536",MILLSTONERIVERSCHOOL,75GROVERSMILLROADPLAINSBORONJ08536,Millstone River School,"75 GROVERS MILL ROAD, Plainsboro Township, NJ, 08536",https://www.greatschools.org/new-jersey/plainsboro-township/2195-Millstone-River-School/,Above average,7.0,MILLSTONERIVERSCHOOL,75GROVERSMILLROADPLAINSBOROTOWNSHIPNJ08536,100.0,89.47368421052632
Mercer,Hamilton Township Public School District,Greenwood Elementary School,21-1950-110,"2069 GREENWOOD AVENUE, HAMILTON, NJ, 08609",GREENWOODELEMENTARYSCHOOL,2069GREENWOODAVENUEHAMILTONNJ08609,Greenwood Elementary School,"2069 GREENWOOD AVENUE, Hamilton Township, NJ, 08609",https://www.greatschools.org/new-jersey/hamilton-township/735-Greenwood-Elementary-School/,Below average,3.0,GREENWOODELEMENTARYSCHOOL,2069GREENWOODAVENUEHAMILTONTOWNSHIPNJ08609,100.0,89.47368421052632
Mercer,West Windsor-Plainsboro Regional School District,Thomas R Grover Middle School,21-5715-035,"10 SOUTHFIELD ROAD, West Windsor, NJ, 08550",THOMASRGROVERMIDDLESCHOOL,10SOUTHFIELDROADWESTWINDSORNJ08550,Thomas R Grover Middle School,"10 SOUTHFIELD ROAD, West Windsor Township, NJ, 08550",https://www.greatschools.org/new-jersey/west-windsor-township/3398-Thomas-R-Grover-Middle-School/,Above average,8.0,THOMASRGROVERMIDDLESCHOOL,10SOUTHFIELDROADWESTWINDSORTOWNSHIPNJ08550,100.0,89.47368421052632
Mercer,West Windsor-Plainsboro Regional School District,Community Middle School,21-5715-140,"95 GROVERS MILL ROAD, PLAINSBORO, NJ, 08536",COMMUNITYMIDDLESCHOOL,95GROVERSMILLROADPLAINSBORONJ08536,Community Middle School,"95 GROVERS MILL ROAD, Plainsboro Township, NJ, 08536",https://www.greatschools.org/new-jersey/plainsboro-township/2194-Community-Middle-School/,Above average,7.0,COMMUNITYMIDDLESCHOOL,95GROVERSMILLROADPLAINSBOROTOWNSHIPNJ08536,100.0,89.47368421052632
Monmouth,Wall Township Public School District,Allenwood Elementary School,25-5420-060,"3301 ALLENWOOD  LAKEWOOD RD, WALL, NJ, 07719",ALLENWOODELEMENTARYSCHOOL,3301ALLENWOODLAKEWOODRDWALLNJ07719,Allenwood Elementary School,"3301 ALLENWOOD LAKEWOOD RD, Wall Township, NJ, 07719",https://www.greatschools.org/new-jersey/wall-township/2078-Allenwood-Elementary-School/,Above average,9.0,ALLENWOODELEMENTARYSCHOOL,3301ALLENWOODLAKEWOODRDWALLTOWNSHIPNJ07719,100.0,89.47368421052632
Somerset,Hillsborough Township Public School District,Woodfern Elementary School,35-2170-080,"425 Woodfern Road, Hillsborough, NJ, 08844",WOODFERNELEMENTARYSCHOOL,425WOODFERNROADHILLSBOROUGHNJ08844,Woodfern Elementary School,"425 Woodfern Road, Hillsborough Township, NJ, 08844",https://www.greatschools.org/new-jersey/hillsborough-township/793-Woodfern-Elementary-School/,Above average,8.0,WOODFERNELEMENTARYSCHOOL,425WOODFERNROADHILLSBOROUGHTOWNSHIPNJ08844,100.0,89.47368421052632
Somerset,Hillsborough Township Public School District,Sunnymead Elementary School,35-2170-060,"55 Sunnymead Road, Hillsborough, NJ, 08844",SUNNYMEADELEMENTARYSCHOOL,55SUNNYMEADROADHILLSBOROUGHNJ08844,Sunnymead Elementary School,"55 Sunnymead Road, Hillsborough Township, NJ, 08844",https://www.greatschools.org/new-jersey/hillsborough-township/791-Sunnymead-Elementary-School/,Above average,8.0,SUNNYMEADELEMENTARYSCHOOL,55SUNNYMEADROADHILLSBOROUGHTOWNSHIPNJ08844,100.0,89.47368421052632
Essex,West Orange Public Schools,Roosevelt Middle School,13-5680-090,"36 GILBERT PL, W ORANGE, NJ, 07052",ROOSEVELTMIDDLESCHOOL,36GILBERTPLWORANGENJ07052,Roosevelt Middle School,"36 Gilbert Place, West Orange, NJ, 07052",https://www.greatschools.org/new-jersey/west-orange/2178-Roosevelt-Middle-School/,Below average,4.0,ROOSEVELTMIDDLESCHOOL,36GILBERTPLACEWESTORANGENJ07052,100.0,89.28571428571429
Cape May,Upper Township School District,Upper Township Elementary School,09-5340-050,"50 OLD TUCKAHOE RD, MARMORA, NJ, 08223",UPPERTOWNSHIPELEMENTARYSCHOOL,50OLDTUCKAHOERDMARMORANJ08223,Upper Township Elementary School,"50 North Old Tuckahoe Road, Marmora, NJ, 08223",https://www.greatschools.org/new-jersey/marmora/2033-Upper-Township-Elementary-School/,Average,5.0,UPPERTOWNSHIPELEMENTARYSCHOOL,50NORTHOLDTUCKAHOEROADMARMORANJ08223,100.0,89.23076923076923
Mercer,Hamilton Township Public School District,Alexander Elementary School,21-1950-085,"20 ROBERT FROST DRIVE, HAMILTON, NJ, 08690",ALEXANDERELEMENTARYSCHOOL,20ROBERTFROSTDRIVEHAMILTONNJ08690,Alexander Elementary School,"20 ROBERT FROST DRIVE, Hamilton Township, NJ, 08690",https://www.greatschools.org/new-jersey/hamilton-township/733-Alexander-Elementary-School/,Average,5.0,ALEXANDERELEMENTARYSCHOOL,20ROBERTFROSTDRIVEHAMILTONTOWNSHIPNJ08690,100.0,89.1891891891892
Burlington,Mount Laurel Township School District,Hartford Upper Elementary School,05-3440-047,"397 HARTFORD ROAD, MOUNT LAUREL, NJ, 08054",HARTFORDUPPERELEMENTARYSCHOOL,397HARTFORDROADMOUNTLAURELNJ08054,Hartford Upper Elementary School,"397 HARTFORD ROAD, Mount Laurel Township, NJ, 08054",https://www.greatschools.org/new-jersey/mount-laurel-township/1265-Hartford-School/,Average,5.0,HARTFORDUPPERELEMENTARYSCHOOL,397HARTFORDROADMOUNTLAURELTOWNSHIPNJ08054,100.0,89.1891891891892
Ocean,Brick Township Public School District,Lake Riviera Middle School,29-0530-043,"171 BEAVERSON BOULEVARD, BRICK, NJ, 08723",LAKERIVIERAMIDDLESCHOOL,171BEAVERSONBOULEVARDBRICKNJ08723,Lake Riviera Middle School,"171 BEAVERSON BOULEVARD, Brick Township, NJ, 08723",https://www.greatschools.org/new-jersey/brick-township/178-Lake-Riviera-Middle-School/,Average,6.0,LAKERIVIERAMIDDLESCHOOL,171BEAVERSONBOULEVARDBRICKTOWNSHIPNJ08723,100.0,89.1891891891892
Burlington,Mount Laurel Township School District,Fleetwood Elementary School,05-3440-045,"231 FLEETWOOD AVE, MOUNT LAUREL, NJ, 08054",FLEETWOODELEMENTARYSCHOOL,231FLEETWOODAVEMOUNTLAURELNJ08054,Fleetwood Elementary School,"231 FLEETWOOD AVE, Mount Laurel Township, NJ, 08054",https://www.greatschools.org/new-jersey/mount-laurel-township/1267-Fleetwood-Elementary-School/,Average,5.0,FLEETWOODELEMENTARYSCHOOL,231FLEETWOODAVEMOUNTLAURELTOWNSHIPNJ08054,100.0,89.1891891891892
Monmouth,Manalapan-Englishtown Regional Schools School District,Manalapan-Englishtown Middle School,25-2920-060,"155 MILLHURST ROAD, Manalapan, NJ, 07726",MANALAPANENGLISHTOWNMIDDLESCHOOL,155MILLHURSTROADMANALAPANNJ07726,Manalapan-Englishtown Middle School,"155 MILLHURST ROAD, Manalapan Township, NJ, 07726",https://www.greatschools.org/new-jersey/manalapan-township/1080-Manalapan-Englishtown-Middle-School/,Above average,7.0,MANALAPANENGLISHTOWNMIDDLESCHOOL,155MILLHURSTROADMANALAPANTOWNSHIPNJ07726,100.0,88.88888888888889
Gloucester,Wenonah  Boro School District,Wenonah Elementary School,15-5590-050,"200 N CLINTON AVE, WENONAH, NJ, 08090",WENONAHELEMENTARYSCHOOL,200NCLINTONAVEWENONAHNJ08090,Wenonah Elementary School,"200 North Clinton Avenue, Wenonah, NJ, 08090",https://www.greatschools.org/new-jersey/wenonah/2139-Wenonah-Elementary-School/,Average,5.0,WENONAHELEMENTARYSCHOOL,200NORTHCLINTONAVENUEWENONAHNJ08090,100.0,88.88888888888889
Mercer,Hamilton Township Public School District,Klockner Elementary School,21-1950-160,"830 KLOCKNER AVENUE, HAMILTON, NJ, 08619",KLOCKNERELEMENTARYSCHOOL,830KLOCKNERAVENUEHAMILTONNJ08619,Klockner Elementary School,"830 KLOCKNER AVENUE, Hamilton Township, NJ, 08619",https://www.greatschools.org/new-jersey/hamilton-township/737-Klockner-Elementary-School/,Below average,3.0,KLOCKNERELEMENTARYSCHOOL,830KLOCKNERAVENUEHAMILTONTOWNSHIPNJ08619,100.0,88.88888888888889
Middlesex,Woodbridge Township School District,Woodbridge Middle School,23-5850-090,"525 BARRON AVENUE, WOODBRIDGE, NJ, 07095",WOODBRIDGEMIDDLESCHOOL,525BARRONAVENUEWOODBRIDGENJ07095,Woodbridge Middle School,"525 BARRON AVENUE, Woodbridge Township, NJ, 07095",https://www.greatschools.org/new-jersey/woodbridge-township/2248-Woodbridge-Middle-School/,Below average,2.0,WOODBRIDGEMIDDLESCHOOL,525BARRONAVENUEWOODBRIDGETOWNSHIPNJ07095,100.0,88.88888888888889
Camden,Voorhees Township School District,Signal Hill School,07-5400-095,"33 Signal Hill Drive, VOORHEES, NJ, 08043",SIGNALHILLSCHOOL,33SIGNALHILLDRIVEVOORHEESNJ08043,Signal Hill School,"33 Signal Hill Drive, Voorhees Township, NJ, 08043",https://www.greatschools.org/new-jersey/voorhees-township/2071-Signal-Hill-School/,Above average,8.0,SIGNALHILLSCHOOL,33SIGNALHILLDRIVEVOORHEESTOWNSHIPNJ08043,100.0,88.88888888888889
Monmouth,Middletown Township Public School District,Middletown Village Elementary School,25-3160-130,"147 KINGS HIGHWAY, MIDDLETOWN, NJ, 07748",MIDDLETOWNVILLAGEELEMENTARYSCHOOL,147KINGSHIGHWAYMIDDLETOWNNJ07748,Middletown Village Elementary School,"147 KINGS HIGHWAY, Middletown Township, NJ, 07748",https://www.greatschools.org/new-jersey/middletown/1171-Middletown-Village-Elementary-School/,Average,6.0,MIDDLETOWNVILLAGEELEMENTARYSCHOOL,147KINGSHIGHWAYMIDDLETOWNTOWNSHIPNJ07748,100.0,88.88888888888889
Mercer,Hamilton Township Public School District,Lalor Elementary School,21-1950-180,"25 BARNT DEKLYN ROAD, HAMILTON, NJ, 08610",LALORELEMENTARYSCHOOL,25BARNTDEKLYNROADHAMILTONNJ08610,Lalor Elementary School,"25 BARNT DEKLYN ROAD, Hamilton Township, NJ, 08610",https://www.greatschools.org/new-jersey/hamilton-township/739-Lalor-Elementary-School/,Below average,2.0,LALORELEMENTARYSCHOOL,25BARNTDEKLYNROADHAMILTONTOWNSHIPNJ08610,100.0,88.88888888888889
Ocean,Jackson Township School District,Lucy N. Holman Elementary School,29-2360-046,"125 Manhattan Street, Jackson, NJ, 08527",LUCYNHOLMANELEMENTARYSCHOOL,125MANHATTANSTREETJACKSONNJ08527,Lucy N Holman Elementary School,"125 Manhattan Street, Jackson Township, NJ, 08527",https://www.greatschools.org/new-jersey/jackson-township/859-Lucy-N-Holman-Elementary-School/,Average,5.0,LUCYNHOLMANELEMENTARYSCHOOL,125MANHATTANSTREETJACKSONTOWNSHIPNJ08527,100.0,88.88888888888889
Monmouth,Manalapan-Englishtown Regional Schools School District,Wemrock Brook School,25-2920-110,"118 MILLHURST ROAD, MANALAPAN, NJ, 07726",WEMROCKBROOKSCHOOL,118MILLHURSTROADMANALAPANNJ07726,Wemrock Brook School,"118 MILLHURST ROAD, Manalapan Township, NJ, 07726",https://www.greatschools.org/new-jersey/manalapan-township/3452-Wemrock-Brook-School/,Above average,9.0,WEMROCKBROOKSCHOOL,118MILLHURSTROADMANALAPANTOWNSHIPNJ07726,100.0,88.88888888888889
Middlesex,Woodbridge Township School District,Mawbey Street Elementary School,23-5850-220,"275 MAWBEY STREET, WOODBRIDGE, NJ, 07095",MAWBEYSTREETELEMENTARYSCHOOL,275MAWBEYSTREETWOODBRIDGENJ07095,Mawbey Street Elementary School,"275 MAWBEY STREET, Woodbridge Township, NJ, 07095",https://www.greatschools.org/new-jersey/woodbridge-township/2258-Mawbey-Street-Elementary-School/,Above average,7.0,MAWBEYSTREETELEMENTARYSCHOOL,275MAWBEYSTREETWOODBRIDGETOWNSHIPNJ07095,100.0,88.88888888888889
Monmouth,Neptune Township School District,Neptune High School,25-3510-050,"55 NEPTUNE BOULEVARD, NEPTUNE, NJ, 07753",NEPTUNEHIGHSCHOOL,55NEPTUNEBOULEVARDNEPTUNENJ07753,Neptune High School,"55 NEPTUNE BOULEVARD, Neptune Township, NJ, 07753",https://www.greatschools.org/new-jersey/neptune-city/1287-Neptune-High-School/,Below average,2.0,NEPTUNEHIGHSCHOOL,55NEPTUNEBOULEVARDNEPTUNETOWNSHIPNJ07753,100.0,88.88888888888889
Somerset,Green Brook Township Public School District,Irene E. Feldkirchner Elementary School,35-1810-050,"105 Andrew Street, Green Brook, NJ, 08812",IRENEEFELDKIRCHNERELEMENTARYSCHOOL,105ANDREWSTREETGREENBROOKNJ08812,Irene E Feldkirchner Elementary School,"105 Andrew Street, Green Brook Township, NJ, 08812",https://www.greatschools.org/new-jersey/green-brook-township/692-Irene-E-Feldkirchner-Elementary-School/,Above average,7.0,IRENEEFELDKIRCHNERELEMENTARYSCHOOL,105ANDREWSTREETGREENBROOKTOWNSHIPNJ08812,100.0,88.88888888888889
Essex,West Orange Public Schools,Hazel Avenue Elementary School,13-5680-130,"45 HAZEL AVE, W ORANGE, NJ, 07052",HAZELAVENUEELEMENTARYSCHOOL,45HAZELAVEWORANGENJ07052,Hazel Avenue Elementary School,"45 Hazel Avenue, West Orange, NJ, 07052",https://www.greatschools.org/new-jersey/west-orange/2180-Hazel-Avenue-Elementary-School/,Average,6.0,HAZELAVENUEELEMENTARYSCHOOL,45HAZELAVENUEWESTORANGENJ07052,100.0,88.88888888888889
Monmouth,Middletown Township Public School District,Nut Swamp Elementary School,25-3160-145,"925 Nut Swamp Road, MIDDLETOWN, NJ, 07748",NUTSWAMPELEMENTARYSCHOOL,925NUTSWAMPROADMIDDLETOWNNJ07748,Nut Swamp Elementary School,"925 Nut Swamp Road, Middletown Township, NJ, 07748",https://www.greatschools.org/new-jersey/middletown/1174-Nut-Swamp-Elementary-School/,Average,6.0,NUTSWAMPELEMENTARYSCHOOL,925NUTSWAMPROADMIDDLETOWNTOWNSHIPNJ07748,100.0,88.88888888888889
Mercer,Hamilton Township Public School District,Sayen Elementary School,21-1950-240,"3333 NOTTINGHAM WAY, HAMILTON, NJ, 08690",SAYENELEMENTARYSCHOOL,3333NOTTINGHAMWAYHAMILTONNJ08690,Sayen Elementary School,"3333 NOTTINGHAM WAY, Hamilton Township, NJ, 08690",https://www.greatschools.org/new-jersey/hamilton-township/745-Sayen-Elementary-School/,Below average,3.0,SAYENELEMENTARYSCHOOL,3333NOTTINGHAMWAYHAMILTONTOWNSHIPNJ08690,100.0,88.88888888888889
Mercer,Hamilton Township Public School District,Kisthardt Elementary School,21-1950-150,"215 HARCOURT DRIVE, HAMILTON, NJ, 08610",KISTHARDTELEMENTARYSCHOOL,215HARCOURTDRIVEHAMILTONNJ08610,Kisthardt Elementary School,"215 HARCOURT DRIVE, Hamilton Township, NJ, 08610",https://www.greatschools.org/new-jersey/trenton/736-Kisthardt-Elementary-School/,Below average,2.0,KISTHARDTELEMENTARYSCHOOL,215HARCOURTDRIVEHAMILTONTOWNSHIPNJ08610,100.0,88.57142857142857
Somerset,Hillsborough Township Public School District,Auten Road Intermediate School,35-2170-034,"281 Auten Road, Hillsborough, NJ, 08844",AUTENROADINTERMEDIATESCHOOL,281AUTENROADHILLSBOROUGHNJ08844,Auten Road Intermediate School,"281 Auten Road, Hillsborough Township, NJ, 08844",https://www.greatschools.org/new-jersey/hillsborough-township/3380-Auten-Road-School/,Average,6.0,AUTENROADINTERMEDIATESCHOOL,281AUTENROADHILLSBOROUGHTOWNSHIPNJ08844,100.0,88.57142857142857
Monmouth,Neptune Township School District,Green Grove Elementary School,25-3510-063,"909 GREEN GROVE ROAD, NEPTUNE, NJ, 07753",GREENGROVEELEMENTARYSCHOOL,909GREENGROVEROADNEPTUNENJ07753,Green Grove Elementary School,"909 GREEN GROVE ROAD, Neptune Township, NJ, 07753",https://www.greatschools.org/new-jersey/neptune-city/1290-Green-Grove-Elementary-School/,Below average,2.0,GREENGROVEELEMENTARYSCHOOL,909GREENGROVEROADNEPTUNETOWNSHIPNJ07753,100.0,88.57142857142857
Monmouth,Neptune Township School District,Shark River Hills Elementary School,25-3510-090,"312 BRIGHTON AVENUE, NEPTUNE, NJ, 07753",SHARKRIVERHILLSELEMENTARYSCHOOL,312BRIGHTONAVENUENEPTUNENJ07753,Shark River Hills Elementary School,"312 BRIGHTON AVENUE, Neptune Township, NJ, 07753",https://www.greatschools.org/new-jersey/neptune-city/1292-Shark-River-Hills-Elementary-School/,Below average,3.0,SHARKRIVERHILLSELEMENTARYSCHOOL,312BRIGHTONAVENUENEPTUNETOWNSHIPNJ07753,100.0,88.57142857142857
Camden,Voorhees Township School District,Osage School,07-5400-090,"112 Somerdale Road, VOORHEES, NJ, 08043",OSAGESCHOOL,112SOMERDALEROADVOORHEESNJ08043,Osage School,"112 Somerdale Road, Voorhees Township, NJ, 08043",https://www.greatschools.org/new-jersey/voorhees-township/2069-Osage-Elementary-School/,Above average,7.0,OSAGESCHOOL,112SOMERDALEROADVOORHEESTOWNSHIPNJ08043,100.0,88.57142857142857
Ocean,Manchester Township School District,Ridgeway Elementary School,29-2940-050,"2861 RIDGEWAY RD, MANCHESTER, NJ, 08759",RIDGEWAYELEMENTARYSCHOOL,2861RIDGEWAYRDMANCHESTERNJ08759,Ridgeway Elementary School,"2861 RIDGEWAY RD, Manchester Township, NJ, 08759",https://www.greatschools.org/new-jersey/manchester-township/1090-Ridgeway-Elementary-School/,Below average,4.0,RIDGEWAYELEMENTARYSCHOOL,2861RIDGEWAYRDMANCHESTERTOWNSHIPNJ08759,100.0,88.57142857142857
Camden,Pennsauken Township Board of Education School District,George B. Fine Elementary School,07-4060-140,"3800 GLADWYN AVE, PENNSAUKEN, NJ, 08109",GEORGEBFINEELEMENTARYSCHOOL,3800GLADWYNAVEPENNSAUKENNJ08109,George B. Fine Elementary School,"3800 GLADWYN AVE, Pennsauken Township, NJ, 08109",https://www.greatschools.org/new-jersey/pennsauken-township/1600-George-B.-Fine-Elementary-School/,Below average,4.0,GEORGEBFINEELEMENTARYSCHOOL,3800GLADWYNAVEPENNSAUKENTOWNSHIPNJ08109,100.0,88.57142857142857
Camden,Pennsauken Township Board of Education School District,Pennsauken Intermediate School,07-4060-175,"8125 PARK AVENUE, PENNSAUKEN, NJ, 08109",PENNSAUKENINTERMEDIATESCHOOL,8125PARKAVENUEPENNSAUKENNJ08109,Pennsauken Intermediate School,"8125 PARK AVENUE, Pennsauken Township, NJ, 08109",https://www.greatschools.org/new-jersey/pennsauken-township/3501-Pennsauken-Intermediate-School/,Below average,3.0,PENNSAUKENINTERMEDIATESCHOOL,8125PARKAVENUEPENNSAUKENTOWNSHIPNJ08109,100.0,88.57142857142857
Cumberland,Millville School District,Holly Heights Elementary School,11-3230-075,"2509 E MAIN ST, MILLVILLE, NJ, 08332",HOLLYHEIGHTSELEMENTARYSCHOOL,2509EMAINSTMILLVILLENJ08332,Holly Heights Elementary School,"2509 East Main Street, Millville, NJ, 08332",https://www.greatschools.org/new-jersey/millville/1196-Holly-Heights-Elementary-School/,Below average,2.0,HOLLYHEIGHTSELEMENTARYSCHOOL,2509EASTMAINSTREETMILLVILLENJ08332,100.0,88.52459016393442
Salem,The Lower Alloways Creek School District,Lower Alloways Creek Elementary School,33-2800-050,"967 MAIN ST CANTON, SALEM, NJ, 08079",LOWERALLOWAYSCREEKELEMENTARYSCHOOL,967MAINSTCANTONSALEMNJ08079,Lower Alloways Creek Elementary School,"967 Main Saint - Canton Road, Salem, NJ, 08079",https://www.greatschools.org/new-jersey/salem/1025-Lower-Alloways-Creek-Elementary-School/,Above average,8.0,LOWERALLOWAYSCREEKELEMENTARYSCHOOL,967MAINSAINTCANTONROADSALEMNJ08079,100.0,88.52459016393442
Morris,Parsippany-Troy Hills Township School District,Troy Hills Elementary School,27-3950-120,"509 S  BEVERWYCK ROAD, PARSIPPANY, NJ, 07054",TROYHILLSELEMENTARYSCHOOL,509SBEVERWYCKROADPARSIPPANYNJ07054,Troy Hills Elementary School,"509 S BEVERWYCK ROAD, Parsippany-Troy Hills, NJ, 07054",https://www.greatschools.org/new-jersey/parsippany_troy-hills/1513-Troy-Hills-Elementary-School/,Above average,7.0,TROYHILLSELEMENTARYSCHOOL,509SBEVERWYCKROADPARSIPPANYTROYHILLSNJ07054,100.0,88.31168831168831
Camden,Pennsauken Township Board of Education School District,Pennsauken High School,07-4060-050,"800 HYLTON ROAD, PENNSAUKEN, NJ, 08110",PENNSAUKENHIGHSCHOOL,800HYLTONROADPENNSAUKENNJ08110,Pennsauken High School,"800 HYLTON ROAD, Pennsauken Township, NJ, 08110",https://www.greatschools.org/new-jersey/pennsauken-township/1592-Pennsauken-High-School/,Below average,2.0,PENNSAUKENHIGHSCHOOL,800HYLTONROADPENNSAUKENTOWNSHIPNJ08110,100.0,88.23529411764706
Mercer,Ewing Township School District,Gilmore J Fisher Middle School,21-1430-060,"1325 LOWER FERRY ROAD, EWING, NJ, 08618",GILMOREJFISHERMIDDLESCHOOL,1325LOWERFERRYROADEWINGNJ08618,Gilmore J Fisher Middle School,"1325 LOWER FERRY ROAD, Ewing Township, NJ, 08618",https://www.greatschools.org/new-jersey/ewing-township/563-Gilmore-J-Fisher-Middle-School/,Below average,4.0,GILMOREJFISHERMIDDLESCHOOL,1325LOWERFERRYROADEWINGTOWNSHIPNJ08618,100.0,88.23529411764706
Gloucester,Paulsboro School District,Paulsboro High School,15-4020-050,"670 N DELAWARE ST, PAULSBORO, NJ, 08066",PAULSBOROHIGHSCHOOL,670NDELAWARESTPAULSBORONJ08066,Paulsboro High School,"670 North Delaware Street, Paulsboro, NJ, 08066",https://www.greatschools.org/new-jersey/paulsboro/1571-Paulsboro-High-School/,Below average,1.0,PAULSBOROHIGHSCHOOL,670NORTHDELAWARESTREETPAULSBORONJ08066,100.0,88.23529411764706
Morris,West Morris Regional High School District,West Morris Mendham High School,27-5660-050,"65 EAST MAIN STREET, MENDHAM, NJ, 07945",WESTMORRISMENDHAMHIGHSCHOOL,65EASTMAINSTREETMENDHAMNJ07945,West Morris Mendham High School,"65 EAST MAIN STREET, Mendham Township, NJ, 07945",https://www.greatschools.org/new-jersey/mendham/2167-West-Morris-Mendham-High-School/,Above average,8.0,WESTMORRISMENDHAMHIGHSCHOOL,65EASTMAINSTREETMENDHAMTOWNSHIPNJ07945,100.0,88.23529411764706
Mercer,Hamilton Township Public School District,Kuser Elementary School,21-1950-170,"70 NEWKIRK AVENUE, HAMILTON, NJ, 08629",KUSERELEMENTARYSCHOOL,70NEWKIRKAVENUEHAMILTONNJ08629,Kuser Elementary School,"70 NEWKIRK AVENUE, Hamilton Township, NJ, 08629",https://www.greatschools.org/new-jersey/hamilton-township/738-Kuser-Elementary-School/,Below average,3.0,KUSERELEMENTARYSCHOOL,70NEWKIRKAVENUEHAMILTONTOWNSHIPNJ08629,100.0,88.23529411764706
Mercer,Hamilton Township Public School District,Langtree Elementary School,21-1950-185,"2080 WHATLEY ROAD, HAMILTON, NJ, 08690",LANGTREEELEMENTARYSCHOOL,2080WHATLEYROADHAMILTONNJ08690,Langtree Elementary School,"2080 WHATLEY ROAD, Hamilton Township, NJ, 08690",https://www.greatschools.org/new-jersey/hamilton-township/740-Langtree-Elementary-School/,Average,5.0,LANGTREEELEMENTARYSCHOOL,2080WHATLEYROADHAMILTONTOWNSHIPNJ08690,100.0,88.23529411764706
Charters,Trenton Stem-to-Civics Charter School,Trenton Stem-to-Civics Charter School,80-6183-914,"1555 Pennington Raod, Ewing, NJ, 08618",TRENTONSTEMTOCIVICSCHARTERSCHOOL,1555PENNINGTONRAODEWINGNJ08618,Trenton Stem-To-Civics Charter School,"1555 Pennington Raod, Ewing Township, NJ, 08618",https://www.greatschools.org/new-jersey/ewing-township/8775-Trenton-Stem-To-Civics-Charter-School/,Below average,2.0,TRENTONSTEMTOCIVICSCHARTERSCHOOL,1555PENNINGTONRAODEWINGTOWNSHIPNJ08618,100.0,88.23529411764706
Monmouth,Matawan-Aberdeen Regional School District,Strathmore Elementary School,25-3040-080,"282 CHURCH STREET, ABERDEEN, NJ, 07747",STRATHMOREELEMENTARYSCHOOL,282CHURCHSTREETABERDEENNJ07747,Strathmore Elementary School,"282 CHURCH STREET, Aberdeen Township, NJ, 07747",https://www.greatschools.org/new-jersey/aberdeen-township/1122-Strathmore-Elementary-School/,Average,6.0,STRATHMOREELEMENTARYSCHOOL,282CHURCHSTREETABERDEENTOWNSHIPNJ07747,100.0,88.23529411764706
Ocean,Jackson Township School District,Carl W. Goetz Middle School,29-2360-055,"835 Patterson Road, Jackson, NJ, 08527",CARLWGOETZMIDDLESCHOOL,835PATTERSONROADJACKSONNJ08527,Carl W Goetz Middle School,"835 Patterson Road, Jackson Township, NJ, 08527",https://www.greatschools.org/new-jersey/jackson-township/861-Carl-W-Goetz-Middle-School/,Below average,4.0,CARLWGOETZMIDDLESCHOOL,835PATTERSONROADJACKSONTOWNSHIPNJ08527,100.0,88.23529411764706
Mercer,Robbinsville Public Schools,Pond Road Middle School,21-5510-040,"150 POND ROAD, ROBBINSVILLE, NJ, 08691",PONDROADMIDDLESCHOOL,150PONDROADROBBINSVILLENJ08691,Pond Road Middle School,"150 POND ROAD, Robbinsville Township, NJ, 08691",https://www.greatschools.org/new-jersey/robbinsville-township/2110-Pond-Road-Middle-School/,Above average,8.0,PONDROADMIDDLESCHOOL,150PONDROADROBBINSVILLETOWNSHIPNJ08691,100.0,88.23529411764706
Ocean,Jackson Township School District,Elms Elementary School,29-2360-035,"780 Patterson Road, Jackson, NJ, 08527",ELMSELEMENTARYSCHOOL,780PATTERSONROADJACKSONNJ08527,Elms Elementary School,"780 Patterson Road, Jackson Township, NJ, 08527",https://www.greatschools.org/new-jersey/jackson-township/4136-Elms-Elementary-School/,Average,6.0,ELMSELEMENTARYSCHOOL,780PATTERSONROADJACKSONTOWNSHIPNJ08527,100.0,88.23529411764706
Morris,Parsippany-Troy Hills Township School District,Brooklawn Middle School,27-3950-055,"250 Beachwood Road, Parsippany, NJ, 07054",BROOKLAWNMIDDLESCHOOL,250BEACHWOODROADPARSIPPANYNJ07054,Brooklawn Middle School,"250 Beachwood Road, Parsippany-Troy Hills, NJ, 07054",https://www.greatschools.org/new-jersey/parsippany_troy-hills/1504-Brooklawn-Middle-School/,Average,6.0,BROOKLAWNMIDDLESCHOOL,250BEACHWOODROADPARSIPPANYTROYHILLSNJ07054,100.0,88.0
Camden,Voorhees Township School District,Voorhees Middle School,07-5400-100,"1000 HOLLY OAK DR, VOORHEES, NJ, 08043",VOORHEESMIDDLESCHOOL,1000HOLLYOAKDRVOORHEESNJ08043,Voorhees Middle School,"1000 HOLLY OAK DR, Voorhees Township, NJ, 08043",https://www.greatschools.org/new-jersey/voorhees-township/2070-Voorhees-Middle-School/,Above average,7.0,VOORHEESMIDDLESCHOOL,1000HOLLYOAKDRVOORHEESTOWNSHIPNJ08043,100.0,87.87878787878788
Mercer,Hamilton Township Public School District,Mercerville Elementary School,21-1950-210,"60 REGINA AVENUE, HAMILTON, NJ, 08619",MERCERVILLEELEMENTARYSCHOOL,60REGINAAVENUEHAMILTONNJ08619,Mercerville Elementary School,"60 REGINA AVENUE, Hamilton Township, NJ, 08619",https://www.greatschools.org/new-jersey/hamilton-township/742-Mercerville-Elementary-School/,Below average,4.0,MERCERVILLEELEMENTARYSCHOOL,60REGINAAVENUEHAMILTONTOWNSHIPNJ08619,100.0,87.87878787878788
Mercer,Hamilton Township Public School District,Morgan Elementary School,21-1950-220,"38 STAMFORD ROAD, HAMILTON, NJ, 08619",MORGANELEMENTARYSCHOOL,38STAMFORDROADHAMILTONNJ08619,Morgan Elementary School,"38 STAMFORD ROAD, Hamilton Township, NJ, 08619",https://www.greatschools.org/new-jersey/hamilton-township/743-Morgan-Elementary-School/,Average,5.0,MORGANELEMENTARYSCHOOL,38STAMFORDROADHAMILTONTOWNSHIPNJ08619,100.0,87.87878787878788
Monmouth,Monmouth County Vocational School District,Communications High School,25-3260-004,"1740 NEW BEDFORD ROAD, WALL, NJ, 07719",COMMUNICATIONSHIGHSCHOOL,1740NEWBEDFORDROADWALLNJ07719,Communications High School,"1740 NEW BEDFORD ROAD, Wall Township, NJ, 07719",https://www.greatschools.org/new-jersey/wall-township/3429-Communications-High-School/,Above average,10.0,COMMUNICATIONSHIGHSCHOOL,1740NEWBEDFORDROADWALLTOWNSHIPNJ07719,100.0,87.87878787878788
Mercer,Hamilton Township Public School District,McGalliard Elementary School,21-1950-200,"1600 ARENA DRIVE, HAMILTON, NJ, 08610",MCGALLIARDELEMENTARYSCHOOL,1600ARENADRIVEHAMILTONNJ08610,McGalliard Elementary School,"1600 ARENA DRIVE, Hamilton Township, NJ, 08610",https://www.greatschools.org/new-jersey/trenton/741-McGalliard-Elementary-School/,Below average,3.0,MCGALLIARDELEMENTARYSCHOOL,1600ARENADRIVEHAMILTONTOWNSHIPNJ08610,100.0,87.87878787878788
Salem,Pennsville Public School District,Pennsville Memorial High School,33-4075-050,"110 S  BROADWAY, PENNSVILLE, NJ, 08070",PENNSVILLEMEMORIALHIGHSCHOOL,110SBROADWAYPENNSVILLENJ08070,Pennsville Memorial High School,"110 S BROADWAY, Pennsville Township, NJ, 08070",https://www.greatschools.org/new-jersey/pennsville/1033-Pennsville-Memorial-High-School/,Below average,3.0,PENNSVILLEMEMORIALHIGHSCHOOL,110SBROADWAYPENNSVILLETOWNSHIPNJ08070,100.0,87.87878787878788
Mercer,Hamilton Township Public School District,Sunnybrae Elementary School,21-1950-245,"166 ELTON AVENUE, HAMILTON, NJ, 08620",SUNNYBRAEELEMENTARYSCHOOL,166ELTONAVENUEHAMILTONNJ08620,Sunnybrae Elementary School,"166 ELTON AVENUE, Hamilton Township, NJ, 08620",https://www.greatschools.org/new-jersey/hamilton-township/746-Sunnybrae-Elementary-School/,Average,5.0,SUNNYBRAEELEMENTARYSCHOOL,166ELTONAVENUEHAMILTONTOWNSHIPNJ08620,100.0,87.87878787878788
Mercer,Hamilton Township Public School District,Robinson Elementary School,21-1950-225,"495 GROPP AVENUE, HAMILTON, NJ, 08610",ROBINSONELEMENTARYSCHOOL,495GROPPAVENUEHAMILTONNJ08610,Robinson Elementary School,"495 GROPP AVENUE, Hamilton Township, NJ, 08610",https://www.greatschools.org/new-jersey/trenton/744-Robinson-Elementary-School/,Below average,3.0,ROBINSONELEMENTARYSCHOOL,495GROPPAVENUEHAMILTONTOWNSHIPNJ08610,100.0,87.87878787878788
Morris,Parsippany-Troy Hills Township School District,Lake Parsippany Elementary School,27-3950-080,"225 Kingston Road, Parsippany, NJ, 07054",LAKEPARSIPPANYELEMENTARYSCHOOL,225KINGSTONROADPARSIPPANYNJ07054,Lake Parsippany Elementary School,"225 Kingston Road, Parsippany-Troy Hills, NJ, 07054",https://www.greatschools.org/new-jersey/parsippany_troy-hills/1509-Lake-Parsippany-Elementary-School/,Above average,9.0,LAKEPARSIPPANYELEMENTARYSCHOOL,225KINGSTONROADPARSIPPANYTROYHILLSNJ07054,100.0,87.67123287671232
Salem,Pennsville Public School District,Central Park Elementary School,33-4075-060,"43 OLIVER AVE, PENNSVILLE, NJ, 08070",CENTRALPARKELEMENTARYSCHOOL,43OLIVERAVEPENNSVILLENJ08070,Central Park Elementary School,"43 OLIVER AVE, Pennsville Township, NJ, 08070",https://www.greatschools.org/new-jersey/pennsville/1035-Central-Park-Elementary-School/,Average,5.0,CENTRALPARKELEMENTARYSCHOOL,43OLIVERAVEPENNSVILLETOWNSHIPNJ08070,100.0,87.5
Ocean,Jackson Township School District,Crawford-Rodriguez Elementary School,29-2360-030,"1025 Larsen Road, Jackson, NJ, 08527",CRAWFORDRODRIGUEZELEMENTARYSCHOOL,1025LARSENROADJACKSONNJ08527,Crawford Rodriguez Elementary School,"1025 Larsen Road, Jackson Township, NJ, 08527",https://www.greatschools.org/new-jersey/jackson-township/3447-Crawford--Rodriguez-Elementary-School/,Average,5.0,CRAWFORDRODRIGUEZELEMENTARYSCHOOL,1025LARSENROADJACKSONTOWNSHIPNJ08527,100.0,87.5
Ocean,Barnegat Township School District,Joseph T. Donahue Elementary School,29-0185-080,"200 BENGAL BLVD, BARNEGAT, NJ, 08005",JOSEPHTDONAHUEELEMENTARYSCHOOL,200BENGALBLVDBARNEGATNJ08005,Joseph T Donahue Elementary School,"200 BENGAL BLVD, Barnegat Township, NJ, 08005",https://www.greatschools.org/new-jersey/barnegat-township/6903-Joseph-T---Donahue-Elementary-School/,Average,5.0,JOSEPHTDONAHUEELEMENTARYSCHOOL,200BENGALBLVDBARNEGATTOWNSHIPNJ08005,100.0,87.5
Monmouth,Neptune Township School District,Neptune Middle School,25-3510-055,"2300 HECK AVENUE, NEPTUNE, NJ, 07753",NEPTUNEMIDDLESCHOOL,2300HECKAVENUENEPTUNENJ07753,Neptune Middle School,"2300 HECK AVENUE, Neptune Township, NJ, 07753",https://www.greatschools.org/new-jersey/neptune-city/1288-Neptune-Middle-School/,Below average,3.0,NEPTUNEMIDDLESCHOOL,2300HECKAVENUENEPTUNETOWNSHIPNJ07753,100.0,87.5
Ocean,Jackson Township School District,Howard C. Johnson Elementary School,29-2360-044,"1021 Larsen Road, Jackson, NJ, 08527",HOWARDCJOHNSONELEMENTARYSCHOOL,1021LARSENROADJACKSONNJ08527,Howard C Johnson Elementary School,"1021 Larsen Road, Jackson Township, NJ, 08527",https://www.greatschools.org/new-jersey/jackson-township/858-Howard-C-Johnson-Elementary-School/,Below average,4.0,HOWARDCJOHNSONELEMENTARYSCHOOL,1021LARSENROADJACKSONTOWNSHIPNJ08527,100.0,87.5
Monmouth,Neptune Township School District,Midtown Community Elementary School,25-3510-080,"1155 Corlies Ave, NEPTUNE, NJ, 07753",MIDTOWNCOMMUNITYELEMENTARYSCHOOL,1155CORLIESAVENEPTUNENJ07753,Midtown Community Elementary School,"1155 Corlies Ave, Neptune Township, NJ, 07753",https://www.greatschools.org/new-jersey/neptune-city/1291-Midtown-Community-Elementary-School/,Below average,3.0,MIDTOWNCOMMUNITYELEMENTARYSCHOOL,1155CORLIESAVENEPTUNETOWNSHIPNJ07753,100.0,87.5
Monmouth,Neptune Township School District,Summerfield Elementary School,25-3510-100,"1 Summerfield La, NEPTUNE, NJ, 07753",SUMMERFIELDELEMENTARYSCHOOL,1SUMMERFIELDLANEPTUNENJ07753,Summerfield Elementary School,"1 Summerfield La, Neptune Township, NJ, 07753",https://www.greatschools.org/new-jersey/neptune-city/1293-Summerfield-Elementary-School/,Below average,4.0,SUMMERFIELDELEMENTARYSCHOOL,1SUMMERFIELDLANEPTUNETOWNSHIPNJ07753,100.0,87.5
Ocean,Barnegat Township School District,Robert L. Horbelt Elementary School,29-0185-070,"104 BURR STREET, BARNEGAT, NJ, 08005",ROBERTLHORBELTELEMENTARYSCHOOL,104BURRSTREETBARNEGATNJ08005,Robert L Horbelt Elementary School,"104 BURR STREET, Barnegat Township, NJ, 08005",https://www.greatschools.org/new-jersey/barnegat-township/3468-Robert-L--Horbelt-Elementary-School/,Below average,4.0,ROBERTLHORBELTELEMENTARYSCHOOL,104BURRSTREETBARNEGATTOWNSHIPNJ08005,100.0,87.5
Mercer,Hamilton Township Public School District,Richard C Crockett Middle School,21-1950-083,"2631 KUSER ROAD, HAMILTON, NJ, 08691",RICHARDCCROCKETTMIDDLESCHOOL,2631KUSERROADHAMILTONNJ08691,Richard C Crockett Middle School,"2631 KUSER ROAD, Hamilton Township, NJ, 08691",https://www.greatschools.org/new-jersey/hamilton-township/751-Richard-C-Crockett-Middle-School/,Below average,4.0,RICHARDCCROCKETTMIDDLESCHOOL,2631KUSERROADHAMILTONTOWNSHIPNJ08691,100.0,87.5
Mercer,Hamilton Township Public School District,George E. Wilson Elementary School,21-1950-105,"600 Park Avenue, HAMILTON, NJ, 08610",GEORGEEWILSONELEMENTARYSCHOOL,600PARKAVENUEHAMILTONNJ08610,George E. Wilson Elementary School,"600 Park Avenue, Hamilton Township, NJ, 08610",https://www.greatschools.org/new-jersey/trenton/734-George-E.-Wilson-Elementary-School/,Below average,2.0,GEORGEEWILSONELEMENTARYSCHOOL,600PARKAVENUEHAMILTONTOWNSHIPNJ08610,100.0,87.5
Camden,Pennsauken Township Board of Education School District,Howard M. Phifer Middle School,07-4060-055,"8201 PARK AVE, PENNSAUKEN, NJ, 08109",HOWARDMPHIFERMIDDLESCHOOL,8201PARKAVEPENNSAUKENNJ08109,Howard M Phifer Middle School,"8201 PARK AVE, Pennsauken Township, NJ, 08109",https://www.greatschools.org/new-jersey/pennsauken-township/1593-Howard-M-Phifer-Middle-School/,Below average,3.0,HOWARDMPHIFERMIDDLESCHOOL,8201PARKAVEPENNSAUKENTOWNSHIPNJ08109,100.0,87.5
Ocean,Barnegat Township School District,Barnegat High School,29-0185-030,"180 BENGAL BLVD, BARNEGAT, NJ, 08005",BARNEGATHIGHSCHOOL,180BENGALBLVDBARNEGATNJ08005,Barnegat High School,"180 BENGAL BLVD, Barnegat Township, NJ, 08005",https://www.greatschools.org/new-jersey/barnegat-township/4283-Barnegat-High-School/,Below average,3.0,BARNEGATHIGHSCHOOL,180BENGALBLVDBARNEGATTOWNSHIPNJ08005,100.0,87.5
Ocean,Jackson Township School District,Sylvia Rosenauer Elementary School,29-2360-040,"60 Citadel Drive, Jackson, NJ, 08527",SYLVIAROSENAUERELEMENTARYSCHOOL,60CITADELDRIVEJACKSONNJ08527,Sylvia Rosenauer Elementary School,"60 Citadel Drive, Jackson Township, NJ, 08527",https://www.greatschools.org/new-jersey/jackson-township/857-Sylvia-Rosenauer-Elementary-School/,Below average,4.0,SYLVIAROSENAUERELEMENTARYSCHOOL,60CITADELDRIVEJACKSONTOWNSHIPNJ08527,100.0,87.5
Morris,Parsippany-Troy Hills Township School District,Rockaway Meadow Elementary School,27-3950-107,"160 EDWARDS ROAD, PARSIPPANY, NJ, 07054",ROCKAWAYMEADOWELEMENTARYSCHOOL,160EDWARDSROADPARSIPPANYNJ07054,Rockaway Meadow Elementary School,"160 EDWARDS ROAD, Parsippany-Troy Hills, NJ, 07054",https://www.greatschools.org/new-jersey/parsippany_troy-hills/1512-Rockaway-Meadow-Elementary-School/,Average,6.0,ROCKAWAYMEADOWELEMENTARYSCHOOL,160EDWARDSROADPARSIPPANYTROYHILLSNJ07054,100.0,87.32394366197182
Essex,West Orange Public Schools,Edison Middle School,13-5680-070,"75 WILLIAM ST, W ORANGE, NJ, 07052",EDISONMIDDLESCHOOL,75WILLIAMSTWORANGENJ07052,Edison Middle School,"75 WILLIAM ST, City of Orange, NJ, 07052",https://www.greatschools.org/new-jersey/city-of-orange/2177-Edison-Middle-School/,Average,5.0,EDISONMIDDLESCHOOL,75WILLIAMSTCITYOFORANGENJ07052,100.0,87.27272727272728
Union,Linden Public School District,Joseph E. Soehl Middle School,39-2660-070,"300 E  HENRY ST, LINDEN, NJ, 07036",JOSEPHESOEHLMIDDLESCHOOL,300EHENRYSTLINDENNJ07036,Joseph E Soehl Middle School,"300 East Henry Street, Linden, NJ, 07036",https://www.greatschools.org/new-jersey/linden/975-Joseph-E-Soehl-Middle-School/,Below average,3.0,JOSEPHESOEHLMIDDLESCHOOL,300EASTHENRYSTREETLINDENNJ07036,100.0,87.27272727272728
Ocean,Brick Township Public School District,Lanes Mill Elementary School,29-0530-045,"1891 LANES MILL RD, BRICK, NJ, 08724",LANESMILLELEMENTARYSCHOOL,1891LANESMILLRDBRICKNJ08724,Lanes Mill Elementary School,"1891 LANES MILL RD, Brick Township, NJ, 08724",https://www.greatschools.org/new-jersey/brick-township/179-Lanes-Mill-Elementary-School/,Below average,4.0,LANESMILLELEMENTARYSCHOOL,1891LANESMILLRDBRICKTOWNSHIPNJ08724,100.0,87.09677419354838
Monmouth,Howell Township Public School District,Aldrich Elementary School,25-2290-005,"615 ALDRICH ROAD, HOWELL, NJ, 07731",ALDRICHELEMENTARYSCHOOL,615ALDRICHROADHOWELLNJ07731,Aldrich Elementary School,"615 ALDRICH ROAD, Howell Township, NJ, 07731",https://www.greatschools.org/new-jersey/howell-township/830-Aldrich-Elementary-School/,Below average,4.0,ALDRICHELEMENTARYSCHOOL,615ALDRICHROADHOWELLTOWNSHIPNJ07731,100.0,87.09677419354838
Middlesex,Woodbridge Township School District,Ross Street Elementary School,23-5850-280,"ROSS STREET, WOODBRIDGE, NJ, 07095",ROSSSTREETELEMENTARYSCHOOL,ROSSSTREETWOODBRIDGENJ07095,Ross Street Elementary School,"ROSS STREET, Woodbridge Township, NJ, 07095",https://www.greatschools.org/new-jersey/woodbridge/2263-Ross-Street-Elementary-School/,Below average,1.0,ROSSSTREETELEMENTARYSCHOOL,ROSSSTREETWOODBRIDGETOWNSHIPNJ07095,100.0,87.09677419354838
Monmouth,Howell Township Public School District,Newbury Elementary School,25-2290-032,"179 NEWBURY ROAD, HOWELL, NJ, 07731",NEWBURYELEMENTARYSCHOOL,179NEWBURYROADHOWELLNJ07731,Newbury Elementary School,"179 NEWBURY ROAD, Howell Township, NJ, 07731",https://www.greatschools.org/new-jersey/howell-township/834-Newbury-Elementary-School/,Below average,4.0,NEWBURYELEMENTARYSCHOOL,179NEWBURYROADHOWELLTOWNSHIPNJ07731,100.0,87.09677419354838
Morris,Mendham Borough School District,Hilltop School,27-3090-050,"12 HILLTOP ROAD, MENDHAM, NJ, 07945",HILLTOPSCHOOL,12HILLTOPROADMENDHAMNJ07945,Hilltop School,"12 HILLTOP ROAD, Mendham Township, NJ, 07945",https://www.greatschools.org/new-jersey/mendham/1133-Hilltop-School/,Below average,4.0,HILLTOPSCHOOL,12HILLTOPROADMENDHAMTOWNSHIPNJ07945,100.0,87.09677419354838
Monmouth,Matawan-Aberdeen Regional School District,Lloyd Road Elementary School,25-3040-065,"401 LLOYD ROAD, ABERDEEN, NJ, 07747",LLOYDROADELEMENTARYSCHOOL,401LLOYDROADABERDEENNJ07747,Lloyd Road Elementary School,"401 LLOYD ROAD, Aberdeen Township, NJ, 07747",https://www.greatschools.org/new-jersey/matawan/1118-Lloyd-Road-Elementary-School/,Average,5.0,LLOYDROADELEMENTARYSCHOOL,401LLOYDROADABERDEENTOWNSHIPNJ07747,100.0,87.09677419354838
Mercer,Ewing Township School District,Francis Lore Elementary School,21-1430-105,"13 WESTWOOD DRIVE, EWING, NJ, 08628",FRANCISLOREELEMENTARYSCHOOL,13WESTWOODDRIVEEWINGNJ08628,Francis Lore Elementary School,"13 WESTWOOD DRIVE, Ewing Township, NJ, 08628",https://www.greatschools.org/new-jersey/ewing-township/564-Francis-Lore-Elementary-School/,Below average,4.0,FRANCISLOREELEMENTARYSCHOOL,13WESTWOODDRIVEEWINGTOWNSHIPNJ08628,100.0,87.09677419354838
Monmouth,Avon Boro School District,Avon Elementary School,25-0180-010,"505 LINCOLN AVENUE, AVON, NJ, 07717",AVONELEMENTARYSCHOOL,505LINCOLNAVENUEAVONNJ07717,Avon Elementary School,"505 LINCOLN AVENUE, Avon-by-the-Sea, NJ, 07717",https://www.greatschools.org/new-jersey/avon_by_the_sea/61-Avon-Elementary-School/,Above average,7.0,AVONELEMENTARYSCHOOL,505LINCOLNAVENUEAVONBYTHESEANJ07717,100.0,87.09677419354838
Mercer,Lawrence Township Public School District,Lawrence Intermediate School,21-2580-085,"66 EGGERTS CROSSING ROAD, LAWRENCEVILLE, NJ, 08648",LAWRENCEINTERMEDIATESCHOOL,66EGGERTSCROSSINGROADLAWRENCEVILLENJ08648,Lawrence Intermediate School,"66 EGGERTS CROSSING ROAD, Lawrence Township, NJ, 08648",https://www.greatschools.org/new-jersey/lawrenceville/957-Lawrence-Intermediate-School/,Below average,4.0,LAWRENCEINTERMEDIATESCHOOL,66EGGERTSCROSSINGROADLAWRENCETOWNSHIPNJ08648,100.0,87.05882352941177
Morris,Parsippany-Troy Hills Township School District,Northvail Elementary School,27-3950-103,"10 EILEEN COURT, PARSIPPANY, NJ, 07054",NORTHVAILELEMENTARYSCHOOL,10EILEENCOURTPARSIPPANYNJ07054,Northvail Elementary School,"10 EILEEN COURT, Parsippany-Troy Hills, NJ, 07054",https://www.greatschools.org/new-jersey/parsippany_troy-hills/1511-Northvail-Elementary-School/,Above average,9.0,NORTHVAILELEMENTARYSCHOOL,10EILEENCOURTPARSIPPANYTROYHILLSNJ07054,100.0,86.95652173913044
Ocean,Brick Township Public School District,Osbornville Elementary School,29-0530-070,"218 DRUM POINT RD, BRICK, NJ, 08723",OSBORNVILLEELEMENTARYSCHOOL,218DRUMPOINTRDBRICKNJ08723,Osbornville Elementary School,"218 DRUM POINT RD, Brick Township, NJ, 08723",https://www.greatschools.org/new-jersey/brick-township/181-Osbornville-Elementary-School/,Below average,4.0,OSBORNVILLEELEMENTARYSCHOOL,218DRUMPOINTRDBRICKTOWNSHIPNJ08723,100.0,86.66666666666667
Gloucester,Mantua Township School District,Centre City Elementary School,15-2990-030,"301 COLUMBUS DR, MANTUA, NJ, 08051",CENTRECITYELEMENTARYSCHOOL,301COLUMBUSDRMANTUANJ08051,Centre City Elementary School,"301 COLUMBUS DR, Mantua Township, NJ, 08051",https://www.greatschools.org/new-jersey/mantua-township/1098-Centre-City-Elementary-School/,Above average,8.0,CENTRECITYELEMENTARYSCHOOL,301COLUMBUSDRMANTUATOWNSHIPNJ08051,100.0,86.66666666666667
Monmouth,Neptune Township School District,Gables Elementary School,25-3510-061,"1 Gables Court, NEPTUNE, NJ, 07753",GABLESELEMENTARYSCHOOL,1GABLESCOURTNEPTUNENJ07753,Gables Elementary School,"1 Gables Court, Neptune Township, NJ, 07753",https://www.greatschools.org/new-jersey/neptune-city/1289-Gables-Elementary-School/,Below average,4.0,GABLESELEMENTARYSCHOOL,1GABLESCOURTNEPTUNETOWNSHIPNJ07753,100.0,86.66666666666667
Camden,Voorhees Township School District,Kresson School,07-5400-055,"7 SCHOOL LANE, VOORHEES, NJ, 08043",KRESSONSCHOOL,7SCHOOLLANEVOORHEESNJ08043,Kresson School,"7 SCHOOL LANE, Voorhees Township, NJ, 08043",https://www.greatschools.org/new-jersey/voorhees-township/2068-Kresson-School/,Above average,9.0,KRESSONSCHOOL,7SCHOOLLANEVOORHEESTOWNSHIPNJ08043,100.0,86.66666666666667
Morris,Parsippany-Troy Hills Township School District,Parsippany High School,27-3950-050,"309 Baldwin Rd, Parsippany, NJ, 07054",PARSIPPANYHIGHSCHOOL,309BALDWINRDPARSIPPANYNJ07054,Parsippany High School,"309 Baldwin Rd, Parsippany-Troy Hills, NJ, 07054",https://www.greatschools.org/new-jersey/parsippany_troy-hills/1502-Parsippany-High-School/,Average,6.0,PARSIPPANYHIGHSCHOOL,309BALDWINRDPARSIPPANYTROYHILLSNJ07054,100.0,86.56716417910448
Somerset,Franklin Township Public Schools,Claremont Elementary School,35-1610-300,"175 Claremont Road, Franklin Park, NJ, 08823",CLAREMONTELEMENTARYSCHOOL,175CLAREMONTROADFRANKLINPARKNJ08823,Claremont Elementary School,"175 Claremont Road, Franklin Township, NJ, 08823",https://www.greatschools.org/new-jersey/franklin-park/8906-Claremont-Elementary-School/,Below average,4.0,CLAREMONTELEMENTARYSCHOOL,175CLAREMONTROADFRANKLINTOWNSHIPNJ08823,100.0,86.48648648648648
Ocean,Brick Township Public School District,Emma Havens Young Elementary School,29-0530-035,"43 DRUM POINT RD, BRICK, NJ, 08723",EMMAHAVENSYOUNGELEMENTARYSCHOOL,43DRUMPOINTRDBRICKNJ08723,Emma Havens Young Elementary School,"43 DRUM POINT RD, Brick Township, NJ, 08723",https://www.greatschools.org/new-jersey/brick-township/176-Emma-Havens-Young-Elementary-School/,Below average,4.0,EMMAHAVENSYOUNGELEMENTARYSCHOOL,43DRUMPOINTRDBRICKTOWNSHIPNJ08723,100.0,86.20689655172414
Mercer,Ewing Township School District,Ewing High School,21-1430-050,"900 PARKWAY AVE, EWING, NJ, 08618",EWINGHIGHSCHOOL,900PARKWAYAVEEWINGNJ08618,Ewing High School,"900 PARKWAY AVE, Ewing Township, NJ, 08618",https://www.greatschools.org/new-jersey/trenton/562-Ewing-High-School/,Below average,2.0,EWINGHIGHSCHOOL,900PARKWAYAVEEWINGTOWNSHIPNJ08618,100.0,86.20689655172414
Hudson,Union City School District,Union City High School,17-5240-055,"2500 Kennedy Blvd, Union City, NJ, 07087",UNIONCITYHIGHSCHOOL,2500KENNEDYBLVDUNIONCITYNJ07087,Union City High School,"2500 John F. Kennedy Boulevard, Union City, NJ, 07087",https://www.greatschools.org/new-jersey/union-city/7046-Union-City-High-School/,Below average,3.0,UNIONCITYHIGHSCHOOL,2500JOHNFKENNEDYBOULEVARDUNIONCITYNJ07087,100.0,86.11111111111111
Camden,Merchantville School District,Merchantville Elementary School,07-3110-060,"130 S CENTRE ST, MERCHANTVILLE, NJ, 08109",MERCHANTVILLEELEMENTARYSCHOOL,130SCENTRESTMERCHANTVILLENJ08109,Merchantville Elementary School,"130 South Center Street, Merchantville, NJ, 08109",https://www.greatschools.org/new-jersey/merchantville/1141-Merchantville-Elementary-School/,Average,6.0,MERCHANTVILLEELEMENTARYSCHOOL,130SOUTHCENTERSTREETMERCHANTVILLENJ08109,100.0,86.11111111111111
Gloucester,South Harrison Township School District,South Harrison Elementary School,15-4880-050,"904 MULLICA HILL RD, HARRISONVILLE, NJ, 08039",SOUTHHARRISONELEMENTARYSCHOOL,904MULLICAHILLRDHARRISONVILLENJ08039,South Harrison Elementary School,"904 MULLICA HILL RD, South Harrison, NJ, 08039",https://www.greatschools.org/new-jersey/swedesboro/1861-South-Harrison-Elementary-School/,Average,5.0,SOUTHHARRISONELEMENTARYSCHOOL,904MULLICAHILLRDSOUTHHARRISONNJ08039,100.0,86.11111111111111
Mercer,Lawrence Township Public School District,Lawrence Middle School,21-2580-050,"2455 PRINCETON PIKE, LAWRENCEVILLE, NJ, 08648",LAWRENCEMIDDLESCHOOL,2455PRINCETONPIKELAWRENCEVILLENJ08648,Lawrence Middle School,"2455 PRINCETON PIKE, Lawrence Township, NJ, 08648",https://www.greatschools.org/new-jersey/lawrenceville/955-Lawrence-Middle-School/,Above average,7.0,LAWRENCEMIDDLESCHOOL,2455PRINCETONPIKELAWRENCETOWNSHIPNJ08648,100.0,85.71428571428572
Sussex,Vernon Township School District,Glen Meadow Middle School,37-5360-025,"7 SAMMIS ROAD, VERNON, NJ, 07462",GLENMEADOWMIDDLESCHOOL,7SAMMISROADVERNONNJ07462,Glen Meadow Middle School,"7 SAMMIS ROAD, Vernon Township, NJ, 07462",https://www.greatschools.org/new-jersey/vernon-township/2040-Glen-Meadow-Middle-School/,Below average,4.0,GLENMEADOWMIDDLESCHOOL,7SAMMISROADVERNONTOWNSHIPNJ07462,100.0,85.71428571428572
Monmouth,Wall Township Public School District,West Belmar Elementary School,25-5420-080,"925 17TH AVENUE, WALL, NJ, 07719",WESTBELMARELEMENTARYSCHOOL,92517THAVENUEWALLNJ07719,West Belmar Elementary School,"925 17TH AVENUE, Wall Township, NJ, 07719",https://www.greatschools.org/new-jersey/wall-township/2082-West-Belmar-Elementary-School/,Average,5.0,WESTBELMARELEMENTARYSCHOOL,92517THAVENUEWALLTOWNSHIPNJ07719,100.0,85.71428571428572
Mercer,Lawrence Township Public School District,Slackwood Elementary School,21-2580-100,"2060 PRINCETON PIKE, LAWRENCEVILLE, NJ, 08648",SLACKWOODELEMENTARYSCHOOL,2060PRINCETONPIKELAWRENCEVILLENJ08648,Slackwood Elementary School,"2060 PRINCETON PIKE, Lawrence Township, NJ, 08648",https://www.greatschools.org/new-jersey/lawrenceville/959-Slackwood-Elementary-School/,Above average,7.0,SLACKWOODELEMENTARYSCHOOL,2060PRINCETONPIKELAWRENCETOWNSHIPNJ08648,100.0,85.71428571428572
Monmouth,Township of Ocean School District,Wayside Elementary School,25-3810-080,"733 BOWNE ROAD, OCEAN, NJ, 07712",WAYSIDEELEMENTARYSCHOOL,733BOWNEROADOCEANNJ07712,Wayside Elementary School,"733 BOWNE ROAD, Ocean Township, NJ, 07712",https://www.greatschools.org/new-jersey/ocean-township/1463-Wayside-Elementary-School/,Average,6.0,WAYSIDEELEMENTARYSCHOOL,733BOWNEROADOCEANTOWNSHIPNJ07712,100.0,85.71428571428572
Mercer,Lawrence Township Public School District,Lawrence High School,21-2580-040,"2525 PRINCETON PIKE, LAWRENCEVILLE, NJ, 08648",LAWRENCEHIGHSCHOOL,2525PRINCETONPIKELAWRENCEVILLENJ08648,Lawrence High School,"2525 PRINCETON PIKE, Lawrence Township, NJ, 08648",https://www.greatschools.org/new-jersey/lawrenceville/954-Lawrence-High-School/,Average,6.0,LAWRENCEHIGHSCHOOL,2525PRINCETONPIKELAWRENCETOWNSHIPNJ08648,100.0,85.71428571428572
Burlington,Willingboro Public School District,Levitt Intermediate School,05-5805-301,"80 Martin Luther King, Jr. Pkwy, Willingboro, NJ, 08046",LEVITTINTERMEDIATESCHOOL,80MARTINLUTHERKINGJRPKWYWILLINGBORONJ08046,Levitt Intermediate School,"80 Martin Luther King Jr. Boulevard, Willingboro, NJ, 08046",https://www.greatschools.org/new-jersey/willingboro/8902-Levitt-Intermediate-School/,Below average,2.0,LEVITTINTERMEDIATESCHOOL,80MARTINLUTHERKINGJRBOULEVARDWILLINGBORONJ08046,100.0,85.3932584269663
Morris,Parsippany-Troy Hills Township School District,Eastlake Elementary School,27-3950-062,"40 Eba Road, Parsippany, NJ, 07054",EASTLAKEELEMENTARYSCHOOL,40EBAROADPARSIPPANYNJ07054,Eastlake Elementary School,"40 Eba Road, Parsippany-Troy Hills, NJ, 07054",https://www.greatschools.org/new-jersey/parsippany_troy-hills/1506-Eastlake-Elementary-School/,Above average,7.0,EASTLAKEELEMENTARYSCHOOL,40EBAROADPARSIPPANYTROYHILLSNJ07054,100.0,85.24590163934427
Middlesex,Old Bridge Township School District,Carl Sandburg Middle School,23-3845-103,"3439 ROUTE 516, OLD BRIDGE, NJ, 08857",CARLSANDBURGMIDDLESCHOOL,3439ROUTE516OLDBRIDGENJ08857,Carl Sandburg Middle School,"3439 County Road 516, Old Bridge, NJ, 08857",https://www.greatschools.org/new-jersey/old-bridge-township/1060-Carl-Sandburg-Middle-School/,Average,5.0,CARLSANDBURGMIDDLESCHOOL,3439COUNTYROAD516OLDBRIDGENJ08857,100.0,85.24590163934427
Hudson,Union City School District,Hudson Elementary School,17-5240-090,"167  19TH ST, UNION CITY, NJ, 07087",HUDSONELEMENTARYSCHOOL,16719THSTUNIONCITYNJ07087,Hudson Elementary School,"166 18th Street, Union City, NJ, 07087",https://www.greatschools.org/new-jersey/union-city/1998-Hudson-Elementary-School/,Average,5.0,HUDSONELEMENTARYSCHOOL,16618THSTREETUNIONCITYNJ07087,100.0,85.18518518518519
Union,Linden Public School District,Linden High School,39-2660-050,"121 W ST GEORGE AVE, LINDEN, NJ, 07036",LINDENHIGHSCHOOL,121WSTGEORGEAVELINDENNJ07036,Linden High School,"121 West Saint Georges Avenue, Linden, NJ, 07036",https://www.greatschools.org/new-jersey/linden/973-Linden-High-School/,Below average,2.0,LINDENHIGHSCHOOL,121WESTSAINTGEORGESAVENUELINDENNJ07036,100.0,84.84848484848484
Morris,Hanover Park Regional High School District,Whippany Park High School,27-1990-070,"165 WHIPPANY ROAD, WHIPPANY, NJ, 07981",WHIPPANYPARKHIGHSCHOOL,165WHIPPANYROADWHIPPANYNJ07981,Whippany Park High School,"165 WHIPPANY ROAD, Hanover, NJ, 07981",https://www.greatschools.org/new-jersey/hanover/758-Whippany-Park-High-School/,Above average,8.0,WHIPPANYPARKHIGHSCHOOL,165WHIPPANYROADHANOVERNJ07981,100.0,84.7457627118644
Gloucester,Mantua Township School District,J. Mason Tomlin Elementary School,15-2990-040,"393 MAIN ST, MANTUA, NJ, 08051",JMASONTOMLINELEMENTARYSCHOOL,393MAINSTMANTUANJ08051,J. Mason Tomlin Elementary School,"393 MAIN ST, Mantua Township, NJ, 08051",https://www.greatschools.org/new-jersey/mantua-township/1099-J.-Mason-Tomlin-Elementary-School/,Average,6.0,JMASONTOMLINELEMENTARYSCHOOL,393MAINSTMANTUATOWNSHIPNJ08051,100.0,84.61538461538461
Monmouth,Wall Township Public School District,Wall High School,25-5420-050,"1630 18TH AVE, WALL, NJ, 07719",WALLHIGHSCHOOL,163018THAVEWALLNJ07719,Wall High School,"1630 18TH AVE, Wall Township, NJ, 07719",https://www.greatschools.org/new-jersey/wall-township/2077-Wall-High-School/,Below average,4.0,WALLHIGHSCHOOL,163018THAVEWALLTOWNSHIPNJ07719,100.0,84.61538461538461
Essex,Newark Public School District,Dr William H. Horton Elementary School,13-3570-440,"291 N 7TH ST, NEWARK, NJ, 07107",DRWILLIAMHHORTONELEMENTARYSCHOOL,291N7THSTNEWARKNJ07107,Dr. William H. Horton Elementary School,"291 North 7th Street, Newark, NJ, 07107",https://www.greatschools.org/new-jersey/newark/1352-Dr.-William-H.-Horton-Elementary-School/,Below average,2.0,DRWILLIAMHHORTONELEMENTARYSCHOOL,291NORTH7THSTREETNEWARKNJ07107,100.0,84.61538461538461
Cumberland,Millville School District,Millville Senior High School,11-3230-050,"200 WADE BLVD, MILLVILLE, NJ, 08332",MILLVILLESENIORHIGHSCHOOL,200WADEBLVDMILLVILLENJ08332,Millville Senior High School,"200 South Wade Boulevard, Millville, NJ, 08332",https://www.greatschools.org/new-jersey/millville/1192-Millville-Senior-High-School/,Below average,2.0,MILLVILLESENIORHIGHSCHOOL,200SOUTHWADEBOULEVARDMILLVILLENJ08332,100.0,84.375
Hunterdon,South Hunterdon Regional School District,Lambertville Public School,19-1376-020,"200 N. Main, Lambertville, NJ, 08530",LAMBERTVILLEPUBLICSCHOOL,200NMAINLAMBERTVILLENJ08530,Lambertville Public School,"200 North Main Street, Lambertville, NJ, 08530",https://www.greatschools.org/new-jersey/lambertville/8786-Lambertville-Public-School/,Average,5.0,LAMBERTVILLEPUBLICSCHOOL,200NORTHMAINSTREETLAMBERTVILLENJ08530,100.0,84.375
Middlesex,Sayreville School District,Sayreville Middle School,23-4660-055,"800 WASHINGTON ROAD, PARLIN, NJ, 08859",SAYREVILLEMIDDLESCHOOL,800WASHINGTONROADPARLINNJ08859,Sayreville Middle School,"800 WASHINGTON ROAD, Sayreville, NJ, 08859",https://www.greatschools.org/new-jersey/sayreville/1810-Sayreville-Middle-School/,Below average,4.0,SAYREVILLEMIDDLESCHOOL,800WASHINGTONROADSAYREVILLENJ08859,100.0,84.375
Middlesex,Old Bridge Township School District,Old Bridge High School,23-3845-040,"4209 ROUTE 516, MATAWAN, NJ, 07747",OLDBRIDGEHIGHSCHOOL,4209ROUTE516MATAWANNJ07747,Old Bridge High School,"4209 County Road 516, Matawan, NJ, 07747",https://www.greatschools.org/new-jersey/matawan/1058-Old-Bridge-High-School/,Average,5.0,OLDBRIDGEHIGHSCHOOL,4209COUNTYROAD516MATAWANNJ07747,100.0,84.21052631578948
Mercer,Lawrence Township Public School District,Eldridge Park School,21-2580-080,"55 LAWN PARK AVE, LAWRENCEVILLE, NJ, 08648",ELDRIDGEPARKSCHOOL,55LAWNPARKAVELAWRENCEVILLENJ08648,Eldridge Park School,"55 LAWN PARK AVE, Lawrence Township, NJ, 08648",https://www.greatschools.org/new-jersey/lawrenceville/960-Eldridge-Park-School/,Below average,3.0,ELDRIDGEPARKSCHOOL,55LAWNPARKAVELAWRENCETOWNSHIPNJ08648,100.0,84.05797101449275
Atlantic,Hamilton Township School District,William Davies Middle School,01-1940-120,"1876 DR  DENNIS FOREMAN DRIVE, MAYS LANDING, NJ, 08330",WILLIAMDAVIESMIDDLESCHOOL,1876DRDENNISFOREMANDRIVEMAYSLANDINGNJ08330,William Davies Middle School,"1876 DR DENNIS FOREMAN DRIVE, Hamilton, NJ, 08330",https://www.greatschools.org/new-jersey/hamilton-township/728-William-Davies-Middle-School/,Below average,4.0,WILLIAMDAVIESMIDDLESCHOOL,1876DRDENNISFOREMANDRIVEHAMILTONNJ08330,100.0,83.95061728395062
Atlantic,Greater Egg Harbor Regional High School District,Oakcrest High School,01-1790-050,"1824 DR  DENNIS FOREMAN DRIVE, MAYS LANDING, NJ, 08330",OAKCRESTHIGHSCHOOL,1824DRDENNISFOREMANDRIVEMAYSLANDINGNJ08330,Oakcrest High School,"1824 DR DENNIS FOREMAN DRIVE, Hamilton, NJ, 08330",https://www.greatschools.org/new-jersey/hamilton-township/689-Oakcrest-High-School/,Below average,2.0,OAKCRESTHIGHSCHOOL,1824DRDENNISFOREMANDRIVEHAMILTONNJ08330,100.0,83.95061728395062
Union,Plainfield Public School District,Hubbard Middle School,39-4160-060,"661 W EIGHTH ST, PLAINFIELD, NJ, 07060",HUBBARDMIDDLESCHOOL,661WEIGHTHSTPLAINFIELDNJ07060,Hubbard Middle School,"661 West 8th Street, Plainfield, NJ, 07060",https://www.greatschools.org/new-jersey/plainfield/1647-Hubbard-Middle-School/,Below average,4.0,HUBBARDMIDDLESCHOOL,661WEST8THSTREETPLAINFIELDNJ07060,100.0,83.87096774193549
Passaic,Wanaque School District,Haskell Elementary School,31-5440-050,"973 RINGWOOD AVENUE, HASKELL, NJ, 07420",HASKELLELEMENTARYSCHOOL,973RINGWOODAVENUEHASKELLNJ07420,Haskell Elementary School,"973 RINGWOOD AVENUE, Wanaque, NJ, 07420",https://www.greatschools.org/new-jersey/wanaque/2086-Haskell-Elementary-School/,Average,5.0,HASKELLELEMENTARYSCHOOL,973RINGWOODAVENUEWANAQUENJ07420,100.0,83.87096774193549
Somerset,Bernards Township School District,Ridge High School,35-0350-050,"268 South Finley Avenue, Basking Ridge, NJ, 07920",RIDGEHIGHSCHOOL,268SOUTHFINLEYAVENUEBASKINGRIDGENJ07920,Ridge High School,"268 South Finley Avenue, Bernards, NJ, 07920",https://www.greatschools.org/new-jersey/bernards/127-Ridge-High-School/,Above average,8.0,RIDGEHIGHSCHOOL,268SOUTHFINLEYAVENUEBERNARDSNJ07920,100.0,83.78378378378379
Atlantic,Buena Regional School District,Dr. J.P. Cleary Elementary School,01-0590-300,"1501 CENTRAL AVE, MINOTOLA, NJ, 08341",DRJPCLEARYELEMENTARYSCHOOL,1501CENTRALAVEMINOTOLANJ08341,Dr. J.P. Cleary Elementary School,"1501 CENTRAL AVE, Buena, NJ, 08341",https://www.greatschools.org/new-jersey/buena/7134-Dr.-J.P.-Cleary-Elementary-School/,Below average,2.0,DRJPCLEARYELEMENTARYSCHOOL,1501CENTRALAVEBUENANJ08341,100.0,83.63636363636364
Ocean,Ocean Township School District,Frederic A. Priff Elementary School,29-3820-030,"139 WELLS MILL ROAD, WARETOWN, NJ, 08758",FREDERICAPRIFFELEMENTARYSCHOOL,139WELLSMILLROADWARETOWNNJ08758,Frederic A Priff Elementary School,"139 WELLS MILL ROAD, Ocean Township, NJ, 08758",https://www.greatschools.org/new-jersey/waretown/1464-Frederic-A--Priff-Elementary-School/,Below average,3.0,FREDERICAPRIFFELEMENTARYSCHOOL,139WELLSMILLROADOCEANTOWNSHIPNJ08758,100.0,83.58208955223881
Atlantic,Galloway Township Public Schools,Arthur Rann Elementary School,01-1690-015,"515 S EIGHTH AVE, GALLOWAY, NJ, 08205",ARTHURRANNELEMENTARYSCHOOL,515SEIGHTHAVEGALLOWAYNJ08205,Arthur Rann Elementary School,"515 South 8th Avenue, Galloway, NJ, 08205",https://www.greatschools.org/new-jersey/galloway/641-Arthur-Rann-Elementary-School/,Average,5.0,ARTHURRANNELEMENTARYSCHOOL,515SOUTH8THAVENUEGALLOWAYNJ08205,100.0,83.33333333333334
Morris,Long Hill Township School District,Central Middle School,27-4000-030,"90 Central Avenue, Stirling, NJ, 07980",CENTRALMIDDLESCHOOL,90CENTRALAVENUESTIRLINGNJ07980,Central Middle School,"90 Central Avenue, Long Hill, NJ, 07980",https://www.greatschools.org/new-jersey/long-hill/1533-Central-Middle-School/,Above average,8.0,CENTRALMIDDLESCHOOL,90CENTRALAVENUELONGHILLNJ07980,100.0,83.33333333333334
Passaic,Paterson Public School District,School 24,31-4010-270,"50 NINETEENTH AVENUE, PATERSON, NJ, 07513",SCHOOL24,50NINETEENTHAVENUEPATERSONNJ07513,School 24,"50 19th Avenue, Paterson, NJ, 07513",https://www.greatschools.org/new-jersey/paterson/1560-Number-24-Elementary-School/,Below average,3.0,SCHOOL24,5019THAVENUEPATERSONNJ07513,100.0,83.33333333333334
Morris,Jefferson Township Public School District,Arthur Stanlick Elementary School,27-2380-028,"121 B  SHAWNEE TRAIL, LK SHAWNEE JEFFERSON TWSP, NJ, 07885",ARTHURSTANLICKELEMENTARYSCHOOL,121BSHAWNEETRAILLKSHAWNEEJEFFERSONTWSPNJ07885,Arthur Stanlick Elementary School,"121 B SHAWNEE TRAIL, Jefferson, NJ, 07885",https://www.greatschools.org/new-jersey/wharton/865-Arthur-Stanlick-Elementary-School/,Below average,4.0,ARTHURSTANLICKELEMENTARYSCHOOL,121BSHAWNEETRAILJEFFERSONNJ07885,100.0,83.11688311688312
Middlesex,Sayreville School District,Dwight D. Eisenhower Elementary School,23-4660-070,"601 ERNSTON ROAD, PARLIN, NJ, 08859",DWIGHTDEISENHOWERELEMENTARYSCHOOL,601ERNSTONROADPARLINNJ08859,Dwight D. Eisenhower Elementary School,"601 ERNSTON ROAD, Sayreville, NJ, 08859",https://www.greatschools.org/new-jersey/sayreville/1812-Dwight-D.-Eisenhower-Elementary-School/,Above average,7.0,DWIGHTDEISENHOWERELEMENTARYSCHOOL,601ERNSTONROADSAYREVILLENJ08859,100.0,82.75862068965517
Monmouth,Middletown Township Public School District,Ocean Avenue Elementary School,25-3160-080,"235 OCEAN AVENUE, NORTH MIDDLETOWN, NJ, 07748",OCEANAVENUEELEMENTARYSCHOOL,235OCEANAVENUENORTHMIDDLETOWNNJ07748,Ocean Avenue Elementary School,"235 OCEAN AVENUE, Middletown Township, NJ, 07748",https://www.greatschools.org/new-jersey/middletown/1166-Ocean-Avenue-Elementary-School/,Above average,7.0,OCEANAVENUEELEMENTARYSCHOOL,235OCEANAVENUEMIDDLETOWNTOWNSHIPNJ07748,100.0,82.66666666666667
Union,Plainfield Public School District,Maxson Middle School,39-4160-070,"920 E SEVENTH ST, PLAINFIELD, NJ, 07062",MAXSONMIDDLESCHOOL,920ESEVENTHSTPLAINFIELDNJ07062,Maxson Middle School,"920 East 7th Street, Plainfield, NJ, 07062",https://www.greatschools.org/new-jersey/plainfield/1648-Maxson-Middle-School/,Below average,2.0,MAXSONMIDDLESCHOOL,920EAST7THSTREETPLAINFIELDNJ07062,100.0,82.53968253968254
Burlington,Evesham Township School District,Frances DeMasi Middle School,05-1420-040,"199 EVESBORO  MEDFORD RD, MARLTON, NJ, 08053",FRANCESDEMASIMIDDLESCHOOL,199EVESBOROMEDFORDRDMARLTONNJ08053,Frances Demasi Middle School,"199 EVESBORO MEDFORD RD, Evesham, NJ, 08053",https://www.greatschools.org/new-jersey/evesham-township/554-Frances-Demasi-Middle-School/,Average,5.0,FRANCESDEMASIMIDDLESCHOOL,199EVESBOROMEDFORDRDEVESHAMNJ08053,100.0,82.35294117647058
Burlington,Lenape Regional High School District,Cherokee High School,05-2610-040,"120 TOMLINSON MILL ROAD, MARLTON, NJ, 08053",CHEROKEEHIGHSCHOOL,120TOMLINSONMILLROADMARLTONNJ08053,Cherokee High School,"120 TOMLINSON MILL ROAD, Evesham, NJ, 08053",https://www.greatschools.org/new-jersey/evesham-township/964-Cherokee-High-School/,Average,6.0,CHEROKEEHIGHSCHOOL,120TOMLINSONMILLROADEVESHAMNJ08053,100.0,82.35294117647058
Gloucester,Monroe Township Public School District,Holly Glen Elementary School,15-3280-075,"900 NORTH MAIN STREET, WILLIAMSTOWN, NJ, 08094",HOLLYGLENELEMENTARYSCHOOL,900NORTHMAINSTREETWILLIAMSTOWNNJ08094,Holly Glen Elementary School,"900 NORTH MAIN STREET, Monroe, NJ, 08094",https://www.greatschools.org/new-jersey/monroe-township/1205-Holly-Glen-Elementary-School/,Below average,3.0,HOLLYGLENELEMENTARYSCHOOL,900NORTHMAINSTREETMONROENJ08094,100.0,82.35294117647058
Burlington,Evesham Township School District,Richard L Rice School,05-1420-065,"50 CROWN ROYAL PARKWAY, MARLTON, NJ, 08053",RICHARDLRICESCHOOL,50CROWNROYALPARKWAYMARLTONNJ08053,Richard L Rice School,"50 CROWN ROYAL PARKWAY, Evesham, NJ, 08053",https://www.greatschools.org/new-jersey/evesham-township/561-Richard-L-Rice-School/,Above average,7.0,RICHARDLRICESCHOOL,50CROWNROYALPARKWAYEVESHAMNJ08053,100.0,81.81818181818181
Somerset,Bernards Township School District,Cedar Hill School,35-0350-070,"100 Peachtree Road, Basking Ridge, NJ, 07920",CEDARHILLSCHOOL,100PEACHTREEROADBASKINGRIDGENJ07920,Cedar Hill School,"100 Peachtree Road, Bernards, NJ, 07920",https://www.greatschools.org/new-jersey/bernards/131-Cedar-Hill-School/,Above average,9.0,CEDARHILLSCHOOL,100PEACHTREEROADBERNARDSNJ07920,100.0,81.81818181818181
Middlesex,Sayreville School District,Harry S. Truman Elementary School,23-4660-075,"ONE TAFT PLACE, PARLIN, NJ, 08859",HARRYSTRUMANELEMENTARYSCHOOL,ONETAFTPLACEPARLINNJ08859,Harry S. Truman Elementary School,"ONE TAFT PLACE, Sayreville, NJ, 08859",https://www.greatschools.org/new-jersey/sayreville/1813-Harry-S.-Truman-Elementary-School/,Average,6.0,HARRYSTRUMANELEMENTARYSCHOOL,ONETAFTPLACESAYREVILLENJ08859,100.0,81.4814814814815
Morris,Long Hill Township School District,Millington Elementary School,27-4000-060,"91 Northfield Road, Millington, NJ, 07946",MILLINGTONELEMENTARYSCHOOL,91NORTHFIELDROADMILLINGTONNJ07946,Millington Elementary School,"91 Northfield Road, Long Hill, NJ, 07946",https://www.greatschools.org/new-jersey/long-hill/1535-Millington-Elementary-School/,Average,5.0,MILLINGTONELEMENTARYSCHOOL,91NORTHFIELDROADLONGHILLNJ07946,100.0,81.25
Sussex,Green Township School District,Green Hills School,37-1800-060,"69 MACKERLY ROAD, GREENDELL, NJ, 07839",GREENHILLSSCHOOL,69MACKERLYROADGREENDELLNJ07839,Green Hills School,"69 MACKERLY ROAD, Green Township, NJ, 07839",https://www.greatschools.org/new-jersey/newton/690-Green-Hills-School/,Above average,8.0,GREENHILLSSCHOOL,69MACKERLYROADGREENTOWNSHIPNJ07839,100.0,81.25
Gloucester,Greenwich Township School District,Nehaunsey Middle School,15-1830-060,"415 SWEDESBORO ROAD, GIBBSTOWN, NJ, 08027",NEHAUNSEYMIDDLESCHOOL,415SWEDESBOROROADGIBBSTOWNNJ08027,Nehaunsey Middle School,"415 SWEDESBORO ROAD, Greenwich Township, NJ, 08027",https://www.greatschools.org/new-jersey/greenwich-township/695-Nehaunsey-Middle-School/,Below average,4.0,NEHAUNSEYMIDDLESCHOOL,415SWEDESBOROROADGREENWICHTOWNSHIPNJ08027,100.0,81.08108108108108
Middlesex,Old Bridge Township School District,Madison Park Elementary School,23-3845-120,"33 HARVARD RD, PARLIN, NJ, 08859",MADISONPARKELEMENTARYSCHOOL,33HARVARDRDPARLINNJ08859,Madison Park Elementary School,"33 HARVARD RD, Sayreville, NJ, 08859",https://www.greatschools.org/new-jersey/old-bridge-township/1065-Madison-Park-Elementary-School/,Above average,7.0,MADISONPARKELEMENTARYSCHOOL,33HARVARDRDSAYREVILLENJ08859,100.0,80.76923076923077
Sussex,Sussex-Wantage Regional School District,Wantage Elementary School,37-5100-070,"815 ROUTE 23, WANTAGE, NJ, 07461",WANTAGEELEMENTARYSCHOOL,815ROUTE23WANTAGENJ07461,Wantage Elementary School,"815 New Jersey 23, Wantage, NJ, 07461",https://www.greatschools.org/new-jersey/wantage/1925-Wantage-Elementary-School/,Below average,3.0,WANTAGEELEMENTARYSCHOOL,815NEWJERSEY23WANTAGENJ07461,100.0,80.76923076923077
Ocean,Plumsted Township School District,New Egypt Middle School,29-4190-080,"115 EVERGREEN ROAD, NEW EGYPT, NJ, 08533",NEWEGYPTMIDDLESCHOOL,115EVERGREENROADNEWEGYPTNJ08533,New Egypt Middle School,"115 EVERGREEN ROAD, Plumsted, NJ, 08533",https://www.greatschools.org/new-jersey/plumsted-township/1665-New-Egypt-Middle-School/,Average,5.0,NEWEGYPTMIDDLESCHOOL,115EVERGREENROADPLUMSTEDNJ08533,100.0,80.64516129032258
Ocean,Plumsted Township School District,New Egypt High School,29-4190-010,"117 EVERGREEN ROAD, NEW EGYPT, NJ, 08533",NEWEGYPTHIGHSCHOOL,117EVERGREENROADNEWEGYPTNJ08533,New Egypt High School,"117 EVERGREEN ROAD, Plumsted, NJ, 08533",https://www.greatschools.org/new-jersey/plumsted-township/3390-New-Egypt-High-School/,Below average,4.0,NEWEGYPTHIGHSCHOOL,117EVERGREENROADPLUMSTEDNJ08533,100.0,80.64516129032258
Hudson,North Bergen School District,North Bergen High School,17-3610-050,"7417 KENNEDY BLVD, N BERGEN, NJ, 07047",NORTHBERGENHIGHSCHOOL,7417KENNEDYBLVDNBERGENNJ07047,North Bergen High School,"7417 John F. Kennedy Boulevard, North Bergen, NJ, 07047",https://www.greatschools.org/new-jersey/north-bergen/1397-North-Bergen-High-School/,Below average,2.0,NORTHBERGENHIGHSCHOOL,7417JOHNFKENNEDYBOULEVARDNORTHBERGENNJ07047,100.0,80.55555555555556
Gloucester,Monroe Township Public School District,Oak Knoll Elementary School,15-3280-090,"23 BODINE AVENUE, WILLIAMSTOWN, NJ, 08094",OAKKNOLLELEMENTARYSCHOOL,23BODINEAVENUEWILLIAMSTOWNNJ08094,Oak Knoll Elementary School,"23 BODINE AVENUE, Monroe, NJ, 08094",https://www.greatschools.org/new-jersey/monroe-township/3419-Oak-Knoll-Elementary-School/,Below average,3.0,OAKKNOLLELEMENTARYSCHOOL,23BODINEAVENUEMONROENJ08094,100.0,80.0
Gloucester,Monroe Township Public School District,Williamstown High School,15-3280-050,"700 N TUCKAHOE RD, WILLIAMSTOWN, NJ, 08094",WILLIAMSTOWNHIGHSCHOOL,700NTUCKAHOERDWILLIAMSTOWNNJ08094,Williamstown High School,"700 N TUCKAHOE RD, Monroe, NJ, 08094",https://www.greatschools.org/new-jersey/monroe-township/1204-Williamstown-High-School/,Below average,4.0,WILLIAMSTOWNHIGHSCHOOL,700NTUCKAHOERDMONROENJ08094,100.0,80.0
Somerset,Bernards Township School District,Mount Prospect Elementary School,35-0350-100,"111 Hansom Road, Basking Ridge, NJ, 07920",MOUNTPROSPECTELEMENTARYSCHOOL,111HANSOMROADBASKINGRIDGENJ07920,Mount Prospect Elementary School,"111 Hansom Road, Bernards, NJ, 07920",https://www.greatschools.org/new-jersey/bernards/3371-Mount-Prospect-Elementary-School/,Above average,9.0,MOUNTPROSPECTELEMENTARYSCHOOL,111HANSOMROADBERNARDSNJ07920,100.0,80.0
Gloucester,Monroe Township Public School District,Whitehall Elementary School,15-3280-100,"161 WHITEHALL RD, WILLIAMSTOWN, NJ, 08094",WHITEHALLELEMENTARYSCHOOL,161WHITEHALLRDWILLIAMSTOWNNJ08094,Whitehall Elementary School,"161 WHITEHALL RD, Monroe, NJ, 08094",https://www.greatschools.org/new-jersey/monroe-township/1206-Whitehall-Elementary-School/,Above average,7.0,WHITEHALLELEMENTARYSCHOOL,161WHITEHALLRDMONROENJ08094,100.0,80.0
Burlington,Pemberton Township School District,Denbo Crichton School,05-4050-303,"Two Learning Way, Browns Mills, NJ, 08015",DENBOCRICHTONSCHOOL,TWOLEARNINGWAYBROWNSMILLSNJ08015,Denbo Crichton School,"Two Learning Way, Pemberton Township, NJ, 08015",https://www.greatschools.org/new-jersey/pemberton-township/9212-Denbo-Crichton-School/,Below average,3.0,DENBOCRICHTONSCHOOL,TWOLEARNINGWAYPEMBERTONTOWNSHIPNJ08015,100.0,80.0
Essex,Newark Public School District,Harriet Tubman Elementary School,13-3570-455,"504 S TENTH ST, NEWARK, NJ, 07103",HARRIETTUBMANELEMENTARYSCHOOL,504STENTHSTNEWARKNJ07103,Harriet Tubman Elementary School,"504 South 10th Street, Newark, NJ, 07103",https://www.greatschools.org/new-jersey/newark/1353-Harriet-Tubman-Elementary-School/,Below average,2.0,HARRIETTUBMANELEMENTARYSCHOOL,504SOUTH10THSTREETNEWARKNJ07103,100.0,80.0
Burlington,Pemberton Township School District,Fort Dix Elementary School,05-4050-110,"1199 FORT DIX  JULIUSTOWN ROAD, FORT DIX, NJ, 08640",FORTDIXELEMENTARYSCHOOL,1199FORTDIXJULIUSTOWNROADFORTDIXNJ08640,Fort Dix Elementary School,"1199 FORT DIX JULIUSTOWN ROAD, Pemberton Township, NJ, 08640",https://www.greatschools.org/new-jersey/pemberton/1581-Fort-Dix-Elementary-School/,Above average,7.0,FORTDIXELEMENTARYSCHOOL,1199FORTDIXJULIUSTOWNROADPEMBERTONTOWNSHIPNJ08640,100.0,79.54545454545455
Monmouth,Middletown Township Public School District,Bayshore Middle School,25-3160-055,"834 LEONARDVILLE ROAD, LEONARDO, NJ, 07737",BAYSHOREMIDDLESCHOOL,834LEONARDVILLEROADLEONARDONJ07737,Bayshore Middle School,"834 LEONARDVILLE ROAD, Middletown Township, NJ, 07737",https://www.greatschools.org/new-jersey/leonardo/1162-Bayshore-Middle-School/,Above average,7.0,BAYSHOREMIDDLESCHOOL,834LEONARDVILLEROADMIDDLETOWNTOWNSHIPNJ07737,100.0,79.48717948717949
Camden,Haddon Township School District,William G. Rohrer Middle School,07-1890-110,"101 MACARTHUR BOULEVARD, WESTMONT, NJ, 08108",WILLIAMGROHRERMIDDLESCHOOL,101MACARTHURBOULEVARDWESTMONTNJ08108,William G Rohrer Middle School,"101 MACARTHUR BOULEVARD, Haddon Township, NJ, 08108",https://www.greatschools.org/new-jersey/haddon-township/4129-William-G--Rohrer-Middle-School/,Average,5.0,WILLIAMGROHRERMIDDLESCHOOL,101MACARTHURBOULEVARDHADDONTOWNSHIPNJ08108,100.0,79.48717948717949
Morris,Mount Olive Township School District,Mountain View Elementary School,27-3450-060,"118 CLOVER HILL DRIVE, FLANDERS, NJ, 07836",MOUNTAINVIEWELEMENTARYSCHOOL,118CLOVERHILLDRIVEFLANDERSNJ07836,Mountain View Elementary School,"118 CLOVER HILL DRIVE, Mount Olive, NJ, 07836",https://www.greatschools.org/new-jersey/mount-olive-township/1274-Mountain-View-Elementary-School/,Average,6.0,MOUNTAINVIEWELEMENTARYSCHOOL,118CLOVERHILLDRIVEMOUNTOLIVENJ07836,100.0,79.41176470588236
Cumberland,Lawrence Township School District,Myron L. Powell Elementary School,11-2570-030,"225 MAIN STREET, CEDARVILLE, NJ, 08311",MYRONLPOWELLELEMENTARYSCHOOL,225MAINSTREETCEDARVILLENJ08311,Myron L. Powell Elementary School,"225 MAIN STREET, Lawrence, NJ, 08311",https://www.greatschools.org/new-jersey/lawrence-township/953-Myron-L.-Powell-Elementary-School/,Below average,4.0,MYRONLPOWELLELEMENTARYSCHOOL,225MAINSTREETLAWRENCENJ08311,100.0,79.3103448275862
Somerset,Bernards Township School District,William Annin Middle School,35-0350-055,"70 Quincy Road, Basking Ridge, NJ, 07920",WILLIAMANNINMIDDLESCHOOL,70QUINCYROADBASKINGRIDGENJ07920,William Annin Middle School,"70 Quincy Road, Bernards, NJ, 07920",https://www.greatschools.org/new-jersey/bernards/128-William-Annin-Middle-School/,Above average,9.0,WILLIAMANNINMIDDLESCHOOL,70QUINCYROADBERNARDSNJ07920,100.0,79.3103448275862
Camden,Haddon Township School District,Strawbridge Elementary School,07-1890-090,"307 STRAWBRIDGE AVENUE, WESTMONT, NJ, 08108",STRAWBRIDGEELEMENTARYSCHOOL,307STRAWBRIDGEAVENUEWESTMONTNJ08108,Strawbridge Elementary School,"307 STRAWBRIDGE AVENUE, Haddon Township, NJ, 08108",https://www.greatschools.org/new-jersey/haddon-township/716-Strawbridge-Elementary-School/,Average,5.0,STRAWBRIDGEELEMENTARYSCHOOL,307STRAWBRIDGEAVENUEHADDONTOWNSHIPNJ08108,100.0,78.94736842105263
Burlington,Willingboro Public School District,Willingboro High School,05-5805-053,"20 JFK WAY, WILLINGBORO, NJ, 08046",WILLINGBOROHIGHSCHOOL,20JFKWAYWILLINGBORONJ08046,Willingboro High School,"20 South John F Kennedy Way, Willingboro, NJ, 08046",https://www.greatschools.org/new-jersey/willingboro/2223-Willingboro-High-School/,Below average,1.0,WILLINGBOROHIGHSCHOOL,20SOUTHJOHNFKENNEDYWAYWILLINGBORONJ08046,100.0,78.78787878787878
Gloucester,Monroe Township Public School District,Williamstown Middle School,15-3280-110,"561 CLAYTON RD, WILLIAMSTOWN, NJ, 08094",WILLIAMSTOWNMIDDLESCHOOL,561CLAYTONRDWILLIAMSTOWNNJ08094,Williamstown Middle School,"561 CLAYTON RD, Monroe, NJ, 08094",https://www.greatschools.org/new-jersey/monroe-township/1203-Williamstown-Middle-School/,Below average,3.0,WILLIAMSTOWNMIDDLESCHOOL,561CLAYTONRDMONROENJ08094,100.0,78.57142857142857
Monmouth,Township of Ocean School District,Wanamassa Elementary School,25-3810-070,"901 BENDERMERE AVENUE, WANAMASSA, NJ, 07712",WANAMASSAELEMENTARYSCHOOL,901BENDERMEREAVENUEWANAMASSANJ07712,Wanamassa Elementary School,"901 BENDERMERE AVENUE, Ocean Township, NJ, 07712",https://www.greatschools.org/new-jersey/wanamassa/1462-Wanamassa-Elementary-School/,Above average,8.0,WANAMASSAELEMENTARYSCHOOL,901BENDERMEREAVENUEOCEANTOWNSHIPNJ07712,100.0,78.37837837837839
Morris,Roxbury Township School District,Nixon Elementary School,27-4560-085,"275 MT  ARLINGTON BOULEVARD, LANDING, NJ, 07850",NIXONELEMENTARYSCHOOL,275MTARLINGTONBOULEVARDLANDINGNJ07850,Nixon Elementary School,"275 MT ARLINGTON BOULEVARD, Roxbury Township, NJ, 07850",https://www.greatschools.org/new-jersey/roxbury-township/1782-Nixon-Elementary-School/,Average,5.0,NIXONELEMENTARYSCHOOL,275MTARLINGTONBOULEVARDROXBURYTOWNSHIPNJ07850,100.0,78.04878048780488
Gloucester,Washington Township School District,Chestnut Ridge Middle School,15-5500-026,"641 HURFFVILLE  CROSSKEYS RD, SEWELL, NJ, 08080",CHESTNUTRIDGEMIDDLESCHOOL,641HURFFVILLECROSSKEYSRDSEWELLNJ08080,Chestnut Ridge Middle School,"641 HURFFVILLE CROSSKEYS RD, Mantua Township, NJ, 08080",https://www.greatschools.org/new-jersey/washington-township/2108-Chestnut-Ridge-Middle-School/,Below average,3.0,CHESTNUTRIDGEMIDDLESCHOOL,641HURFFVILLECROSSKEYSRDMANTUATOWNSHIPNJ08080,100.0,78.04878048780488
Warren,Greenwich Township School District,Greenwich School,41-1840-040,"101 WYNDHAM FARM BOULEVARD, STEWARTSVILLE, NJ, 08886",GREENWICHSCHOOL,101WYNDHAMFARMBOULEVARDSTEWARTSVILLENJ08886,Greenwich School,"101 WYNDHAM FARM BOULEVARD, Greenwich Township, NJ, 08886",https://www.greatschools.org/new-jersey/stewartsville/3445-Greenwich-School/,Average,5.0,GREENWICHSCHOOL,101WYNDHAMFARMBOULEVARDGREENWICHTOWNSHIPNJ08886,100.0,77.77777777777779
Burlington,Evesham Township School District,Robert B Jaggard School,05-1420-070,"2 WESTCOTT ROAD, MARLTON, NJ, 08053",ROBERTBJAGGARDSCHOOL,2WESTCOTTROADMARLTONNJ08053,Robert B Jaggard School,"2 WESTCOTT ROAD, Evesham, NJ, 08053",https://www.greatschools.org/new-jersey/evesham-township/560-Robert-B-Jaggard-School/,Above average,8.0,ROBERTBJAGGARDSCHOOL,2WESTCOTTROADEVESHAMNJ08053,100.0,77.77777777777779
Ocean,Central Regional School District,Central Regional Middle School,29-0770-050,"509 FOREST HILLS PARKWAY, BAYVILLE, NJ, 08721",CENTRALREGIONALMIDDLESCHOOL,509FORESTHILLSPARKWAYBAYVILLENJ08721,Central Regional Middle School,"509 FOREST HILLS PARKWAY, Berkeley Township, NJ, 08721",https://www.greatschools.org/new-jersey/berkeley-township/291-Central-Regional-Middle-School/,Below average,4.0,CENTRALREGIONALMIDDLESCHOOL,509FORESTHILLSPARKWAYBERKELEYTOWNSHIPNJ08721,100.0,77.5
Gloucester,Washington Township School District,Hurffville Elementary School,15-5500-040,"200 HURFFVILLE  GRENLOCH RD, SEWELL, NJ, 08080",HURFFVILLEELEMENTARYSCHOOL,200HURFFVILLEGRENLOCHRDSEWELLNJ08080,Hurffville Elementary School,"200 HURFFVILLE GRENLOCH RD, Mantua Township, NJ, 08080",https://www.greatschools.org/new-jersey/washington-township/2103-Hurffville-Elementary-School/,Above average,7.0,HURFFVILLEELEMENTARYSCHOOL,200HURFFVILLEGRENLOCHRDMANTUATOWNSHIPNJ08080,100.0,77.5
Camden,Gloucester Township Public Schools,Chews Elementary School,07-1780-040,"600 CHEWSLANDING SOMERDALE RD, BLACKWOOD, NJ, 08012",CHEWSELEMENTARYSCHOOL,600CHEWSLANDINGSOMERDALERDBLACKWOODNJ08012,Chews Elementary School,"600 CHEWSLANDING SOMERDALE RD, Gloucester Township, NJ, 08012",https://www.greatschools.org/new-jersey/gloucester-township/679-Chews-Elementary-School/,Below average,4.0,CHEWSELEMENTARYSCHOOL,600CHEWSLANDINGSOMERDALERDGLOUCESTERTOWNSHIPNJ08012,100.0,77.41935483870968
Monmouth,Marlboro Township School District,Asher Holmes Elementary School,25-3030-070,"48 MENZEL LANE, MORGANVILLE, NJ, 07751",ASHERHOLMESELEMENTARYSCHOOL,48MENZELLANEMORGANVILLENJ07751,Asher Holmes Elementary School,"48 MENZEL LANE, Marlboro, NJ, 07751",https://www.greatschools.org/new-jersey/marlboro-township/1115-Asher-Holmes-Elementary-School/,Above average,10.0,ASHERHOLMESELEMENTARYSCHOOL,48MENZELLANEMARLBORONJ07751,100.0,77.19298245614036
Monmouth,Marlboro Township School District,Robertsville Elementary School,25-3030-060,"36 MENZEL LANE, MORGANVILLE, NJ, 07751",ROBERTSVILLEELEMENTARYSCHOOL,36MENZELLANEMORGANVILLENJ07751,Robertsville Elementary School,"36 MENZEL LANE, Marlboro, NJ, 07751",https://www.greatschools.org/new-jersey/marlboro-township/1114-Robertsville-Elementary-School/,Above average,7.0,ROBERTSVILLEELEMENTARYSCHOOL,36MENZELLANEMARLBORONJ07751,100.0,77.19298245614036
Monmouth,Middletown Township Public School District,Leonardo Elementary School,25-3160-110,"14 HOSFORD AVENUE, LEONARDO, NJ, 07737",LEONARDOELEMENTARYSCHOOL,14HOSFORDAVENUELEONARDONJ07737,Leonardo Elementary School,"14 HOSFORD AVENUE, Middletown Township, NJ, 07737",https://www.greatschools.org/new-jersey/middletown/1169-Leonardo-Elementary-School/,Below average,3.0,LEONARDOELEMENTARYSCHOOL,14HOSFORDAVENUEMIDDLETOWNTOWNSHIPNJ07737,100.0,77.14285714285715
Middlesex,Perth Amboy Public School District,Dual Language School,23-4090-300,"630 Amboy Avenue, Fords, NJ, 08863",DUALLANGUAGESCHOOL,630AMBOYAVENUEFORDSNJ08863,Dual Language School,"630 Amboy Avenue, Woodbridge Township, NJ, 08863",https://www.greatschools.org/new-jersey/fords/7144-Dual-Language-School/,Below average,4.0,DUALLANGUAGESCHOOL,630AMBOYAVENUEWOODBRIDGETOWNSHIPNJ08863,100.0,76.92307692307692
Monmouth,Marlboro Township School District,Marlboro Memorial Middle School,25-3030-048,"71 NOLAN ROAD, MORGANVILLE, NJ, 07751",MARLBOROMEMORIALMIDDLESCHOOL,71NOLANROADMORGANVILLENJ07751,Marlboro Memorial Middle School,"71 NOLAN ROAD, Marlboro, NJ, 07751",https://www.greatschools.org/new-jersey/marlboro-township/3495-Marlboro-Memorial-Middle-School/,Average,6.0,MARLBOROMEMORIALMIDDLESCHOOL,71NOLANROADMARLBORONJ07751,100.0,76.36363636363637
Ocean,Berkeley Township School District,Bayville Elementary School,29-0320-020,"356 ATLANTIC CITY BLVD, BAYVILLE, NJ, 08721",BAYVILLEELEMENTARYSCHOOL,356ATLANTICCITYBLVDBAYVILLENJ08721,Bayville Elementary School,"356 ATLANTIC CITY BLVD, Berkeley Township, NJ, 08721",https://www.greatschools.org/new-jersey/berkeley-township/121-Bayville-Elementary-School/,Below average,4.0,BAYVILLEELEMENTARYSCHOOL,356ATLANTICCITYBLVDBERKELEYTOWNSHIPNJ08721,100.0,76.31578947368422
Ocean,Ocean County Vocational Technical School District,Marine Academy of Technology and Environmental Science,29-3790-045,"195 CEDAR BRIDGE ROAD, MANAHAWKIN, NJ, 08050",MARINEACADEMYOFTECHNOLOGYANDENVIRONMENTALSCIENCE,195CEDARBRIDGEROADMANAHAWKINNJ08050,Marine Academy of Technology and Environmental Science,"195 CEDAR BRIDGE ROAD, Stafford Township, NJ, 08050",https://www.greatschools.org/new-jersey/stafford-township/4287-Marine-Academy-Of-Technology-And-Environmental-Science/,Above average,10.0,MARINEACADEMYOFTECHNOLOGYANDENVIRONMENTALSCIENCE,195CEDARBRIDGEROADSTAFFORDTOWNSHIPNJ08050,100.0,76.31578947368422
Middlesex,Woodbridge Township School District,John F. Kennedy Memorial High School,23-5850-040,"200 WASHINGTON AVENUE, ISELIN, NJ, 08830",JOHNFKENNEDYMEMORIALHIGHSCHOOL,200WASHINGTONAVENUEISELINNJ08830,John F Kennedy Memorial High School,"200 Washington Avenue, Woodbridge Township, NJ, 08830",https://www.greatschools.org/new-jersey/woodbridge-township/2243-John-F-Kennedy-Mem-High-School/,Below average,4.0,JOHNFKENNEDYMEMORIALHIGHSCHOOL,200WASHINGTONAVENUEWOODBRIDGETOWNSHIPNJ08830,100.0,76.31578947368422
Middlesex,South Brunswick School District,Monmouth Junction Elementary School,23-4860-110,"630 RIDGE ROAD, MONMOUTH JUNCTION, NJ, 08852",MONMOUTHJUNCTIONELEMENTARYSCHOOL,630RIDGEROADMONMOUTHJUNCTIONNJ08852,Monmouth Junction Elementary School,"630 RIDGE ROAD, South Brunswick Township, NJ, 08852",https://www.greatschools.org/new-jersey/south-brunswick-township/1858-Monmouth-Junction-Elementary-School/,Above average,8.0,MONMOUTHJUNCTIONELEMENTARYSCHOOL,630RIDGEROADSOUTHBRUNSWICKTOWNSHIPNJ08852,100.0,76.31578947368422
Middlesex,South Brunswick School District,South Brunswick High School,23-4860-050,"750 RIDGE ROAD, MONMOUTH JUNCTION, NJ, 08852",SOUTHBRUNSWICKHIGHSCHOOL,750RIDGEROADMONMOUTHJUNCTIONNJ08852,South Brunswick High School,"750 RIDGE ROAD, South Brunswick Township, NJ, 08852",https://www.greatschools.org/new-jersey/south-brunswick-township/1851-South-Brunswick-High-School/,Average,6.0,SOUTHBRUNSWICKHIGHSCHOOL,750RIDGEROADSOUTHBRUNSWICKTOWNSHIPNJ08852,100.0,76.31578947368422
Ocean,Stafford Township School District,Stafford Intermediate School,29-5020-070,"1000 McKinley Avenue, Manahawkin, NJ, 08050",STAFFORDINTERMEDIATESCHOOL,1000MCKINLEYAVENUEMANAHAWKINNJ08050,Stafford Intermediate School,"1000 McKinley Avenue, Stafford Township, NJ, 08050",https://www.greatschools.org/new-jersey/stafford-township/1907-Stafford-Intermediate-School/,Average,6.0,STAFFORDINTERMEDIATESCHOOL,1000MCKINLEYAVENUESTAFFORDTOWNSHIPNJ08050,100.0,76.31578947368422
Middlesex,Woodbridge Township School District,Fords Middle School,23-5850-070,"FANNING STREET, FORDS, NJ, 08863",FORDSMIDDLESCHOOL,FANNINGSTREETFORDSNJ08863,Fords Middle School,"FANNING STREET, Woodbridge Township, NJ, 08863",https://www.greatschools.org/new-jersey/fords/2246-Fords-Middle-School/,Below average,3.0,FORDSMIDDLESCHOOL,FANNINGSTREETWOODBRIDGETOWNSHIPNJ08863,100.0,76.19047619047619
Middlesex,Woodbridge Township School District,Ford Avenue Elementary School,23-5850-140,"186 FORD AVENUE, FORDS, NJ, 08863",FORDAVENUEELEMENTARYSCHOOL,186FORDAVENUEFORDSNJ08863,Ford Avenue Elementary School,"186 FORD AVENUE, Woodbridge Township, NJ, 08863",https://www.greatschools.org/new-jersey/woodbridge-township/2252-Ford-Avenue-Elementary-School/,Average,6.0,FORDAVENUEELEMENTARYSCHOOL,186FORDAVENUEWOODBRIDGETOWNSHIPNJ08863,100.0,76.19047619047619
Ocean,Lacey Township School District,Lanoka Harbor Elementary School,29-2480-060,"281 MANCHESTER AVE, LANOKA HARBOR, NJ, 08734",LANOKAHARBORELEMENTARYSCHOOL,281MANCHESTERAVELANOKAHARBORNJ08734,Lanoka Harbor Elementary School,"281 MANCHESTER AVE, Lacey Township, NJ, 08734",https://www.greatschools.org/new-jersey/lacey-township/936-Lanoka-Harbor-Elementary-School/,Below average,4.0,LANOKAHARBORELEMENTARYSCHOOL,281MANCHESTERAVELACEYTOWNSHIPNJ08734,100.0,76.05633802816902
Passaic,West Milford Township Public School District,Upper Greenwood Lake Elementary School,31-5650-090,"41 HENRY ROAD, HEWITT, NJ, 07421",UPPERGREENWOODLAKEELEMENTARYSCHOOL,41HENRYROADHEWITTNJ07421,Upper Greenwood Lake Elementary School,"41 HENRY ROAD, West Milford, NJ, 07421",https://www.greatschools.org/new-jersey/hewitt/2164-Upper-Greenwood-Lake-Elementary-School/,Average,6.0,UPPERGREENWOODLAKEELEMENTARYSCHOOL,41HENRYROADWESTMILFORDNJ07421,100.0,75.47169811320755
Passaic,West Milford Township Public School District,Paradise Knoll Elementary School,31-5650-080,"103 PARADISE ROAD, OAK RIDGE, NJ, 07438",PARADISEKNOLLELEMENTARYSCHOOL,103PARADISEROADOAKRIDGENJ07438,Paradise Knoll Elementary School,"103 PARADISE ROAD, Jefferson, NJ, 07438",https://www.greatschools.org/new-jersey/oak-ridge/2163-Paradise-Knoll-Elementary-School/,Average,5.0,PARADISEKNOLLELEMENTARYSCHOOL,103PARADISEROADJEFFERSONNJ07438,100.0,75.40983606557377
Middlesex,Woodbridge Township School District,Claremont Avenue Elementary School,23-5850-120,"CLAREMONT AVENUE, COLONIA, NJ, 07067",CLAREMONTAVENUEELEMENTARYSCHOOL,CLAREMONTAVENUECOLONIANJ07067,Claremont Avenue Elementary School,"CLAREMONT AVENUE, Woodbridge Township, NJ, 07067",https://www.greatschools.org/new-jersey/colonia/2251-Claremont-Avenue-Elementary-School/,Average,6.0,CLAREMONTAVENUEELEMENTARYSCHOOL,CLAREMONTAVENUEWOODBRIDGETOWNSHIPNJ07067,100.0,75.36231884057972
Camden,Gloucester Township Public Schools,Glen Landing Middle School,07-1780-055,"85 LITTLE GLOUCESTER ROAD, BLACKWOOD, NJ, 08012",GLENLANDINGMIDDLESCHOOL,85LITTLEGLOUCESTERROADBLACKWOODNJ08012,Glen Landing Middle School,"85 LITTLE GLOUCESTER ROAD, Gloucester Township, NJ, 08012",https://www.greatschools.org/new-jersey/gloucester-township/681-Glen-Landing-Middle-School/,Average,5.0,GLENLANDINGMIDDLESCHOOL,85LITTLEGLOUCESTERROADGLOUCESTERTOWNSHIPNJ08012,100.0,75.29411764705883
Middlesex,Woodbridge Township School District,Iselin Middle School,23-5850-080,"900 WOODRUFF STREET, ISELIN, NJ, 08830",ISELINMIDDLESCHOOL,900WOODRUFFSTREETISELINNJ08830,Iselin Middle School,"900 WOODRUFF STREET, Woodbridge Township, NJ, 08830",https://www.greatschools.org/new-jersey/woodbridge-township/2247-Iselin-Middle-School/,Average,6.0,ISELINMIDDLESCHOOL,900WOODRUFFSTREETWOODBRIDGETOWNSHIPNJ08830,100.0,75.0
Monmouth,Monmouth County Vocational School District,High Technology High School,25-3260-010,"765 NEWMAN SPRINGS ROAD, LINCROFT, NJ, 07738",HIGHTECHNOLOGYHIGHSCHOOL,765NEWMANSPRINGSROADLINCROFTNJ07738,High Technology High School,"765 NEWMAN SPRINGS ROAD, Middletown Township, NJ, 07738",https://www.greatschools.org/new-jersey/middletown/2157-High-Technology-High-School/,Above average,10.0,HIGHTECHNOLOGYHIGHSCHOOL,765NEWMANSPRINGSROADMIDDLETOWNTOWNSHIPNJ07738,100.0,75.0
Somerset,Montgomery Township School District,Montgomery High School,35-3320-030,"1016 Route 601, Skillman, NJ, 08558",MONTGOMERYHIGHSCHOOL,1016ROUTE601SKILLMANNJ08558,Montgomery High School,"1016 Route 601, Montgomery, NJ, 08558",https://www.greatschools.org/new-jersey/skillman/1226-Montgomery-High-School/,Above average,8.0,MONTGOMERYHIGHSCHOOL,1016ROUTE601MONTGOMERYNJ08558,100.0,75.0
Monmouth,Middletown Township Public School District,Lincroft Elementary School,25-3160-120,"729 NEWMAN SPRINGS ROAD, LINCROFT, NJ, 07738",LINCROFTELEMENTARYSCHOOL,729NEWMANSPRINGSROADLINCROFTNJ07738,Lincroft Elementary School,"729 NEWMAN SPRINGS ROAD, Middletown Township, NJ, 07738",https://www.greatschools.org/new-jersey/middletown/1170-Lincroft-Elementary-School/,Above average,8.0,LINCROFTELEMENTARYSCHOOL,729NEWMANSPRINGSROADMIDDLETOWNTOWNSHIPNJ07738,100.0,75.0
Camden,Pennsauken Township Board of Education School District,Delair Elementary School,07-4060-120,"850 DEROUSSE AVENUE, DELAIR, NJ, 08110",DELAIRELEMENTARYSCHOOL,850DEROUSSEAVENUEDELAIRNJ08110,Delair Elementary School,"850 DEROUSSE AVENUE, Pennsauken Township, NJ, 08110",https://www.greatschools.org/new-jersey/pennsauken-township/1598-Delair-Elementary-School/,Below average,2.0,DELAIRELEMENTARYSCHOOL,850DEROUSSEAVENUEPENNSAUKENTOWNSHIPNJ08110,100.0,75.0
Camden,Gloucester Township Public Schools,Loring Flemming Elementary School,07-1780-090,"135 LITTLE GLOUCESTER RD, BLACKWOOD, NJ, 08012",LORINGFLEMMINGELEMENTARYSCHOOL,135LITTLEGLOUCESTERRDBLACKWOODNJ08012,Loring-Flemming Elementary School,"135 LITTLE GLOUCESTER RD, Gloucester Township, NJ, 08012",https://www.greatschools.org/new-jersey/gloucester-township/685-Loring-Flemming-Elementary-School/,Average,5.0,LORINGFLEMMINGELEMENTARYSCHOOL,135LITTLEGLOUCESTERRDGLOUCESTERTOWNSHIPNJ08012,100.0,74.6987951807229
Middlesex,Woodbridge Township School District,Oak Ridge Heights Elementary School,23-5850-240,"720 INMAN AVENUE, COLONIA, NJ, 07067",OAKRIDGEHEIGHTSELEMENTARYSCHOOL,720INMANAVENUECOLONIANJ07067,Oak Ridge Heights Elementary School,"720 INMAN AVENUE, Woodbridge Township, NJ, 07067",https://www.greatschools.org/new-jersey/woodbridge-township/2260-Oak-Ridge-Heights-Elementary-School/,Above average,7.0,OAKRIDGEHEIGHTSELEMENTARYSCHOOL,720INMANAVENUEWOODBRIDGETOWNSHIPNJ07067,100.0,74.6268656716418
Middlesex,Woodbridge Township School District,Colonia Middle School,23-5850-060,"DELAWARE AVENUE, COLONIA, NJ, 07067",COLONIAMIDDLESCHOOL,DELAWAREAVENUECOLONIANJ07067,Colonia Middle School,"DELAWARE AVENUE, Woodbridge Township, NJ, 07067",https://www.greatschools.org/new-jersey/colonia/2245-Colonia-Middle-School/,Below average,4.0,COLONIAMIDDLESCHOOL,DELAWAREAVENUEWOODBRIDGETOWNSHIPNJ07067,100.0,74.6268656716418
Ocean,Lacey Township School District,Mill Pond Elementary School,29-2480-055,"210 WESTERN BLVD, LANOKA HARBOR, NJ, 08734",MILLPONDELEMENTARYSCHOOL,210WESTERNBLVDLANOKAHARBORNJ08734,Mill Pond Elementary School,"210 WESTERN BLVD, Lacey Township, NJ, 08734",https://www.greatschools.org/new-jersey/lacey-township/937-Mill-Pond-Elementary-School/,Below average,3.0,MILLPONDELEMENTARYSCHOOL,210WESTERNBLVDLACEYTOWNSHIPNJ08734,100.0,74.6268656716418
Ocean,Lacey Township School District,Cedar Creek Elementary School,29-2480-040,"220 WESTERN BLVD, LANOKA HARBOR, NJ, 08734",CEDARCREEKELEMENTARYSCHOOL,220WESTERNBLVDLANOKAHARBORNJ08734,Cedar Creek Elementary School,"220 WESTERN BLVD, Lacey Township, NJ, 08734",https://www.greatschools.org/new-jersey/lacey-township/939-Cedar-Creek-Elementary-School/,Average,5.0,CEDARCREEKELEMENTARYSCHOOL,220WESTERNBLVDLACEYTOWNSHIPNJ08734,100.0,74.6268656716418
Morris,Jefferson Township Public School District,White Rock Elementary School,27-2380-070,"2 FRANCINE PLACE, OAK RIDGE, NJ, 07438",WHITEROCKELEMENTARYSCHOOL,2FRANCINEPLACEOAKRIDGENJ07438,White Rock Elementary School,"2 FRANCINE PLACE, Jefferson, NJ, 07438",https://www.greatschools.org/new-jersey/jefferson/871-White-Rock-Elementary-School/,Above average,8.0,WHITEROCKELEMENTARYSCHOOL,2FRANCINEPLACEJEFFERSONNJ07438,100.0,74.57627118644068
Morris,Morris County Vocational School District,Academy for Environmental Science,27-3365-300,"1010 Weldon Road, Oak Ridge, NJ, 07438",ACADEMYFORENVIRONMENTALSCIENCE,1010WELDONROADOAKRIDGENJ07438,Academy For Environmental Science,"1010 Weldon Road, Jefferson, NJ, 07438",https://www.greatschools.org/new-jersey/sparta-township/8867-Academy-For-Environmental-Science/,Below average,3.0,ACADEMYFORENVIRONMENTALSCIENCE,1010WELDONROADJEFFERSONNJ07438,100.0,74.57627118644068
Ocean,Berkeley Township School District,Clara B. Worth Elementary School,29-0320-030,"57 CENTRAL PARKWAY, BAYVILLE, NJ, 08721",CLARABWORTHELEMENTARYSCHOOL,57CENTRALPARKWAYBAYVILLENJ08721,Clara B Worth Elementary School,"57 CENTRAL PARKWAY, Berkeley Township, NJ, 08721",https://www.greatschools.org/new-jersey/berkeley-township/122-Clara-B-Worth-Elementary-School/,Below average,2.0,CLARABWORTHELEMENTARYSCHOOL,57CENTRALPARKWAYBERKELEYTOWNSHIPNJ08721,100.0,74.28571428571429
Camden,Gloucester Township Public Schools,Ann A. Mullen Middle School,07-1780-100,"1400 SICKLERVILLE ROAD, SICKLERVILLE, NJ, 08081",ANNAMULLENMIDDLESCHOOL,1400SICKLERVILLEROADSICKLERVILLENJ08081,Ann A Mullen Middle School,"1400 SICKLERVILLE ROAD, Winslow Township, NJ, 08081",https://www.greatschools.org/new-jersey/sicklerville/676-Ann-A-Mullen-Middle-School/,Below average,3.0,ANNAMULLENMIDDLESCHOOL,1400SICKLERVILLEROADWINSLOWTOWNSHIPNJ08081,100.0,74.07407407407408
Ocean,Manchester Township School District,Whiting Elementary School,29-2940-060,"412 MANCHESTER BLVD, WHITING, NJ, 08759",WHITINGELEMENTARYSCHOOL,412MANCHESTERBLVDWHITINGNJ08759,Whiting Elementary School,"412 MANCHESTER BLVD, Manchester Township, NJ, 08759",https://www.greatschools.org/new-jersey/manchester-township/1091-Whiting-Elementary-School/,Average,6.0,WHITINGELEMENTARYSCHOOL,412MANCHESTERBLVDMANCHESTERTOWNSHIPNJ08759,100.0,73.97260273972603
Middlesex,Woodbridge Township School District,Lafayette Estates Elementary School,23-5850-200,"FORD AVENUE, FORDS, NJ, 08863",LAFAYETTEESTATESELEMENTARYSCHOOL,FORDAVENUEFORDSNJ08863,Lafayette Estates Elementary School,"FORD AVENUE, Woodbridge Township, NJ, 08863",https://www.greatschools.org/new-jersey/fords/2256-Lafayette-Estates-Elementary-School/,Below average,4.0,LAFAYETTEESTATESELEMENTARYSCHOOL,FORDAVENUEWOODBRIDGETOWNSHIPNJ08863,100.0,73.6842105263158
Mercer,Hopewell Valley Regional School District,Bear Tavern Elementary School,21-2280-035,"1162 BEAR TAVERN ROAD, TITUSVILLE, NJ, 08560",BEARTAVERNELEMENTARYSCHOOL,1162BEARTAVERNROADTITUSVILLENJ08560,Bear Tavern Elementary School,"1162 BEAR TAVERN ROAD, Hopewell Township, NJ, 08560",https://www.greatschools.org/new-jersey/hopewell-township/825-Bear-Tavern-Elementary-School/,Above average,7.0,BEARTAVERNELEMENTARYSCHOOL,1162BEARTAVERNROADHOPEWELLTOWNSHIPNJ08560,100.0,73.6842105263158
Middlesex,South Brunswick School District,Brooks Crossing Elementary School,23-4860-085,"50 DEANS HALL ROAD, MONMOUTH JUNCTION, NJ, 08852",BROOKSCROSSINGELEMENTARYSCHOOL,50DEANSHALLROADMONMOUTHJUNCTIONNJ08852,Brooks Crossing Elementary School,"50 DEANS RHODE HALL ROAD, South Brunswick Township, NJ, 08852",https://www.greatschools.org/new-jersey/south-brunswick-township/3503-Brooks-Crossing-Elementary-School/,Above average,7.0,BROOKSCROSSINGELEMENTARYSCHOOL,50DEANSRHODEHALLROADSOUTHBRUNSWICKTOWNSHIPNJ08852,100.0,73.5632183908046
Gloucester,Washington Township School District,Orchard Valley Middle School,15-5500-050,"238 PITMAN  DOWNER RD, SEWELL, NJ, 08080",ORCHARDVALLEYMIDDLESCHOOL,238PITMANDOWNERRDSEWELLNJ08080,Orchard Valley Middle School,"238 PITMAN DOWNER RD, Mantua Township, NJ, 08080",https://www.greatschools.org/new-jersey/washington-township/2109-Orchard-Valley-Middle-School/,Below average,4.0,ORCHARDVALLEYMIDDLESCHOOL,238PITMANDOWNERRDMANTUATOWNSHIPNJ08080,100.0,73.52941176470588
Gloucester,Washington Township School District,Bunker Hill Middle School,15-5500-020,"372 PITMAN  DOWNER RD, SEWELL, NJ, 08080",BUNKERHILLMIDDLESCHOOL,372PITMANDOWNERRDSEWELLNJ08080,Bunker Hill Middle School,"372 PITMAN DOWNER RD, Mantua Township, NJ, 08080",https://www.greatschools.org/new-jersey/washington-township/2099-Bunker-Hill-Middle-School/,Below average,4.0,BUNKERHILLMIDDLESCHOOL,372PITMANDOWNERRDMANTUATOWNSHIPNJ08080,100.0,73.52941176470588
Gloucester,East Greenwich Township School District,Samuel Mickle School,15-1180-045,"559 KINGS HIGHWAY, MICKLETON, NJ, 08056",SAMUELMICKLESCHOOL,559KINGSHIGHWAYMICKLETONNJ08056,Samuel Mickle School,"559 KINGS HIGHWAY, East Greenwich Township, NJ, 08056",https://www.greatschools.org/new-jersey/mickleton/434-Samuel-Mickle-School/,Above average,8.0,SAMUELMICKLESCHOOL,559KINGSHIGHWAYEASTGREENWICHTOWNSHIPNJ08056,100.0,72.97297297297297
Camden,Gloucester Township Public Schools,Glendora Elementary School,07-1780-060,"201 STATION AVE, GLENDORA, NJ, 08029",GLENDORAELEMENTARYSCHOOL,201STATIONAVEGLENDORANJ08029,Glendora Elementary School,"201 STATION AVE, Gloucester Township, NJ, 08029",https://www.greatschools.org/new-jersey/gloucester-township/682-Glendora-Elementary-School/,Average,6.0,GLENDORAELEMENTARYSCHOOL,201STATIONAVEGLOUCESTERTOWNSHIPNJ08029,100.0,72.72727272727273
Camden,Gloucester Township Public Schools,Blackwood Elementary School,07-1780-020,"260 BLENHEIM  ERIAL RD, BLACKWOOD, NJ, 08012",BLACKWOODELEMENTARYSCHOOL,260BLENHEIMERIALRDBLACKWOODNJ08012,Blackwood Elementary School,"260 BLENHEIM ERIAL RD, Gloucester Township, NJ, 08012",https://www.greatschools.org/new-jersey/gloucester-township/677-Blackwood-Elementary-School/,Below average,3.0,BLACKWOODELEMENTARYSCHOOL,260BLENHEIMERIALRDGLOUCESTERTOWNSHIPNJ08012,100.0,72.72727272727273
Monmouth,Middletown Township Public School District,Bayview Elementary School,25-3160-060,"300 LEONARDVILLE ROAD, BELFORD, NJ, 07718",BAYVIEWELEMENTARYSCHOOL,300LEONARDVILLEROADBELFORDNJ07718,Bayview Elementary School,"300 LEONARDVILLE ROAD, Middletown Township, NJ, 07718",https://www.greatschools.org/new-jersey/middletown/1165-Bayview-Elementary-School/,Average,6.0,BAYVIEWELEMENTARYSCHOOL,300LEONARDVILLEROADMIDDLETOWNTOWNSHIPNJ07718,100.0,72.72727272727273
Hunterdon,Bethlehem Township School District,Thomas B. Conley Elementary School,19-0370-070,"940 IRON BRIDGE RD, ASBURY, NJ, 08802",THOMASBCONLEYELEMENTARYSCHOOL,940IRONBRIDGERDASBURYNJ08802,Thomas B Conley Elementary School,"940 IRON BRIDGE RD, Franklin Township, NJ, 08802",https://www.greatschools.org/new-jersey/asbury/133-Thomas-B--Conley-Elementary-School/,Below average,3.0,THOMASBCONLEYELEMENTARYSCHOOL,940IRONBRIDGERDFRANKLINTOWNSHIPNJ08802,100.0,72.72727272727273
Gloucester,Washington Township School District,Birches Elementary School,15-5500-027,"416 WESTMINSTER BLVD, TURNERSVILLE, NJ, 08012",BIRCHESELEMENTARYSCHOOL,416WESTMINSTERBLVDTURNERSVILLENJ08012,Birches Elementary School,"416 WESTMINSTER BLVD, Washington Township, NJ, 08012",https://www.greatschools.org/new-jersey/washington-township/2102-Birches-Elementary-School/,Average,6.0,BIRCHESELEMENTARYSCHOOL,416WESTMINSTERBLVDWASHINGTONTOWNSHIPNJ08012,100.0,72.5
Gloucester,Washington Township School District,Whitman Elementary School,15-5500-070,"827 WHITMAN SCHOOL DR, TURNERSVILLE, NJ, 08012",WHITMANELEMENTARYSCHOOL,827WHITMANSCHOOLDRTURNERSVILLENJ08012,Whitman Elementary School,"827 WHITMAN SCHOOL DR, Washington Township, NJ, 08012",https://www.greatschools.org/new-jersey/washington-township/2105-Whitman-Elementary-School/,Above average,7.0,WHITMANELEMENTARYSCHOOL,827WHITMANSCHOOLDRWASHINGTONTOWNSHIPNJ08012,100.0,72.5
Monmouth,Middletown Township Public School District,Harmony Elementary School,25-3160-095,"100 Murphy Road, NEW MONMOUTH, NJ, 07748",HARMONYELEMENTARYSCHOOL,100MURPHYROADNEWMONMOUTHNJ07748,Harmony Elementary School,"100 Murphy Road, Middletown Township, NJ, 07748",https://www.greatschools.org/new-jersey/middletown/1168-Harmony-Elementary-School/,Average,6.0,HARMONYELEMENTARYSCHOOL,100MURPHYROADMIDDLETOWNTOWNSHIPNJ07748,100.0,72.46376811594203
Burlington,Woodland Township School District,Chatsworth Elementary School,05-5890-030,"2 John Bowker Jr. Blvd, CHATSWORTH, NJ, 08019",CHATSWORTHELEMENTARYSCHOOL,2JOHNBOWKERJRBLVDCHATSWORTHNJ08019,Chatsworth Elementary School,"2 John Bowker Jr. Blvd, Browns Mills, NJ, 08019",https://www.greatschools.org/new-jersey/woodland/2273-Chatsworth-Elementary-School/,Below average,3.0,CHATSWORTHELEMENTARYSCHOOL,2JOHNBOWKERJRBLVDBROWNSMILLSNJ08019,100.0,72.46376811594203
Morris,Roxbury Township School District,Kennedy Elementary School,27-4560-067,"20 PLEASANT HILL ROAD, SUCCASUNNA, NJ, 07876",KENNEDYELEMENTARYSCHOOL,20PLEASANTHILLROADSUCCASUNNANJ07876,Kennedy Elementary School,"20 PLEASANT HILL ROAD, Roxbury Township, NJ, 07876",https://www.greatschools.org/new-jersey/succasunna/1780-Kennedy-Elementary-School/,Below average,4.0,KENNEDYELEMENTARYSCHOOL,20PLEASANTHILLROADROXBURYTOWNSHIPNJ07876,100.0,72.0
Ocean,Berkeley Township School District,Berkeley Township Elementary School,29-0320-025,"10 EMORY AVENUE, BAYVILLE, NJ, 08721",BERKELEYTOWNSHIPELEMENTARYSCHOOL,10EMORYAVENUEBAYVILLENJ08721,Berkeley Township Elementary School,"10 EMORY AVENUE, Berkeley Township, NJ, 08721",https://www.greatschools.org/new-jersey/berkeley-township/4284-Berkeley-Township-Elementary-School/,Below average,4.0,BERKELEYTOWNSHIPELEMENTARYSCHOOL,10EMORYAVENUEBERKELEYTOWNSHIPNJ08721,100.0,71.875
Hunterdon,Readington Township School District,Holland Brook School,19-4350-030,"52 READINGTON ROAD, WHITEHOUSE STATION, NJ, 08889",HOLLANDBROOKSCHOOL,52READINGTONROADWHITEHOUSESTATIONNJ08889,Holland Brook School,"52 READINGTON ROAD, Readington Township, NJ, 08889",https://www.greatschools.org/new-jersey/readington-township/3392-Holland-Brook-School/,Above average,8.0,HOLLANDBROOKSCHOOL,52READINGTONROADREADINGTONTOWNSHIPNJ08889,100.0,71.60493827160495
Middlesex,Woodbridge Township School District,Colonia High School,23-5850-020,"EAST STREET, COLONIA, NJ, 07067",COLONIAHIGHSCHOOL,EASTSTREETCOLONIANJ07067,Colonia High School,"EAST STREET, Woodbridge Township, NJ, 07067",https://www.greatschools.org/new-jersey/colonia/2242-Colonia-High-School/,Below average,4.0,COLONIAHIGHSCHOOL,EASTSTREETWOODBRIDGETOWNSHIPNJ07067,100.0,71.1864406779661
Somerset,Branchburg Township School District,Whiton Elementary School,35-0510-090,"470 Whiton Road, NESHANIC STATION, NJ, 08853",WHITONELEMENTARYSCHOOL,470WHITONROADNESHANICSTATIONNJ08853,Whiton Elementary School,"470 Whiton Road, Branchburg, NJ, 08853",https://www.greatschools.org/new-jersey/branchburg/169-Whiton-Elementary-School/,Above average,8.0,WHITONELEMENTARYSCHOOL,470WHITONROADBRANCHBURGNJ08853,100.0,70.76923076923077
Charters,Central Jersey College Prep Charter School,Central Jersey College Prep Charter School,80-6018-900,"101 Mettlers Road, Somerset, NJ, 08873",CENTRALJERSEYCOLLEGEPREPCHARTERSCHOOL,101METTLERSROADSOMERSETNJ08873,Central Jersey College Prep Charter School,"101 Mettlers Road, Franklin Township, NJ, 08873",https://www.greatschools.org/new-jersey/somerset/4519-Central-Jersey-College-Prep-Charter-School/,Above average,8.0,CENTRALJERSEYCOLLEGEPREPCHARTERSCHOOL,101METTLERSROADFRANKLINTOWNSHIPNJ08873,100.0,70.58823529411765
Monmouth,Middletown Township Public School District,Thorne Middle School,25-3160-059,"70 MURPHY ROAD, PORT MONMOUTH, NJ, 07758",THORNEMIDDLESCHOOL,70MURPHYROADPORTMONMOUTHNJ07758,Thorne Middle School,"70 MURPHY ROAD, Middletown Township, NJ, 07758",https://www.greatschools.org/new-jersey/middletown/1164-Thorne-Middle-School/,Average,5.0,THORNEMIDDLESCHOOL,70MURPHYROADMIDDLETOWNTOWNSHIPNJ07758,100.0,70.58823529411765
Hunterdon,Readington Township School District,Readington Middle School,19-4350-050,"48 READINGTON RD, WHITEHOUSE STATION, NJ, 08889",READINGTONMIDDLESCHOOL,48READINGTONRDWHITEHOUSESTATIONNJ08889,Readington Middle School,"48 READINGTON RD, Readington Township, NJ, 08889",https://www.greatschools.org/new-jersey/readington-township/1717-Readington-Middle-School/,Average,6.0,READINGTONMIDDLESCHOOL,48READINGTONRDREADINGTONTOWNSHIPNJ08889,100.0,70.12987012987013
Warren,Great Meadows Regional School District,Great Meadows Regional Middle School,41-1785-040,"273 ROUTE 46, GREAT MEADOWS, NJ, 07838",GREATMEADOWSREGIONALMIDDLESCHOOL,273ROUTE46GREATMEADOWSNJ07838,Great Meadows Regional Middle School,"273 ROUTE 46, Independence Township, NJ, 07838",https://www.greatschools.org/new-jersey/independence-township/19-Great-Meadows-Regional-Middle-School/,Average,5.0,GREATMEADOWSREGIONALMIDDLESCHOOL,273ROUTE46INDEPENDENCETOWNSHIPNJ07838,100.0,69.6969696969697
Middlesex,Woodbridge Township School District,Woodbine Avenue Elementary School,23-5850-320,"WOODBINE AVENUE, AVENEL, NJ, 07001",WOODBINEAVENUEELEMENTARYSCHOOL,WOODBINEAVENUEAVENELNJ07001,Woodbine Avenue Elementary School,"WOODBINE AVENUE, Woodbridge Township, NJ, 07001",https://www.greatschools.org/new-jersey/avenel/2264-Woodbine-Avenue-Elementary-School/,Average,5.0,WOODBINEAVENUEELEMENTARYSCHOOL,WOODBINEAVENUEWOODBRIDGETOWNSHIPNJ07001,100.0,69.6969696969697
Camden,Gloucester Township Public Schools,Union Valley Elementary School,07-1780-180,"1300 JARVIS ROAD, SICKLERVILLE, NJ, 08081",UNIONVALLEYELEMENTARYSCHOOL,1300JARVISROADSICKLERVILLENJ08081,Union Valley Elementary School,"1300 JARVIS ROAD, Winslow Township, NJ, 08081",https://www.greatschools.org/new-jersey/sicklerville/3444-Union-Valley-Elementary-School/,Average,6.0,UNIONVALLEYELEMENTARYSCHOOL,1300JARVISROADWINSLOWTOWNSHIPNJ08081,100.0,69.56521739130434
Gloucester,Washington Township School District,Bells Elementary School,15-5500-025,"227 GREENTREE RD, TURNERSVILLE, NJ, 08012",BELLSELEMENTARYSCHOOL,227GREENTREERDTURNERSVILLENJ08012,Bells Elementary School,"227 GREENTREE RD, Washington Township, NJ, 08012",https://www.greatschools.org/new-jersey/washington-township/2101-Bells-Elementary-School/,Average,5.0,BELLSELEMENTARYSCHOOL,227GREENTREERDWASHINGTONTOWNSHIPNJ08012,100.0,69.44444444444444
Middlesex,Old Bridge Township School District,Leroy Gordon Cooper Elementary School,23-3845-113,"160 BIRCHWOOD DRIVE, CLIFFWOOD BEACH, NJ, 07735",LEROYGORDONCOOPERELEMENTARYSCHOOL,160BIRCHWOODDRIVECLIFFWOODBEACHNJ07735,Leroy Gordon Cooper Elementary School,"160 BIRCHWOOD DRIVE, Aberdeen Township, NJ, 07735",https://www.greatschools.org/new-jersey/keyport/1064-Leroy-Gordon-Cooper-Elementary-School/,Average,6.0,LEROYGORDONCOOPERELEMENTARYSCHOOL,160BIRCHWOODDRIVEABERDEENTOWNSHIPNJ07735,100.0,69.23076923076923
Morris,Roxbury Township School District,Roxbury High School,27-4560-050,"ONE BRYANT DRIVE, SUCCASUNNA, NJ, 07876",ROXBURYHIGHSCHOOL,ONEBRYANTDRIVESUCCASUNNANJ07876,Roxbury High School,"ONE BRYANT DRIVE, Roxbury Township, NJ, 07876",https://www.greatschools.org/new-jersey/roxbury-township/1776-Roxbury-High-School/,Average,5.0,ROXBURYHIGHSCHOOL,ONEBRYANTDRIVEROXBURYTOWNSHIPNJ07876,100.0,68.65671641791045
Camden,Gloucester Township Public Schools,Erial Elementary School,07-1780-050,"20 ESSEX AVENUE, SICKLERVILLE, NJ, 08081",ERIALELEMENTARYSCHOOL,20ESSEXAVENUESICKLERVILLENJ08081,Erial Elementary School,"20 ESSEX AVENUE, Winslow Township, NJ, 08081",https://www.greatschools.org/new-jersey/sicklerville/680-Erial-Elementary-School/,Below average,3.0,ERIALELEMENTARYSCHOOL,20ESSEXAVENUEWINSLOWTOWNSHIPNJ08081,100.0,68.65671641791045
Morris,Roxbury Township School District,Eisenhower Middle School,27-4560-055,"47 EYLAND AVENUE, SUCCASUNNA, NJ, 07876",EISENHOWERMIDDLESCHOOL,47EYLANDAVENUESUCCASUNNANJ07876,Eisenhower Middle School,"47 EYLAND AVENUE, Roxbury Township, NJ, 07876",https://www.greatschools.org/new-jersey/roxbury-township/1777-Eisenhower-Middle-School/,Below average,3.0,EISENHOWERMIDDLESCHOOL,47EYLANDAVENUEROXBURYTOWNSHIPNJ07876,100.0,68.65671641791045
Morris,Washington Township School District,Benedict A. Cucinella School,27-5520-050,"470 NAUGHRIGHT ROAD, LONG VALLEY, NJ, 07853",BENEDICTACUCINELLASCHOOL,470NAUGHRIGHTROADLONGVALLEYNJ07853,Benedict A. Cucinella School,"470 NAUGHRIGHT ROAD, Washington Township, NJ, 07853",https://www.greatschools.org/new-jersey/washington-township/4543-Cucinella-Elementary-School/,Above average,8.0,BENEDICTACUCINELLASCHOOL,470NAUGHRIGHTROADWASHINGTONTOWNSHIPNJ07853,100.0,68.42105263157895
Ocean,Lacey Township School District,Forked River Elementary School,29-2480-050,"110 LACEY ROAD, FORKED RIVER, NJ, 08731",FORKEDRIVERELEMENTARYSCHOOL,110LACEYROADFORKEDRIVERNJ08731,Forked River Elementary School,"110 LACEY ROAD, Lacey Township, NJ, 08731",https://www.greatschools.org/new-jersey/lacey-township/935-Forked-River-Elementary-School/,Below average,4.0,FORKEDRIVERELEMENTARYSCHOOL,110LACEYROADLACEYTOWNSHIPNJ08731,100.0,67.74193548387098
Gloucester,Clearview Regional High School District,Clearview Regional High School,15-0870-020,"625 BREAKNECK RD, MULLICA HILL, NJ, 08062",CLEARVIEWREGIONALHIGHSCHOOL,625BREAKNECKRDMULLICAHILLNJ08062,Clearview Regional High School,"625 Breakneck Road, Harrison Township, NJ, 08062",https://www.greatschools.org/new-jersey/mullica-hill/326-Clearview-Reg-High-School/,Average,6.0,CLEARVIEWREGIONALHIGHSCHOOL,625BREAKNECKROADHARRISONTOWNSHIPNJ08062,100.0,67.6056338028169
Middlesex,South Brunswick School District,Indian Fields Elementary School,23-4860-100,"359 RIDGE ROAD, DAYTON, NJ, 08810",INDIANFIELDSELEMENTARYSCHOOL,359RIDGEROADDAYTONNJ08810,Indian Fields Elementary School,"359 RIDGE ROAD, South Brunswick Township, NJ, 08810",https://www.greatschools.org/new-jersey/south-brunswick-township/1849-Indian-Fields-Elementary-School/,Below average,4.0,INDIANFIELDSELEMENTARYSCHOOL,359RIDGEROADSOUTHBRUNSWICKTOWNSHIPNJ08810,100.0,66.66666666666667
Middlesex,Woodbridge Township School District,Oak Tree Road Elementary School,23-5850-402,"WILUS WAY, ISELIN, NJ, 08830",OAKTREEROADELEMENTARYSCHOOL,WILUSWAYISELINNJ08830,Oak Tree Road Elementary School,"WILUS WAY, Woodbridge Township, NJ, 08830",https://www.greatschools.org/new-jersey/iselin/8905-Oak-Tree-Road-Elementary-School/,Average,6.0,OAKTREEROADELEMENTARYSCHOOL,WILUSWAYWOODBRIDGETOWNSHIPNJ08830,100.0,66.66666666666667
Cumberland,Upper Deerfield Township School District,Elizabeth F. Moore School,11-5300-060,"1361 Highway 77, SEABROOK, NJ, 08302",ELIZABETHFMOORESCHOOL,1361HIGHWAY77SEABROOKNJ08302,Elizabeth F Moore School,"1361 Highway 77, Upper Deerfield Township, NJ, 08302",https://www.greatschools.org/new-jersey/bridgeton/2024-Elizabeth-F-Moore-School/,Below average,2.0,ELIZABETHFMOORESCHOOL,1361HIGHWAY77UPPERDEERFIELDTOWNSHIPNJ08302,100.0,65.71428571428572
Gloucester,Harrison Township School District,Pleasant Valley School,15-2070-080,"401 CEDAR RD, MULLICA HILL, NJ, 08062",PLEASANTVALLEYSCHOOL,401CEDARRDMULLICAHILLNJ08062,Pleasant Valley School,"401 CEDAR RD, Harrison Township, NJ, 08062",https://www.greatschools.org/new-jersey/mullica-hill/3446-Pleasant-Valley-School/,Average,5.0,PLEASANTVALLEYSCHOOL,401CEDARRDHARRISONTOWNSHIPNJ08062,100.0,65.57377049180329
Middlesex,South Brunswick School District,Cambridge Elementary School,23-4860-060,"35 CAMBRIDGE ROAD, KENDALL PARK, NJ, 08824",CAMBRIDGEELEMENTARYSCHOOL,35CAMBRIDGEROADKENDALLPARKNJ08824,Cambridge Elementary School,"35 CAMBRIDGE ROAD, South Brunswick Township, NJ, 08824",https://www.greatschools.org/new-jersey/south-brunswick-township/1853-Cambridge-Elementary-School/,Average,5.0,CAMBRIDGEELEMENTARYSCHOOL,35CAMBRIDGEROADSOUTHBRUNSWICKTOWNSHIPNJ08824,100.0,64.93506493506493
Middlesex,South Brunswick School District,Greenbrook Elementary School,23-4860-095,"23 ROBERTS STREET, KENDALL PARK, NJ, 08824",GREENBROOKELEMENTARYSCHOOL,23ROBERTSSTREETKENDALLPARKNJ08824,Greenbrook Elementary School,"23 ROBERTS STREET, South Brunswick Township, NJ, 08824",https://www.greatschools.org/new-jersey/south-brunswick-township/1859-Greenbrook-Elementary-School/,Average,5.0,GREENBROOKELEMENTARYSCHOOL,23ROBERTSSTREETSOUTHBRUNSWICKTOWNSHIPNJ08824,100.0,64.93506493506493
Middlesex,South Brunswick School District,Constable Elementary School,23-4860-070,"29 CONSTABLE ROAD, KENDALL PARK, NJ, 08824",CONSTABLEELEMENTARYSCHOOL,29CONSTABLEROADKENDALLPARKNJ08824,Constable Elementary School,"29 CONSTABLE ROAD, South Brunswick Township, NJ, 08824",https://www.greatschools.org/new-jersey/south-brunswick-township/1854-Constable-Elementary-School/,Above average,7.0,CONSTABLEELEMENTARYSCHOOL,29CONSTABLEROADSOUTHBRUNSWICKTOWNSHIPNJ08824,100.0,64.93506493506493
Morris,Washington Township School District,Long Valley Middle School,27-5520-035,"51 WEST MILL RD, LONG VALLEY, NJ, 07853",LONGVALLEYMIDDLESCHOOL,51WESTMILLRDLONGVALLEYNJ07853,Long Valley Middle School,"51 WEST MILL RD, Washington Township, NJ, 07853",https://www.greatschools.org/new-jersey/washington-township/2113-Long-Valley-Middle-School/,Above average,7.0,LONGVALLEYMIDDLESCHOOL,51WESTMILLRDWASHINGTONTOWNSHIPNJ07853,100.0,63.63636363636363
Burlington,North Hanover Township School District,Endeavour Elementary School,05-3650-300,"1 School Road, Jb Mdl, NJ, 08641",ENDEAVOURELEMENTARYSCHOOL,1SCHOOLROADJBMDLNJ08641,Endeavour Elementary School,"1 School Road, McGuire Air Force Base, NJ, 08641",https://www.greatschools.org/new-jersey/mcguire-air-force-base/9211-Endeavour-Elementary-School/,Below average,4.0,ENDEAVOURELEMENTARYSCHOOL,1SCHOOLROADMCGUIREAIRFORCEBASENJ08641,100.0,63.333333333333336
Middlesex,South Brunswick School District,Brunswick Acres Elementary School,23-4860-055,"41 KORY DRIVE, KENDALL PARK, NJ, 08824",BRUNSWICKACRESELEMENTARYSCHOOL,41KORYDRIVEKENDALLPARKNJ08824,Brunswick Acres Elementary School,"41 KORY DRIVE, South Brunswick Township, NJ, 08824",https://www.greatschools.org/new-jersey/south-brunswick-township/1852-Brunswick-Acres-Elementary-School/,Average,5.0,BRUNSWICKACRESELEMENTARYSCHOOL,41KORYDRIVESOUTHBRUNSWICKTOWNSHIPNJ08824,100.0,60.86956521739131
Charters,Classical Academy Charter School of Clifton,Classical Academy Charter School of Clifton,80-6230-915,"1255 Main Avenue, CLIFTON, NJ, 07011",CLASSICALACADEMYCHARTERSCHOOLOFCLIFTON,1255MAINAVENUECLIFTONNJ07011,Classical Academy Charter School Of Clifto,"1255 Main Avenue, Clifton, NJ, 07011",https://www.greatschools.org/new-jersey/clifton/3366-Classical-Academy-Cs-Of-Clifto/,Average,6.0,CLASSICALACADEMYCHARTERSCHOOLOFCLIFTO,1255MAINAVENUECLIFTONNJ07011,98.66666666666667,100.0
Essex,Irvington Public School District,Thurgood Marshall Elementary School,13-2330-125,"141  181 MONTGOMERY AVENUE, IRVINGTON, NJ, 07111",THURGOODMARSHALLELEMENTARYSCHOOL,141181MONTGOMERYAVENUEIRVINGTONNJ07111,Thurgood G. Marshall Elementary School,"141 181 MONTGOMERY AVENUE, Irvington, NJ, 07111",https://www.greatschools.org/new-jersey/irvington/843-Thurgood-G.-Marshall-Elementary-School/,Below average,4.0,THURGOODGMARSHALLELEMENTARYSCHOOL,141181MONTGOMERYAVENUEIRVINGTONNJ07111,98.46153846153847,100.0
Morris,Washington Township School District,Flocktown-Kossmann Elementary School,27-5520-030,"90 FLOCKTOWN ROAD, LONG VALLEY, NJ, 07853",FLOCKTOWNKOSSMANNELEMENTARYSCHOOL,90FLOCKTOWNROADLONGVALLEYNJ07853,Flocktown Kossman Elementary School,"90 FLOCKTOWN ROAD, Washington Township, NJ, 07853",https://www.greatschools.org/new-jersey/washington-township/2112-Flocktown--Kossman-Elementary-School/,Above average,7.0,FLOCKTOWNKOSSMANELEMENTARYSCHOOL,90FLOCKTOWNROADWASHINGTONTOWNSHIPNJ07853,98.46153846153847,66.66666666666667
Burlington,Mount Holly Township Public School District,Gertrude C. Folwell Elementary School,05-3430-050,"455 JACKSONVILLE RD, MOUNT HOLLY, NJ, 08060",GERTRUDECFOLWELLELEMENTARYSCHOOL,455JACKSONVILLERDMOUNTHOLLYNJ08060,Gertrude Folwell Elementary School,"455 Hedding Jacksonville Road, Mount Holly, NJ, 08060",https://www.greatschools.org/new-jersey/mount-holly/1263-Gertrude-Folwell-Elementary-School/,Average,5.0,GERTRUDEFOLWELLELEMENTARYSCHOOL,455HEDDINGJACKSONVILLEROADMOUNTHOLLYNJ08060,98.41269841269842,88.31168831168831
Bergen,Westwood Regional School District,Westwood Junior/Senior High School,03-5755-050,"701 RIDGEWOOD ROAD, TOWNSHIP OF WASHINGTON, NJ, 07676",WESTWOODJUNIOR/SENIORHIGHSCHOOL,701RIDGEWOODROADTOWNSHIPOFWASHINGTONNJ07676,Westwood Junior Senior High School,"701 Ridgewood Road, Township of Washington, NJ, 07676",https://www.greatschools.org/new-jersey/township-of-washington/2208-Westwood-Junior--Senior-High-School/,Average,6.0,WESTWOODJUNIORSENIORHIGHSCHOOL,701RIDGEWOODROADTOWNSHIPOFWASHINGTONNJ07676,98.36065573770492,100.0
Middlesex,Old Bridge Township School District,Virgil I. Grissom Elementary School,23-3845-163,"ONE SIMS AVENUE, OLD BRIDGE, NJ, 08857",VIRGILIGRISSOMELEMENTARYSCHOOL,ONESIMSAVENUEOLDBRIDGENJ08857,Virgil Grissom Elementary School,"ONE SIMS AVENUE, Old Bridge, NJ, 08857",https://www.greatschools.org/new-jersey/old-bridge-township/1070-Virgil-Grissom-Elementary-School/,Below average,4.0,VIRGILGRISSOMELEMENTARYSCHOOL,ONESIMSAVENUEOLDBRIDGENJ08857,98.30508474576271,100.0
Middlesex,Old Bridge Township School District,James A. McDivitt Elementary School,23-3845-108,"1 MANNY MARTIN WAY, OLD BRIDGE, NJ, 08857",JAMESAMCDIVITTELEMENTARYSCHOOL,1MANNYMARTINWAYOLDBRIDGENJ08857,James Mc Divitt Elementary School,"1 Manny Martin Way, Old Bridge, NJ, 08857",https://www.greatschools.org/new-jersey/old-bridge-township/1062-James-Mc-Divitt-Elementary-School/,Above average,7.0,JAMESMCDIVITTELEMENTARYSCHOOL,1MANNYMARTINWAYOLDBRIDGENJ08857,98.30508474576271,100.0
Sussex,Hampton Township School District,Marian E. Mckeown Elementary School,37-1980-050,"ONE SCHOOL ROAD, NEWTON, NJ, 07860",MARIANEMCKEOWNELEMENTARYSCHOOL,ONESCHOOLROADNEWTONNJ07860,Marian McKeown Elementary School,"ONE SCHOOL ROAD, Newton, NJ, 07860",https://www.greatschools.org/new-jersey/newton/756-Marian-McKeown-Elementary-School/,Above average,8.0,MARIANMCKEOWNELEMENTARYSCHOOL,ONESCHOOLROADNEWTONNJ07860,98.30508474576271,100.0
Mercer,Trenton Public School District,Hedgepeth Williams Middle School,21-5210-301,"301 Gladstone Ave, Trenton, NJ, 08629",HEDGEPETHWILLIAMSMIDDLESCHOOL,301GLADSTONEAVETRENTONNJ08629,HEDGEPETH WILLIAM MIDDLE SCHOOL,"301 Gladstone Avenue, Trenton, NJ, 08629",https://www.greatschools.org/new-jersey/trenton/8737-HEDGEPETH-WILLIAM-MIDDLE-SCHOOL/,Below average,1.0,HEDGEPETHWILLIAMMIDDLESCHOOL,301GLADSTONEAVENUETRENTONNJ08629,98.24561403508773,95.08196721311475
Charters,Camden's Promise Charter School,Camden's Promise Charter School,80-6107-998,"879 Beideman Ave, Camden, NJ, 08105",CAMDEN'SPROMISECHARTERSCHOOL,879BEIDEMANAVECAMDENNJ08105,Camdens Promise Charter School,"879 Beideman Avenue, Camden, NJ, 08105",https://www.greatschools.org/new-jersey/camden/8862-Camdens-Promise-Charter-School/,Below average,3.0,CAMDENSPROMISECHARTERSCHOOL,879BEIDEMANAVENUECAMDENNJ08105,98.18181818181819,94.73684210526316
Camden,HADDON HEIGHTS School District,Haddon Heights Jr./Sr. High School,07-1880-050,"301 SECOND AVENUE, HADDON HEIGHTS, NJ, 08035",HADDONHEIGHTSJR/SRHIGHSCHOOL,301SECONDAVENUEHADDONHEIGHTSNJ08035,Haddon Heights Jr Sr High School,"301 2nd Avenue, Haddon Heights, NJ, 08035",https://www.greatschools.org/new-jersey/haddon-heights/708-Haddon-Heights-Jr--Sr-High-School/,Below average,3.0,HADDONHEIGHTSJRSRHIGHSCHOOL,3012NDAVENUEHADDONHEIGHTSNJ08035,98.18181818181819,92.53731343283582
Middlesex,Sayreville School District,Samsel Upper Elementary School,23-4660-085,"298 ERNSTON ROAD, PARLIN, NJ, 08859",SAMSELUPPERELEMENTARYSCHOOL,298ERNSTONROADPARLINNJ08859,Samsel Uppper Elementary School,"298 ERNSTON ROAD, Sayreville, NJ, 08859",https://www.greatschools.org/new-jersey/sayreville/4265-Samsel-Uppper-Elementary-School/,Average,6.0,SAMSELUPPPERELEMENTARYSCHOOL,298ERNSTONROADSAYREVILLENJ08859,98.18181818181819,82.75862068965517
Burlington,Medford Township School District,Kirby's Mill Elementary School,05-3080-045,"151 HARTFORD ROAD, MEDFORD, NJ, 08055",KIRBY'SMILLELEMENTARYSCHOOL,151HARTFORDROADMEDFORDNJ08055,Kirbys Mill Elementary School,"151 Hartford Road, Medford, NJ, 08055",https://www.greatschools.org/new-jersey/medford/4212-Kirbys-Mill-Elementary-School/,Above average,8.0,KIRBYSMILLELEMENTARYSCHOOL,151HARTFORDROADMEDFORDNJ08055,98.11320754716981,100.0
Burlington,Pemberton Township School District,Marcus Newcomb Middle School,05-4050-302,"101 Fort Dix Rd, Pemberton, NJ, 08068",MARCUSNEWCOMBMIDDLESCHOOL,101FORTDIXRDPEMBERTONNJ08068,Marcus W. Newcomb Middle School,"101 Fort Dix Road, Pemberton, NJ, 08068",https://www.greatschools.org/new-jersey/pemberton/1577-Marcus-W.-Newcomb-Middle-School/,Below average,3.0,MARCUSWNEWCOMBMIDDLESCHOOL,101FORTDIXROADPEMBERTONNJ08068,98.03921568627452,96.55172413793103
Passaic,Passaic City School District,Sonia Sotomayor School #21,31-3970-303,"225 Madison Street, Passaic, NJ, 07055",SONIASOTOMAYORSCHOOL#21,225MADISONSTREETPASSAICNJ07055,Sonia Sotomayor School 21,"225 Madison Street, Passaic, NJ, 07055",https://www.greatschools.org/new-jersey/passaic/9207-Sonia-Sotomayor-School-21/,Below average,2.0,SONIASOTOMAYORSCHOOL21,225MADISONSTREETPASSAICNJ07055,97.77777777777777,100.0
Charters,Paterson Charter School for Science and Technology,Paterson Charter School for Science/Technology,80-7503-970,"196 WEST RAILWAY AVENUE, PATERSON, NJ, 07503",PATERSONCHARTERSCHOOLFORSCIENCE/TECHNOLOGY,196WESTRAILWAYAVENUEPATERSONNJ07503,Paterson Charter School for Science & Technology,"196 West Railway Avenue, Paterson, NJ, 07503",https://www.greatschools.org/new-jersey/paterson/4106-Paterson-Charter-School-For-Science--Technology/,Below average,4.0,PATERSONCHARTERSCHOOLFORSCIENCE&TECHNOLOGY,196WESTRAILWAYAVENUEPATERSONNJ07503,97.61904761904762,100.0
Bergen,Bogota Public School District,Bogota Jr./Sr. High School,03-0440-020,"2 HENRY C  LUTHIN PLACE, BOGOTA, NJ, 07603",BOGOTAJR/SRHIGHSCHOOL,2HENRYCLUTHINPLACEBOGOTANJ07603,Bogota Jr Sr High School,"2 Henry C Luthin Place, Bogota, NJ, 07603",https://www.greatschools.org/new-jersey/bogota/153-Bogota-Jr---Sr--High-School/,Average,6.0,BOGOTAJRSRHIGHSCHOOL,2HENRYCLUTHINPLACEBOGOTANJ07603,97.5609756097561,100.0
Gloucester,Glassboro School District,Dorthy L. Bullock School,15-1730-065,"370 New St E, Glassboro, NJ, 08028",DORTHYLBULLOCKSCHOOL,370NEWSTEGLASSBORONJ08028,Dorothy L Bullock School,"370 New Street East, Glassboro, NJ, 08028",https://www.greatschools.org/new-jersey/glassboro/659-Dorothy-L-Bullock-School/,Below average,4.0,DOROTHYLBULLOCKSCHOOL,370NEWSTREETEASTGLASSBORONJ08028,97.5609756097561,87.71929824561404
Somerset,Warren Township School District,Angelo L. Tomaso School,35-5470-040,"46 Washington Valley Road, Warren, NJ, 07059",ANGELOLTOMASOSCHOOL,46WASHINGTONVALLEYROADWARRENNJ07059,Angelo Tomaso School,"46 Washington Valley Road, Warren, NJ, 07059",https://www.greatschools.org/new-jersey/warren/2095-Angelo-Tomaso-School/,Average,6.0,ANGELOTOMASOSCHOOL,46WASHINGTONVALLEYROADWARRENNJ07059,97.2972972972973,100.0
Camden,Pennsauken Township Board of Education School District,Roosevelt Science Technology Engineering and Mathematics (STEM),07-4060-180,"5526 Wisteria Ave, Pennsauken, NJ, 08109",ROOSEVELTSCIENCETECHNOLOGYENGINEERINGANDMATHEMATICS(STEM),5526WISTERIAAVEPENNSAUKENNJ08109,Roosevelt Science Technology Engineering and Mathematics (St,"5526 WISTERIA AVE, Pennsauken Township, NJ, 08109",https://www.greatschools.org/new-jersey/pennsauken-township/1602-Roosevelt-Elementary-School/,Above average,10.0,ROOSEVELTSCIENCETECHNOLOGYENGINEERINGANDMATHEMATICS(ST,5526WISTERIAAVEPENNSAUKENTOWNSHIPNJ08109,97.2972972972973,88.88888888888889
Passaic,Little Falls Township Public School District,Little Falls Township Public School # 2,31-2700-060,"Little Falls School # 2, LITTLE FALLS, NJ, 07424",LITTLEFALLSTOWNSHIPPUBLICSCHOOL#2,LITTLEFALLSSCHOOL#2LITTLEFALLSNJ07424,Little Falls Township Public School # 3,"Little Falls School # 3, Little Falls, NJ, 07424",https://www.greatschools.org/new-jersey/little-falls/3493-Number-3/,Above average,8.0,LITTLEFALLSTOWNSHIPPUBLICSCHOOL#3,LITTLEFALLSSCHOOL#3LITTLEFALLSNJ07424,96.96969696969697,97.2972972972973
Morris,Rockaway Township School District,Katharine D Malone Elementary School,27-4490-030,"524 GREEN POND ROAD, ROCKAWAY, NJ, 07866",KATHARINEDMALONEELEMENTARYSCHOOL,524GREENPONDROADROCKAWAYNJ07866,Katherine D. Malone Elementary School,"524 GREEN POND ROAD, Rockaway, NJ, 07866",https://www.greatschools.org/new-jersey/rockaway/1761-Katherine-D.-Malone-Elementary-School/,Average,5.0,KATHERINEDMALONEELEMENTARYSCHOOL,524GREENPONDROADROCKAWAYNJ07866,96.875,100.0
Camden,Gloucester Township Public Schools,"James W. Lilley, Jr. Elementary School",07-1780-085,"1275 WILLIAMSTOWN ROAD, ERIAL, NJ, 08081",JAMESWLILLEYJRELEMENTARYSCHOOL,1275WILLIAMSTOWNROADERIALNJ08081,James W. Lilley Elementary School,"1275 WILLIAMSTOWN ROAD, Gloucester Township, NJ, 08081",https://www.greatschools.org/new-jersey/sicklerville/686-James-W.-Lilley-Elementary-School/,Below average,3.0,JAMESWLILLEYELEMENTARYSCHOOL,1275WILLIAMSTOWNROADGLOUCESTERTOWNSHIPNJ08081,96.55172413793103,77.92207792207793
Morris,Mount Olive Township School District,Sandshore Rd. Elementary School,27-3450-065,"498 SANDSHORE  ROAD, BUDD LAKE, NJ, 07828",SANDSHORERDELEMENTARYSCHOOL,498SANDSHOREROADBUDDLAKENJ07828,Sandshore Road Elementary School,"498 SANDSHORE ROAD, Mount Olive, NJ, 07828",https://www.greatschools.org/new-jersey/hackettstown/1275-Sandshore-Road-Elementary-School/,Above average,7.0,SANDSHOREROADELEMENTARYSCHOOL,498SANDSHOREROADMOUNTOLIVENJ07828,96.42857142857143,81.25
Essex,Newark Public School District,Salome Ureña Elementary School,13-3570-317,"284 First Avenue, Newark, NJ, 07104",SALOMEUREÑAELEMENTARYSCHOOL,284FIRSTAVENUENEWARKNJ07104,Salome Urena Elementary School,"284 First Avenue, Newark, NJ, 07104",https://www.greatschools.org/new-jersey/newark/8882-Salome-Urena-Elementary-School/,Below average,3.0,SALOMEURENAELEMENTARYSCHOOL,284FIRSTAVENUENEWARKNJ07104,96.2962962962963,100.0
Ocean,Point Pleasant Beach School District,Point Pleasant Beach High School,29-4220-050,"700 Trenton Avenue, Point Pleasant Beach, NJ, 08742",POINTPLEASANTBEACHHIGHSCHOOL,700TRENTONAVENUEPOINTPLEASANTBEACHNJ08742,Point Pleasant Bch High School,"700 Trenton Avenue, Point Pleasant Beach, NJ, 08742",https://www.greatschools.org/new-jersey/point-pleasant-beach/1673-Point-Pleasant-Bch-High-School/,Above average,7.0,POINTPLEASANTBCHHIGHSCHOOL,700TRENTONAVENUEPOINTPLEASANTBEACHNJ08742,96.2962962962963,100.0
Atlantic,Somers Point School District,Jordan Road Elementary School,01-4800-055,"129 Jordan Road, Somers Point, NJ, 08244",JORDANROADELEMENTARYSCHOOL,129JORDANROADSOMERSPOINTNJ08244,Jordan Rd Elementary School,"129 Jordan Road, Somers Point, NJ, 08244",https://www.greatschools.org/new-jersey/somers-point/1838-Jordan-Rd-Elementary-School/,Below average,4.0,JORDANRDELEMENTARYSCHOOL,129JORDANROADSOMERSPOINTNJ08244,96.0,100.0
Camden,Stratford School District,Parkivew Elementary School,07-5080-045,"123 PARKVIEW RD, STRATFORD, NJ, 08084",PARKIVEWELEMENTARYSCHOOL,123PARKVIEWRDSTRATFORDNJ08084,Parkview Elementary School,"123 Parkview Road, Stratford, NJ, 08084",https://www.greatschools.org/new-jersey/stratford/1914-Parkview-Elementary-School/,Average,6.0,PARKVIEWELEMENTARYSCHOOL,123PARKVIEWROADSTRATFORDNJ08084,95.83333333333334,96.66666666666667
Somerset,Hillsborough Township Public School District,Triangle Elementary Shcool,35-2170-070,"156 South  Triangle Road, Hillsborough, NJ, 08844",TRIANGLEELEMENTARYSHCOOL,156SOUTHTRIANGLEROADHILLSBOROUGHNJ08844,Triangle Elementary School,"156 South Triangle Road, Hillsborough Township, NJ, 08844",https://www.greatschools.org/new-jersey/hillsborough-township/792-Triangle-Elementary-School/,Average,6.0,TRIANGLEELEMENTARYSCHOOL,156SOUTHTRIANGLEROADHILLSBOROUGHTOWNSHIPNJ08844,95.83333333333334,90.69767441860466
Camden,Collingswood Public School District,Collingswood High School,07-0940-030,"424 COLLINGS AVE, COLLINGSWOOD, NJ, 08108",COLLINGSWOODHIGHSCHOOL,424COLLINGSAVECOLLINGSWOODNJ08108,Collingswood Sr High School,"424 Collings Avenue, Collingswood, NJ, 08108",https://www.greatschools.org/new-jersey/collingswood/356-Collingswood-Sr-High-School/,Below average,3.0,COLLINGSWOODSRHIGHSCHOOL,424COLLINGSAVENUECOLLINGSWOODNJ08108,95.65217391304348,95.65217391304348
Morris,Mount Olive Township School District,Tinc Rd. Elementary School,27-3450-070,"24 TINC ROAD, FLANDERS, NJ, 07836",TINCRDELEMENTARYSCHOOL,24TINCROADFLANDERSNJ07836,Tinc Road Elementary School,"24 TINC ROAD, Mount Olive, NJ, 07836",https://www.greatschools.org/new-jersey/mount-olive-township/1276-Tinc-Road-Elementary-School/,Above average,7.0,TINCROADELEMENTARYSCHOOL,24TINCROADMOUNTOLIVENJ07836,95.65217391304348,73.07692307692308
Cumberland,Millville School District,R. M. Bacon Elementary School,11-3230-065,"501 SOUTH THIRD STREET, MILLVILLE, NJ, 08332",RMBACONELEMENTARYSCHOOL,501SOUTHTHIRDSTREETMILLVILLENJ08332,Bacon Elementary School,"501 South 3rd Street, Millville, NJ, 08332",https://www.greatschools.org/new-jersey/millville/1194-Bacon-Elementary-School/,Below average,2.0,BACONELEMENTARYSCHOOL,501SOUTH3RDSTREETMILLVILLENJ08332,95.45454545454545,94.11764705882354
Essex,Livingston Board of Education School District,Livingston High School,13-2730-050,"30 ROBERT HARP DRIVE, LIVINGSTON, NJ, 07039",LIVINGSTONHIGHSCHOOL,30ROBERTHARPDRIVELIVINGSTONNJ07039,Livingston Sr High School,"30 Robert H Harp Drive, Livingston, NJ, 07039",https://www.greatschools.org/new-jersey/livingston/997-Livingston-Sr--High-School/,Above average,9.0,LIVINGSTONSRHIGHSCHOOL,30ROBERTHHARPDRIVELIVINGSTONNJ07039,95.23809523809524,98.55072463768117
Essex,Belleville Public School District,Belleville High School,13-0250-020,"100 PASSAIC AVE, BELLEVILLE, NJ, 07109",BELLEVILLEHIGHSCHOOL,100PASSAICAVEBELLEVILLENJ07109,Belleville Sr High School,"100 Passaic Avenue, Belleville, NJ, 07109",https://www.greatschools.org/new-jersey/belleville/80-Belleville-Sr--High-School/,Below average,2.0,BELLEVILLESRHIGHSCHOOL,100PASSAICAVENUEBELLEVILLENJ07109,95.23809523809524,95.23809523809524
Charters,The Queen City Academy Charter School District,The Queen City Academy Charter School,80-7600-960,"815 WEST SEVENTH STREET, PLAINFIELD, NJ, 07063",THEQUEENCITYACADEMYCHARTERSCHOOL,815WESTSEVENTHSTREETPLAINFIELDNJ07063,Queen City Academy Charter School,"815 West 7th Street, Plainfield, NJ, 07063",https://www.greatschools.org/new-jersey/plainfield/3405-Queen-City-Academy-Charter-School/,Average,6.0,QUEENCITYACADEMYCHARTERSCHOOL,815WEST7THSTREETPLAINFIELDNJ07063,95.08196721311475,91.42857142857143
Union,Elizabeth Public Schools,iPrep Academy School No 8,39-1320-301,"221-227 Court Street, Elizabeth, NJ, 07206",IPREPACADEMYSCHOOLNO8,221227COURTSTREETELIZABETHNJ07206,REP ACADEMY SCHOOL NO.8,"221-227 Court Street, Elizabeth, NJ, 07206",https://www.greatschools.org/new-jersey/elizabeth/8730-REP-ACADEMY-SCHOOL-NO.8/,Average,5.0,REPACADEMYSCHOOLNO8,221227COURTSTREETELIZABETHNJ07206,95.0,100.0
Bergen,New Milford Public School District,Bertrand F. Gibbs Elementary School,03-3550-070,"195 SUTTON PLACE, NEW MILFORD, NJ, 07646",BERTRANDFGIBBSELEMENTARYSCHOOL,195SUTTONPLACENEWMILFORDNJ07646,Bertram F. Gibbs Elementary School,"195 Sutton Place, New Milford, NJ, 07646",https://www.greatschools.org/new-jersey/new-milford/1308-Bertram-F.-Gibbs-Elementary-School/,Above average,9.0,BERTRAMFGIBBSELEMENTARYSCHOOL,195SUTTONPLACENEWMILFORDNJ07646,94.91525423728814,100.0
Essex,Millburn Township School District,Millburn High School,13-3190-050,"462 MILLBURN AVE, MILLBURN, NJ, 07041",MILLBURNHIGHSCHOOL,462MILLBURNAVEMILLBURNNJ07041,Millburn Sr High School,"462 MILLBURN AVE, Millburn, NJ, 07041",https://www.greatschools.org/new-jersey/millburn/1181-Millburn-Sr-High-School/,Above average,8.0,MILLBURNSRHIGHSCHOOL,462MILLBURNAVEMILLBURNNJ07041,94.73684210526316,100.0
Union,Cranford Public School District,Cranford High School,39-0980-030,"201 WEST END PLACE, CRANFORD, NJ, 07016",CRANFORDHIGHSCHOOL,201WESTENDPLACECRANFORDNJ07016,Cranford Sr High School,"201 West End Place, Cranford, NJ, 07016",https://www.greatschools.org/new-jersey/cranford/369-Cranford-Sr-High-School/,Above average,7.0,CRANFORDSRHIGHSCHOOL,201WESTENDPLACECRANFORDNJ07016,94.73684210526316,100.0
Sussex,Lenape Valley Regional High School District,Lenape Valley Regional High School,37-2615-050,"28 SPARTA ROAD, STANHOPE, NJ, 07874",LENAPEVALLEYREGIONALHIGHSCHOOL,28SPARTAROADSTANHOPENJ07874,Lenape Val Regional High School,"28 Sparta Road, Stanhope, NJ, 07874",https://www.greatschools.org/new-jersey/stanhope/967-Lenape-Val-Regional-High-School/,Average,5.0,LENAPEVALREGIONALHIGHSCHOOL,28SPARTAROADSTANHOPENJ07874,94.73684210526316,100.0
Cape May,Wildwood City School District,Glenwood Avenue Elementary School,09-5790-060,"GLENWOOD & NEW YORK AVE, WILDWOOD, NJ, 08260",GLENWOODAVENUEELEMENTARYSCHOOL,GLENWOOD&NEWYORKAVEWILDWOODNJ08260,Glenwood Ave Elementary School,"2900 New York Avenue, Wildwood, NJ, 08260",https://www.greatschools.org/new-jersey/wildwood/2220-Glenwood-Ave-Elementary-School/,Below average,1.0,GLENWOODAVEELEMENTARYSCHOOL,2900NEWYORKAVENUEWILDWOODNJ08260,94.73684210526316,75.75757575757575
Ocean,Eagleswood Township School District,Eagleswood Elementary School,29-1150-020,"511 ROUTE 9, WEST CREEK, NJ, 08092",EAGLESWOODELEMENTARYSCHOOL,511ROUTE9WESTCREEKNJ08092,Eagleswood Twp Elementary School,"511 ROUTE 9, Eagleswood, NJ, 08092",https://www.greatschools.org/new-jersey/eagleswood/421-Eagleswood-Twp-Elementary-School/,Average,5.0,EAGLESWOODTWPELEMENTARYSCHOOL,511ROUTE9EAGLESWOODNJ08092,94.54545454545455,70.58823529411765
Bergen,Teaneck School District,Teaneck High School,03-5150-050,"100 ELIZABETH AVE, TEANECK, NJ, 07666",TEANECKHIGHSCHOOL,100ELIZABETHAVETEANECKNJ07666,Teaneck Sr High School,"100 Elizabeth Avenue, Teaneck, NJ, 07666",https://www.greatschools.org/new-jersey/teaneck/1931-Teaneck-Sr-High-School/,Average,5.0,TEANECKSRHIGHSCHOOL,100ELIZABETHAVENUETEANECKNJ07666,94.44444444444444,95.08196721311475
Ocean,Toms River Regional School District,Hooper Avenue Elementary School,29-5190-075,"1517  HOOPER AVENUE, TOMS RIVER, NJ, 08753",HOOPERAVENUEELEMENTARYSCHOOL,1517HOOPERAVENUETOMSRIVERNJ08753,Hooper Ave Elementary School,"1517 Hooper Avenue, Toms River, NJ, 08753",https://www.greatschools.org/new-jersey/toms-river/1955-Hooper-Ave-Elementary-School/,Below average,4.0,HOOPERAVEELEMENTARYSCHOOL,1517HOOPERAVENUETOMSRIVERNJ08753,94.33962264150944,100.0
Ocean,Jackson Township School District,Christa McAuliffe Middle School,29-2360-048,"35 South Hope Chapel Road, Jackson, NJ, 08527",CHRISTAMCAULIFFEMIDDLESCHOOL,35SOUTHHOPECHAPELROADJACKSONNJ08527,Christa Mcauliffe Mid School,"35 South Hope Chapel Road, Jackson Township, NJ, 08527",https://www.greatschools.org/new-jersey/jackson-township/855-Christa-Mcauliffe-Mid-School/,Below average,4.0,CHRISTAMCAULIFFEMIDSCHOOL,35SOUTHHOPECHAPELROADJACKSONTOWNSHIPNJ08527,94.33962264150944,89.74358974358975
Mercer,Princeton Public Schools,John Witherspoon Middle School,21-4255-085,"217 WALNUT LANE, PRINCETON, NJ, 08540",JOHNWITHERSPOONMIDDLESCHOOL,217WALNUTLANEPRINCETONNJ08540,J Witherspoon Middle School,"217 Walnut Lane, Princeton, NJ, 08540",https://www.greatschools.org/new-jersey/princeton/1682-J--Witherspoon-Middle-School/,Above average,7.0,JWITHERSPOONMIDDLESCHOOL,217WALNUTLANEPRINCETONNJ08540,94.11764705882354,100.0
Middlesex,South Plainfield School District,South Plainfield Middle School,23-4910-053,"2201 PLAINFIELD AVENUE, SOUTH PLAINFIELD, NJ, 07080",SOUTHPLAINFIELDMIDDLESCHOOL,2201PLAINFIELDAVENUESOUTHPLAINFIELDNJ07080,So Plainfield Middle School,"2201 Plainfield Avenue, South Plainfield, NJ, 07080",https://www.greatschools.org/new-jersey/south-plainfield/1873-So-Plainfield-Middle-School/,Below average,4.0,SOPLAINFIELDMIDDLESCHOOL,2201PLAINFIELDAVENUESOUTHPLAINFIELDNJ07080,94.11764705882354,100.0
Atlantic,Pleasantville Public School District,Leeds Avenue Elementary School,01-4180-080,"100 W  LEEDS AVENUE, PLEASANTVILLE, NJ, 08232",LEEDSAVENUEELEMENTARYSCHOOL,100WLEEDSAVENUEPLEASANTVILLENJ08232,Leeds Ave Elementary School,"100 West Leeds Avenue, Pleasantville, NJ, 08232",https://www.greatschools.org/new-jersey/pleasantville/1661-Leeds-Ave-Elementary-School/,Below average,2.0,LEEDSAVEELEMENTARYSCHOOL,100WESTLEEDSAVENUEPLEASANTVILLENJ08232,94.11764705882354,95.89041095890411
Union,Summit Public School District,Summit High School,39-5090-050,"125 KENT PLACE BLVD, SUMMIT, NJ, 07901",SUMMITHIGHSCHOOL,125KENTPLACEBLVDSUMMITNJ07901,Summit Sr High School,"125 Kent Place Boulevard, Summit, NJ, 07901",https://www.greatschools.org/new-jersey/summit/1916-Summit-Sr-High-School/,Above average,7.0,SUMMITSRHIGHSCHOOL,125KENTPLACEBOULEVARDSUMMITNJ07901,94.11764705882354,92.06349206349206
Middlesex,Carteret Public School District,Private Nicholas Minue Elementary School,23-0750-057,"83 POST BLVD, CARTERET, NJ, 07008",PRIVATENICHOLASMINUEELEMENTARYSCHOOL,83POSTBLVDCARTERETNJ07008,Pvt. Nicholas Minue Elementary School,"83 Post Boulevard, Carteret, NJ, 07008",https://www.greatschools.org/new-jersey/carteret/284-Pvt.-Nicholas-Minue-Elementary-School/,Below average,4.0,PVTNICHOLASMINUEELEMENTARYSCHOOL,83POSTBOULEVARDCARTERETNJ07008,94.11764705882354,90.9090909090909
Mercer,West Windsor-Plainsboro Regional School District,West Windsor-Plainsboro High School South,21-5715-020,"346 CLARKSVILLE ROAD, West Windsor, NJ, 08550",WESTWINDSORPLAINSBOROHIGHSCHOOLSOUTH,346CLARKSVILLEROADWESTWINDSORNJ08550,West Windsor-Plains High School South,"346 CLARKSVILLE ROAD, West Windsor Township, NJ, 08550",https://www.greatschools.org/new-jersey/west-windsor-township/2190-Wwindsor--Plainsboro-South/,Above average,7.0,WESTWINDSORPLAINSHIGHSCHOOLSOUTH,346CLARKSVILLEROADWESTWINDSORTOWNSHIPNJ08550,94.11764705882354,90.0
Somerset,Montgomery Township School District,Montgomery Upper Middle School,35-3320-070,"375 Burnt Hill Road, Skillman, NJ, 08558",MONTGOMERYUPPERMIDDLESCHOOL,375BURNTHILLROADSKILLMANNJ08558,Montgomery Upper Mid School,"375 Burnt Hill Road, Montgomery, NJ, 08558",https://www.greatschools.org/new-jersey/montgomery/1228-Montgomery-Upper-Mid-School/,Above average,9.0,MONTGOMERYUPPERMIDSCHOOL,375BURNTHILLROADMONTGOMERYNJ08558,94.11764705882354,78.125
Somerset,Montgomery Township School District,Montgomery Lower Middle School,35-3320-045,"373 Burnt Hill Road, Skillman, NJ, 08558",MONTGOMERYLOWERMIDDLESCHOOL,373BURNTHILLROADSKILLMANNJ08558,Montgomery Lower Mid School,"373 Burnt Hill Road, Montgomery, NJ, 08558",https://www.greatschools.org/new-jersey/montgomery/4303-Montgomery-Lower-Mid-School/,Above average,10.0,MONTGOMERYLOWERMIDSCHOOL,373BURNTHILLROADMONTGOMERYNJ08558,94.11764705882354,78.125
Hunterdon,North Hunterdon-Voorhees Regional High School District,North Hunterdon High School,19-3660-050,"1445 State Route 31, Annandale, NJ, 08801",NORTHHUNTERDONHIGHSCHOOL,1445STATEROUTE31ANNANDALENJ08801,North Hunterdon Reg High School,"1445 State Route 31, Clinton Township, NJ, 08801",https://www.greatschools.org/new-jersey/clinton-township/1419-North-Hunterdon-Reg-High-School/,Average,6.0,NORTHHUNTERDONREGHIGHSCHOOL,1445STATEROUTE31CLINTONTOWNSHIPNJ08801,94.11764705882354,74.28571428571429
Monmouth,Matawan-Aberdeen Regional School District,Matawan-Aberdeen Middle School,25-3040-053,"469 MATAWAN AVENUE, CLIFFWOOD, NJ, 07721",MATAWANABERDEENMIDDLESCHOOL,469MATAWANAVENUECLIFFWOODNJ07721,Matawan Aberdeen Mid School,"469 MATAWAN AVENUE, Aberdeen Township, NJ, 07721",https://www.greatschools.org/new-jersey/aberdeen-township/1119-Matawan--Aberdeen-Mid-School/,Average,6.0,MATAWANABERDEENMIDSCHOOL,469MATAWANAVENUEABERDEENTOWNSHIPNJ07721,94.11764705882354,67.6056338028169
Bergen,Garfield Public School District,Washington Irving School #4,03-1700-120,"12 MADONNA PLACE, GARFIELD, NJ, 07026",WASHINGTONIRVINGSCHOOL#4,12MADONNAPLACEGARFIELDNJ07026,Washington Irving School No 4,"12 Madonna Place, Garfield, NJ, 07026",https://www.greatschools.org/new-jersey/garfield/653-Washington-Irving-School--No-4/,Above average,8.0,WASHINGTONIRVINGSCHOOLNO4,12MADONNAPLACEGARFIELDNJ07026,93.87755102040816,100.0
Sussex,Byram Township School District,Byram Intermediate School,37-0640-030,"12 MANSFIELD DRIVE, STANHOPE, NJ, 07874",BYRAMINTERMEDIATESCHOOL,12MANSFIELDDRIVESTANHOPENJ07874,Byram Twp Intermediate School,"12 Mansfield Drive, Stanhope, NJ, 07874",https://www.greatschools.org/new-jersey/stanhope/230-Byram-Twp-Intermediate-School/,Average,6.0,BYRAMTWPINTERMEDIATESCHOOL,12MANSFIELDDRIVESTANHOPENJ07874,93.87755102040816,100.0
Passaic,Wayne Township Public School District,Schuyler Colfax Middle School,31-5570-145,"1500 HAMBURG TURNPIKE, WAYNE, NJ, 07470",SCHUYLERCOLFAXMIDDLESCHOOL,1500HAMBURGTURNPIKEWAYNENJ07470,Schuyler Colfax Mid School,"1500 Hamburg Turnpike, Wayne, NJ, 07470",https://www.greatschools.org/new-jersey/wayne/2134-Schuyler--Colfax-Mid-School/,Above average,10.0,SCHUYLERCOLFAXMIDSCHOOL,1500HAMBURGTURNPIKEWAYNENJ07470,93.87755102040816,100.0
Hudson,Hoboken Public School District,Wallace Elementary School,17-2210-070,"1100 WILLOW AVENUE, HOBOKEN, NJ, 07030",WALLACEELEMENTARYSCHOOL,1100WILLOWAVENUEHOBOKENNJ07030,Wallace No. 6 Elementary School,"1100 Willow Avenue, Hoboken, NJ, 07030",https://www.greatschools.org/new-jersey/hoboken/810-Wallace-No.-6-Elementary-School/,Average,6.0,WALLACENO6ELEMENTARYSCHOOL,1100WILLOWAVENUEHOBOKENNJ07030,93.87755102040816,100.0
Bergen,Franklin Lakes School District,Franklin Avenue Middle School,03-1580-015,"755 Franklin Avenue, Franklin Lakes, NJ, 07417",FRANKLINAVENUEMIDDLESCHOOL,755FRANKLINAVENUEFRANKLINLAKESNJ07417,Franklin Ave Middle School,"755 Franklin Avenue, Franklin Lakes, NJ, 07417",https://www.greatschools.org/new-jersey/franklin-lakes/605-Franklin-Ave-Middle-School/,Above average,9.0,FRANKLINAVEMIDDLESCHOOL,755FRANKLINAVENUEFRANKLINLAKESNJ07417,93.87755102040816,100.0
Charters,University Academy Charter High School,University Academy Charter High School,80-8060-990,"275 WEST SIDE AVENUE, JERSEY CITY, NJ, 07305",UNIVERSITYACADEMYCHARTERHIGHSCHOOL,275WESTSIDEAVENUEJERSEYCITYNJ07305,University Academy Charter School,"275 West Side Avenue, Jersey City, NJ, 07305",https://www.greatschools.org/new-jersey/jersey-city/3482-University-Academy-Charter-School/,Below average,2.0,UNIVERSITYACADEMYCHARTERSCHOOL,275WESTSIDEAVENUEJERSEYCITYNJ07305,93.75,100.0
Burlington,Tabernacle Township School District,Kenneth R. Olson Middle School,05-5130-040,"132 NEW ROAD, TABERNACLE, NJ, 08088",KENNETHROLSONMIDDLESCHOOL,132NEWROADTABERNACLENJ08088,Kenneth R Olson Mid School,"132 New Road, Tabernacle, NJ, 08088",https://www.greatschools.org/new-jersey/tabernacle/1930-Kenneth-R--Olson-Mid-School/,Below average,3.0,KENNETHROLSONMIDSCHOOL,132NEWROADTABERNACLENJ08088,93.61702127659575,100.0
Hudson,Harrison Public Schools,Washington Middle School,17-2060-070,"One North Fifth Street, HARRISON, NJ, 07029",WASHINGTONMIDDLESCHOOL,ONENORTHFIFTHSTREETHARRISONNJ07029,Washington No. 1 Middle School,"One North Fifth Street, Harrison, NJ, 07029",https://www.greatschools.org/new-jersey/harrison/769-Washington-No.-1-Middle-School/,Average,5.0,WASHINGTONNO1MIDDLESCHOOL,ONENORTHFIFTHSTREETHARRISONNJ07029,93.61702127659575,100.0
Monmouth,Keansburg School District,Joseph R. Bolger Middle School,25-2400-030,"100 PALMER PLACE, KEANSBURG, NJ, 07734",JOSEPHRBOLGERMIDDLESCHOOL,100PALMERPLACEKEANSBURGNJ07734,Joseph R Bolger Mid School,"100 Palmer Place, Keansburg, NJ, 07734",https://www.greatschools.org/new-jersey/keansburg/910-Joseph-R--Bolger-Mid-School/,Below average,2.0,JOSEPHRBOLGERMIDSCHOOL,100PALMERPLACEKEANSBURGNJ07734,93.61702127659575,100.0
Atlantic,Margate City School District,Eugene A. Tighe Middle School,01-3020-010,"7804 AMHERST AVENUE, MARGATE, NJ, 08402",EUGENEATIGHEMIDDLESCHOOL,7804AMHERSTAVENUEMARGATENJ08402,Eugene A Tighe Mid School,"7804 AMHERST AVENUE, Margate City, NJ, 08402",https://www.greatschools.org/new-jersey/margate/1109-Eugene-A-Tighe-Mid-School/,Above average,9.0,EUGENEATIGHEMIDSCHOOL,7804AMHERSTAVENUEMARGATECITYNJ08402,93.33333333333333,93.93939393939394
Union,Elizabeth Public Schools,Terence C. Reilly School No 7,39-1320-030,"436 First Avenue, ELIZABETH, NJ, 07206",TERENCECREILLYSCHOOLNO7,436FIRSTAVENUEELIZABETHNJ07206,Terence C. Reilly School #7,"436 1st Avenue, Elizabeth, NJ, 07206",https://www.greatschools.org/new-jersey/elizabeth/502-Terence-C.-Reilly-School-7/,Above average,9.0,TERENCECREILLYSCHOOL#7,4361STAVENUEELIZABETHNJ07206,93.33333333333333,93.10344827586206
Atlantic,Pleasantville Public School District,North Main Street Elementary School,01-4180-085,"215 NORTH MAIN STREET, PLEASANTVILLE, NJ, 08232",NORTHMAINSTREETELEMENTARYSCHOOL,215NORTHMAINSTREETPLEASANTVILLENJ08232,North Main St Elementary School,"215 North Main Street, Pleasantville, NJ, 08232",https://www.greatschools.org/new-jersey/pleasantville/1662-North-Main-St-Elementary-School/,Average,5.0,NORTHMAINSTELEMENTARYSCHOOL,215NORTHMAINSTREETPLEASANTVILLENJ08232,93.10344827586206,100.0
Charters,The Village Charter School,The Village Charter School,80-8140-990,"101 SULLIVAN WAY, TRENTON, NJ, 08638",THEVILLAGECHARTERSCHOOL,101SULLIVANWAYTRENTONNJ08638,Village Charter School,"101 SULLIVAN WAY, Trenton, NJ, 08638",https://www.greatschools.org/new-jersey/trenton/3361-Village-Charter-School/,Below average,4.0,VILLAGECHARTERSCHOOL,101SULLIVANWAYTRENTONNJ08638,93.02325581395348,100.0
Bergen,Garfield Public School District,Woodrow Wilson School #5,03-1700-130,"205 OUTWATER LANE, GARFIELD, NJ, 07026",WOODROWWILSONSCHOOL#5,205OUTWATERLANEGARFIELDNJ07026,Woodrow Wilson School No 5,"205 Outwater Lane, Garfield, NJ, 07026",https://www.greatschools.org/new-jersey/garfield/654-Woodrow-Wilson-School--No-5/,Above average,8.0,WOODROWWILSONSCHOOLNO5,205OUTWATERLANEGARFIELDNJ07026,93.02325581395348,100.0
Atlantic,Egg Harbor Township School District,Alder Avenue Middle School,01-1310-038,"25 ALDER AVENUE, EGG HARBOR TOWNSHIP, NJ, 08234",ALDERAVENUEMIDDLESCHOOL,25ALDERAVENUEEGGHARBORTOWNSHIPNJ08234,Alder Ave Middle School,"25 Alder Avenue, Egg Harbor Township, NJ, 08234",https://www.greatschools.org/new-jersey/egg-harbor-township/4554-Alder-Ave-Middle-School/,Below average,4.0,ALDERAVEMIDDLESCHOOL,25ALDERAVENUEEGGHARBORTOWNSHIPNJ08234,93.02325581395348,100.0
Union,Cranford Public School District,Livingston Avenue School,39-0980-080,"75 LIVINGSTON AVENUE, CRANFORD, NJ, 07016",LIVINGSTONAVENUESCHOOL,75LIVINGSTONAVENUECRANFORDNJ07016,Livingston Ave School,"75 Livingston Avenue, Cranford, NJ, 07016",https://www.greatschools.org/new-jersey/cranford/373-Livingston-Ave-School/,Above average,8.0,LIVINGSTONAVESCHOOL,75LIVINGSTONAVENUECRANFORDNJ07016,92.6829268292683,100.0
Middlesex,Edison Township School District,John P. Stevens High School,23-1290-053,"855 GROVE AVENUE, EDISON, NJ, 08820",JOHNPSTEVENSHIGHSCHOOL,855GROVEAVENUEEDISONNJ08820,J P Stevens High School,"855 Grove Avenue, Edison, NJ, 08820",https://www.greatschools.org/new-jersey/edison/478-J-P-Stevens-High-School/,Above average,7.0,JPSTEVENSHIGHSCHOOL,855GROVEAVENUEEDISONNJ08820,92.6829268292683,100.0
Morris,Mount Olive Township School District,Mount Olive Middle School,27-3450-040,"160 WOLFE ROAD, BUDD LAKE, NJ, 07828",MOUNTOLIVEMIDDLESCHOOL,160WOLFEROADBUDDLAKENJ07828,Mt Olive Middle School,"160 WOLFE ROAD, Mount Olive, NJ, 07828",https://www.greatschools.org/new-jersey/mount-olive-township/3457-Mt-Olive-Middle-School/,Average,5.0,MTOLIVEMIDDLESCHOOL,160WOLFEROADMOUNTOLIVENJ07828,92.6829268292683,78.57142857142857
Atlantic,Egg Harbor City School District,Egg Harbor City Community School,01-1300-030,"730 Havana Avenue, EGG HARBOR CITY, NJ, 08215",EGGHARBORCITYCOMMUNITYSCHOOL,730HAVANAAVENUEEGGHARBORCITYNJ08215,Egg Harbor Community School,"730 Havana Avenue, Egg Harbor City, NJ, 08215",https://www.greatschools.org/new-jersey/egg-harbor-city/495-Egg-Harbor-Community-School/,Below average,1.0,EGGHARBORCOMMUNITYSCHOOL,730HAVANAAVENUEEGGHARBORCITYNJ08215,92.3076923076923,100.0
Camden,Gloucester City Public School District,Gloucester City Jr. Sr. High School,07-1770-050,"1300 MARKET STREET, GLOUCESTER CITY, NJ, 08030",GLOUCESTERCITYJRSRHIGHSCHOOL,1300MARKETSTREETGLOUCESTERCITYNJ08030,Gloucester City High School,"1300 Market Street, Gloucester City, NJ, 08030",https://www.greatschools.org/new-jersey/gloucester-city/674-Gloucester-City-Jr-Sr-High-School/,Below average,3.0,GLOUCESTERCITYHIGHSCHOOL,1300MARKETSTREETGLOUCESTERCITYNJ08030,92.3076923076923,100.0
Somerset,Franklin Township Public Schools,Franklin High School,35-1610-050,"500 Elizabeth Avenue, Somerset, NJ, 08873",FRANKLINHIGHSCHOOL,500ELIZABETHAVENUESOMERSETNJ08873,Franklin Twp High School,"500 Elizabeth Avenue, Franklin Township, NJ, 08873",https://www.greatschools.org/new-jersey/franklin-township/613-Franklin-Twp-High-School/,Below average,3.0,FRANKLINTWPHIGHSCHOOL,500ELIZABETHAVENUEFRANKLINTOWNSHIPNJ08873,92.3076923076923,72.97297297297297
Ocean,Manchester Township School District,Manchester Township Elementary School,29-2940-043,"101 N  COLONIAL DRIVE, MANCHESTER, NJ, 08733",MANCHESTERTOWNSHIPELEMENTARYSCHOOL,101NCOLONIALDRIVEMANCHESTERNJ08733,Manchester Twp Elementary School,"101 N COLONIAL DRIVE, Manchester Township, NJ, 08733",https://www.greatschools.org/new-jersey/manchester-township/1088-Manchester-Twp-Elementary-School/,Average,6.0,MANCHESTERTWPELEMENTARYSCHOOL,101NCOLONIALDRIVEMANCHESTERTOWNSHIPNJ08733,92.06349206349206,89.47368421052632
Gloucester,Swedesboro-Woolwich School District,General Charles G. Harker School,15-5120-080,"1771 OLDMANS CREEK ROAD, WOOLWICH TOWNSHIP, NJ, 08085",GENERALCHARLESGHARKERSCHOOL,1771OLDMANSCREEKROADWOOLWICHTOWNSHIPNJ08085,Gen Charles G Harker School,"1771 Oldmans Creek Road, Woolwich Township, NJ, 08085",https://www.greatschools.org/new-jersey/woolwich-township/6913-Gen---Charles-G-Harker-School/,Average,5.0,GENCHARLESGHARKERSCHOOL,1771OLDMANSCREEKROADWOOLWICHTOWNSHIPNJ08085,92.0,100.0
Union,Cranford Public School District,Hillside Avenue School,39-0980-033,"125 HILLSIDE AVENUE, CRANFORD, NJ, 07016",HILLSIDEAVENUESCHOOL,125HILLSIDEAVENUECRANFORDNJ07016,Hillside Ave School,"125 Hillside Avenue, Cranford, NJ, 07016",https://www.greatschools.org/new-jersey/cranford/370-Hillside-Ave-School/,Average,6.0,HILLSIDEAVESCHOOL,125HILLSIDEAVENUECRANFORDNJ07016,91.89189189189189,100.0
Charters,Gray Charter School,The Gray Charter School,80-6665-930,"55 LIBERTY STREET, NEWARK, NJ, 07102",THEGRAYCHARTERSCHOOL,55LIBERTYSTREETNEWARKNJ07102,Gray Charter School,"55 Liberty Street, Newark, NJ, 07102",https://www.greatschools.org/new-jersey/newark/3407-Gray-Charter-School/,Above average,9.0,GRAYCHARTERSCHOOL,55LIBERTYSTREETNEWARKNJ07102,91.89189189189189,100.0
Morris,Mount Olive Township School District,Mount Olive High School,27-3450-010,"18 COREY ROAD, FLANDERS, NJ, 07836",MOUNTOLIVEHIGHSCHOOL,18COREYROADFLANDERSNJ07836,Mt Olive High School,"18 COREY ROAD, Mount Olive, NJ, 07836",https://www.greatschools.org/new-jersey/mount-olive-township/1272-Mt--Olive-High-School/,Average,6.0,MTOLIVEHIGHSCHOOL,18COREYROADMOUNTOLIVENJ07836,91.89189189189189,74.07407407407408
Burlington,Mansfield Township School District,Mansfield Township Elementary School,05-2960-040,"200 MANSFIELD ROAD EAST, COLUMBUS, NJ, 08022",MANSFIELDTOWNSHIPELEMENTARYSCHOOL,200MANSFIELDROADEASTCOLUMBUSNJ08022,Mansfield Twp Elementary School,"200 MANSFIELD ROAD EAST, Mansfield, NJ, 08022",https://www.greatschools.org/new-jersey/mansfield/4142-Mansfield-Twp-Elementary-School/,Above average,7.0,MANSFIELDTWPELEMENTARYSCHOOL,200MANSFIELDROADEASTMANSFIELDNJ08022,91.80327868852459,81.69014084507043
Monmouth,Millstone Township School District,Millstone Township Elementary School,25-3200-060,"308 Millstone Road, CLARKSBURG, NJ, 08510",MILLSTONETOWNSHIPELEMENTARYSCHOOL,308MILLSTONEROADCLARKSBURGNJ08510,Millstone Twp Elementary School,"308 Millstone Road, Millstone, NJ, 08510",https://www.greatschools.org/new-jersey/millstone/1187-Millstone-Twp-Elementary-School/,Above average,7.0,MILLSTONETWPELEMENTARYSCHOOL,308MILLSTONEROADMILLSTONENJ08510,91.80327868852459,76.92307692307692
Middlesex,Sayreville School District,Emma Arleth Elementary School,23-4660-060,"3198 WASHINGTON ROAD, PARLIN, NJ, 08859",EMMAARLETHELEMENTARYSCHOOL,3198WASHINGTONROADPARLINNJ08859,Arleth Elementary School,"3198 WASHINGTON ROAD, Sayreville, NJ, 08859",https://www.greatschools.org/new-jersey/sayreville/1811-Arleth-Elementary-School/,Average,6.0,ARLETHELEMENTARYSCHOOL,3198WASHINGTONROADSAYREVILLENJ08859,91.66666666666667,84.84848484848484
Atlantic,Egg Harbor Township School District,Dr. Joyanne D. Miller Elementary School,01-1310-045,"2 ALDER AVENUE, EGG HARBOR TOWNSHIP, NJ, 08234",DRJOYANNEDMILLERELEMENTARYSCHOOL,2ALDERAVENUEEGGHARBORTOWNSHIPNJ08234,Dr Joy Miller Elementary School,"2 Alder Avenue, Egg Harbor Township, NJ, 08234",https://www.greatschools.org/new-jersey/egg-harbor-township/4128-Dr--Joy-Miller-Elementary-School/,Below average,3.0,DRJOYMILLERELEMENTARYSCHOOL,2ALDERAVENUEEGGHARBORTOWNSHIPNJ08234,91.52542372881356,100.0
Hunterdon,Delaware Valley Regional High School District,Delaware Valley Regional High School,19-1050-040,"19 Senator Stout Rd, Frenchtown, NJ, 08825",DELAWAREVALLEYREGIONALHIGHSCHOOL,19SENATORSTOUTRDFRENCHTOWNNJ08825,Delaware Valley Reg High School,"19 Senator Stout Road, Frenchtown, NJ, 08825",https://www.greatschools.org/new-jersey/frenchtown/385-Delaware-Valley-Reg-High-School/,Average,6.0,DELAWAREVALLEYREGHIGHSCHOOL,19SENATORSTOUTROADFRENCHTOWNNJ08825,91.52542372881356,97.05882352941177
Union,Summit Public School District,Lawton C. Johnson Summit Middle School,39-5090-060,"272 MORRIS AVE, SUMMIT, NJ, 07901",LAWTONCJOHNSONSUMMITMIDDLESCHOOL,272MORRISAVESUMMITNJ07901,L C Johnson Summit Middle School,"272 Morris Avenue, Summit, NJ, 07901",https://www.greatschools.org/new-jersey/summit/1917-L-C--Johnson-Summit-Middle-School/,Above average,7.0,LCJOHNSONSUMMITMIDDLESCHOOL,272MORRISAVENUESUMMITNJ07901,91.52542372881356,94.33962264150944
Burlington,Rancocas Valley Regional High School District,Rancocas Valley Regional High School,05-4320-050,"520 JACKSONVILLE ROAD, MOUNT HOLLY, NJ, 08060",RANCOCASVALLEYREGIONALHIGHSCHOOL,520JACKSONVILLEROADMOUNTHOLLYNJ08060,Rancocas Valley Reg High School,"520 Hedding Jacksonville Road, Mount Holly, NJ, 08060",https://www.greatschools.org/new-jersey/mount-holly/1702-Rancocas-Valley-Reg-High-School/,Below average,4.0,RANCOCASVALLEYREGHIGHSCHOOL,520HEDDINGJACKSONVILLEROADMOUNTHOLLYNJ08060,91.52542372881356,91.13924050632912
Middlesex,North Brunswick Township School District,North Brunswick Township High School,23-3620-040,"98 RAIDER ROAD, NORTH BRUNSWICK, NJ, 08902",NORTHBRUNSWICKTOWNSHIPHIGHSCHOOL,98RAIDERROADNORTHBRUNSWICKNJ08902,North Brunswick Twp High School,"98 RAIDER ROAD, North Brunswick Township, NJ, 08902",https://www.greatschools.org/new-jersey/north-brunswick-township/1404-North-Brunswick-Twp-High-School/,Below average,4.0,NORTHBRUNSWICKTWPHIGHSCHOOL,98RAIDERROADNORTHBRUNSWICKTOWNSHIPNJ08902,91.52542372881356,89.1891891891892
Ocean,Brick Township Public School District,Veterans Memorial Elementary School,29-0530-080,"103 HENDRICKSON AVENUE, BRICK, NJ, 08724",VETERANSMEMORIALELEMENTARYSCHOOL,103HENDRICKSONAVENUEBRICKNJ08724,Veterans Mem Elementary School,"103 HENDRICKSON AVENUE, Brick Township, NJ, 08724",https://www.greatschools.org/new-jersey/brick-township/182-Veterans-Mem-Elementary-School/,Below average,3.0,VETERANSMEMELEMENTARYSCHOOL,103HENDRICKSONAVENUEBRICKTOWNSHIPNJ08724,91.52542372881356,88.88888888888889
Sussex,Wallkill Valley Regional High School,Wallkill Valley Regional High School,37-5435-060,"10 GRUMM ROAD, HARDYSTON TOWNSHIP, NJ, 07419",WALLKILLVALLEYREGIONALHIGHSCHOOL,10GRUMMROADHARDYSTONTOWNSHIPNJ07419,Wallkill Valley Reg High School,"10 GRUMM ROAD, Hardyston, NJ, 07419",https://www.greatschools.org/new-jersey/hamburg/2075-Wallkill-Valley-Reg-High-School/,Below average,4.0,WALLKILLVALLEYREGHIGHSCHOOL,10GRUMMROADHARDYSTONNJ07419,91.52542372881356,87.09677419354838
Atlantic,Weymouth Township School District,Weymouth Township Elementary School,01-5760-020,"1202 ELEVENTH AVENUE, DOROTHY, NJ, 08317",WEYMOUTHTOWNSHIPELEMENTARYSCHOOL,1202ELEVENTHAVENUEDOROTHYNJ08317,Weymouth Twp Elementary School,"1202 ELEVENTH AVENUE, Weymouth, NJ, 08317",https://www.greatschools.org/new-jersey/weymouth/2214-Weymouth-Twp-Elementary-School/,Below average,4.0,WEYMOUTHTWPELEMENTARYSCHOOL,1202ELEVENTHAVENUEWEYMOUTHNJ08317,91.52542372881356,86.15384615384616
Middlesex,East Brunswick Township School District,Churchill Jr High School,23-1170-055,"18 NORTON ROAD, E BRUNSWICK, NJ, 08816",CHURCHILLJRHIGHSCHOOL,18NORTONROADEBRUNSWICKNJ08816,Churchill Junior High School,"18 Norton Road, East Brunswick, NJ, 08816",https://www.greatschools.org/new-jersey/east-brunswick/424-Churchill-Junior-High-School/,Average,6.0,CHURCHILLJUNIORHIGHSCHOOL,18NORTONROADEASTBRUNSWICKNJ08816,91.30434782608697,95.08196721311475
Hunterdon,Holland Township School District,Holland Township Elementary School,19-2220-060,"710 MILFORD  WARREN GLEN ROAD, MILFORD, NJ, 08848",HOLLANDTOWNSHIPELEMENTARYSCHOOL,710MILFORDWARRENGLENROADMILFORDNJ08848,Holland Twp Elementary School,"710 Milford Warren Glen Road, Milford, NJ, 08848",https://www.greatschools.org/new-jersey/milford/812-Holland-Twp-Elementary-School/,Above average,7.0,HOLLANDTWPELEMENTARYSCHOOL,710MILFORDWARRENGLENROADMILFORDNJ08848,91.2280701754386,100.0
Ocean,Brick Township Public School District,Brick Township Memorial High School,29-0530-025,"2001 LANES MILL RD, BRICK, NJ, 08724",BRICKTOWNSHIPMEMORIALHIGHSCHOOL,2001LANESMILLRDBRICKNJ08724,Brick Twp Memorial High School,"2001 LANES MILL RD, Brick Township, NJ, 08724",https://www.greatschools.org/new-jersey/brick-township/184-Brick-Twp-Memorial-High-School/,Below average,3.0,BRICKTWPMEMORIALHIGHSCHOOL,2001LANESMILLRDBRICKTOWNSHIPNJ08724,91.2280701754386,87.09677419354838
Morris,Mendham Township School District,Mendham Township Elementary School,27-3100-050,"18 WEST MAIN STREET, BROOKSIDE, NJ, 07926",MENDHAMTOWNSHIPELEMENTARYSCHOOL,18WESTMAINSTREETBROOKSIDENJ07926,Mendham Twp Elementary School,"18 WEST MAIN STREET, Mendham Township, NJ, 07926",https://www.greatschools.org/new-jersey/mendham/1136-Mendham-Twp-Elementary-School/,Above average,9.0,MENDHAMTWPELEMENTARYSCHOOL,18WESTMAINSTREETMENDHAMTOWNSHIPNJ07926,91.2280701754386,74.28571428571429
Bergen,Englewood Public School District,Janis E. Dismus Middle School,03-1370-076,"325 Tryon Avenue, ENGLEWOOD, NJ, 07631",JANISEDISMUSMIDDLESCHOOL,325TRYONAVENUEENGLEWOODNJ07631,J E Dismus Middle School,"325 Tryon Avenue, Englewood, NJ, 07631",https://www.greatschools.org/new-jersey/englewood/543-J-E--Dismus-Middle-School/,Below average,4.0,JEDISMUSMIDDLESCHOOL,325TRYONAVENUEENGLEWOODNJ07631,90.9090909090909,100.0
Salem,Pittsgrove Township School District,Pittsgrove Township Middle School,33-4150-070,"1082 ALMOND ROAD, PITTSGROVE, NJ, 08318",PITTSGROVETOWNSHIPMIDDLESCHOOL,1082ALMONDROADPITTSGROVENJ08318,Pittsgrove Twp Middle School,"1082 Almond Road, Pittsgrove, NJ, 08318",https://www.greatschools.org/new-jersey/pittsgrove-township/1645-Pittsgrove-Twp-Middle-School/,Below average,4.0,PITTSGROVETWPMIDDLESCHOOL,1082ALMONDROADPITTSGROVENJ08318,90.9090909090909,100.0
Union,Cranford Public School District,Orange Avenue School,39-0980-037,"901 ORANGE AVENUE, CRANFORD, NJ, 07016",ORANGEAVENUESCHOOL,901ORANGEAVENUECRANFORDNJ07016,Orange Ave School,"901 Orange Avenue, Cranford, NJ, 07016",https://www.greatschools.org/new-jersey/cranford/371-Orange-Ave-School/,Above average,8.0,ORANGEAVESCHOOL,901ORANGEAVENUECRANFORDNJ07016,90.9090909090909,100.0
Burlington,Bordentown Regional School District,Bordentown Regional Middle School,05-0475-055,"50 DUNNS MILL ROAD, BORDENTOWN, NJ, 08505",BORDENTOWNREGIONALMIDDLESCHOOL,50DUNNSMILLROADBORDENTOWNNJ08505,Bordentown Reg Middle School,"50 Dunns Mill Road, Bordentown, NJ, 08505",https://www.greatschools.org/new-jersey/bordentown/4513-Bordentown-Reg-Middle-School/,Below average,4.0,BORDENTOWNREGMIDDLESCHOOL,50DUNNSMILLROADBORDENTOWNNJ08505,90.9090909090909,100.0
Bergen,Englewood Public School District,Dr. Leroy McCloud Elementary School,03-1370-060,"325 TENAFLY RD, ENGLEWOOD, NJ, 07631",DRLEROYMCCLOUDELEMENTARYSCHOOL,325TENAFLYRDENGLEWOODNJ07631,Dr Mccloud Elementary School,"325 Tenafly Road, Englewood, NJ, 07631",https://www.greatschools.org/new-jersey/englewood/541-Dr-Mccloud-Elementary-School/,Below average,4.0,DRMCCLOUDELEMENTARYSCHOOL,325TENAFLYROADENGLEWOODNJ07631,90.9090909090909,96.55172413793103
Cape May,Lower Cape May Regional School District,Lower Cape May Regional High School,09-2820-050,"687 RT 9, CAPE MAY, NJ, 08204",LOWERCAPEMAYREGIONALHIGHSCHOOL,687RT9CAPEMAYNJ08204,Lower Cape May Reg High School,"687 U.S. 9, Cape May, NJ, 08204",https://www.greatschools.org/new-jersey/cape-may/1031-Lower-Cape-May-Reg-High-School/,Below average,4.0,LOWERCAPEMAYREGHIGHSCHOOL,687US9CAPEMAYNJ08204,90.9090909090909,90.0
Ocean,Manchester Township School District,Manchester Township Middle School,29-2940-045,"2759 RIDGEWAY RD, MANCHESTER, NJ, 08759",MANCHESTERTOWNSHIPMIDDLESCHOOL,2759RIDGEWAYRDMANCHESTERNJ08759,Manchester Twp Middle School,"2759 RIDGEWAY RD, Manchester Township, NJ, 08759",https://www.greatschools.org/new-jersey/manchester-township/1092-Manchester-Twp-Middle-School/,Below average,4.0,MANCHESTERTWPMIDDLESCHOOL,2759RIDGEWAYRDMANCHESTERTOWNSHIPNJ08759,90.9090909090909,88.57142857142857
Charters,Hatikvah International Academy Charter School,Hatikvah International Academy Charter School,80-6041-916,"7 Lexington Avenue, East Brunswick, NJ, 08816",HATIKVAHINTERNATIONALACADEMYCHARTERSCHOOL,7LEXINGTONAVENUEEASTBRUNSWICKNJ08816,Hatikvah International Charter School,"7 Lexington Avenue, East Brunswick, NJ, 08816",https://www.greatschools.org/new-jersey/east-brunswick/7127-Hatikvah-International-Charter-School/,Above average,9.0,HATIKVAHINTERNATIONALCHARTERSCHOOL,7LEXINGTONAVENUEEASTBRUNSWICKNJ08816,90.66666666666667,100.0
Warren,Warren Hills Regional School District,Warren Hills Regional High School,41-5465-050,"41 JACKSON VALLEY ROAD, WASHINGTON, NJ, 07882",WARRENHILLSREGIONALHIGHSCHOOL,41JACKSONVALLEYROADWASHINGTONNJ07882,Warren Hills Reg High School,"41 Jackson Valley Road, Washington, NJ, 07882",https://www.greatschools.org/new-jersey/washington/2088-Warren-Hills-Reg-High-School/,Below average,4.0,WARRENHILLSREGHIGHSCHOOL,41JACKSONVALLEYROADWASHINGTONNJ07882,90.56603773584906,100.0
Camden,Bellmawr Public School District,Bell Oaks Upper Elementary School,07-0260-015,"256  ANDERSON AVENUE, BELLMAWR, NJ, 08031",BELLOAKSUPPERELEMENTARYSCHOOL,256ANDERSONAVENUEBELLMAWRNJ08031,Bell Oaks Elementary School,"256 Anderson Avenue, Bellmawr, NJ, 08031",https://www.greatschools.org/new-jersey/bellmawr/89-Bell-Oaks-Elementary-School/,Average,5.0,BELLOAKSELEMENTARYSCHOOL,256ANDERSONAVENUEBELLMAWRNJ08031,90.56603773584906,100.0
Warren,Lopatcong Township School District,Lopatcong Township Middle School,41-2790-060,"321 STONEHENGE DRIVE, PHILLIPSBURG, NJ, 08865",LOPATCONGTOWNSHIPMIDDLESCHOOL,321STONEHENGEDRIVEPHILLIPSBURGNJ08865,Lopatcong Twp Middle School,"321 Stonehenge Drive, Phillipsburg, NJ, 08865",https://www.greatschools.org/new-jersey/phillipsburg/4139-Lopatcong-Twp-Middle-School/,Above average,8.0,LOPATCONGTWPMIDDLESCHOOL,321STONEHENGEDRIVEPHILLIPSBURGNJ08865,90.56603773584906,100.0
Monmouth,Millstone Township School District,Millstone Township Middle School,25-3200-040,"5 Dawson Court, Millstone Township, NJ, 08535",MILLSTONETOWNSHIPMIDDLESCHOOL,5DAWSONCOURTMILLSTONETOWNSHIPNJ08535,Millstone Twp Middle School,"5 Dawson Court, Millstone, NJ, 08535",https://www.greatschools.org/new-jersey/millstone/1188-Millstone-Twp-Middle-School/,Average,5.0,MILLSTONETWPMIDDLESCHOOL,5DAWSONCOURTMILLSTONENJ08535,90.56603773584906,87.5
Morris,Jefferson Township Public School District,Jefferson Township Middle School,27-2380-045,"1000 WELDON ROAD, OAK RIDGE, NJ, 07438",JEFFERSONTOWNSHIPMIDDLESCHOOL,1000WELDONROADOAKRIDGENJ07438,Jefferson Twp Middle School,"1000 WELDON ROAD, Jefferson, NJ, 07438",https://www.greatschools.org/new-jersey/jefferson/869-Jefferson-Twp-Middle-School/,Below average,4.0,JEFFERSONTWPMIDDLESCHOOL,1000WELDONROADJEFFERSONNJ07438,90.56603773584906,74.57627118644068
Gloucester,Clearview Regional High School District,Clearview Regional Middle School,15-0870-030,"595 JEFFERSON RD, MULLICA HILL, NJ, 08062",CLEARVIEWREGIONALMIDDLESCHOOL,595JEFFERSONRDMULLICAHILLNJ08062,Clearview Reg Middle School,"595 JEFFERSON RD, Harrison Township, NJ, 08062",https://www.greatschools.org/new-jersey/mullica-hill/327-Clearview-Reg-Middle-School/,Average,6.0,CLEARVIEWREGMIDDLESCHOOL,595JEFFERSONRDHARRISONTOWNSHIPNJ08062,90.56603773584906,69.56521739130434
Bergen,Cresskill Public School District,Cresskill High School,03-0990-040,"1 LINCOLN DR, CRESSKILL, NJ, 07626",CRESSKILLHIGHSCHOOL,1LINCOLNDRCRESSKILLNJ07626,Cresskill Jr Sr High School,"1 Lincoln Drive, Cresskill, NJ, 07626",https://www.greatschools.org/new-jersey/cresskill/375-Cresskill-Jr-Sr-High-School/,Above average,7.0,CRESSKILLJRSRHIGHSCHOOL,1LINCOLNDRIVECRESSKILLNJ07626,90.47619047619048,94.54545454545455
Hudson,Hudson County Schools of Technology School District,Explore Middle School,17-2295-090,"180-9th St, JERSEY CITY, NJ, 07302",EXPLOREMIDDLESCHOOL,1809THSTJERSEYCITYNJ07302,Explore 2000 Middle School,"180 9th Street, Jersey City, NJ, 07302",https://www.greatschools.org/new-jersey/jersey-city/839-Explore-2000-Middle-School/,Above average,8.0,EXPLORE2000MIDDLESCHOOL,1809THSTREETJERSEYCITYNJ07302,90.47619047619048,92.5925925925926
Middlesex,Piscataway Township School District,Piscataway Township High School,23-4130-050,"100 BEHMER ROAD, PISCATAWAY, NJ, 08854",PISCATAWAYTOWNSHIPHIGHSCHOOL,100BEHMERROADPISCATAWAYNJ08854,Piscataway Twp High School,"100 Behmer Road, Piscataway, NJ, 08854",https://www.greatschools.org/new-jersey/piscataway/1628-Piscataway-Twp-High-School/,Average,5.0,PISCATAWAYTWPHIGHSCHOOL,100BEHMERROADPISCATAWAYNJ08854,90.19607843137256,100.0
Morris,Wharton Borough School District,Alfred C. MacKinnon Middle School,27-5770-030,"137 East Central Avenue, Wharton, NJ, 07885",ALFREDCMACKINNONMIDDLESCHOOL,137EASTCENTRALAVENUEWHARTONNJ07885,A C Mac Kinnon Middle School,"137 East Central Avenue, Wharton, NJ, 07885",https://www.greatschools.org/new-jersey/wharton/2215-A-C-Mac-Kinnon-Middle-School/,Below average,4.0,ACMACKINNONMIDDLESCHOOL,137EASTCENTRALAVENUEWHARTONNJ07885,90.19607843137256,100.0
Camden,Runnemede Public School District,Aline Bingham Elementary School,07-4590-020,"100 FIRST & ORCHARD AVE, RUNNEMEDE, NJ, 08078",ALINEBINGHAMELEMENTARYSCHOOL,100FIRST&ORCHARDAVERUNNEMEDENJ08078,Bingham Elementary School,"100 FIRST & ORCHARD AVE, Runnemede, NJ, 08078",https://www.greatschools.org/new-jersey/runnemede/1786-Bingham-Elementary-School/,Below average,4.0,BINGHAMELEMENTARYSCHOOL,100FIRST&ORCHARDAVERUNNEMEDENJ08078,90.19607843137256,100.0
Burlington,Burlington Township School District,Burlington Township High School,05-0620-010,"610 FOUNTAIN AVENUE, BURLINGTON, NJ, 08016",BURLINGTONTOWNSHIPHIGHSCHOOL,610FOUNTAINAVENUEBURLINGTONNJ08016,Burlington Twp High School,"610 Fountain Avenue, Burlington, NJ, 08016",https://www.greatschools.org/new-jersey/burlington/220-Burlington-Twp-High-School/,Average,5.0,BURLINGTONTWPHIGHSCHOOL,610FOUNTAINAVENUEBURLINGTONNJ08016,90.19607843137256,100.0
Cumberland,Cumberland Regional School District,Cumberland Regional High School,11-0997-030,"90 SILVER LAKE ROAD, BRIDGETON, NJ, 08302",CUMBERLANDREGIONALHIGHSCHOOL,90SILVERLAKEROADBRIDGETONNJ08302,Cumberland Reg High School,"90 Silver Lake Road, Bridgeton, NJ, 08302",https://www.greatschools.org/new-jersey/bridgeton/379-Cumberland-Reg-High-School/,Below average,2.0,CUMBERLANDREGHIGHSCHOOL,90SILVERLAKEROADBRIDGETONNJ08302,90.19607843137256,100.0
Sussex,Kittatinny Regional School District,Kittatinny Regional High School,37-2465-050,"77 HALSEY ROAD, NEWTON, NJ, 07860",KITTATINNYREGIONALHIGHSCHOOL,77HALSEYROADNEWTONNJ07860,Kittatinny Reg High School,"77 Halsey Road, Newton, NJ, 07860",https://www.greatschools.org/new-jersey/newton/932-Kittatinny-Reg-High-School/,Below average,4.0,KITTATINNYREGHIGHSCHOOL,77HALSEYROADNEWTONNJ07860,90.19607843137256,100.0
Camden,Runnemede Public School District,Grade Downing Elementary School,07-4590-030,"3RD & CENTRAL AVES, RUNNEMEDE, NJ, 08078",GRADEDOWNINGELEMENTARYSCHOOL,3RD&CENTRALAVESRUNNEMEDENJ08078,Downing Elementary School,"3RD & CENTRAL AVES, Runnemede, NJ, 08078",https://www.greatschools.org/new-jersey/runnemede/1787-Downing-Elementary-School/,Below average,4.0,DOWNINGELEMENTARYSCHOOL,3RD&CENTRALAVESRUNNEMEDENJ08078,90.19607843137256,100.0
Burlington,Bordentown Regional School District,Bordentown Regional High School,05-0475-050,"318 WARD AVE, BORDENTOWN, NJ, 08505",BORDENTOWNREGIONALHIGHSCHOOL,318WARDAVEBORDENTOWNNJ08505,Bordentown Reg High School,"318 Ward Avenue, Bordentown, NJ, 08505",https://www.greatschools.org/new-jersey/bordentown/161-Bordentown-Reg-High-School/,Below average,4.0,BORDENTOWNREGHIGHSCHOOL,318WARDAVENUEBORDENTOWNNJ08505,90.19607843137256,94.73684210526316
Atlantic,Galloway Township Public Schools,Galloway Township Middle School,01-1690-016,"100 S  REEDS ROAD, GALLOWAY, NJ, 08205",GALLOWAYTOWNSHIPMIDDLESCHOOL,100SREEDSROADGALLOWAYNJ08205,Galloway Twp Middle School,"100 South Reeds Road, Galloway, NJ, 08205",https://www.greatschools.org/new-jersey/galloway/3411-Galloway-Twp-Middle-School/,Below average,4.0,GALLOWAYTWPMIDDLESCHOOL,100SOUTHREEDSROADGALLOWAYNJ08205,90.19607843137256,93.33333333333333
Gloucester,Kingsway Regional School District,Kingsway Regional Middle School,15-2440-060,"203 KINGS HIGHWAY, WOOLWICH TWP, NJ, 08085",KINGSWAYREGIONALMIDDLESCHOOL,203KINGSHIGHWAYWOOLWICHTWPNJ08085,Kingsway Reg Middle School,"203 KINGS HIGHWAY, Woolwich Township, NJ, 08085",https://www.greatschools.org/new-jersey/woolwich-township/925-Kingsway-Reg-Middle-School/,Below average,3.0,KINGSWAYREGMIDDLESCHOOL,203KINGSHIGHWAYWOOLWICHTOWNSHIPNJ08085,90.19607843137256,92.95774647887323
Atlantic,Mullica Township School District,Mullica Township Primary School,01-3480-020,"500 ELWOOD ROAD, ELWOOD, NJ, 08217",MULLICATOWNSHIPPRIMARYSCHOOL,500ELWOODROADELWOODNJ08217,Mullica Twp Primary School,"500 ELWOOD ROAD, Mullica, NJ, 08217",https://www.greatschools.org/new-jersey/hammonton/1282-Mullica-Twp-Primary-School/,Average,6.0,MULLICATWPPRIMARYSCHOOL,500ELWOODROADMULLICANJ08217,90.19607843137256,79.24528301886792
Gloucester,Washington Township School District,Washington Township High School,15-5500-010,"519 HURFFVILLE  CROSSKEYS RD, SEWELL, NJ, 08080",WASHINGTONTOWNSHIPHIGHSCHOOL,519HURFFVILLECROSSKEYSRDSEWELLNJ08080,Washington Twp High School,"519 HURFFVILLE CROSSKEYS RD, Mantua Township, NJ, 08080",https://www.greatschools.org/new-jersey/washington-township/2100-Washington-Twp-High-School/,Below average,4.0,WASHINGTONTWPHIGHSCHOOL,519HURFFVILLECROSSKEYSRDMANTUATOWNSHIPNJ08080,90.19607843137256,78.04878048780488
Ocean,Southern Regional School District,Southern Regional Middle School,29-4950-060,"75 CEDAR BRIDGE ROAD, MANAHAWKIN, NJ, 08050",SOUTHERNREGIONALMIDDLESCHOOL,75CEDARBRIDGEROADMANAHAWKINNJ08050,Southern Reg Middle School,"75 CEDAR BRIDGE ROAD, Stafford Township, NJ, 08050",https://www.greatschools.org/new-jersey/stafford-township/1888-Southern-Reg-Middle-School/,Average,5.0,SOUTHERNREGMIDDLESCHOOL,75CEDARBRIDGEROADSTAFFORDTOWNSHIPNJ08050,90.19607843137256,75.67567567567568
Morris,Pequannock Township School District,Pequannock Township High School,27-4080-050,"85 Sunset Road, Pompton Plains, NJ, 07444",PEQUANNOCKTOWNSHIPHIGHSCHOOL,85SUNSETROADPOMPTONPLAINSNJ07444,Pequannock Twp High School,"85 Sunset Road, Pequannock Township, NJ, 07444",https://www.greatschools.org/new-jersey/pequannock-township/1603-Pequannock-Twp-High-School/,Above average,7.0,PEQUANNOCKTWPHIGHSCHOOL,85SUNSETROADPEQUANNOCKTOWNSHIPNJ07444,90.19607843137256,72.46376811594203
Monmouth,Wall Township Public School District,Wall Intermediate School,25-5420-075,"2801 ALLAIRE ROAD, WALL, NJ, 07719",WALLINTERMEDIATESCHOOL,2801ALLAIREROADWALLNJ07719,Intermediate School,"2801 ALLAIRE ROAD, Wall Township, NJ, 07719",https://www.greatschools.org/new-jersey/wall-township/2080-Intermediate-School/,Average,6.0,INTERMEDIATESCHOOL,2801ALLAIREROADWALLTOWNSHIPNJ07719,90.0,86.66666666666667
Middlesex,Woodbridge Township School District,Port Reading Avenue Elementary School,23-5850-275,"TURNER STREET, PORT READING, NJ, 07064",PORTREADINGAVENUEELEMENTARYSCHOOL,TURNERSTREETPORTREADINGNJ07064,Port Reading Elementary School,"TURNER STREET, Woodbridge Township, NJ, 07064",https://www.greatschools.org/new-jersey/port-reading/2262-Port-Reading-Elementary-School/,Below average,3.0,PORTREADINGELEMENTARYSCHOOL,TURNERSTREETWOODBRIDGETOWNSHIPNJ07064,90.0,68.65671641791045
Hunterdon,Clinton Township School District,Clinton Township Middle School,19-0920-050,"34 GRAYROCK ROAD, CLINTON, NJ, 08809",CLINTONTOWNSHIPMIDDLESCHOOL,34GRAYROCKROADCLINTONNJ08809,Clinton Twp Middle School,"34 Grayrock Road, Clinton, NJ, 08809",https://www.greatschools.org/new-jersey/clinton/4553-Clinton-Twp-Middle-School/,Above average,8.0,CLINTONTWPMIDDLESCHOOL,34GRAYROCKROADCLINTONNJ08809,89.79591836734694,100.0
Camden,Winslow Township School District,Winslow Township Middle School,07-5820-020,"30 COOPER FOLLY ROAD, ATCO, NJ, 08004",WINSLOWTOWNSHIPMIDDLESCHOOL,30COOPERFOLLYROADATCONJ08004,Winslow Twp Middle School,"30 Cooper Folly Road, Atco, NJ, 08004",https://www.greatschools.org/new-jersey/atco/3472-Winslow-Twp-Middle-School/,Below average,3.0,WINSLOWTWPMIDDLESCHOOL,30COOPERFOLLYROADATCONJ08004,89.79591836734694,100.0
Burlington,Pemberton Township School District,Pemberton Township High School,05-4050-055,"148 ARNEYS MOUNT ROAD, PEMBERTON, NJ, 08068",PEMBERTONTOWNSHIPHIGHSCHOOL,148ARNEYSMOUNTROADPEMBERTONNJ08068,Pemberton Twp High School,"148 Arneys Mount Road, Pemberton, NJ, 08068",https://www.greatschools.org/new-jersey/pemberton/1576-Pemberton-Twp-High-School/,Below average,3.0,PEMBERTONTWPHIGHSCHOOL,148ARNEYSMOUNTROADPEMBERTONNJ08068,89.79591836734694,100.0
Atlantic,Egg Harbor Township School District,Egg Harbor Township High School,01-1310-005,"24 HIGH SCHOOL DRIVE, EGG HARBOR TOWNSHIP, NJ, 08234",EGGHARBORTOWNSHIPHIGHSCHOOL,24HIGHSCHOOLDRIVEEGGHARBORTOWNSHIPNJ08234,Egg Harbor Twp High School,"24 High School Drive, Egg Harbor Township, NJ, 08234",https://www.greatschools.org/new-jersey/egg-harbor-township/501-Egg-Harbor-Twp-High-School/,Average,5.0,EGGHARBORTWPHIGHSCHOOL,24HIGHSCHOOLDRIVEEGGHARBORTOWNSHIPNJ08234,89.79591836734694,100.0
Passaic,Wayne Township Public School District,James Fallon Elementary School,31-5570-085,"51 CLIFFORD DRIVE, WAYNE, NJ, 07470",JAMESFALLONELEMENTARYSCHOOL,51CLIFFORDDRIVEWAYNENJ07470,Fallon Elementary School,"51 Clifford Drive, Wayne, NJ, 07470",https://www.greatschools.org/new-jersey/wayne/3428-Fallon-Elementary-School/,Above average,8.0,FALLONELEMENTARYSCHOOL,51CLIFFORDDRIVEWAYNENJ07470,89.79591836734694,100.0
Ocean,Pinelands Regional School District,Pinelands Regional High School,29-4105-050,"565 Nugentown Road, Little Egg Harbor, NJ, 08087",PINELANDSREGIONALHIGHSCHOOL,565NUGENTOWNROADLITTLEEGGHARBORNJ08087,Pinelands Reg High School,"565 Nugentown Road, Little Egg Harbor Township, NJ, 08087",https://www.greatschools.org/new-jersey/little-egg-harbor-township/1625-Pinelands-Reg-High-School/,Below average,4.0,PINELANDSREGHIGHSCHOOL,565NUGENTOWNROADLITTLEEGGHARBORTOWNSHIPNJ08087,89.79591836734694,90.47619047619048
Morris,Mendham Township School District,Mendham Township Middle School,27-3100-060,"16 WASHINGTON VALLEY ROAD, BROOKSIDE, NJ, 07926",MENDHAMTOWNSHIPMIDDLESCHOOL,16WASHINGTONVALLEYROADBROOKSIDENJ07926,Mendham Twp Middle School,"16 WASHINGTON VALLEY ROAD, Mendham Township, NJ, 07926",https://www.greatschools.org/new-jersey/morristown/1137-Mendham-Twp-Middle-School/,Above average,10.0,MENDHAMTWPMIDDLESCHOOL,16WASHINGTONVALLEYROADMENDHAMTOWNSHIPNJ07926,89.79591836734694,78.04878048780488
Morris,Jefferson Township Public School District,Jefferson Township High School,27-2380-020,"1010 WELDON RD   RD2, OAK RIDGE, NJ, 07438",JEFFERSONTOWNSHIPHIGHSCHOOL,1010WELDONRDRD2OAKRIDGENJ07438,Jefferson Twp High School,"1010 WELDON RD RD2, Jefferson, NJ, 07438",https://www.greatschools.org/new-jersey/jefferson/864-Jefferson-Twp-High-School/,Below average,4.0,JEFFERSONTWPHIGHSCHOOL,1010WELDONRDRD2JEFFERSONNJ07438,89.79591836734694,75.40983606557377
Union,Township of Union School District,Connecticut Farms Elementary,39-5290-090,"875 STUYVESANT AVENUE, UNION, NJ, 07083",CONNECTICUTFARMSELEMENTARY,875STUYVESANTAVENUEUNIONNJ07083,Connecticut Farms Elementary School,"875 Stuyvesant Avenue, Union, NJ, 07083",https://www.greatschools.org/new-jersey/union/2019-Connecticut-Farms-Elementary-School/,Average,6.0,CONNECTICUTFARMSELEMENTARYSCHOOL,875STUYVESANTAVENUEUNIONNJ07083,89.65517241379311,100.0
Ocean,Toms River Regional School District,Toms River Intermediate School South,29-5190-061,"1675 PINEWALD ROAD, BEACHWOOD, NJ, 08722",TOMSRIVERINTERMEDIATESCHOOLSOUTH,1675PINEWALDROADBEACHWOODNJ08722,Toms River Intermediate South,"1675 Pinewald Road, Beachwood, NJ, 08722",https://www.greatschools.org/new-jersey/beachwood/4291-Toms-River-Intermediate-S/,Below average,4.0,TOMSRIVERINTERMEDIATESOUTH,1675PINEWALDROADBEACHWOODNJ08722,89.65517241379311,100.0
Ocean,Toms River Regional School District,Toms River Intermediate School North,29-5190-063,"150 INTERMEDIATE NORTH WAY, TOMS RIVER, NJ, 08753",TOMSRIVERINTERMEDIATESCHOOLNORTH,150INTERMEDIATENORTHWAYTOMSRIVERNJ08753,Toms River Intermediate North,"150 Intermediate North Way, Toms River, NJ, 08753",https://www.greatschools.org/new-jersey/toms-river/1952-Toms-River-Intermediate-N/,Below average,4.0,TOMSRIVERINTERMEDIATENORTH,150INTERMEDIATENORTHWAYTOMSRIVERNJ08753,89.65517241379311,100.0
Hunterdon,Flemington-Raritan Regional School District,Francis A. Desmares Elementary School,19-1510-035,"16 OLD CLINTON ROAD, FLEMINGTON, NJ, 08822",FRANCISADESMARESELEMENTARYSCHOOL,16OLDCLINTONROADFLEMINGTONNJ08822,F A Desmares Elementary School,"16 Old Clinton Road, Flemington, NJ, 08822",https://www.greatschools.org/new-jersey/flemington/589-F-A-Desmares-Elementary-School/,Average,5.0,FADESMARESELEMENTARYSCHOOL,16OLDCLINTONROADFLEMINGTONNJ08822,89.65517241379311,100.0
Essex,East Orange School District,Cicely L. Tyson Community Elementary School,13-1210-140,"45 North Arlington Street, EAST ORANGE, NJ, 07017",CICELYLTYSONCOMMUNITYELEMENTARYSCHOOL,45NORTHARLINGTONSTREETEASTORANGENJ07017,Cicely Tyson Com Elementary School,"45 North Arlington Avenue, East Orange, NJ, 07017",https://www.greatschools.org/new-jersey/east-orange/451-Cicely-Tyson-Com-Elementary-School/,Below average,2.0,CICELYTYSONCOMELEMENTARYSCHOOL,45NORTHARLINGTONAVENUEEASTORANGENJ07017,89.55223880597015,89.74358974358975
Essex,Newark Public School District,Science Park High School,13-3570-055,"260 NORFOLK STREET, NEWARK, NJ, 07102",SCIENCEPARKHIGHSCHOOL,260NORFOLKSTREETNEWARKNJ07102,Science High School,"260 NORFOLK STREET, Newark, NJ, 07102",https://www.greatschools.org/new-jersey/newark/1322-Science-High-School/,Above average,8.0,SCIENCEHIGHSCHOOL,260NORFOLKSTREETNEWARKNJ07102,89.47368421052632,100.0
Passaic,Passaic City School District,Passaic High School No. 12,31-3970-050,"170 Paulison Ave., Passaic, NJ, 07055",PASSAICHIGHSCHOOLNO12,170PAULISONAVEPASSAICNJ07055,Passaic High School,"170 Paulison Avenue, Passaic, NJ, 07055",https://www.greatschools.org/new-jersey/passaic/1518-Passaic-High-School/,Below average,1.0,PASSAICHIGHSCHOOL,170PAULISONAVENUEPASSAICNJ07055,89.47368421052632,94.91525423728814
Monmouth,Monmouth Regional High School,Monmouth Regional High School,25-3270-050,"ONE NORMAN J  FIELD WAY, TINTON FALLS, NJ, 07724",MONMOUTHREGIONALHIGHSCHOOL,ONENORMANJFIELDWAYTINTONFALLSNJ07724,Monmouth Reg High School,"ONE NORMAN J FIELD WAY, Tinton Falls, NJ, 07724",https://www.greatschools.org/new-jersey/tinton-falls/1202-Monmouth-Reg-High-School/,Below average,4.0,MONMOUTHREGHIGHSCHOOL,ONENORMANJFIELDWAYTINTONFALLSNJ07724,89.36170212765957,100.0
Passaic,Lakeland Regional High School District,Lakeland Regional High School,31-2510-050,"205 CONKLINTOWN ROAD, WANAQUE, NJ, 07465",LAKELANDREGIONALHIGHSCHOOL,205CONKLINTOWNROADWANAQUENJ07465,Lakeland Reg High School,"205 Conklintown Road, Wanaque, NJ, 07465",https://www.greatschools.org/new-jersey/wanaque/942-Lakeland-Reg-High-School/,Average,5.0,LAKELANDREGHIGHSCHOOL,205CONKLINTOWNROADWANAQUENJ07465,89.36170212765957,100.0
Atlantic,Mainland Regional High School,Mainland Regional High School,01-2910-050,"1301 OAK AVENUE, LINWOOD, NJ, 08221",MAINLANDREGIONALHIGHSCHOOL,1301OAKAVENUELINWOODNJ08221,Mainland Reg High School,"1301 Oak Avenue, Linwood, NJ, 08221",https://www.greatschools.org/new-jersey/linwood/1079-Mainland-Reg-High-School/,Average,5.0,MAINLANDREGHIGHSCHOOL,1301OAKAVENUELINWOODNJ08221,89.36170212765957,100.0
Gloucester,Deptford Township Public School District,Deptford Township High School,15-1100-040,"575 S FOX RUN RD, DEPTFORD, NJ, 08096",DEPTFORDTOWNSHIPHIGHSCHOOL,575SFOXRUNRDDEPTFORDNJ08096,Deptford Twp High School,"575 Fox Run Road, Deptford, NJ, 08096",https://www.greatschools.org/new-jersey/deptford-township/397-Deptford-Twp-High-School/,Below average,2.0,DEPTFORDTWPHIGHSCHOOL,575FOXRUNROADDEPTFORDNJ08096,89.36170212765957,94.54545454545455
Bergen,Midland Park School District,Midland Park Jr./Sr. High School,03-3170-050,"250 PROSPECT ST, MIDLAND PARK, NJ, 07432",MIDLANDPARKJR/SRHIGHSCHOOL,250PROSPECTSTMIDLANDPARKNJ07432,Midland Park High School,"250 Prospect Street, Midland Park, NJ, 07432",https://www.greatschools.org/new-jersey/midland-park/1177-Midland-Park-High-School/,Above average,7.0,MIDLANDPARKHIGHSCHOOL,250PROSPECTSTREETMIDLANDPARKNJ07432,89.36170212765957,93.93939393939394
Monmouth,Freehold Regional High School District,Freehold Township High School,25-1650-055,"281 Elton Adelphia Road, FREEHOLD TWP., NJ, 07728",FREEHOLDTOWNSHIPHIGHSCHOOL,281ELTONADELPHIAROADFREEHOLDTWPNJ07728,Freehold Twp High School,"281 Elton Adelphia Road, Freehold Township, NJ, 07728",https://www.greatschools.org/new-jersey/freehold/628-Freehold-Twp-High-School/,Average,6.0,FREEHOLDTWPHIGHSCHOOL,281ELTONADELPHIAROADFREEHOLDTOWNSHIPNJ07728,89.36170212765957,93.82716049382717
Gloucester,Kingsway Regional School District,Kingsway Regional High School,15-2440-050,"201 KINGS HIGHWAY, WOOLWICH TWP, NJ, 08085",KINGSWAYREGIONALHIGHSCHOOL,201KINGSHIGHWAYWOOLWICHTWPNJ08085,Kingsway Reg High School,"201 KINGS HIGHWAY, Woolwich Township, NJ, 08085",https://www.greatschools.org/new-jersey/woolwich-township/926-Kingsway-Reg-High-School/,Average,5.0,KINGSWAYREGHIGHSCHOOL,201KINGSHIGHWAYWOOLWICHTOWNSHIPNJ08085,89.36170212765957,92.95774647887323
Union,Elizabeth Public Schools,Thomas Jefferson Arts Academy,39-1320-403,"27 Martin Luther King Jr Plaza, Elizabeth, NJ, 07201",THOMASJEFFERSONARTSACADEMY,27MARTINLUTHERKINGJRPLAZAELIZABETHNJ07201,T Jefferson Arts Academy,"27 Martin Luther King Junior Boulevard, Elizabeth, NJ, 07201",https://www.greatschools.org/new-jersey/elizabeth/7071-T-Jefferson-Arts-Academy/,Below average,3.0,TJEFFERSONARTSACADEMY,27MARTINLUTHERKINGJUNIORBOULEVARDELIZABETHNJ07201,89.36170212765957,84.44444444444444
Ocean,Southern Regional School District,Southern Regional High School,29-4950-050,"90 CEDAR BRIDGE ROAD, MANAHAWKIN, NJ, 08050",SOUTHERNREGIONALHIGHSCHOOL,90CEDARBRIDGEROADMANAHAWKINNJ08050,Southern Reg High School,"90 CEDAR BRIDGE ROAD, Stafford Township, NJ, 08050",https://www.greatschools.org/new-jersey/stafford-township/1887-Southern-Reg-High-School/,Average,5.0,SOUTHERNREGHIGHSCHOOL,90CEDARBRIDGEROADSTAFFORDTOWNSHIPNJ08050,89.36170212765957,75.67567567567568
Ocean,Toms River Regional School District,Toms River Intermediate School East,29-5190-060,"1519 HOOPER AVENUE, TOMS RIVER, NJ, 08753",TOMSRIVERINTERMEDIATESCHOOLEAST,1519HOOPERAVENUETOMSRIVERNJ08753,Toms River Intermediate East,"1519 Hooper Avenue, Toms River, NJ, 08753",https://www.greatschools.org/new-jersey/toms-river/1951-Toms-River-Intermediate-E/,Below average,4.0,TOMSRIVERINTERMEDIATEEAST,1519HOOPERAVENUETOMSRIVERNJ08753,89.28571428571429,100.0
Camden,Camden City School District,Veterans Memorial Family School,07-0680-080,"800 N 26TH STREET, CAMDEN, NJ, 08105",VETERANSMEMORIALFAMILYSCHOOL,800N26THSTREETCAMDENNJ08105,Veterans Memorial Middle School,"800 North 26th Street, Camden, NJ, 08105",https://www.greatschools.org/new-jersey/camden/245-Veterans-Memorial-Middle-School/,Below average,1.0,VETERANSMEMORIALMIDDLESCHOOL,800NORTH26THSTREETCAMDENNJ08105,89.28571428571429,93.10344827586206
Gloucester,Woodbury Heights Public School District,Woodbury Heights Elementary,15-5870-050,"100 ACADEMY AVE, WOODBURY HTS, NJ, 08097",WOODBURYHEIGHTSELEMENTARY,100ACADEMYAVEWOODBURYHTSNJ08097,Woodbury Heights Elementary School,"100 Academy Avenue, Woodbury Heights, NJ, 08097",https://www.greatschools.org/new-jersey/woodbury-heights/2270-Woodbury-Heights-Elementary-School/,Average,5.0,WOODBURYHEIGHTSELEMENTARYSCHOOL,100ACADEMYAVENUEWOODBURYHEIGHTSNJ08097,89.28571428571429,89.85507246376811
Mercer,Ewing Township School District,William L Antheil Elementary School,21-1430-140,"339 EWINGVILLE ROAD, EWING, NJ, 08638",WILLIAMLANTHEILELEMENTARYSCHOOL,339EWINGVILLEROADEWINGNJ08638,Wl Antheil Elementary School,"339 EWINGVILLE ROAD, Ewing Township, NJ, 08638",https://www.greatschools.org/new-jersey/ewing-township/566-Wl-Antheil-Elementary-School/,Below average,3.0,WLANTHEILELEMENTARYSCHOOL,339EWINGVILLEROADEWINGTOWNSHIPNJ08638,89.28571428571429,87.87878787878788
Union,Township of Union School District,Hannah Caldwell Elementary,39-5290-083,"1120 COMMERCE AVENUE, UNION, NJ, 07083",HANNAHCALDWELLELEMENTARY,1120COMMERCEAVENUEUNIONNJ07083,Hannah Caldwell Elementary School,"1120 Commerce Avenue, Union, NJ, 07083",https://www.greatschools.org/new-jersey/union/2013-Hannah-Caldwell-Elementary-School/,Below average,3.0,HANNAHCALDWELLELEMENTARYSCHOOL,1120COMMERCEAVENUEUNIONNJ07083,88.88888888888889,100.0
Monmouth,Henry Hudson Regional School District,Henry Hudson Regional School,25-2120-050,"1 GRAND TOUR, HIGHLANDS, NJ, 07732",HENRYHUDSONREGIONALSCHOOL,1GRANDTOURHIGHLANDSNJ07732,Henry Hudson Reg School,"1 Grand Tour, Highlands, NJ, 07732",https://www.greatschools.org/new-jersey/highlands/780-Henry-Hudson-Reg-School/,Below average,4.0,HENRYHUDSONREGSCHOOL,1GRANDTOURHIGHLANDSNJ07732,88.88888888888889,100.0
Monmouth,Red Bank Regional School District,Red Bank Regional High School,25-4365-050,"101 RIDGE ROAD, LITTLE SILVER, NJ, 07739",REDBANKREGIONALHIGHSCHOOL,101RIDGEROADLITTLESILVERNJ07739,Red Bank Reg High School,"101 Ridge Road, Little Silver, NJ, 07739",https://www.greatschools.org/new-jersey/little-silver/1722-Red-Bank-Reg-High-School/,Average,5.0,REDBANKREGHIGHSCHOOL,101RIDGEROADLITTLESILVERNJ07739,88.88888888888889,100.0
Burlington,Medford Township School District,Cranberry Pines Elementary,05-3080-040,"400 FAIRVIEW ROAD, MEDFORD, NJ, 08055",CRANBERRYPINESELEMENTARY,400FAIRVIEWROADMEDFORDNJ08055,Cranberry Pines Elementary School,"400 Fairview Road, Medford, NJ, 08055",https://www.greatschools.org/new-jersey/medford/1128-Cranberry-Pines-Elementary-School/,Above average,7.0,CRANBERRYPINESELEMENTARYSCHOOL,400FAIRVIEWROADMEDFORDNJ08055,88.88888888888889,100.0
Camden,Winslow Township School District,Winslow Township High School,07-5820-010,"10 COOPER FOLLY ROAD, ATCO, NJ, 08004",WINSLOWTOWNSHIPHIGHSCHOOL,10COOPERFOLLYROADATCONJ08004,Winslow Twp High School,"10 Cooper Folly Road, Atco, NJ, 08004",https://www.greatschools.org/new-jersey/atco/3471-Winslow-Twp-High-School/,Below average,3.0,WINSLOWTWPHIGHSCHOOL,10COOPERFOLLYROADATCONJ08004,88.88888888888889,100.0
Hunterdon,Union Township School District,Union Township Middle School,19-5270-050,"165 PERRYVILLE ROAD, HAMPTON, NJ, 08827",UNIONTOWNSHIPMIDDLESCHOOL,165PERRYVILLEROADHAMPTONNJ08827,Union Twp Middle School,"165 Perryville Road, Hampton, NJ, 08827",https://www.greatschools.org/new-jersey/hampton/2008-Union-Twp-Middle-School/,Above average,9.0,UNIONTWPMIDDLESCHOOL,165PERRYVILLEROADHAMPTONNJ08827,88.88888888888889,100.0
Bergen,Midland Park School District,Highland Elementary School,03-3170-070,"31 HIGHLAND AVE, MIDLAND PARK, NJ, 07432",HIGHLANDELEMENTARYSCHOOL,31HIGHLANDAVEMIDLANDPARKNJ07432,Highland Avenue Elementary School,"31 Highland Avenue, Midland Park, NJ, 07432",https://www.greatschools.org/new-jersey/midland-park/1178-Highland-Avenue-Elementary-School/,Above average,9.0,HIGHLANDAVENUEELEMENTARYSCHOOL,31HIGHLANDAVENUEMIDLANDPARKNJ07432,88.88888888888889,95.38461538461539
Gloucester,Gateway Regional High School District,Gateway Regional High School,15-1715-050,"775 TANYARD RD, WOODBURY HTS, NJ, 08096",GATEWAYREGIONALHIGHSCHOOL,775TANYARDRDWOODBURYHTSNJ08096,Gateway Reg High School,"775 Tanyard Road, Woodbury Heights, NJ, 08096",https://www.greatschools.org/new-jersey/woodbury-heights/657-Gateway-Reg-High-School/,Below average,3.0,GATEWAYREGHIGHSCHOOL,775TANYARDROADWOODBURYHEIGHTSNJ08096,88.88888888888889,90.9090909090909
Monmouth,Matawan-Aberdeen Regional School District,Matawan Regional High School,25-3040-050,"450 ATLANTIC AVENUE, ABERDEEN, NJ, 07747",MATAWANREGIONALHIGHSCHOOL,450ATLANTICAVENUEABERDEENNJ07747,Matawan Reg High School,"450 ATLANTIC AVENUE, Aberdeen Township, NJ, 07747",https://www.greatschools.org/new-jersey/aberdeen-township/1117-Matawan-Reg-High-School/,Below average,4.0,MATAWANREGHIGHSCHOOL,450ATLANTICAVENUEABERDEENTOWNSHIPNJ07747,88.88888888888889,88.88888888888889
Cape May,Upper Township School District,Upper Township Middle School,09-5340-030,"525 PERRY RD, PETERSBURG, NJ, 08270",UPPERTOWNSHIPMIDDLESCHOOL,525PERRYRDPETERSBURGNJ08270,Upper Twp Middle School,"525 PERRY RD, Upper Township, NJ, 08270",https://www.greatschools.org/new-jersey/woodbine/2032-Upper-Twp-Middle-School/,Average,5.0,UPPERTWPMIDDLESCHOOL,525PERRYRDUPPERTOWNSHIPNJ08270,88.88888888888889,73.6842105263158
Ocean,Lacey Township School District,Lacey Township Middle School,29-2480-053,"660 DENTON AVENUE, FORKED RIVER, NJ, 08731",LACEYTOWNSHIPMIDDLESCHOOL,660DENTONAVENUEFORKEDRIVERNJ08731,Lacey Twp Middle School,"660 DENTON AVENUE, Lacey Township, NJ, 08731",https://www.greatschools.org/new-jersey/lacey-township/934-Lacey-Twp-Middle-School/,Average,5.0,LACEYTWPMIDDLESCHOOL,660DENTONAVENUELACEYTOWNSHIPNJ08731,88.88888888888889,70.58823529411765
Charters,Hudson Arts and Science Charter School,Hudson Arts and Science Charter School,80-6105-996,"131 Midland Ave, Kearny, NJ, 07032",HUDSONARTSANDSCIENCECHARTERSCHOOL,131MIDLANDAVEKEARNYNJ07032,Hudson Arts and Sciences Charter,"131 Midland Avenue, Kearny, NJ, 07032",https://www.greatschools.org/new-jersey/kearny/8860-Hudson-Arts-And-Sciences-Charter/,Below average,4.0,HUDSONARTSANDSCIENCESCHARTER,131MIDLANDAVENUEKEARNYNJ07032,88.52459016393442,94.54545454545455
Middlesex,Spotswood Public School District,Spotswood Memorial Middle School,23-4970-090,"115 SUMMERHILL ROAD, SPOTSWOOD, NJ, 08884",SPOTSWOODMEMORIALMIDDLESCHOOL,115SUMMERHILLROADSPOTSWOODNJ08884,Spotswood Memorial School,"115 Summerhill Road, Spotswood, NJ, 08884",https://www.greatschools.org/new-jersey/spotswood/1893-Spotswood-Memorial-School/,Below average,4.0,SPOTSWOODMEMORIALSCHOOL,115SUMMERHILLROADSPOTSWOODNJ08884,88.46153846153847,100.0
Bergen,Westwood Regional School District,Jessie F. George Elementary,03-5755-065,"1 PALM STREET, TOWNSHIP OF WASHINGTON, NJ, 07676",JESSIEFGEORGEELEMENTARY,1PALMSTREETTOWNSHIPOFWASHINGTONNJ07676,Jessie F George Elementary School,"1 Palm Street, Township of Washington, NJ, 07676",https://www.greatschools.org/new-jersey/township-of-washington/2211-Jessie-F--George-Elementary-School/,Above average,7.0,JESSIEFGEORGEELEMENTARYSCHOOL,1PALMSTREETTOWNSHIPOFWASHINGTONNJ07676,88.46153846153847,100.0
Middlesex,Monroe Township School District,Monroe Township High School,23-3290-005,"200 Schoolhouse Road, MONROE TOWNSHIP, NJ, 08831",MONROETOWNSHIPHIGHSCHOOL,200SCHOOLHOUSEROADMONROETOWNSHIPNJ08831,Monroe Twp High School,"200 Schoolhouse Road, Monroe Township, NJ, 08831",https://www.greatschools.org/new-jersey/monroe-township/1208-Monroe-Twp-High-School/,Average,5.0,MONROETWPHIGHSCHOOL,200SCHOOLHOUSEROADMONROETOWNSHIPNJ08831,88.37209302325581,100.0
Bergen,Wood-Ridge School District,Wood-Ridge Jr/Sr High School,03-5830-050,"258 HACKENSACK ST, WOOD  RIDGE, NJ, 07075",WOODRIDGEJR/SRHIGHSCHOOL,258HACKENSACKSTWOODRIDGENJ07075,Wood Ridge High School,"258 HACKENSACK ST, Wood-Ridge, NJ, 07075",https://www.greatschools.org/new-jersey/wood_ridge/2275-Wood--Ridge-High-School/,Below average,3.0,WOODRIDGEHIGHSCHOOL,258HACKENSACKSTWOODRIDGENJ07075,88.37209302325581,100.0
Sussex,Vernon Township School District,Vernon Township High School,37-5360-020,"1832 ROUTE 565, VERNON, NJ, 07462",VERNONTOWNSHIPHIGHSCHOOL,1832ROUTE565VERNONNJ07462,Vernon Twp High School,"1832 ROUTE 565, Vernon Township, NJ, 07462",https://www.greatschools.org/new-jersey/vernon-valley/2036-Vernon-Twp-High-School/,Average,5.0,VERNONTWPHIGHSCHOOL,1832ROUTE565VERNONTOWNSHIPNJ07462,88.37209302325581,86.20689655172414
Hunterdon,South Hunterdon Regional School District,West Amwell Township School,19-1376-030,"1417 Rt 179, Lambertville, NJ, 08530",WESTAMWELLTOWNSHIPSCHOOL,1417RT179LAMBERTVILLENJ08530,West Amwell Twp School,"1417 New Jersey 179, Lambertville, NJ, 08530",https://www.greatschools.org/new-jersey/lambertville/8785-West-Amwell-Twp-School/,Above average,7.0,WESTAMWELLTWPSCHOOL,1417NEWJERSEY179LAMBERTVILLENJ08530,88.37209302325581,85.71428571428572
Camden,Haddon Township School District,Haddon Township High School,07-1890-050,"406 MEMORIAL AVENUE, WESTMONT, NJ, 08108",HADDONTOWNSHIPHIGHSCHOOL,406MEMORIALAVENUEWESTMONTNJ08108,Haddon Twp High School,"406 MEMORIAL AVENUE, Haddon Township, NJ, 08108",https://www.greatschools.org/new-jersey/haddon-township/712-Haddon-Twp-High-School/,Average,5.0,HADDONTWPHIGHSCHOOL,406MEMORIALAVENUEHADDONTOWNSHIPNJ08108,88.37209302325581,77.14285714285715
Monmouth,Shrewsbury Borough School District,Shrewsbury Borough Elementary School,25-4770-050,"20 OBRE PLACE, SHREWSBURY, NJ, 07702",SHREWSBURYBOROUGHELEMENTARYSCHOOL,20OBREPLACESHREWSBURYNJ07702,Shrewsbury Elementary School,"20 Obre Place, Shrewsbury, NJ, 07702",https://www.greatschools.org/new-jersey/shrewsbury/1835-Shrewsbury-Elementary-School/,Above average,9.0,SHREWSBURYELEMENTARYSCHOOL,20OBREPLACESHREWSBURYNJ07702,88.13559322033899,100.0
Charters,Great Oaks Legacy Charter School,Great Oaks Legacy Charter School,80-6053-917,"909 Broad Street, Newark, NJ, 07102",GREATOAKSLEGACYCHARTERSCHOOL,909BROADSTREETNEWARKNJ07102,Great Oaks Charter School,"909 Broad Street, Newark, NJ, 07102",https://www.greatschools.org/new-jersey/newark/7115-Great-Oaks-Charter-School/,Below average,4.0,GREATOAKSCHARTERSCHOOL,909BROADSTREETNEWARKNJ07102,88.0,100.0
Burlington,Bordentown Regional School District,Mac Farland Intermediate,05-0475-090,"87 CROSSWICKS ST, BORDENTOWN, NJ, 08505",MACFARLANDINTERMEDIATE,87CROSSWICKSSTBORDENTOWNNJ08505,Mac Farland Intermediate School,"87 Crosswicks Street, Bordentown, NJ, 08505",https://www.greatschools.org/new-jersey/bordentown/163-Mac-Farland-Intermediate-School/,Average,6.0,MACFARLANDINTERMEDIATESCHOOL,87CROSSWICKSSTREETBORDENTOWNNJ08505,88.0,93.93939393939394
Morris,Pequannock Township School District,Pequannock Valley School,27-4080-080,"493 Newark Pompton Tpke., Pompton Plains, NJ, 07444",PEQUANNOCKVALLEYSCHOOL,493NEWARKPOMPTONTPKEPOMPTONPLAINSNJ07444,Pequannock Valley Middle School,"493 Newark Pompton Tpke., Pequannock Township, NJ, 07444",https://www.greatschools.org/new-jersey/pequannock-township/1606-Pequannock-Valley-Middle-School/,Above average,7.0,PEQUANNOCKVALLEYMIDDLESCHOOL,493NEWARKPOMPTONTPKEPEQUANNOCKTOWNSHIPNJ07444,88.0,77.64705882352942
Charters,North Star Academy Charter School,North Star Academy Charter School,80-7320-960,"10 WASHINGTON PLACE, NEWARK, NJ, 07102",NORTHSTARACADEMYCHARTERSCHOOL,10WASHINGTONPLACENEWARKNJ07102,North Star Academy Charter School of Newark,"10 Washington Place, Newark, NJ, 07102",https://www.greatschools.org/new-jersey/newark/3339-North-Star-Academy-Charter-School-Of-Newark/,Average,6.0,NORTHSTARACADEMYCHARTERSCHOOLOFNEWARK,10WASHINGTONPLACENEWARKNJ07102,87.87878787878788,100.0
Ocean,Brick Township Public School District,Brick Township High School,29-0530-020,"346 CHAMBERS BRIDGE RD, BRICK TOWN, NJ, 08723",BRICKTOWNSHIPHIGHSCHOOL,346CHAMBERSBRIDGERDBRICKTOWNNJ08723,Brick Twp High School,"346 CHAMBERS BRIDGE RD, Brick Township, NJ, 08723",https://www.greatschools.org/new-jersey/brick-township/174-Brick-Twp-High-School/,Below average,4.0,BRICKTWPHIGHSCHOOL,346CHAMBERSBRIDGERDBRICKTOWNSHIPNJ08723,87.8048780487805,94.5945945945946
Monmouth,Township of Ocean School District,Ocean Township High School,25-3810-030,"550 WEST PARK AVENUE, OAKHURST, NJ, 07755",OCEANTOWNSHIPHIGHSCHOOL,550WESTPARKAVENUEOAKHURSTNJ07755,Ocean Twp High School,"550 WEST PARK AVENUE, Ocean Township, NJ, 07755",https://www.greatschools.org/new-jersey/ocean-township/1459-Ocean-Twp-High-School/,Average,5.0,OCEANTWPHIGHSCHOOL,550WESTPARKAVENUEOCEANTOWNSHIPNJ07755,87.8048780487805,78.26086956521739
Ocean,Lacey Township School District,Lacey Township High School,29-2480-020,"73 HAINES STREET, LANOKA HARBOR, NJ, 08734",LACEYTOWNSHIPHIGHSCHOOL,73HAINESSTREETLANOKAHARBORNJ08734,Lacey Twp High School,"73 HAINES STREET, Lacey Township, NJ, 08734",https://www.greatschools.org/new-jersey/lacey-township/938-Lacey-Twp-High-School/,Below average,4.0,LACEYTWPHIGHSCHOOL,73HAINESSTREETLACEYTOWNSHIPNJ08734,87.8048780487805,74.6268656716418
Monmouth,Farmingdale Public School District,Farmingdale Elementary,25-1490-050,"49 ACADEMY ST, FARMINGDALE, NJ, 07727",FARMINGDALEELEMENTARY,49ACADEMYSTFARMINGDALENJ07727,Farmingdale Elementary School,"49 Academy Street, Farmingdale, NJ, 07727",https://www.greatschools.org/new-jersey/farmingdale/584-Farmingdale-Elementary-School/,Average,6.0,FARMINGDALEELEMENTARYSCHOOL,49ACADEMYSTREETFARMINGDALENJ07727,87.5,93.5483870967742
Union,Elizabeth Public Schools,John E. Dwyer Technology Academy,39-1320-401,"123 Pearl St, Elizabeth, NJ, 07202",JOHNEDWYERTECHNOLOGYACADEMY,123PEARLSTELIZABETHNJ07202,John E Dwyer Tech Academy,"123 Pearl Street, Elizabeth, NJ, 07202",https://www.greatschools.org/new-jersey/elizabeth/7073-John-E-Dwyer-Tech-Academy/,Below average,1.0,JOHNEDWYERTECHACADEMY,123PEARLSTREETELIZABETHNJ07202,87.5,92.85714285714286
Somerset,Hillsborough Township Public School District,Hillsborough Township Elementary School,35-2170-040,"435 Route 206, Hillsborough, NJ, 08844",HILLSBOROUGHTOWNSHIPELEMENTARYSCHOOL,435ROUTE206HILLSBOROUGHNJ08844,Hillsborough Elementary School,"435 Route 206, Hillsborough Township, NJ, 08844",https://www.greatschools.org/new-jersey/hillsborough-township/790-Hillsborough-Elementary-School/,Above average,8.0,HILLSBOROUGHELEMENTARYSCHOOL,435ROUTE206HILLSBOROUGHTOWNSHIPNJ08844,87.5,88.23529411764706
Warren,Warren Hills Regional School District,Warren Hills Regional Middle School,41-5465-060,"64  66 CARLTON AVENUE, WASHINGTON, NJ, 07882",WARRENHILLSREGIONALMIDDLESCHOOL,6466CARLTONAVENUEWASHINGTONNJ07882,Warren Hills Reg Midd School,"64 66 CARLTON AVENUE, Washington, NJ, 07882",https://www.greatschools.org/new-jersey/washington/2089-Warren-Hills-Reg-Midd-School/,Below average,2.0,WARRENHILLSREGMIDDSCHOOL,6466CARLTONAVENUEWASHINGTONNJ07882,87.27272727272728,100.0
Sussex,High Point Regional High School District,High Point Regional High School District,37-2165-030,"299 PIDGEON HILL ROAD, SUSSEX, NJ, 07461",HIGHPOINTREGIONALHIGHSCHOOLDISTRICT,299PIDGEONHILLROADSUSSEXNJ07461,High Point Regional High School,"299 Pidgeon Hill Road, Sussex, NJ, 07461",https://www.greatschools.org/new-jersey/wantage/783-High-Point-Regional-High-School/,Average,5.0,HIGHPOINTREGIONALHIGHSCHOOL,299PIDGEONHILLROADSUSSEXNJ07461,87.09677419354838,100.0
Union,Elizabeth Public Schools,Alexander Hamilton Preparatory Academy,39-1320-405,"310 Cherry St, Elizabeth, NJ, 07208",ALEXANDERHAMILTONPREPARATORYACADEMY,310CHERRYSTELIZABETHNJ07208,A Hamilton Preparatory Academy,"310 Cherry Street, Elizabeth, NJ, 07208",https://www.greatschools.org/new-jersey/elizabeth/7069-A-Hamilton-Preparatory-Academy/,Average,5.0,AHAMILTONPREPARATORYACADEMY,310CHERRYSTREETELIZABETHNJ07208,87.09677419354838,93.10344827586206
Passaic,Ringwood School District,Martin J. Ryerson School,31-4400-053,"130 VALLEY ROAD, RINGWOOD, NJ, 07456",MARTINJRYERSONSCHOOL,130VALLEYROADRINGWOODNJ07456,Martin J. Ryerson Middle School,"130 Valley Road, Ringwood, NJ, 07456",https://www.greatschools.org/new-jersey/ringwood/1741-Martin-J.-Ryerson-Middle-School/,Average,5.0,MARTINJRYERSONMIDDLESCHOOL,130VALLEYROADRINGWOODNJ07456,86.95652173913044,100.0
Atlantic,Egg Harbor Township School District,Fernwood Avenue Middle School,01-1310-039,"4034 FERNWOOD AVENUE, EGG HARBOR TOWNSHIP, NJ, 08234",FERNWOODAVENUEMIDDLESCHOOL,4034FERNWOODAVENUEEGGHARBORTOWNSHIPNJ08234,Fernwood Middle School,"4034 Fernwood Avenue, Egg Harbor Township, NJ, 08234",https://www.greatschools.org/new-jersey/egg-harbor-township/4555-Fernwood-Middle-School/,Below average,4.0,FERNWOODMIDDLESCHOOL,4034FERNWOODAVENUEEGGHARBORTOWNSHIPNJ08234,86.95652173913044,100.0
Middlesex,South Amboy School District,South Amboy Elementary,23-4830-060,"249 JOHN STREET, SOUTH AMBOY, NJ, 08879",SOUTHAMBOYELEMENTARY,249JOHNSTREETSOUTHAMBOYNJ08879,South Amboy Elementary School,"249 John Street, South Amboy, NJ, 08879",https://www.greatschools.org/new-jersey/south-amboy/1846-South-Amboy-Elementary-School/,Below average,4.0,SOUTHAMBOYELEMENTARYSCHOOL,249JOHNSTREETSOUTHAMBOYNJ08879,86.95652173913044,100.0
Union,Township of Union School District,Battle Hill Elementary,39-5290-080,"2600 KILLIAN PLACE, UNION, NJ, 07083",BATTLEHILLELEMENTARY,2600KILLIANPLACEUNIONNJ07083,Battle Hill Elementary School,"2600 Killian Place, Union, NJ, 07083",https://www.greatschools.org/new-jersey/union/2017-Battle-Hill-Elementary-School/,Below average,2.0,BATTLEHILLELEMENTARYSCHOOL,2600KILLIANPLACEUNIONNJ07083,86.95652173913044,100.0
Burlington,Edgewater Park Township School District,Samuel M Ridgway Middle School,05-1280-070,"300 DELANCO RD, EDGEWATER PARK, NJ, 08010",SAMUELMRIDGWAYMIDDLESCHOOL,300DELANCORDEDGEWATERPARKNJ08010,Samuel M Ridgway School,"300 Delanco Road, Edgewater Park, NJ, 08010",https://www.greatschools.org/new-jersey/beverly/476-Samuel-M-Ridgway-School/,Below average,2.0,SAMUELMRIDGWAYSCHOOL,300DELANCOROADEDGEWATERPARKNJ08010,86.95652173913044,96.96969696969697
Union,Township of Union School District,Livingston Elementary,39-5290-130,"960 MIDLAND BLVD, UNION, NJ, 07083",LIVINGSTONELEMENTARY,960MIDLANDBLVDUNIONNJ07083,Livingston Elementary School,"960 Midland Boulevard, Union, NJ, 07083",https://www.greatschools.org/new-jersey/union/2021-Livingston-Elementary-School/,Average,5.0,LIVINGSTONELEMENTARYSCHOOL,960MIDLANDBOULEVARDUNIONNJ07083,86.95652173913044,91.2280701754386
Morris,Hanover Township School District,Memorial Junior School,27-2000-040,"61 Highland Avenue, Whippany, NJ, 07981",MEMORIALJUNIORSCHOOL,61HIGHLANDAVENUEWHIPPANYNJ07981,Memorial Junior Middle School,"61 Highland Avenue, Hanover, NJ, 07981",https://www.greatschools.org/new-jersey/hanover/760-Memorial-Junior-Middle-School/,Above average,8.0,MEMORIALJUNIORMIDDLESCHOOL,61HIGHLANDAVENUEHANOVERNJ07981,86.95652173913044,85.24590163934427
Cape May,Middle Township Public School District,Middle Township Elementary #2,09-3130-085,"101 WEST PACIFIC AVE, CAPE MAY COURT HOUSE, NJ, 08210",MIDDLETOWNSHIPELEMENTARY#2,101WESTPACIFICAVECAPEMAYCOURTHOUSENJ08210,Middle Twp Elementary 2,"101 WEST PACIFIC AVE, Middle Township, NJ, 08210",https://www.greatschools.org/new-jersey/middle-township/1146-Middle-Twp-Elementary-2/,Below average,4.0,MIDDLETWPELEMENTARY2,101WESTPACIFICAVEMIDDLETOWNSHIPNJ08210,86.95652173913044,70.8860759493671
Cape May,Cape May County Special Services School District,Cape May County High School,09-0715-020,"148 CREST HAVEN ROAD, CAPE MAY COURT HOUSE, NJ, 08210",CAPEMAYCOUNTYHIGHSCHOOL,148CRESTHAVENROADCAPEMAYCOURTHOUSENJ08210,Cape May Co Tech High School,"188 CREST HAVEN RD, Middle Township, NJ, 08210",https://www.greatschools.org/new-jersey/middle-township/273-Cape-May-Co-Tech-High-School/,Below average,4.0,CAPEMAYCOTECHHIGHSCHOOL,188CRESTHAVENRDMIDDLETOWNSHIPNJ08210,86.95652173913044,64.93506493506493
Union,Kenilworth School District,Warren G. Harding Elementary School,39-2420-050,"426 Boulevard, Kenilworth, NJ, 07033",WARRENGHARDINGELEMENTARYSCHOOL,426BOULEVARDKENILWORTHNJ07033,Harding Elementary School,"426 Boulevard, Kenilworth, NJ, 07033",https://www.greatschools.org/new-jersey/kenilworth/922-Harding-Elementary-School/,Average,5.0,HARDINGELEMENTARYSCHOOL,426BOULEVARDKENILWORTHNJ07033,86.79245283018868,100.0
Somerset,Somerset Hills Regional School District,Marion T. Bedwell Elementary School,35-4815-030,"141 Seney Drive, Bernardsville, NJ, 07924",MARIONTBEDWELLELEMENTARYSCHOOL,141SENEYDRIVEBERNARDSVILLENJ07924,Bedwell Elementary School,"141 Seney Drive, Bernardsville, NJ, 07924",https://www.greatschools.org/new-jersey/bernardsville/21-Bedwell-Elementary-School/,Above average,7.0,BEDWELLELEMENTARYSCHOOL,141SENEYDRIVEBERNARDSVILLENJ07924,86.79245283018868,100.0
Burlington,Edgewater Park Township School District,Mildred Magowan Elementary School,05-1280-050,"405 CHERRIX AVENUE, EDGEWATER PARK, NJ, 08010",MILDREDMAGOWANELEMENTARYSCHOOL,405CHERRIXAVENUEEDGEWATERPARKNJ08010,Magowan Elementary School,"405 CHERRIX AVENUE, Edgewater Park, NJ, 08010",https://www.greatschools.org/new-jersey/beverly/475-Magowan-Elementary-School/,Average,6.0,MAGOWANELEMENTARYSCHOOL,405CHERRIXAVENUEEDGEWATERPARKNJ08010,86.79245283018868,100.0
Union,Kenilworth School District,David Brearley Middle/High School,39-2420-010,"401 Monroe Avenue, Kenilworth, NJ, 07033",DAVIDBREARLEYMIDDLE/HIGHSCHOOL,401MONROEAVENUEKENILWORTHNJ07033,David Brearley High School,"401 Monroe Avenue, Kenilworth, NJ, 07033",https://www.greatschools.org/new-jersey/kenilworth/921-David-Brearley-High-School/,Below average,4.0,DAVIDBREARLEYHIGHSCHOOL,401MONROEAVENUEKENILWORTHNJ07033,86.79245283018868,100.0
Essex,Verona Public School District,Frederic N. Brown Elementary School,13-5370-080,"125 GROVE AVE, VERONA, NJ, 07044",FREDERICNBROWNELEMENTARYSCHOOL,125GROVEAVEVERONANJ07044,F.N. Brown Elementary School,"125 Grove Avenue, Verona, NJ, 07044",https://www.greatschools.org/new-jersey/verona/2044-F.N.-Brown-Elementary-School/,Below average,4.0,FNBROWNELEMENTARYSCHOOL,125GROVEAVENUEVERONANJ07044,86.79245283018868,94.11764705882354
Monmouth,Hazlet Township Public School District,Beers Street School,25-2105-060,"610 BEERS STREET, HAZLET, NJ, 07730",BEERSSTREETSCHOOL,610BEERSSTREETHAZLETNJ07730,Beers St School,"610 Beers Street, Hazlet, NJ, 07730",https://www.greatschools.org/new-jersey/hazlet/1710-Beers-St-School/,Above average,7.0,BEERSSTSCHOOL,610BEERSSTREETHAZLETNJ07730,86.66666666666667,100.0
Salem,Alloway Twp School District,Alloway Township School,33-0060-020,"43 CEDAR ST, ALLOWAY, NJ, 08001",ALLOWAYTOWNSHIPSCHOOL,43CEDARSTALLOWAYNJ08001,Alloway Twp School,"43 CEDAR ST, Alloway Township, NJ, 08001",https://www.greatschools.org/new-jersey/salem/33-Alloway-Twp-School/,Average,6.0,ALLOWAYTWPSCHOOL,43CEDARSTALLOWAYTOWNSHIPNJ08001,86.48648648648648,85.18518518518519
Salem,Oldmans Township School District,Oldmans Township School,33-3860-010,"10 FREED ROAD, PEDRICKTOWN, NJ, 08067",OLDMANSTOWNSHIPSCHOOL,10FREEDROADPEDRICKTOWNNJ08067,Oldmans Twp School,"10 FREED ROAD, Oldmans Township, NJ, 08067",https://www.greatschools.org/new-jersey/pedricktown/1471-Oldmans-Twp-School/,Average,5.0,OLDMANSTWPSCHOOL,10FREEDROADOLDMANSTOWNSHIPNJ08067,86.48648648648648,74.19354838709677
Morris,Madison Public School District,Madison Junior School,27-2870-100,"160 MAIN STREET, MADISON, NJ, 07940",MADISONJUNIORSCHOOL,160MAINSTREETMADISONNJ07940,Madison Junior Middle School,"160 Main Street, Madison, NJ, 07940",https://www.greatschools.org/new-jersey/madison/1055-Madison-Junior-Middle-School/,Average,6.0,MADISONJUNIORMIDDLESCHOOL,160MAINSTREETMADISONNJ07940,86.36363636363636,100.0
Camden,Pine Hill School District,Overbrook Senior High School,07-4110-010,"1200 TURNERSVILLE ROAD, PINE HILL, NJ, 08021",OVERBROOKSENIORHIGHSCHOOL,1200TURNERSVILLEROADPINEHILLNJ08021,Overbrook High School,"1200 Turnersville Road, Pine Hill, NJ, 08021",https://www.greatschools.org/new-jersey/pine-hill/3462-Overbrook-High-School/,Below average,3.0,OVERBROOKHIGHSCHOOL,1200TURNERSVILLEROADPINEHILLNJ08021,86.36363636363636,100.0
Bergen,Mahwah Township Public School District,Betsy Ross Elementary,03-2900-060,"20 MALCOLM RD, MAHWAH, NJ, 07430",BETSYROSSELEMENTARY,20MALCOLMRDMAHWAHNJ07430,Betsy Ross Elementary School,"20 Malcolm Road, Mahwah, NJ, 07430",https://www.greatschools.org/new-jersey/mahwah/1074-Betsy-Ross-Elementary-School/,Above average,10.0,BETSYROSSELEMENTARYSCHOOL,20MALCOLMROADMAHWAHNJ07430,86.36363636363636,96.0
Salem,Pennsville Public School District,Penn Beach Elementary,33-4075-078,"96 KANSAS RD, PENNSVILLE, NJ, 08070",PENNBEACHELEMENTARY,96KANSASRDPENNSVILLENJ08070,Penn Beach Elementary School,"96 KANSAS RD, Pennsville Township, NJ, 08070",https://www.greatschools.org/new-jersey/pennsville/1036-Penn-Beach-Elementary-School/,Below average,4.0,PENNBEACHELEMENTARYSCHOOL,96KANSASRDPENNSVILLETOWNSHIPNJ08070,86.36363636363636,87.09677419354838
Warren,Greenwich Township School District,Stewartsville Middle School,41-1840-070,"642 SOUTH MAIN STREET, STEWARTSVILLE, NJ, 08886",STEWARTSVILLEMIDDLESCHOOL,642SOUTHMAINSTREETSTEWARTSVILLENJ08886,Stewartsville School,"642 SOUTH MAIN STREET, Greenwich Township, NJ, 08886",https://www.greatschools.org/new-jersey/stewartsville/696-Stewartsville-School/,Above average,8.0,STEWARTSVILLESCHOOL,642SOUTHMAINSTREETGREENWICHTOWNSHIPNJ08886,86.36363636363636,75.0
Burlington,Cinnaminson Township School District,Eleanor Rush Intermediate School,05-0840-060,"1200 WYNWOOD DRIVE, CINNAMINSON, NJ, 08077",ELEANORRUSHINTERMEDIATESCHOOL,1200WYNWOODDRIVECINNAMINSONNJ08077,Eleanor Rush Inter School,"1200 Wynwood Drive, Cinnaminson, NJ, 08077",https://www.greatschools.org/new-jersey/cinnaminson/318-Eleanor-Rush-Inter-School/,Above average,7.0,ELEANORRUSHINTERSCHOOL,1200WYNWOODDRIVECINNAMINSONNJ08077,86.27450980392157,100.0
Bergen,Dumont Public School District,Honiss Elementary\Middle School,03-1130-060,"31 DEPEW ST, DUMONT, NJ, 07628",HONISSELEMENTARY\MIDDLESCHOOL,31DEPEWSTDUMONTNJ07628,Honiss Elementary School,"31 Depew Street, Dumont, NJ, 07628",https://www.greatschools.org/new-jersey/dumont/415-Honiss-Elementary-School/,Above average,7.0,HONISSELEMENTARYSCHOOL,31DEPEWSTREETDUMONTNJ07628,86.27450980392157,91.66666666666667
Burlington,Eastampton Township School District,Eastampton Township Community School,05-1250-060,"1 STUDENT DRIVE, EASTAMPTON, NJ, 08060",EASTAMPTONTOWNSHIPCOMMUNITYSCHOOL,1STUDENTDRIVEEASTAMPTONNJ08060,Eastampton Community School,"1 STUDENT DRIVE, Eastampton Township, NJ, 08060",https://www.greatschools.org/new-jersey/mount-holly/467-Eastampton-Community-School/,Below average,4.0,EASTAMPTONCOMMUNITYSCHOOL,1STUDENTDRIVEEASTAMPTONTOWNSHIPNJ08060,86.20689655172414,88.23529411764706
Warren,White Township Consolidated School District,White Township Consolidated School,41-5780-050,"565 CR 519, BELVIDERE, NJ, 07823",WHITETOWNSHIPCONSOLIDATEDSCHOOL,565CR519BELVIDERENJ07823,White Township Consolidated Elementary School,"565 County Road 519, Belvidere, NJ, 07823",https://www.greatschools.org/new-jersey/belvidere/2217-White-Township-Consolidated-Elementary-School/,Average,6.0,WHITETOWNSHIPCONSOLIDATEDELEMENTARYSCHOOL,565COUNTYROAD519BELVIDERENJ07823,86.11111111111111,85.71428571428572
Cumberland,Vineland Public School District,Thomas W. Wallace Jr. Middle School,11-5390-280,"688 NORTH MILL ROAD, VINELAND, NJ, 08360",THOMASWWALLACEJRMIDDLESCHOOL,688NORTHMILLROADVINELANDNJ08360,T W Wallace Middle School,"688 North Mill Road, Vineland, NJ, 08360",https://www.greatschools.org/new-jersey/vineland/4541-T-W--Wallace-Middle-School/,Below average,2.0,TWWALLACEMIDDLESCHOOL,688NORTHMILLROADVINELANDNJ08360,85.71428571428572,100.0
Hudson,Jersey City Public Schools,Dr Ronald McNair High School,17-2390-075,"123 COLES  STREET, JERSEY CITY, NJ, 07302",DRRONALDMCNAIRHIGHSCHOOL,123COLESSTREETJERSEYCITYNJ07302,Dr. Ronald Mc Nair Academic High School,"123 Coles Street, Jersey City, NJ, 07302",https://www.greatschools.org/new-jersey/jersey-city/878-Dr.-Ronald-Mc-Nair-Academy-High-School/,Above average,10.0,DRRONALDMCNAIRACADEMICHIGHSCHOOL,123COLESSTREETJERSEYCITYNJ07302,85.71428571428572,100.0
Middlesex,Edison Township School District,James Madison Intermediate School,23-1290-090,"838 NEW DOVER ROAD, EDISON, NJ, 08820",JAMESMADISONINTERMEDIATESCHOOL,838NEWDOVERROADEDISONNJ08820,James Madison Intermediate Elementary School,"838 New Dover Road, Edison, NJ, 08820",https://www.greatschools.org/new-jersey/edison/484-James-Madison-Intermediate-Elementary-School/,Above average,7.0,JAMESMADISONINTERMEDIATEELEMENTARYSCHOOL,838NEWDOVERROADEDISONNJ08820,85.71428571428572,100.0
Passaic,North Haledon School District,High Mountain School,31-3640-050,"515 HIGH MOUNTAIN ROAD, NORTH HALEDON, NJ, 07508",HIGHMOUNTAINSCHOOL,515HIGHMOUNTAINROADNORTHHALEDONNJ07508,High Mountain Middle School,"515 High Mountain Road, North Haledon, NJ, 07508",https://www.greatschools.org/new-jersey/north-haledon/1412-High-Mountain-Middle-School/,Average,6.0,HIGHMOUNTAINMIDDLESCHOOL,515HIGHMOUNTAINROADNORTHHALEDONNJ07508,85.71428571428572,100.0
Mercer,East Windsor Regional School District,Melvin H. Kreps Middle School,21-1245-070,"5 KENT LANE, EAST WINDSOR, NJ, 08520",MELVINHKREPSMIDDLESCHOOL,5KENTLANEEASTWINDSORNJ08520,Melvin H Kreps School,"5 KENT LANE, East Windsor, NJ, 08520",https://www.greatschools.org/new-jersey/hightstown/463-Melvin-H-Kreps-School/,Average,5.0,MELVINHKREPSSCHOOL,5KENTLANEEASTWINDSORNJ08520,85.71428571428572,100.0
Essex,South Orange-Maplewood School District,Columbia High School,13-4900-030,"17 PARKER AVE, MAPLEWOOD, NJ, 07040",COLUMBIAHIGHSCHOOL,17PARKERAVEMAPLEWOODNJ07040,Columbia Senior High School,"17 Parker Avenue, Maplewood, NJ, 07040",https://www.greatschools.org/new-jersey/maplewood/1863-Columbia-Senior-High-School/,Average,5.0,COLUMBIASENIORHIGHSCHOOL,17PARKERAVENUEMAPLEWOODNJ07040,85.71428571428572,94.73684210526316
Bergen,Wallington Boro School District,Wallington Junior Senior High School,03-5430-050,"234 MAIN AVE, WALLINGTON, NJ, 07057",WALLINGTONJUNIORSENIORHIGHSCHOOL,234MAINAVEWALLINGTONNJ07057,Wallington Jr Sr High School,"234 Main Avenue, Wallington, NJ, 07057",https://www.greatschools.org/new-jersey/wallington/2083-Wallington-Jr-Sr-High-School/,Below average,4.0,WALLINGTONJRSRHIGHSCHOOL,234MAINAVENUEWALLINGTONNJ07057,85.71428571428572,94.73684210526316
Hunterdon,South Hunterdon Regional School District,South Hunterdon Regional High School,19-1376-050,"301 Mt Airy Harbourton Rd, Lambertville, NJ, 08530",SOUTHHUNTERDONREGIONALHIGHSCHOOL,301MTAIRYHARBOURTONRDLAMBERTVILLENJ08530,South Hunterdon High School,"301 Mount Airy-Harbourton Road, Lambertville, NJ, 08530",https://www.greatschools.org/new-jersey/lambertville/8784-South-Hunterdon-High-School/,Below average,4.0,SOUTHHUNTERDONHIGHSCHOOL,301MOUNTAIRYHARBOURTONROADLAMBERTVILLENJ08530,85.71428571428572,94.11764705882354
Burlington,Delanco Township School District,Walnut Street School,05-1030-060,"411 WALNUT ST, DELANCO, NJ, 08075",WALNUTSTREETSCHOOL,411WALNUTSTDELANCONJ08075,Walnut Street Middle School,"411 Walnut Street, Delanco, NJ, 08075",https://www.greatschools.org/new-jersey/delanco/383-Walnut-Street-Middle-School/,Below average,2.0,WALNUTSTREETMIDDLESCHOOL,411WALNUTSTREETDELANCONJ08075,85.71428571428572,92.5925925925926
Somerset,Hillsborough Township Public School District,Hillsborough Township Middle School,35-2170-035,"260 Triangle Road, Hillsborough, NJ, 08844",HILLSBOROUGHTOWNSHIPMIDDLESCHOOL,260TRIANGLEROADHILLSBOROUGHNJ08844,Hillsborough Middle School,"260 Triangle Road, Hillsborough Township, NJ, 08844",https://www.greatschools.org/new-jersey/hillsborough-township/789-Hillsborough-Middle-School/,Above average,7.0,HILLSBOROUGHMIDDLESCHOOL,260TRIANGLEROADHILLSBOROUGHTOWNSHIPNJ08844,85.71428571428572,89.47368421052632
Morris,Mendham Borough School District,Mountain View School,27-3090-060,"100 DEAN ROAD, MENDHAM, NJ, 07945",MOUNTAINVIEWSCHOOL,100DEANROADMENDHAMNJ07945,Mountain View Middle School,"100 DEAN ROAD, Mendham Township, NJ, 07945",https://www.greatschools.org/new-jersey/mendham/1134-Mountain-View-Middle-School/,Above average,10.0,MOUNTAINVIEWMIDDLESCHOOL,100DEANROADMENDHAMTOWNSHIPNJ07945,85.71428571428572,86.20689655172414
Passaic,Passaic Valley Regional High School District #1,Passaic Valley Regional High School,31-3990-050,"170 EAST MAIN STREET, LITTLE FALLS, NJ, 07424",PASSAICVALLEYREGIONALHIGHSCHOOL,170EASTMAINSTREETLITTLEFALLSNJ07424,Passaic Valley High School,"100 East Main Street, Little Falls, NJ, 07424",https://www.greatschools.org/new-jersey/little-falls/1530-Passaic-Valley-High-School/,Below average,4.0,PASSAICVALLEYHIGHSCHOOL,100EASTMAINSTREETLITTLEFALLSNJ07424,85.18518518518519,97.14285714285714
Middlesex,South Amboy School District,South Amboy Middle/High School,23-4830-030,"200 GOVERNOR HAROLD G  HOFFMAN, SOUTH AMBOY, NJ, 08879",SOUTHAMBOYMIDDLE/HIGHSCHOOL,200GOVERNORHAROLDGHOFFMANSOUTHAMBOYNJ08879,South Amboy High School,"200 GOVERNOR HAROLD G HOFFMAN, South Amboy, NJ, 08879",https://www.greatschools.org/new-jersey/south-amboy/1844-South-Amboy-High-School/,Below average,3.0,SOUTHAMBOYHIGHSCHOOL,200GOVERNORHAROLDGHOFFMANSOUTHAMBOYNJ08879,85.1063829787234,100.0
Ocean,Bay Head Borough School District,Bay Head Elementary,29-0210-020,"145 GROVE STREET, BAY HEAD, NJ, 08742",BAYHEADELEMENTARY,145GROVESTREETBAYHEADNJ08742,Bay Head Elementary School,"145 Grove Street, Bay Head, NJ, 08742",https://www.greatschools.org/new-jersey/bay-head/65-Bay-Head-Elementary-School/,Above average,9.0,BAYHEADELEMENTARYSCHOOL,145GROVESTREETBAYHEADNJ08742,85.0,100.0
Monmouth,Rumson Borough School District,Forrestdale School,25-4570-050,"60 FORREST AVENUE, RUMSON, NJ, 07760",FORRESTDALESCHOOL,60FORRESTAVENUERUMSONNJ07760,Forrestdale Middle School,"60 Forrest Avenue, Rumson, NJ, 07760",https://www.greatschools.org/new-jersey/rumson/1784-Forrestdale-Middle-School/,Above average,10.0,FORRESTDALEMIDDLESCHOOL,60FORRESTAVENUERUMSONNJ07760,85.0,100.0
Union,Rahway Public School District,Madison Elementary,39-4290-110,"944 MADISON AVE, RAHWAY, NJ, 07065",MADISONELEMENTARY,944MADISONAVERAHWAYNJ07065,Madison Elementary School,"944 Madison Avenue, Rahway, NJ, 07065",https://www.greatschools.org/new-jersey/rahway/1692-Madison-Elementary-School/,Below average,2.0,MADISONELEMENTARYSCHOOL,944MADISONAVENUERAHWAYNJ07065,85.0,94.54545454545455
Burlington,Evesham Township School District,Marlton Elementary,05-1420-058,"190 TOMLINSON MILL ROAD, MARLTON, NJ, 08053",MARLTONELEMENTARY,190TOMLINSONMILLROADMARLTONNJ08053,Marlton Elementary School,"190 TOMLINSON MILL ROAD, Evesham, NJ, 08053",https://www.greatschools.org/new-jersey/evesham-township/555-Marlton-Elementary-School/,Average,5.0,MARLTONELEMENTARYSCHOOL,190TOMLINSONMILLROADEVESHAMNJ08053,85.0,82.35294117647058
Essex,East Orange School District,Cicely L. Tyson Community Middle/High School,13-1210-150,"35 Winans Street, EAST ORANGE, NJ, 07017",CICELYLTYSONCOMMUNITYMIDDLE/HIGHSCHOOL,35WINANSSTREETEASTORANGENJ07017,Cicely Tyson Middle/High School,"35 Winans Street, East Orange, NJ, 07017",https://www.greatschools.org/new-jersey/east-orange/452-Cicely-Tyson-Middle-High-School/,Average,5.0,CICELYTYSONMIDDLE/HIGHSCHOOL,35WINANSSTREETEASTORANGENJ07017,84.84848484848484,100.0
Cape May,Dennis Township School District,Dennis Township Elementary/Middle Schools,09-1080-050,"165 ACADEMY ROAD, DENNISVILLE, NJ, 08214",DENNISTOWNSHIPELEMENTARY/MIDDLESCHOOLS,165ACADEMYROADDENNISVILLENJ08214,Dennis Twp Elementary Mid School,"165 ACADEMY ROAD, Dennis, NJ, 08214",https://www.greatschools.org/new-jersey/woodbine/4224-Dennis-Twp-Elementary--Mid-School/,Below average,4.0,DENNISTWPELEMENTARYMIDSCHOOL,165ACADEMYROADDENNISNJ08214,84.84848484848484,91.52542372881356
Bergen,Teaneck School District,Nathaniel Hawthorne Elementary School,03-5150-110,"201 FYCKE LANE, TEANECK, NJ, 07666",NATHANIELHAWTHORNEELEMENTARYSCHOOL,201FYCKELANETEANECKNJ07666,Hawthorne Elementary School,"201 Fycke Lane, Teaneck, NJ, 07666",https://www.greatschools.org/new-jersey/teaneck/1935-Hawthorne-Elementary-School/,Average,6.0,HAWTHORNEELEMENTARYSCHOOL,201FYCKELANETEANECKNJ07666,84.7457627118644,100.0
Burlington,Westampton Township Public School District,Westampton Township Middle School,05-5720-050,"700 RANCOCAS ROAD, WESTAMPTON, NJ, 08060",WESTAMPTONTOWNSHIPMIDDLESCHOOL,700RANCOCASROADWESTAMPTONNJ08060,Westampton Middle School,"700 Rancocas Road, Westampton, NJ, 08060",https://www.greatschools.org/new-jersey/westampton/2197-Westampton-Middle-School/,Below average,4.0,WESTAMPTONMIDDLESCHOOL,700RANCOCASROADWESTAMPTONNJ08060,84.61538461538461,100.0
Hudson,Jersey City Public Schools,Franklin L. Williams School,17-2390-155,"222 LAIDLAW AVENUE, JERSEY CITY, NJ, 07306",FRANKLINLWILLIAMSSCHOOL,222LAIDLAWAVENUEJERSEYCITYNJ07306,Franklin L Williams Ms No7,"222 LAIDLAW AVENUE, Jersey City, NJ, 07306",https://www.greatschools.org/new-jersey/jersey-city/4241-Franklin-L.-Williams-School/,Below average,3.0,FRANKLINLWILLIAMSMSNO7,222LAIDLAWAVENUEJERSEYCITYNJ07306,84.44444444444444,100.0
Mercer,Trenton Public School District,Arthur J. Holland Middle School,21-5210-307,"1001 West State St, Trenton, NJ, 08618",ARTHURJHOLLANDMIDDLESCHOOL,1001WESTSTATESTTRENTONNJ08618,Holland Middle School,"1001 West State Street, Trenton, NJ, 08618",https://www.greatschools.org/new-jersey/trenton/9243-Holland-Middle-School/,Below average,2.0,HOLLANDMIDDLESCHOOL,1001WESTSTATESTREETTRENTONNJ08618,84.44444444444444,93.5483870967742
Somerset,Bridgewater-Raritan Regional School District,Bradley Gardens Primary School,35-0555-040,"148 Pine Street, Bridgewater, NJ, 08807",BRADLEYGARDENSPRIMARYSCHOOL,148PINESTREETBRIDGEWATERNJ08807,Bradley Gardens Elementary School,"148 Pine Street, Bridgewater, NJ, 08807",https://www.greatschools.org/new-jersey/bridgewater-township/195-Bradley-Gardens-Elementary-School/,Above average,8.0,BRADLEYGARDENSELEMENTARYSCHOOL,148PINESTREETBRIDGEWATERNJ08807,84.21052631578948,100.0
Monmouth,Belmar Elementary School District,Belmar Elementary,25-0270-020,"1101 MAIN STREET, BELMAR, NJ, 07719",BELMARELEMENTARY,1101MAINSTREETBELMARNJ07719,Belmar Elementary School,"1101 Main Street, Belmar, NJ, 07719",https://www.greatschools.org/new-jersey/belmar/92-Belmar-Elementary-School/,Above average,7.0,BELMARELEMENTARYSCHOOL,1101MAINSTREETBELMARNJ07719,84.21052631578948,100.0
Mercer,Trenton Public School District,P.J. Hill Elementary,21-5210-265,"1010 East State Street, Trenton, NJ, 08609",PJHILLELEMENTARY,1010EASTSTATESTREETTRENTONNJ08609,P. J. Hill Elementary School,"1010 East State Street, Trenton, NJ, 08609",https://www.greatschools.org/new-jersey/trenton/1983-P.-J.-Hill-Elementary-School/,Below average,1.0,PJHILLELEMENTARYSCHOOL,1010EASTSTATESTREETTRENTONNJ08609,84.21052631578948,100.0
Union,Clark Township Public School District,Carl H. Kumpf School,39-0850-035,"59 MILDRED TERRACE, CLARK, NJ, 07066",CARLHKUMPFSCHOOL,59MILDREDTERRACECLARKNJ07066,Carl H. Kumpf Middle School,"59 Mildred Terrace, Clark, NJ, 07066",https://www.greatschools.org/new-jersey/clark/321-Carl-H.-Kumpf-Middle-School/,Above average,7.0,CARLHKUMPFMIDDLESCHOOL,59MILDREDTERRACECLARKNJ07066,84.21052631578948,100.0
Somerset,Watchung Borough Public School District,Valley View School,35-5540-050,"50 Valley View Road, Watchung, NJ, 07069",VALLEYVIEWSCHOOL,50VALLEYVIEWROADWATCHUNGNJ07069,Valley View Middle School,"50 Valleyview Road, Watchung, NJ, 07069",https://www.greatschools.org/new-jersey/watchung/2119-Valley-View-Middle-School/,Above average,7.0,VALLEYVIEWMIDDLESCHOOL,50VALLEYVIEWROADWATCHUNGNJ07069,84.21052631578948,100.0
Hudson,Jersey City Public Schools,Martin Center for the Arts,17-2390-347,"59 WILKINSON AVE, JERSEY CITY, NJ, 07305",MARTINCENTERFORTHEARTS,59WILKINSONAVEJERSEYCITYNJ07305,Center For The Arts,"59 Wilkinson Avenue, Jersey City, NJ, 07305",https://www.greatschools.org/new-jersey/jersey-city/904-Center-For-The-Arts/,Below average,1.0,CENTERFORTHEARTS,59WILKINSONAVENUEJERSEYCITYNJ07305,84.21052631578948,95.38461538461539
Sussex,Vernon Township School District,Lounsberry Hollow School,37-5360-030,"30 SAMMIS ROAD, VERNON, NJ, 07462",LOUNSBERRYHOLLOWSCHOOL,30SAMMISROADVERNONNJ07462,Lounsberry Hollow,"30 SAMMIS ROAD, Vernon Township, NJ, 07462",https://www.greatschools.org/new-jersey/vernon-township/2037-Lounsberry-Hollow/,Average,5.0,LOUNSBERRYHOLLOW,30SAMMISROADVERNONTOWNSHIPNJ07462,84.21052631578948,86.20689655172414
Sussex,Hardyston Township School District,Hardyston Township Middle School,37-2030-030,"183 WHEATSWORTH ROAD, HAMBURG, NJ, 07419",HARDYSTONTOWNSHIPMIDDLESCHOOL,183WHEATSWORTHROADHAMBURGNJ07419,Hardyston Middle School,"183 Wheatsworth Road, Hamburg, NJ, 07419",https://www.greatschools.org/new-jersey/hamburg/4131-Hardyston-Middle-School/,Average,6.0,HARDYSTONMIDDLESCHOOL,183WHEATSWORTHROADHAMBURGNJ07419,84.0,100.0
Camden,Camden City School District,Dr. Henry H. Davis Elementary School,07-0680-180,"3425 Cramer Street, CAMDEN, NJ, 08105",DRHENRYHDAVISELEMENTARYSCHOOL,3425CRAMERSTREETCAMDENNJ08105,Davis Elementary School,"3425 Cramer Street, Camden, NJ, 08105",https://www.greatschools.org/new-jersey/camden/250-Davis-Elementary-School/,Below average,2.0,DAVISELEMENTARYSCHOOL,3425CRAMERSTREETCAMDENNJ08105,84.0,100.0
Burlington,Southampton Township School District,Southampton Township School #2,05-4930-060,"100 MISS MABEL DRIVE, SOUTHAMPTON, NJ, 08088",SOUTHAMPTONTOWNSHIPSCHOOL#2,100MISSMABELDRIVESOUTHAMPTONNJ08088,Southampton Twp School No 2,"100 MISS MABEL DRIVE, Southampton Township, NJ, 08088",https://www.greatschools.org/new-jersey/southampton-township/1884-Southampton-Twp-School-No-2/,Below average,4.0,SOUTHAMPTONTWPSCHOOLNO2,100MISSMABELDRIVESOUTHAMPTONTOWNSHIPNJ08088,84.0,89.74358974358975
Burlington,Southampton Township School District,Southampton Township School #3,05-4930-070,"100 WARRIOR WAY, SOUTHAMPTON, NJ, 08088",SOUTHAMPTONTOWNSHIPSCHOOL#3,100WARRIORWAYSOUTHAMPTONNJ08088,Southampton Twp School No 3,"100 WARRIOR WAY, Southampton Township, NJ, 08088",https://www.greatschools.org/new-jersey/southampton-township/1882-Southampton-Twp-School-No-3/,Average,6.0,SOUTHAMPTONTWPSCHOOLNO3,100WARRIORWAYSOUTHAMPTONTOWNSHIPNJ08088,84.0,88.57142857142857
Camden,Black Horse Pike Regional School District,Timber Creek Regional High School,07-0390-030,"501 JARVIS ROAD, ERIAL, NJ, 08081",TIMBERCREEKREGIONALHIGHSCHOOL,501JARVISROADERIALNJ08081,Timber Creek High School,"501 JARVIS ROAD, Gloucester Township, NJ, 08081",https://www.greatschools.org/new-jersey/erial/3441-Timber-Creek-High-School/,Below average,3.0,TIMBERCREEKHIGHSCHOOL,501JARVISROADGLOUCESTERTOWNSHIPNJ08081,84.0,73.01587301587303
Morris,Mount Arlington Public School District,Mount Arlington Public School,27-3410-050,"235 HOWARD BOULEVARD, MT  ARLINGTON, NJ, 07856",MOUNTARLINGTONPUBLICSCHOOL,235HOWARDBOULEVARDMTARLINGTONNJ07856,Mount Arlington Public Elementary School,"235 HOWARD BOULEVARD, Mount Arlington, NJ, 07856",https://www.greatschools.org/new-jersey/mount-arlington/1259-Mount-Arlington-Public-Elementary-School/,Average,6.0,MOUNTARLINGTONPUBLICELEMENTARYSCHOOL,235HOWARDBOULEVARDMOUNTARLINGTONNJ07856,83.87096774193549,96.0
Cumberland,Maurice River Township School District,Maurice River Township School,11-3050-065,"3593 RT 47, PORT ELIZABETH, NJ, 08348",MAURICERIVERTOWNSHIPSCHOOL,3593RT47PORTELIZABETHNJ08348,Maurice River Township Elementary School,"3593 RT 47, Maurice River, NJ, 08348",https://www.greatschools.org/new-jersey/port-elizabeth/1123-Maurice-River-Township-Elementary-School/,Below average,4.0,MAURICERIVERTOWNSHIPELEMENTARYSCHOOL,3593RT47MAURICERIVERNJ08348,83.87096774193549,69.0909090909091
Cape May,Upper Township School District,Upper Township Primary School,09-5340-055,"130 OLD TUCKAHOE RD, MARMORA, NJ, 08223",UPPERTOWNSHIPPRIMARYSCHOOL,130OLDTUCKAHOERDMARMORANJ08223,Upper Township Elementary School,"50 North Old Tuckahoe Road, Marmora, NJ, 08223",https://www.greatschools.org/new-jersey/marmora/2033-Upper-Township-Elementary-School/,Average,5.0,UPPERTOWNSHIPELEMENTARYSCHOOL,50NORTHOLDTUCKAHOEROADMARMORANJ08223,83.63636363636364,84.84848484848484
Cape May,Cape May County Technical High School District,Cape May County Technical High SChool,09-0720-030,"188 CREST HAVEN RD, CAPE MAY COURT HOUSE, NJ, 08210",CAPEMAYCOUNTYTECHNICALHIGHSCHOOL,188CRESTHAVENRDCAPEMAYCOURTHOUSENJ08210,Cape May Co Tech High School,"188 CREST HAVEN RD, Middle Township, NJ, 08210",https://www.greatschools.org/new-jersey/middle-township/273-Cape-May-Co-Tech-High-School/,Below average,4.0,CAPEMAYCOTECHHIGHSCHOOL,188CRESTHAVENRDMIDDLETOWNSHIPNJ08210,83.63636363636364,69.33333333333334
Bergen,Bergen County Vocational Technical School District,Bergen County Academies,03-0290-020,"200 Hackensack Avenue, Hackensack, NJ, 07601",BERGENCOUNTYACADEMIES,200HACKENSACKAVENUEHACKENSACKNJ07601,Bergen Academies,"200 Hackensack Avenue, Hackensack, NJ, 07601",https://www.greatschools.org/new-jersey/hackensack/103-Bergen-Academies/,Above average,10.0,BERGENACADEMIES,200HACKENSACKAVENUEHACKENSACKNJ07601,83.33333333333334,100.0
Bergen,Emerson Public School District,Emerson Jr Sr High,03-1360-050,"131 Main Street, Emerson, NJ, 07630",EMERSONJRSRHIGH,131MAINSTREETEMERSONNJ07630,Emerson Jr Sr High School,"131 Main Street, Emerson, NJ, 07630",https://www.greatschools.org/new-jersey/emerson/537-Emerson-Jr-Sr-High-School/,Average,6.0,EMERSONJRSRHIGHSCHOOL,131MAINSTREETEMERSONNJ07630,83.33333333333334,100.0
Cape May,Lower Township Elementary School District,Sandman Consolidated School,09-2840-050,"838 SEASHORE RD, CAPE MAY, NJ, 08204",SANDMANCONSOLIDATEDSCHOOL,838SEASHORERDCAPEMAYNJ08204,Sandman Consolidated Elementary School,"838 Seashore Road, Cape May, NJ, 08204",https://www.greatschools.org/new-jersey/cape-may/1038-Sandman-Consolidated-Elementary-School/,Below average,3.0,SANDMANCONSOLIDATEDELEMENTARYSCHOOL,838SEASHOREROADCAPEMAYNJ08204,83.33333333333334,96.42857142857143
Burlington,Springfield Township School District,Springfield Township School,05-5010-050,"2146 JACKSONVILLE ROAD, JOBSTOWN, NJ, 08041",SPRINGFIELDTOWNSHIPSCHOOL,2146JACKSONVILLEROADJOBSTOWNNJ08041,Springfield Township Elementary School,"2146 JACKSONVILLE ROAD, Springfield, NJ, 08041",https://www.greatschools.org/new-jersey/springfield/1904-Springfield-Township-Elementary-School/,Above average,8.0,SPRINGFIELDTOWNSHIPELEMENTARYSCHOOL,2146JACKSONVILLEROADSPRINGFIELDNJ08041,83.33333333333334,79.45205479452055
Gloucester,Monroe Township Public School District,Radix Elementary,15-3280-095,"363 RADIX RD, WILLIAMSTOWN, NJ, 08094",RADIXELEMENTARY,363RADIXRDWILLIAMSTOWNNJ08094,Radix Elementary School,"363 RADIX RD, Monroe, NJ, 08094",https://www.greatschools.org/new-jersey/monroe-township/1207-Radix-Elementary-School/,Average,5.0,RADIXELEMENTARYSCHOOL,363RADIXRDMONROENJ08094,83.33333333333334,76.92307692307692
Sussex,Vernon Township School District,Rolling Hills Primary School,37-5360-040,"60 SAMMIS ROAD, VERNON, NJ, 07462",ROLLINGHILLSPRIMARYSCHOOL,60SAMMISROADVERNONNJ07462,Rolling Hills Elementary School,"60 SAMMIS ROAD, Vernon Township, NJ, 07462",https://www.greatschools.org/new-jersey/vernon-township/2038-Rolling-Hills-Elementary-School/,Below average,2.0,ROLLINGHILLSELEMENTARYSCHOOL,60SAMMISROADVERNONTOWNSHIPNJ07462,83.01886792452831,86.20689655172414
Monmouth,Colts Neck Township School District,Conover Road Primary School,25-0945-060,"56 CONOVER ROAD, COLTS NECK, NJ, 07722",CONOVERROADPRIMARYSCHOOL,56CONOVERROADCOLTSNECKNJ07722,Conover Road School,"76 Conover Road, Colts Neck, NJ, 07722",https://www.greatschools.org/new-jersey/colts-neck/364-Conover-Road-School/,Above average,9.0,CONOVERROADSCHOOL,76CONOVERROADCOLTSNECKNJ07722,82.92682926829268,96.55172413793103
Burlington,New Hanover Township,New Hanover Township School,05-3540-050,"122 FORT DIX STREET, WRIGHTSTOWN, NJ, 08562",NEWHANOVERTOWNSHIPSCHOOL,122FORTDIXSTREETWRIGHTSTOWNNJ08562,New Hanover Township Elementary School,"122 Fort Dix Street, Wrightstown, NJ, 08562",https://www.greatschools.org/new-jersey/wrightstown/1305-New-Hanover-Township-Elementary-School/,Below average,3.0,NEWHANOVERTOWNSHIPELEMENTARYSCHOOL,122FORTDIXSTREETWRIGHTSTOWNNJ08562,82.75862068965517,100.0
Burlington,Florence Township School District,Florence Township Memorial High School,05-1520-050,"1050 CEDAR LANE, BURLINGTON, NJ, 08016",FLORENCETOWNSHIPMEMORIALHIGHSCHOOL,1050CEDARLANEBURLINGTONNJ08016,Florence Twp Mem High School,"1050 Cedar Lane, Burlington, NJ, 08016",https://www.greatschools.org/new-jersey/bordentown/590-Florence-Twp-Mem-High-School/,Average,6.0,FLORENCETWPMEMHIGHSCHOOL,1050CEDARLANEBURLINGTONNJ08016,82.75862068965517,100.0
Monmouth,Freehold Township School District,Marshall W. Errickson School,25-1660-025,"271 ELTON  ADELPHIA ROAD, FREEHOLD, NJ, 07728",MARSHALLWERRICKSONSCHOOL,271ELTONADELPHIAROADFREEHOLDNJ07728,Marshall W. Errickson Elementary School,"271 ELTON ADELPHIA ROAD, Freehold Township, NJ, 07728",https://www.greatschools.org/new-jersey/freehold/636-Marshall-W.-Errickson-Elementary-School/,Average,6.0,MARSHALLWERRICKSONELEMENTARYSCHOOL,271ELTONADELPHIAROADFREEHOLDTOWNSHIPNJ07728,82.75862068965517,89.74358974358975
Sussex,Stillwater Township School District,Stillwater Township School,37-5040-050,"904 STILLWATER ROAD, STILLWATER, NJ, 07875",STILLWATERTOWNSHIPSCHOOL,904STILLWATERROADSTILLWATERNJ07875,Stillwater Township Elementary School,"904 STILLWATER ROAD, Stillwater Township, NJ, 07875",https://www.greatschools.org/new-jersey/newton/1910-Stillwater-Township-Elementary-School/,Above average,7.0,STILLWATERTOWNSHIPELEMENTARYSCHOOL,904STILLWATERROADSTILLWATERTOWNSHIPNJ07875,82.75862068965517,89.47368421052632
Camden,Winslow Township School District,Winslow Township Elementary School Four,07-5820-060,"541 KALI ROAD, SICKLERVILLE, NJ, 08081",WINSLOWTOWNSHIPELEMENTARYSCHOOLFOUR,541KALIROADSICKLERVILLENJ08081,Winslow Township School No. 4 Elementary School,"541 KALI ROAD, Winslow Township, NJ, 08081",https://www.greatschools.org/new-jersey/sicklerville/2239-Winslow-Township-School-No.-4-Elementary-School/,Average,5.0,WINSLOWTOWNSHIPSCHOOLNO4ELEMENTARYSCHOOL,541KALIROADWINSLOWTOWNSHIPNJ08081,82.66666666666667,66.66666666666667
Morris,Montville Township School District,Montville Township High School,27-3340-010,"100 HORSENECK ROAD, MONTVILLE, NJ, 07045",MONTVILLETOWNSHIPHIGHSCHOOL,100HORSENECKROADMONTVILLENJ07045,Montville High School,"100 Horseneck Road, Montville, NJ, 07045",https://www.greatschools.org/new-jersey/montville/1231-Montville-High-School/,Above average,7.0,MONTVILLEHIGHSCHOOL,100HORSENECKROADMONTVILLENJ07045,82.6086956521739,100.0
Passaic,Pompton Lakes School District,Lakeside School,31-4230-055,"316 LAKESIDE AVENUE, POMPTON LAKES, NJ, 07442",LAKESIDESCHOOL,316LAKESIDEAVENUEPOMPTONLAKESNJ07442,Lakeside Middle School,"316 Lakeside Avenue, Pompton Lakes, NJ, 07442",https://www.greatschools.org/new-jersey/pompton-lakes/1676-Lakeside-Middle-School/,Average,6.0,LAKESIDEMIDDLESCHOOL,316LAKESIDEAVENUEPOMPTONLAKESNJ07442,82.35294117647058,100.0
Sussex,Lafayette Township School District,Lafayette Township School,37-2490-050,"178 BEAVER RUN ROAD, LAFAYETTE, NJ, 07848",LAFAYETTETOWNSHIPSCHOOL,178BEAVERRUNROADLAFAYETTENJ07848,Lafayette Township Elementary School,"178 Beaver Run Road, Lafayette, NJ, 07848",https://www.greatschools.org/new-jersey/lafayette-township/940-Lafayette-Township-Elementary-School/,Average,5.0,LAFAYETTETOWNSHIPELEMENTARYSCHOOL,178BEAVERRUNROADLAFAYETTENJ07848,82.14285714285714,100.0
Monmouth,Freehold Township School District,C. Richard Applegate School,25-1660-021,"47 JEANNE BRENNAN DRIVE, FREEHOLD, NJ, 07728",CRICHARDAPPLEGATESCHOOL,47JEANNEBRENNANDRIVEFREEHOLDNJ07728,C. Richard Applegate Elementary School,"47 Jeanne Brennan Drive, Freehold, NJ, 07728",https://www.greatschools.org/new-jersey/freehold/633-C.-Richard-Applegate-Elementary-School/,Above average,7.0,CRICHARDAPPLEGATEELEMENTARYSCHOOL,47JEANNEBRENNANDRIVEFREEHOLDNJ07728,82.14285714285714,100.0
Cumberland,Stow Creek Township School District,Stow Creek Township School,11-5070-050,"11 GUM TREE CORNER ROAD, BRIDGETON, NJ, 08323",STOWCREEKTOWNSHIPSCHOOL,11GUMTREECORNERROADBRIDGETONNJ08323,Stow Creek Township Elementary School,"11 Gum Tree Corner Road, Bridgeton, NJ, 08302",https://www.greatschools.org/new-jersey/bridgeton/1913-Stow-Creek-Township-Elementary-School/,Average,6.0,STOWCREEKTOWNSHIPELEMENTARYSCHOOL,11GUMTREECORNERROADBRIDGETONNJ08302,82.14285714285714,97.14285714285714
Middlesex,New Brunswick School District,Mckinley Community School,23-3530-110,"15 VAN DYKE AVE, NEW BRUNSWICK, NJ, 08901",MCKINLEYCOMMUNITYSCHOOL,15VANDYKEAVENEWBRUNSWICKNJ08901,McKinley Community Elementary School,"15 Van Dyke Avenue, New Brunswick, NJ, 08901",https://www.greatschools.org/new-jersey/new-brunswick/1301-McKinley-Community-Elementary-School/,Below average,4.0,MCKINLEYCOMMUNITYELEMENTARYSCHOOL,15VANDYKEAVENUENEWBRUNSWICKNJ08901,82.14285714285714,95.38461538461539
Warren,Allamuchy Township School District,Allamuchy Township School,41-0030-010,"20 JOHNSONBURG ROAD, ALLAMUCHY, NJ, 07820",ALLAMUCHYTOWNSHIPSCHOOL,20JOHNSONBURGROADALLAMUCHYNJ07820,Allamuchy Township Elementary School,"20 JOHNSONBURG ROAD, Allamuchy Township, NJ, 07820",https://www.greatschools.org/new-jersey/hackettstown/30-Allamuchy-Township-Elementary-School/,Average,5.0,ALLAMUCHYTOWNSHIPELEMENTARYSCHOOL,20JOHNSONBURGROADALLAMUCHYTOWNSHIPNJ07820,82.14285714285714,89.1891891891892
Mercer,Hamilton Township Public School District,Hamilton North - Nottingham,21-1950-055,"1055 KLOCKNER ROAD, HAMILTON, NJ, 08619",HAMILTONNORTHNOTTINGHAM,1055KLOCKNERROADHAMILTONNJ08619,Hamilton North-Nottingham High School,"1055 KLOCKNER ROAD, Hamilton Township, NJ, 08619",https://www.greatschools.org/new-jersey/hamilton-township/750-Hamilton-North-Nottingham-High-School/,Below average,3.0,HAMILTONNORTHNOTTINGHAMHIGHSCHOOL,1055KLOCKNERROADHAMILTONTOWNSHIPNJ08619,82.14285714285714,88.57142857142857
Essex,Fairfield Public Schools School District,Winston Churchill,13-1465-030,"233 FAIRFIELD ROAD, FAIRFIELD, NJ, 07004",WINSTONCHURCHILL,233FAIRFIELDROADFAIRFIELDNJ07004,Winston S. Churchill School,"233 Fairfield Road, Fairfield, NJ, 07004",https://www.greatschools.org/new-jersey/fairfield/579-Winston-Churchill-Elementary-School/,Above average,7.0,WINSTONSCHURCHILLSCHOOL,233FAIRFIELDROADFAIRFIELDNJ07004,82.05128205128204,100.0
Hudson,Union City School District,Jose Marti Freshman Academy,17-5240-054,"1800 SUMMIT AVE, UNION CITY, NJ, 07087",JOSEMARTIFRESHMANACADEMY,1800SUMMITAVEUNIONCITYNJ07087,Jose Marti STEM Academy,"1800 Summit Avenue, Union City, NJ, 07087",https://www.greatschools.org/new-jersey/union-city/4246-Jose-Marti-Freshman-Academy/,Above average,8.0,JOSEMARTISTEMACADEMY,1800SUMMITAVENUEUNIONCITYNJ07087,81.81818181818181,95.08196721311475
Hudson,Bayonne School District,Nicholas Oresko Community School,17-0220-140,"33 East 24th Street, BAYONNE, NJ, 07002",NICHOLASORESKOCOMMUNITYSCHOOL,33EAST24THSTREETBAYONNENJ07002,Nicholas Oresko School,"33 East 24th Street, Bayonne, NJ, 07002",https://www.greatschools.org/new-jersey/bayonne/67-Nicholas-Oresko-School/,Above average,7.0,NICHOLASORESKOSCHOOL,33EAST24THSTREETBAYONNENJ07002,81.63265306122449,100.0
Somerset,Bridgewater-Raritan Regional School District,Adamsville Primary School,35-0555-030,"400 Union Avenue, Bridgewater, NJ, 08807",ADAMSVILLEPRIMARYSCHOOL,400UNIONAVENUEBRIDGEWATERNJ08807,Adamsville Elementary School,"400 Union Avenue, Bridgewater, NJ, 08807",https://www.greatschools.org/new-jersey/bridgewater-township/194-Adamsville-Elementary-School/,Average,5.0,ADAMSVILLEELEMENTARYSCHOOL,400UNIONAVENUEBRIDGEWATERNJ08807,81.63265306122449,100.0
Hunterdon,Kingwood Township School District,Kingwood Township School,19-2450-050,"880 COUNTY ROAD 519, FRENCHTOWN, NJ, 08825",KINGWOODTOWNSHIPSCHOOL,880COUNTYROAD519FRENCHTOWNNJ08825,Kingwood Township Elementary School,"880 County Road 519, Frenchtown, NJ, 08825",https://www.greatschools.org/new-jersey/frenchtown/927-Kingwood-Township-Elementary-School/,Above average,7.0,KINGWOODTOWNSHIPELEMENTARYSCHOOL,880COUNTYROAD519FRENCHTOWNNJ08825,81.4814814814815,100.0
Monmouth,Freehold Township School District,Clifton T. Barkalow School,25-1660-023,"498 STILLWELLS CORNER ROAD, FREEHOLD, NJ, 07728",CLIFTONTBARKALOWSCHOOL,498STILLWELLSCORNERROADFREEHOLDNJ07728,Clifton T. Barkalow Elementary School,"498 Stillwells Corner Road, Freehold, NJ, 07728",https://www.greatschools.org/new-jersey/freehold/634-Clifton-T.-Barkalow-Elementary-School/,Average,5.0,CLIFTONTBARKALOWELEMENTARYSCHOOL,498STILLWELLSCORNERROADFREEHOLDNJ07728,81.4814814814815,100.0
Hudson,East Newark School District,East Newark Public School,17-1200-050,"501  11 NORTH THIRD STREET, E NEWARK, NJ, 07029",EASTNEWARKPUBLICSCHOOL,50111NORTHTHIRDSTREETENEWARKNJ07029,East Newark Public Elementary School,"501 11 NORTH THIRD STREET, Newark, NJ, 07029",https://www.greatschools.org/new-jersey/east-newark/439-East-Newark-Public-Elementary-School/,Below average,2.0,EASTNEWARKPUBLICELEMENTARYSCHOOL,50111NORTHTHIRDSTREETNEWARKNJ07029,81.4814814814815,98.55072463768117
Essex,Newark Public School District,Thirteenth Avenue School,13-3570-715,"359 THIRTEENTH AVE, NEWARK, NJ, 07103",THIRTEENTHAVENUESCHOOL,359THIRTEENTHAVENEWARKNJ07103,Thirteenth Avenue Elementary School,"359 13th Avenue, Newark, NJ, 07103",https://www.greatschools.org/new-jersey/newark/1379-Thirteenth-Avenue-Elementary-School/,Below average,1.0,THIRTEENTHAVENUEELEMENTARYSCHOOL,35913THAVENUENEWARKNJ07103,81.4814814814815,76.36363636363637
Passaic,Wayne Township Public School District,Albert Payson Terhune Elementary,31-5570-078,"40 GEOFFREY WAY, WAYNE, NJ, 07470",ALBERTPAYSONTERHUNEELEMENTARY,40GEOFFREYWAYWAYNENJ07470,Albert P. Terhune Elementary School,"40 Geoffrey Way, Wayne, NJ, 07470",https://www.greatschools.org/new-jersey/wayne/2126-Albert-P.-Terhune-Elementary-School/,Above average,7.0,ALBERTPTERHUNEELEMENTARYSCHOOL,40GEOFFREYWAYWAYNENJ07470,81.35593220338984,100.0
Middlesex,Perth Amboy Public School District,Herbert N. Richardson 21st Century School,23-4090-130,"318 STOCKTON STREET, PERTH AMBOY, NJ, 08861",HERBERTNRICHARDSON21STCENTURYSCHOOL,318STOCKTONSTREETPERTHAMBOYNJ08861,Hn Richardson 21 Cent School,"318 Stockton Street, Perth Amboy, NJ, 08861",https://www.greatschools.org/new-jersey/perth-amboy/1613-Hn-Richardson-21-Cent-School/,Below average,1.0,HNRICHARDSON21CENTSCHOOL,318STOCKTONSTREETPERTHAMBOYNJ08861,81.35593220338984,100.0
Union,Roselle Park Public School District,"Ernest J. Finizio, Jr. - Aldene School",39-4550-060,"339 West Webster Avenue, ROSELLE PARK, NJ, 07204",ERNESTJFINIZIOJRALDENESCHOOL,339WESTWEBSTERAVENUEROSELLEPARKNJ07204,Ernest J. Finizio - Aldene Elementary School,"339 West Webster Avenue, Roselle Park, NJ, 07204",https://www.greatschools.org/new-jersey/roselle-park/1772-Ernest-J.-Finizio---Aldene-Elementary-School/,Below average,4.0,ERNESTJFINIZIOALDENEELEMENTARYSCHOOL,339WESTWEBSTERAVENUEROSELLEPARKNJ07204,81.25,100.0
Hudson,Bayonne School District,Walter F. Robinson Community School,17-0220-030,"95 WEST 31ST STREET, BAYONNE, NJ, 07002",WALTERFROBINSONCOMMUNITYSCHOOL,95WEST31STSTREETBAYONNENJ07002,Walter F. Robinson No.3 Elementary School,"95 West 31st Street, Bayonne, NJ, 07002",https://www.greatschools.org/new-jersey/bayonne/69-Walter-F.-Robinson-No.3-Elementary-School/,Below average,4.0,WALTERFROBINSONNO3ELEMENTARYSCHOOL,95WEST31STSTREETBAYONNENJ07002,81.25,100.0
Burlington,Evesham Township School District,Marlton Middle,05-1420-060,"150 TOMLINSON MILL ROAD, MARLTON, NJ, 08053",MARLTONMIDDLE,150TOMLINSONMILLROADMARLTONNJ08053,Marlton Middle School,"150 TOMLINSON MILL ROAD, Evesham, NJ, 08053",https://www.greatschools.org/new-jersey/evesham-township/559-Marlton-Middle-School/,Average,6.0,MARLTONMIDDLESCHOOL,150TOMLINSONMILLROADEVESHAMNJ08053,81.25,82.35294117647058
Somerset,Bridgewater-Raritan Regional School District,Van Holten Primary School,35-0555-105,"360 Van Holten Road, Bridgewater, NJ, 08807",VANHOLTENPRIMARYSCHOOL,360VANHOLTENROADBRIDGEWATERNJ08807,Van Holten Elementary School,"360 Van Holten Road, Bridgewater, NJ, 08807",https://www.greatschools.org/new-jersey/bridgewater-township/200-Van-Holten-Elementary-School/,Above average,9.0,VANHOLTENELEMENTARYSCHOOL,360VANHOLTENROADBRIDGEWATERNJ08807,80.85106382978724,100.0
Essex,East Orange School District,East Orange STEM Academy High School,13-1210-030,"129 RENSHAW AVENUE, EAST ORANGE, NJ, 07017",EASTORANGESTEMACADEMYHIGHSCHOOL,129RENSHAWAVENUEEASTORANGENJ07017,East Orange STEM Academy,"129 Renshaw Avenue, East Orange, NJ, 07017",https://www.greatschools.org/new-jersey/east-orange/441-East-Orange-Campus-9/,Average,6.0,EASTORANGESTEMACADEMY,129RENSHAWAVENUEEASTORANGENJ07017,80.76923076923077,100.0
Middlesex,New Brunswick School District,A Chester Redshaw School,23-3530-060,"216 Livingston Avenue, NEW BRUNSWICK, NJ, 08901",ACHESTERREDSHAWSCHOOL,216LIVINGSTONAVENUENEWBRUNSWICKNJ08901,A. Chester Redshaw Elementary School,"216 Livingston Avenue, New Brunswick, NJ, 08901",https://www.greatschools.org/new-jersey/new-brunswick/1296-A.-Chester-Redshaw-Elementary-School/,Below average,2.0,ACHESTERREDSHAWELEMENTARYSCHOOL,216LIVINGSTONAVENUENEWBRUNSWICKNJ08901,80.76923076923077,100.0
Camden,Haddonfield School District,Elizabeth Haddon School,07-1900-080,"501 WEST REDMAN AVENUE, HADDONFIELD, NJ, 08033",ELIZABETHHADDONSCHOOL,501WESTREDMANAVENUEHADDONFIELDNJ08033,Elizabeth Haddon Elementary School,"501 West Redman Avenue, Haddonfield, NJ, 08033",https://www.greatschools.org/new-jersey/haddonfield/721-Elizabeth-Haddon-Elementary-School/,Above average,7.0,ELIZABETHHADDONELEMENTARYSCHOOL,501WESTREDMANAVENUEHADDONFIELDNJ08033,80.76923076923077,100.0
Bergen,Waldwick School District,Julia A Traphagen School,03-5410-050,"153 SUMMIT AVENUE, WALDWICK, NJ, 07463",JULIAATRAPHAGENSCHOOL,153SUMMITAVENUEWALDWICKNJ07463,Julia A. Traphagen Elementary School,"153 Summit Avenue, Waldwick, NJ, 07463",https://www.greatschools.org/new-jersey/waldwick/2074-Julia-A.-Traphagen-Elementary-School/,Average,6.0,JULIAATRAPHAGENELEMENTARYSCHOOL,153SUMMITAVENUEWALDWICKNJ07463,80.76923076923077,100.0
Cumberland,Bridgeton City School District,Quarter Mile Lane School,11-0540-100,"300 QUARTER MILE LANE, BRIDGETON, NJ, 08302",QUARTERMILELANESCHOOL,300QUARTERMILELANEBRIDGETONNJ08302,Quarter Mile Lane Elementary School,"300 Quarter Mile Lane, Bridgeton, NJ, 08302",https://www.greatschools.org/new-jersey/bridgeton/190-Quarter-Mile-Lane-Elementary-School/,Below average,1.0,QUARTERMILELANEELEMENTARYSCHOOL,300QUARTERMILELANEBRIDGETONNJ08302,80.76923076923077,100.0
Salem,Quinton Township School District,Quinton Township School,33-4280-050,"8 ROBINSON STREET, QUINTON, NJ, 08072",QUINTONTOWNSHIPSCHOOL,8ROBINSONSTREETQUINTONNJ08072,Quinton Township Elementary School,"8 ROBINSON STREET, Quinton, NJ, 08072",https://www.greatschools.org/new-jersey/salem/1687-Quinton-Township-Elementary-School/,Below average,4.0,QUINTONTOWNSHIPELEMENTARYSCHOOL,8ROBINSONSTREETQUINTONNJ08072,80.76923076923077,100.0
Camden,Mt. Ephraim School District,Raymond W. Kershaw School,07-3420-020,"125 SOUTH BLACK HORSE PIKE, MOUNT EPHRAIM, NJ, 08059",RAYMONDWKERSHAWSCHOOL,125SOUTHBLACKHORSEPIKEMOUNTEPHRAIMNJ08059,Raymond W. Kershaw Elementary School,"125 South Black Horse Pike, Mount Ephraim, NJ, 08059",https://www.greatschools.org/new-jersey/mount-ephraim/1260-Raymond-W.-Kershaw-Elementary-School/,Average,5.0,RAYMONDWKERSHAWELEMENTARYSCHOOL,125SOUTHBLACKHORSEPIKEMOUNTEPHRAIMNJ08059,80.76923076923077,100.0
Burlington,Pemberton Township School District,Samuel T. Busansky School,05-4050-135,"16 SCRAPETOWN ROAD, PEMBERTON, NJ, 08068",SAMUELTBUSANSKYSCHOOL,16SCRAPETOWNROADPEMBERTONNJ08068,Samuel T. Busansky Elementary School,"16 Scrapetown Road, Pemberton, NJ, 08068",https://www.greatschools.org/new-jersey/pemberton/1584-Samuel-T.-Busansky-Elementary-School/,Below average,2.0,SAMUELTBUSANSKYELEMENTARYSCHOOL,16SCRAPETOWNROADPEMBERTONNJ08068,80.76923076923077,100.0
Essex,Newark Public School District,Rafael Hernandez School,13-3570-575,"345 BROADWAY, NEWARK, NJ, 07104",RAFAELHERNANDEZSCHOOL,345BROADWAYNEWARKNJ07104,Rafael Hernandez Elementary School,"345 Broadway, Newark, NJ, 07104",https://www.greatschools.org/new-jersey/newark/1314-Rafael-Hernandez-Elementary-School/,Below average,3.0,RAFAELHERNANDEZELEMENTARYSCHOOL,345BROADWAYNEWARKNJ07104,80.76923076923077,100.0
Passaic,Woodland Park School District,Beatrice Gilmore School,31-5690-060,"1075 MCBRIDE AVENUE, Woodland Park, NJ, 07424",BEATRICEGILMORESCHOOL,1075MCBRIDEAVENUEWOODLANDPARKNJ07424,Beatrice Gilmore Elementary School,"1075 McBride Avenue, Woodland Park, NJ, 07424",https://www.greatschools.org/new-jersey/woodland-park/2185-Beatrice-Gilmore-Elementary-School/,Average,6.0,BEATRICEGILMOREELEMENTARYSCHOOL,1075MCBRIDEAVENUEWOODLANDPARKNJ07424,80.76923076923077,100.0
Essex,Verona Public School District,Brookdale Avenue School,13-5370-070,"14 BROOKDALE COURT, VERONA, NJ, 07044",BROOKDALEAVENUESCHOOL,14BROOKDALECOURTVERONANJ07044,Brookdale Avenue Elementary School,"14 Brookdale Court, Verona, NJ, 07044",https://www.greatschools.org/new-jersey/verona/2043-Brookdale-Avenue-Elementary-School/,Average,5.0,BROOKDALEAVENUEELEMENTARYSCHOOL,14BROOKDALECOURTVERONANJ07044,80.76923076923077,100.0
Bergen,Emerson Public School District,Patrick M Villano School,03-1360-060,"175 Linwood Avenue, Emerson, NJ, 07630",PATRICKMVILLANOSCHOOL,175LINWOODAVENUEEMERSONNJ07630,Patrick M. Villano Elementary School,"175 Linwood Avenue, Emerson, NJ, 07630",https://www.greatschools.org/new-jersey/emerson/538-Patrick-M.-Villano-Elementary-School/,Average,6.0,PATRICKMVILLANOELEMENTARYSCHOOL,175LINWOODAVENUEEMERSONNJ07630,80.76923076923077,100.0
Essex,Newark Public School District,Lafayette Street School,13-3570-480,"205 LAFAYETTE ST, NEWARK, NJ, 07105",LAFAYETTESTREETSCHOOL,205LAFAYETTESTNEWARKNJ07105,Lafayette Street Elementary School,"205 Lafayette Street, Newark, NJ, 07105",https://www.greatschools.org/new-jersey/newark/1357-Lafayette-Street-Elementary-School/,Average,6.0,LAFAYETTESTREETELEMENTARYSCHOOL,205LAFAYETTESTREETNEWARKNJ07105,80.76923076923077,93.10344827586206
Bergen,Elmwood Park School District,Sixteenth Avenue School,03-1345-090,"73 SIXTEENTH AVENUE, ELMWOOD PARK, NJ, 07407",SIXTEENTHAVENUESCHOOL,73SIXTEENTHAVENUEELMWOODPARKNJ07407,Sixteenth Avenue Elementary School,"73 16th Avenue, Elmwood Park, NJ, 07407",https://www.greatschools.org/new-jersey/elmwood-park/535-Sixteenth-Avenue-Elementary-School/,Average,6.0,SIXTEENTHAVENUEELEMENTARYSCHOOL,7316THAVENUEELMWOODPARKNJ07407,80.76923076923077,86.15384615384616
Salem,UPPER PITTSGROVE TWP School District,Upper Pittsgrove School,33-5320-070,"235 PINE TAVERN ROAD, MONROEVILLE, NJ, 08343",UPPERPITTSGROVESCHOOL,235PINETAVERNROADMONROEVILLENJ08343,Upper Pittsgrove Elementary School,"235 PINE TAVERN ROAD, Upper Pittsgrove, NJ, 08343",https://www.greatschools.org/new-jersey/upper-pittsgrove/2028-Upper-Pittsgrove-Elementary-School/,Average,6.0,UPPERPITTSGROVEELEMENTARYSCHOOL,235PINETAVERNROADUPPERPITTSGROVENJ08343,80.76923076923077,75.67567567567568
Somerset,Franklin Township Public Schools,Elizabeth Avenue School,35-1610-070,"363 Elizabeth Avenue, Somerset, NJ, 08873",ELIZABETHAVENUESCHOOL,363ELIZABETHAVENUESOMERSETNJ08873,Elizabeth Avenue Elementary School,"363 Elizabeth Avenue, Franklin Township, NJ, 08873",https://www.greatschools.org/new-jersey/franklin-township/615-Elizabeth-Avenue-Elementary-School/,Below average,3.0,ELIZABETHAVENUEELEMENTARYSCHOOL,363ELIZABETHAVENUEFRANKLINTOWNSHIPNJ08873,80.76923076923077,72.97297297297297
Charters,Sussex County Technology Charter School,Sussex County Technology Charter School,80-7850-960,"385 N. Church Rd., SPARTA, NJ, 07871",SUSSEXCOUNTYTECHNOLOGYCHARTERSCHOOL,385NCHURCHRDSPARTANJ07871,Sussex County Technical School,"385 North Church Road, Sparta, NJ, 07871",https://www.greatschools.org/new-jersey/sparta-township/3369-Sussex-County-Technical-School/,Below average,4.0,SUSSEXCOUNTYTECHNICALSCHOOL,385NORTHCHURCHROADSPARTANJ07871,80.64516129032258,89.28571428571429
Salem,Salem County Vocational Technical School District,Salem County Career and Technical High School,33-4640-040,"880 Route 45, WOODSTOWN, NJ, 08098",SALEMCOUNTYCAREERANDTECHNICALHIGHSCHOOL,880ROUTE45WOODSTOWNNJ08098,Salem Co Career&Tech High School,"880 New Jersey 45, Woodstown, NJ, 08098",https://www.greatschools.org/new-jersey/woodstown/1804-Salem-Co-CareerTech-High-School/,Below average,4.0,SALEMCOCAREER&TECHHIGHSCHOOL,880NEWJERSEY45WOODSTOWNNJ08098,80.59701492537313,82.14285714285714
Camden,Camden County Technical School District,Camden County Technical School-GTC,07-0700-040,"343 Berlin Cross Keys Road, Sicklerville, NJ, 08081",CAMDENCOUNTYTECHNICALSCHOOLGTC,343BERLINCROSSKEYSROADSICKLERVILLENJ08081,Camden Countytechnical Vocational School,"343 Berlin Cross Keys Road, Winslow Township, NJ, 08081",https://www.greatschools.org/new-jersey/sicklerville/271-Camden-Countytechnical-Vocational-School/,Average,6.0,CAMDENCOUNTYTECHNICALVOCATIONALSCHOOL,343BERLINCROSSKEYSROADWINSLOWTOWNSHIPNJ08081,80.59701492537313,75.29411764705883
Morris,Boonton Township School District,Rockaway Valley School,27-0460-060,"11 VALLEY ROAD, BOONTON TOWNSHIP, NJ, 07005",ROCKAWAYVALLEYSCHOOL,11VALLEYROADBOONTONTOWNSHIPNJ07005,Rockaway Valley Elementary School,"11 VALLEY ROAD, Boonton Township, NJ, 07005",https://www.greatschools.org/new-jersey/boonton/160-Rockaway-Valley-Elementary-School/,Above average,8.0,ROCKAWAYVALLEYELEMENTARYSCHOOL,11VALLEYROADBOONTONTOWNSHIPNJ07005,80.0,100.0
Atlantic,Atlantic City School District,Chelsea Heights School,01-0110-050,"4101  Filbert Avenue, Atlantic City, NJ, 08401",CHELSEAHEIGHTSSCHOOL,4101FILBERTAVENUEATLANTICCITYNJ08401,Chelsea Heights Elementary School,"4101 Filbert Avenue, Atlantic City, NJ, 08401",https://www.greatschools.org/new-jersey/atlantic-city/47-Chelsea-Heights-Elementary-School/,Average,6.0,CHELSEAHEIGHTSELEMENTARYSCHOOL,4101FILBERTAVENUEATLANTICCITYNJ08401,80.0,100.0
Bergen,Tenafly Public School District,Malcolm S Mackay School,03-5160-080,"111 JEFFERSON AVENUE, TENAFLY, NJ, 07670",MALCOLMSMACKAYSCHOOL,111JEFFERSONAVENUETENAFLYNJ07670,Malcolm S. MacKay Elementary School,"111 Jefferson Avenue, Tenafly, NJ, 07670",https://www.greatschools.org/new-jersey/tenafly/1940-Malcolm-S.-MacKay-Elementary-School/,Above average,10.0,MALCOLMSMACKAYELEMENTARYSCHOOL,111JEFFERSONAVENUETENAFLYNJ07670,80.0,100.0
Morris,Madison Public School District,Torey J. Sabatini School,27-2870-110,"Glenwild Circle, MADISON, NJ, 07940",TOREYJSABATINISCHOOL,GLENWILDCIRCLEMADISONNJ07940,Torey J. Sabatini Elementary School,"Glenwild Circle, Madison, NJ, 07940",https://www.greatschools.org/new-jersey/madison/1056-Torey-J.-Sabatini-Elementary-School/,Above average,8.0,TOREYJSABATINIELEMENTARYSCHOOL,GLENWILDCIRCLEMADISONNJ07940,80.0,100.0
Cumberland,Bridgeton City School District,Buckshutem Road School,11-0540-050,"550 BUCKSHUTEM ROAD, BRIDGETON, NJ, 08302",BUCKSHUTEMROADSCHOOL,550BUCKSHUTEMROADBRIDGETONNJ08302,Buckshutem Road Elementary School,"550 Buckshutem Road, Bridgeton, NJ, 08302",https://www.greatschools.org/new-jersey/bridgeton/187-Buckshutem-Road-Elementary-School/,Below average,1.0,BUCKSHUTEMROADELEMENTARYSCHOOL,550BUCKSHUTEMROADBRIDGETONNJ08302,80.0,100.0
Bergen,Franklin Lakes School District,Woodside Avenue School,03-1580-030,"305 Woodside Avenue, Franklin Lakes, NJ, 07417",WOODSIDEAVENUESCHOOL,305WOODSIDEAVENUEFRANKLINLAKESNJ07417,Woodside Avenue Elementary School,"305 Woodside Avenue, Franklin Lakes, NJ, 07417",https://www.greatschools.org/new-jersey/franklin-lakes/607-Woodside-Avenue-Elementary-School/,Above average,10.0,WOODSIDEAVENUEELEMENTARYSCHOOL,305WOODSIDEAVENUEFRANKLINLAKESNJ07417,80.0,100.0
Bergen,Tenafly Public School District,Walter Stillman School,03-5160-100,"75 TENAFLY ROAD, TENAFLY, NJ, 07670",WALTERSTILLMANSCHOOL,75TENAFLYROADTENAFLYNJ07670,Walter Stillman Elementary School,"75 Tenafly Road, Tenafly, NJ, 07670",https://www.greatschools.org/new-jersey/tenafly/1943-Walter-Stillman-Elementary-School/,Above average,8.0,WALTERSTILLMANELEMENTARYSCHOOL,75TENAFLYROADTENAFLYNJ07670,80.0,100.0
Salem,Woodstown-Pilesgrove Regional School District,Mary S. Shoemaker School,33-5910-060,"MARY S  SHOEMAKER SCHOOL, WOODSTOWN, NJ, 08098",MARYSSHOEMAKERSCHOOL,MARYSSHOEMAKERSCHOOLWOODSTOWNNJ08098,Mary S. Shoemaker Elementary School,"MARY S SHOEMAKER SCHOOL, Woodstown, NJ, 08098",https://www.greatschools.org/new-jersey/woodstown/2279-Mary-S.-Shoemaker-Elementary-School/,Average,5.0,MARYSSHOEMAKERELEMENTARYSCHOOL,MARYSSHOEMAKERSCHOOLWOODSTOWNNJ08098,80.0,100.0
Monmouth,West Long Branch School District,Frank Antonides School,25-5640-050,"135 Locust Avenue, West Long Branch, NJ, 07764",FRANKANTONIDESSCHOOL,135LOCUSTAVENUEWESTLONGBRANCHNJ07764,Frank Antonides Elementary School,"135 Locust Avenue, West Long Branch, NJ, 07764",https://www.greatschools.org/new-jersey/west-long-branch/2149-Frank-Antonides-Elementary-School/,Average,5.0,FRANKANTONIDESELEMENTARYSCHOOL,135LOCUSTAVENUEWESTLONGBRANCHNJ07764,80.0,100.0
Bergen,Harrington Park School District,Harrington Park School,03-2050-050,"191 HARRIOT AVE, HARRINGTON PARK, NJ, 07640",HARRINGTONPARKSCHOOL,191HARRIOTAVEHARRINGTONPARKNJ07640,Harrington Park Elementary School,"191 Harriot Avenue, Harrington Park, NJ, 07640",https://www.greatschools.org/new-jersey/harrington-park/766-Harrington-Park-Elementary-School/,Above average,8.0,HARRINGTONPARKELEMENTARYSCHOOL,191HARRIOTAVENUEHARRINGTONPARKNJ07640,80.0,95.77464788732395
Atlantic,Egg Harbor City School District,Charles L. Spragg School,01-1300-020,"601 BUFFALO AVE, EGG HARBOR CITY, NJ, 08215",CHARLESLSPRAGGSCHOOL,601BUFFALOAVEEGGHARBORCITYNJ08215,Charles L Spragg Elementary School,"601 Buffalo Avenue, Egg Harbor City, NJ, 08215",https://www.greatschools.org/new-jersey/egg-harbor-city/494-Charles-L--Spragg-Elementary-School/,Below average,1.0,CHARLESLSPRAGGELEMENTARYSCHOOL,601BUFFALOAVENUEEGGHARBORCITYNJ08215,80.0,95.65217391304348
Essex,South Orange-Maplewood School District,Seth Boyden Elementary Demonstration School,13-4900-130,"274 BOYDEN AVE, MAPLEWOOD, NJ, 07040",SETHBOYDENELEMENTARYDEMONSTRATIONSCHOOL,274BOYDENAVEMAPLEWOODNJ07040,Seth Boyden Elementary School,"274 Boyden Avenue, Maplewood, NJ, 07040",https://www.greatschools.org/new-jersey/maplewood/1869-Seth-Boyden-Elementary-School/,Average,5.0,SETHBOYDENELEMENTARYSCHOOL,274BOYDENAVENUEMAPLEWOODNJ07040,80.0,94.91525423728814
Burlington,Florence Township School District,Florence Riverfront School,05-1520-055,"500 Front Street, FLORENCE, NJ, 08518",FLORENCERIVERFRONTSCHOOL,500FRONTSTREETFLORENCENJ08518,Riverfront School,"500 East Front Street, Florence, NJ, 08518",https://www.greatschools.org/new-jersey/florence-township/593-Riverfront-School/,Below average,3.0,RIVERFRONTSCHOOL,500EASTFRONTSTREETFLORENCENJ08518,80.0,93.5483870967742
Hunterdon,Lebanon Borough School District,Lebanon Borough School,19-2590-050,"6 MAPLE ST, LEBANON, NJ, 08833",LEBANONBOROUGHSCHOOL,6MAPLESTLEBANONNJ08833,Lebanon Borough Elementary School,"6 Maple Street, Lebanon, NJ, 08833",https://www.greatschools.org/new-jersey/lebanon/961-Lebanon-Borough-Elementary-School/,Average,6.0,LEBANONBOROUGHELEMENTARYSCHOOL,6MAPLESTREETLEBANONNJ08833,80.0,91.66666666666667
Sussex,Sandyston-Walpack Consolidated School District,Sandyston Walpack Consolidated School,37-4650-050,"100 ROUTE 560, LAYTON, NJ, 07851",SANDYSTONWALPACKCONSOLIDATEDSCHOOL,100ROUTE560LAYTONNJ07851,Sandyston-Walpack Cons. Elementary School,"100 ROUTE 560, Sandyston, NJ, 07851",https://www.greatschools.org/new-jersey/layton/1807-Sandyston-Walpack-Cons.-Elementary-School/,Average,6.0,SANDYSTONWALPACKCONSELEMENTARYSCHOOL,100ROUTE560SANDYSTONNJ07851,80.0,90.19607843137256
Mercer,Hamilton Township Public School District,Hamilton East - Steinert,21-1950-050,"2900 KLOCKNER ROAD, HAMILTON, NJ, 08690",HAMILTONEASTSTEINERT,2900KLOCKNERROADHAMILTONNJ08690,Hamilton East-Steinert High School,"2900 KLOCKNER ROAD, Hamilton Township, NJ, 08690",https://www.greatschools.org/new-jersey/hamilton-township/729-Hamilton-East-Steinert-High-School/,Below average,4.0,HAMILTONEASTSTEINERTHIGHSCHOOL,2900KLOCKNERROADHAMILTONTOWNSHIPNJ08690,80.0,88.57142857142857
Morris,Mine Hill Township School District,Canfield Avenue School,27-3240-030,"42 CANFIELD AVENUE, MINE HILL, NJ, 07803",CANFIELDAVENUESCHOOL,42CANFIELDAVENUEMINEHILLNJ07803,Canfield Avenue Elementary School,"42 CANFIELD AVENUE, Mine Hill Township, NJ, 07803",https://www.greatschools.org/new-jersey/mine-hill-township/1200-Canfield-Avenue-Elementary-School/,Average,5.0,CANFIELDAVENUEELEMENTARYSCHOOL,42CANFIELDAVENUEMINEHILLTOWNSHIPNJ07803,80.0,88.57142857142857
Monmouth,Manalapan-Englishtown Regional Schools School District,Lafayette Mills School,25-2920-055,"66 MAXWELL LANE, Manalapan, NJ, 07726",LAFAYETTEMILLSSCHOOL,66MAXWELLLANEMANALAPANNJ07726,Lafayette Mills Elementary School,"66 MAXWELL LANE, Manalapan Township, NJ, 07726",https://www.greatschools.org/new-jersey/manalapan-township/1082-Lafayette-Mills-Elementary-School/,Above average,9.0,LAFAYETTEMILLSELEMENTARYSCHOOL,66MAXWELLLANEMANALAPANTOWNSHIPNJ07726,80.0,87.87878787878788
Morris,Pequannock Township School District,Stephen J. Gerace School,27-4080-100,"59 Boulevard, Pequannock, NJ, 07440",STEPHENJGERACESCHOOL,59BOULEVARDPEQUANNOCKNJ07440,Stephen J. Gerace Elementary School,"59 Boulevard, Pequannock Township, NJ, 07440",https://www.greatschools.org/new-jersey/pequannock-township/1607-Stephen-J.-Gerace-Elementary-School/,Above average,10.0,STEPHENJGERACEELEMENTARYSCHOOL,59BOULEVARDPEQUANNOCKTOWNSHIPNJ07440,80.0,87.5
Somerset,Bridgewater-Raritan Regional School District,Hamilton Primary School,35-0555-063,"9 Hamilton Lane, Basking Ridge, NJ, 07920",HAMILTONPRIMARYSCHOOL,9HAMILTONLANEBASKINGRIDGENJ07920,Hamilton School,"9 Hamilton Lane, Bernards, NJ, 07920",https://www.greatschools.org/new-jersey/bridgewater-township/201-Hamilton-School/,Above average,8.0,HAMILTONSCHOOL,9HAMILTONLANEBERNARDSNJ07920,80.0,80.0
Morris,Pequannock Township School District,North Boulevard School,27-4080-060,"363 Boulevard, Pompton Plains, NJ, 07444",NORTHBOULEVARDSCHOOL,363BOULEVARDPOMPTONPLAINSNJ07444,North Boulevard Elementary School,"363 Boulevard, Pequannock Township, NJ, 07444",https://www.greatschools.org/new-jersey/pequannock-township/1605-North-Boulevard-Elementary-School/,Average,5.0,NORTHBOULEVARDELEMENTARYSCHOOL,363BOULEVARDPEQUANNOCKTOWNSHIPNJ07444,80.0,72.46376811594203
Morris,Washington Township School District,Old Farmers Road School,27-5520-040,"51 OLD FARMERS ROAD, LONG VALLEY, NJ, 07853",OLDFARMERSROADSCHOOL,51OLDFARMERSROADLONGVALLEYNJ07853,Old Farmers Road Elementary School,"51 OLD FARMERS ROAD, Washington Township, NJ, 07853",https://www.greatschools.org/new-jersey/washington-township/2114-Old-Farmers-Road-Elementary-School/,Above average,9.0,OLDFARMERSROADELEMENTARYSCHOOL,51OLDFARMERSROADWASHINGTONTOWNSHIPNJ07853,80.0,67.56756756756756
Union,Elizabeth Public Schools,Thomas A. Edison Career and Technical Academy,39-1320-404,"625 Summer St, Elizabeth, NJ, 07202",THOMASAEDISONCAREERANDTECHNICALACADEMY,625SUMMERSTELIZABETHNJ07202,T A Edison Career Tech Academy,"625 Summer Street, Elizabeth, NJ, 07202",https://www.greatschools.org/new-jersey/elizabeth/7070-T-A-Edison-Career-Tech-Academy/,Below average,2.0,TAEDISONCAREERTECHACADEMY,625SUMMERSTREETELIZABETHNJ07202,79.36507936507937,93.10344827586206
Hudson,Bayonne School District,Mary J Donohoe Community School,17-0220-080,"38 DODGE STREET, BAYONNE, NJ, 07002",MARYJDONOHOECOMMUNITYSCHOOL,38DODGESTREETBAYONNENJ07002,Mary J. Donohoe No. 4 Elementary School,"38 Dodge Street, Bayonne, NJ, 07002",https://www.greatschools.org/new-jersey/bayonne/74-Mary-J.-Donohoe-No.-4-Elementary-School/,Average,5.0,MARYJDONOHOENO4ELEMENTARYSCHOOL,38DODGESTREETBAYONNENJ07002,79.3103448275862,100.0
Hudson,Bayonne School District,Henry E. Harris Community School,17-0220-050,"135 AVENUE C, BAYONNE, NJ, 07002",HENRYEHARRISCOMMUNITYSCHOOL,135AVENUECBAYONNENJ07002,Henry E. Harris No. 1 Elementary School,"135 Avenue C, Bayonne, NJ, 07002",https://www.greatschools.org/new-jersey/bayonne/71-Henry-E.-Harris-No.-1-Elementary-School/,Below average,4.0,HENRYEHARRISNO1ELEMENTARYSCHOOL,135AVENUECBAYONNENJ07002,79.3103448275862,100.0
Mercer,Hopewell Valley Regional School District,Toll Gate Grammar School,21-2280-040,"275 SO  MAIN STREET, PENNINGTON, NJ, 08534",TOLLGATEGRAMMARSCHOOL,275SOMAINSTREETPENNINGTONNJ08534,Toll Gate/Grammar Elementary School,"275 South Main Street, Pennington, NJ, 08534",https://www.greatschools.org/new-jersey/pennington/826-Toll-Gate-Grammar-Elementary-School/,Above average,10.0,TOLLGATE/GRAMMARELEMENTARYSCHOOL,275SOUTHMAINSTREETPENNINGTONNJ08534,79.24528301886792,95.5223880597015
Bergen,Tenafly Public School District,J Spencer Smith School,03-5160-070,"101 DOWNEY DRIVE, TENAFLY, NJ, 07670",JSPENCERSMITHSCHOOL,101DOWNEYDRIVETENAFLYNJ07670,J. Spencer Smith Elementary School,"101 Downey Drive, Tenafly, NJ, 07670",https://www.greatschools.org/new-jersey/tenafly/1939-J.-Spencer-Smith-Elementary-School/,Above average,8.0,JSPENCERSMITHELEMENTARYSCHOOL,101DOWNEYDRIVETENAFLYNJ07670,79.16666666666667,100.0
Bergen,Elmwood Park School District,Gilbert Avenue School,03-1345-080,"151 GILBERT AVENUE, ELMWOOD PARK, NJ, 07407",GILBERTAVENUESCHOOL,151GILBERTAVENUEELMWOODPARKNJ07407,Gilbert Avenue Elementary School,"151 Gilbert Avenue, Elmwood Park, NJ, 07407",https://www.greatschools.org/new-jersey/elmwood-park/534-Gilbert-Avenue-Elementary-School/,Below average,4.0,GILBERTAVENUEELEMENTARYSCHOOL,151GILBERTAVENUEELMWOODPARKNJ07407,79.16666666666667,100.0
Morris,Hanover Township School District,Mountview Road School,27-2000-050,"30 MOUNTVIEW ROAD, MORRIS PLAINS, NJ, 07950",MOUNTVIEWROADSCHOOL,30MOUNTVIEWROADMORRISPLAINSNJ07950,Mountview Road Elementary School,"30 Mountview Road, Morris Plains, NJ, 07950",https://www.greatschools.org/new-jersey/morris-plains/761-Mountview-Road-Elementary-School/,Above average,7.0,MOUNTVIEWROADELEMENTARYSCHOOL,30MOUNTVIEWROADMORRISPLAINSNJ07950,79.16666666666667,100.0
Sussex,Newton Public School District,Merriam Avenue School,37-3590-070,"81 MERRIAM AVENUE, NEWTON, NJ, 07860",MERRIAMAVENUESCHOOL,81MERRIAMAVENUENEWTONNJ07860,Merriam Avenue Elementary School,"81 Merriam Avenue, Newton, NJ, 07860",https://www.greatschools.org/new-jersey/newton/1391-Merriam-Avenue-Elementary-School/,Below average,3.0,MERRIAMAVENUEELEMENTARYSCHOOL,81MERRIAMAVENUENEWTONNJ07860,79.16666666666667,100.0
Mercer,Princeton Public Schools,Community Park School,21-4255-110,"372 WITHERSPOON STREET, PRINCETON, NJ, 08540",COMMUNITYPARKSCHOOL,372WITHERSPOONSTREETPRINCETONNJ08540,Community Park Elementary School,"372 WITHERSPOON STREET, Princeton, NJ, 08540",https://www.greatschools.org/new-jersey/princeton/1684-Community-Park-Elementary-School/,Average,6.0,COMMUNITYPARKELEMENTARYSCHOOL,372WITHERSPOONSTREETPRINCETONNJ08540,79.16666666666667,100.0
Bergen,Tenafly Public School District,Ralph S Maugham School,03-5160-090,"111 MAGNOLIA AVENUE, TENAFLY, NJ, 07670",RALPHSMAUGHAMSCHOOL,111MAGNOLIAAVENUETENAFLYNJ07670,Ralph S. Maugham Elementary School,"111 Magnolia Avenue, Tenafly, NJ, 07670",https://www.greatschools.org/new-jersey/tenafly/1941-Ralph-S.-Maugham-Elementary-School/,Above average,10.0,RALPHSMAUGHAMELEMENTARYSCHOOL,111MAGNOLIAAVENUETENAFLYNJ07670,79.16666666666667,100.0
Bergen,New Milford Public School District,Berkley Street School,03-3550-060,"812 BERKLEY STREET, NEW MILFORD, NJ, 07646",BERKLEYSTREETSCHOOL,812BERKLEYSTREETNEWMILFORDNJ07646,Berkley Street Elementary School,"812 Berkley Street, New Milford, NJ, 07646",https://www.greatschools.org/new-jersey/new-milford/1307-Berkley-Street-Elementary-School/,Above average,7.0,BERKLEYSTREETELEMENTARYSCHOOL,812BERKLEYSTREETNEWMILFORDNJ07646,79.16666666666667,100.0
Camden,Haddonfield School District,J. Fithian Tatem School,07-1900-090,"ONE GLOVER AVENUE, HADDONFIELD, NJ, 08033",JFITHIANTATEMSCHOOL,ONEGLOVERAVENUEHADDONFIELDNJ08033,J. Fithian Tatem Elementary School,"ONE GLOVER AVENUE, Haddonfield, NJ, 08033",https://www.greatschools.org/new-jersey/haddonfield/722-J.-Fithian-Tatem-Elementary-School/,Above average,8.0,JFITHIANTATEMELEMENTARYSCHOOL,ONEGLOVERAVENUEHADDONFIELDNJ08033,79.16666666666667,100.0
Camden,Somerdale School District,Somerdale Park School,07-4790-020,"301 GRACE STREET, SOMERDALE, NJ, 08083",SOMERDALEPARKSCHOOL,301GRACESTREETSOMERDALENJ08083,Somerdale Park Elementary School,"301 Grace Street, Somerdale, NJ, 08083",https://www.greatschools.org/new-jersey/somerdale/1836-Somerdale-Park-Elementary-School/,Below average,4.0,SOMERDALEPARKELEMENTARYSCHOOL,301GRACESTREETSOMERDALENJ08083,79.16666666666667,100.0
Camden,Laurel Springs School District,Laurel Springs School,07-2540-050,"623 GRAND AVENUE, LAUREL SPRINGS, NJ, 08021",LAURELSPRINGSSCHOOL,623GRANDAVENUELAURELSPRINGSNJ08021,Laurel Springs Elementary School,"623 Grand Avenue, Laurel Springs, NJ, 08021",https://www.greatschools.org/new-jersey/laurel-springs/950-Laurel-Springs-Elementary-School/,Average,6.0,LAURELSPRINGSELEMENTARYSCHOOL,623GRANDAVENUELAURELSPRINGSNJ08021,79.16666666666667,100.0
Monmouth,Tinton Falls School District,Swimming River School,25-5185-050,"220 HANCE AVENUE, TINTON FALLS, NJ, 07724",SWIMMINGRIVERSCHOOL,220HANCEAVENUETINTONFALLSNJ07724,Swimming River Elementary School,"220 Hance Avenue, Tinton Falls, NJ, 07724",https://www.greatschools.org/new-jersey/tinton-falls/1947-Swimming-River-Elementary-School/,Average,5.0,SWIMMINGRIVERELEMENTARYSCHOOL,220HANCEAVENUETINTONFALLSNJ07724,79.16666666666667,100.0
Bergen,Glen Rock Public School District,Clara E Coleman School,03-1760-090,"100 PINELYNN RD, GLEN ROCK, NJ, 07452",CLARAECOLEMANSCHOOL,100PINELYNNRDGLENROCKNJ07452,Clara E. Coleman Elementary School,"100 Pinelynn Road, Glen Rock, NJ, 07452",https://www.greatschools.org/new-jersey/glen-rock/672-Clara-E.-Coleman-Elementary-School/,Above average,7.0,CLARAECOLEMANELEMENTARYSCHOOL,100PINELYNNROADGLENROCKNJ07452,79.16666666666667,96.55172413793103
Cape May,Wildwood Crest Borough School District,Crest Memorial School,09-5800-030,"9100 PACIFIC AVE, WILDWOOD CREST, NJ, 08260",CRESTMEMORIALSCHOOL,9100PACIFICAVEWILDWOODCRESTNJ08260,Crest Memorial Elementary School,"9100 Pacific Avenue, Wildwood Crest, NJ, 08260",https://www.greatschools.org/new-jersey/wildwood-crest/2222-Crest-Memorial-Elementary-School/,Below average,3.0,CRESTMEMORIALELEMENTARYSCHOOL,9100PACIFICAVENUEWILDWOODCRESTNJ08260,79.16666666666667,95.77464788732395
Union,New Providence School District,Allen W. Roberts School,39-3560-055,"80 JONES DR, NEW PROVIDENCE, NJ, 07974",ALLENWROBERTSSCHOOL,80JONESDRNEWPROVIDENCENJ07974,Allen W. Roberts Elementary School,"80 Jones Drive, New Providence, NJ, 07974",https://www.greatschools.org/new-jersey/new-providence/1311-Allen-W.-Roberts-Elementary-School/,Above average,9.0,ALLENWROBERTSELEMENTARYSCHOOL,80JONESDRIVENEWPROVIDENCENJ07974,79.16666666666667,95.08196721311475
Essex,Newark Public School District,Hawkins Street School,13-3570-460,"8 HAWKINS ST, NEWARK, NJ, 07105",HAWKINSSTREETSCHOOL,8HAWKINSSTNEWARKNJ07105,Hawkins Street Elementary School,"8 Hawkins Street, Newark, NJ, 07105",https://www.greatschools.org/new-jersey/newark/1354-Hawkins-Street-Elementary-School/,Below average,2.0,HAWKINSSTREETELEMENTARYSCHOOL,8HAWKINSSTREETNEWARKNJ07105,79.16666666666667,92.0
Union,Berkeley Heights School District,Thomas P. Hughes School,39-0310-020,"446 SNYDER AVE, BERKELEY HTS, NJ, 07922",THOMASPHUGHESSCHOOL,446SNYDERAVEBERKELEYHTSNJ07922,Thomas P. Hughes Elementary School,"446 Snyder Avenue, Berkeley Heights, NJ, 07922",https://www.greatschools.org/new-jersey/berkeley-heights/117-Thomas-P.-Hughes-Elementary-School/,Above average,10.0,THOMASPHUGHESELEMENTARYSCHOOL,446SNYDERAVENUEBERKELEYHEIGHTSNJ07922,79.16666666666667,89.55223880597015
Somerset,Bernards Township School District,Liberty Corner School,35-0350-080,"61 Church Street, Liberty Corner, NJ, 07938",LIBERTYCORNERSCHOOL,61CHURCHSTREETLIBERTYCORNERNJ07938,Liberty Corner Elementary School,"61 Church Street, Bernards, NJ, 07938",https://www.greatschools.org/new-jersey/bernards/130-Liberty-Corner-Elementary-School/,Above average,8.0,LIBERTYCORNERELEMENTARYSCHOOL,61CHURCHSTREETBERNARDSNJ07938,79.16666666666667,82.53968253968254
Bergen,Garfield Public School District,James Madison School #10,03-1700-205,"55 Lincoln Place, GARFIELD, NJ, 07026",JAMESMADISONSCHOOL#10,55LINCOLNPLACEGARFIELDNJ07026,Madison School No 10,"55 Lincoln Place, Garfield, NJ, 07026",https://www.greatschools.org/new-jersey/garfield/3414-Madison-School--No-10/,Above average,9.0,MADISONSCHOOLNO10,55LINCOLNPLACEGARFIELDNJ07026,78.94736842105263,100.0
Monmouth,Keyport School District,Keyport Central School,25-2430-060,"335 BROAD STREET, KEYPORT, NJ, 07735",KEYPORTCENTRALSCHOOL,335BROADSTREETKEYPORTNJ07735,Central School,"335 Broad Street, Keyport, NJ, 07735",https://www.greatschools.org/new-jersey/keyport/924-Central-School/,Below average,4.0,CENTRALSCHOOL,335BROADSTREETKEYPORTNJ07735,78.78787878787878,100.0
Bergen,Teaneck School District,John Greenleaf Whittier Elementary School,03-5150-150,"491 W ENGLEWOOD AVENUE, TEANECK, NJ, 07666",JOHNGREENLEAFWHITTIERELEMENTARYSCHOOL,491WENGLEWOODAVENUETEANECKNJ07666,Whittier Elementary School,"491 West Englewood Avenue, Teaneck, NJ, 07666",https://www.greatschools.org/new-jersey/teaneck/1937-Whittier-Elementary-School/,Above average,7.0,WHITTIERELEMENTARYSCHOOL,491WESTENGLEWOODAVENUETEANECKNJ07666,78.68852459016394,95.65217391304348
Morris,Morris School District,Sussex Avenue School,27-3385-105,"125 SUSSEX AVENUE, MORRISTOWN, NJ, 07960",SUSSEXAVENUESCHOOL,125SUSSEXAVENUEMORRISTOWNNJ07960,Sussex Avenue Elementary School,"125 Sussex Avenue, Morristown, NJ, 07960",https://www.greatschools.org/new-jersey/morristown/1255-Sussex-Avenue-Elementary-School/,Average,6.0,SUSSEXAVENUEELEMENTARYSCHOOL,125SUSSEXAVENUEMORRISTOWNNJ07960,78.26086956521739,100.0
Monmouth,Little Silver Boro School District,Markham Place School,25-2720-050,"95 MARKHAM PLACE, LITTLE SILVER, NJ, 07739",MARKHAMPLACESCHOOL,95MARKHAMPLACELITTLESILVERNJ07739,Markham Place Elementary School,"95 Markham Place, Little Silver, NJ, 07739",https://www.greatschools.org/new-jersey/little-silver/995-Markham-Place-Elementary-School/,Above average,9.0,MARKHAMPLACEELEMENTARYSCHOOL,95MARKHAMPLACELITTLESILVERNJ07739,78.26086956521739,100.0
Essex,Newark Public School District,Dr. E. Alma Flagg School,13-3570-415,"150 THIRD ST, NEWARK, NJ, 07104",DREALMAFLAGGSCHOOL,150THIRDSTNEWARKNJ07104,Dr. E. Alma Flagg Elementary School,"150 THIRD ST, Newark, NJ, 07104",https://www.greatschools.org/new-jersey/newark/1384-Dr.-E.-Alma-Flagg-Elementary-School/,Below average,2.0,DREALMAFLAGGELEMENTARYSCHOOL,150THIRDSTNEWARKNJ07104,78.26086956521739,100.0
Monmouth,Freehold Township School District,West Freehold School,25-1660-030,"100 CASTRONOVA WAY, FREEHOLD, NJ, 07728",WESTFREEHOLDSCHOOL,100CASTRONOVAWAYFREEHOLDNJ07728,West Freehold Elementary School,"100 Castronova Way, Freehold, NJ, 07728",https://www.greatschools.org/new-jersey/freehold/638-West-Freehold-Elementary-School/,Average,6.0,WESTFREEHOLDELEMENTARYSCHOOL,100CASTRONOVAWAYFREEHOLDNJ07728,78.26086956521739,100.0
Cumberland,Bridgeton City School District,Cherry Street School,11-0540-055,"11 CHERRY STREET, BRIDGETON, NJ, 08302",CHERRYSTREETSCHOOL,11CHERRYSTREETBRIDGETONNJ08302,Cherry Street Elementary School,"11 Cherry Street, Bridgeton, NJ, 08302",https://www.greatschools.org/new-jersey/bridgeton/188-Cherry-Street-Elementary-School/,Below average,1.0,CHERRYSTREETELEMENTARYSCHOOL,11CHERRYSTREETBRIDGETONNJ08302,78.26086956521739,100.0
Sussex,Sparta Township Public School District,Mohawk Avenue School,37-4960-300,"18 Mohawk Avneue, Sparta, NJ, 07871",MOHAWKAVENUESCHOOL,18MOHAWKAVNEUESPARTANJ07871,Mohawk Avenue Elementary School,"18 Mohawk Avenue, Sparta, NJ, 07871",https://www.greatschools.org/new-jersey/sparta-township/3426-Mohawk-Avenue-Elementary-School/,Average,6.0,MOHAWKAVENUEELEMENTARYSCHOOL,18MOHAWKAVENUESPARTANJ07871,78.26086956521739,96.2962962962963
Gloucester,National Park Boro School District,National Park School,15-3490-050,"516 LAKEHURST AVE, NATIONAL PARK, NJ, 08063",NATIONALPARKSCHOOL,516LAKEHURSTAVENATIONALPARKNJ08063,National Park Elementary School,"516 Lakehurst Avenue, National Park, NJ, 08063",https://www.greatschools.org/new-jersey/national-park/1285-National-Park-Elementary-School/,Below average,3.0,NATIONALPARKELEMENTARYSCHOOL,516LAKEHURSTAVENUENATIONALPARKNJ08063,78.26086956521739,95.77464788732395
Union,Hillside Public School District,Hurden Looker School,39-2190-080,"1261 LIBERTY AVE, HILLSIDE, NJ, 07205",HURDENLOOKERSCHOOL,1261LIBERTYAVEHILLSIDENJ07205,Hurden-Looker Elementary School,"1261 Liberty Avenue, Hillside, NJ, 07205",https://www.greatschools.org/new-jersey/hillside/801-Hurden-Looker-Elementary-School/,Average,6.0,HURDENLOOKERELEMENTARYSCHOOL,1261LIBERTYAVENUEHILLSIDENJ07205,78.26086956521739,95.08196721311475
Essex,Verona Public School District,Forest Avenue School,13-5370-090,"118 FOREST AVE, VERONA, NJ, 07044",FORESTAVENUESCHOOL,118FORESTAVEVERONANJ07044,Forest Avenue Elementary School,"118 Forest Avenue, Verona, NJ, 07044",https://www.greatschools.org/new-jersey/verona/2045-Forest-Avenue-Elementary-School/,Average,6.0,FORESTAVENUEELEMENTARYSCHOOL,118FORESTAVENUEVERONANJ07044,78.26086956521739,94.33962264150944
Monmouth,Freehold Township School District,Laura Donovan School,25-1660-026,"237 STONEHURST BLVD, FREEHOLD, NJ, 07728",LAURADONOVANSCHOOL,237STONEHURSTBLVDFREEHOLDNJ07728,Laura Donovan Elementary School,"237 Stonehurst Boulevard, Freehold, NJ, 07728",https://www.greatschools.org/new-jersey/freehold/637-Laura-Donovan-Elementary-School/,Average,6.0,LAURADONOVANELEMENTARYSCHOOL,237STONEHURSTBOULEVARDFREEHOLDNJ07728,78.26086956521739,92.7536231884058
Mercer,Hamilton Township Public School District,Hamilton West-Watson,21-1950-060,"2720 SOUTH CLINTON AVENUE, HAMILTON, NJ, 08610",HAMILTONWESTWATSON,2720SOUTHCLINTONAVENUEHAMILTONNJ08610,Hamilton West-Watson High School,"2720 SOUTH CLINTON AVENUE, Hamilton Township, NJ, 08610",https://www.greatschools.org/new-jersey/hamilton-township/730-Hamilton-West-Watson-High-School/,Below average,3.0,HAMILTONWESTWATSONHIGHSCHOOL,2720SOUTHCLINTONAVENUEHAMILTONTOWNSHIPNJ08610,78.26086956521739,90.2439024390244
Essex,Nutley Public School District,Spring Garden School,13-3750-090,"59 S SPRING GARDEN AVE, NUTLEY, NJ, 07110",SPRINGGARDENSCHOOL,59SSPRINGGARDENAVENUTLEYNJ07110,Spring Garden Elementary School,"59 South Spring Garden Avenue, Nutley, NJ, 07110",https://www.greatschools.org/new-jersey/nutley/1441-Spring-Garden-Elementary-School/,Above average,8.0,SPRINGGARDENELEMENTARYSCHOOL,59SOUTHSPRINGGARDENAVENUENUTLEYNJ07110,78.26086956521739,89.85507246376811
Union,Berkeley Heights School District,Mountain Park School,39-0310-040,"55 FAIRFAX DR, BERKELEY HTS, NJ, 07922",MOUNTAINPARKSCHOOL,55FAIRFAXDRBERKELEYHTSNJ07922,Mountain Park Elementary School,"55 Fairfax Drive, Berkeley Heights, NJ, 07922",https://www.greatschools.org/new-jersey/berkeley-heights/119-Mountain-Park-Elementary-School/,Above average,9.0,MOUNTAINPARKELEMENTARYSCHOOL,55FAIRFAXDRIVEBERKELEYHEIGHTSNJ07922,78.26086956521739,89.23076923076923
Monmouth,Manalapan-Englishtown Regional Schools School District,Milford Brook School,25-2920-063,"20 GLOBAR  TERRACE, Manalapan, NJ, 07726",MILFORDBROOKSCHOOL,20GLOBARTERRACEMANALAPANNJ07726,Milford Brook Elementary School,"20 GLOBAR TERRACE, Manalapan Township, NJ, 07726",https://www.greatschools.org/new-jersey/manalapan-township/1083-Milford-Brook-Elementary-School/,Above average,8.0,MILFORDBROOKELEMENTARYSCHOOL,20GLOBARTERRACEMANALAPANTOWNSHIPNJ07726,78.26086956521739,88.57142857142857
Somerset,Franklin Township Public Schools,Franklin Park School,35-1610-080,"30 Eden Street, Franklin Park, NJ, 08823",FRANKLINPARKSCHOOL,30EDENSTREETFRANKLINPARKNJ08823,Franklin Park Elementary School,"30 Eden Street, Franklin Township, NJ, 08823",https://www.greatschools.org/new-jersey/franklin-township/616-Franklin-Park-Elementary-School/,Average,6.0,FRANKLINPARKELEMENTARYSCHOOL,30EDENSTREETFRANKLINTOWNSHIPNJ08823,78.26086956521739,84.84848484848484
Hunterdon,Readington Township School District,Three Bridges School,19-4350-060,"480 MAIN STREET, THREE BRIDGES, NJ, 08887",THREEBRIDGESSCHOOL,480MAINSTREETTHREEBRIDGESNJ08887,Three Bridges Elementary School,"480 MAIN STREET, Readington Township, NJ, 08887",https://www.greatschools.org/new-jersey/readington-township/1718-Three-Bridges-Elementary-School/,Above average,10.0,THREEBRIDGESELEMENTARYSCHOOL,480MAINSTREETREADINGTONTOWNSHIPNJ08887,78.26086956521739,71.42857142857143
Somerset,Bedminster Township Public School District,Bedminster Township Public School,35-0240-020,"234 Somerville Road, Bedminster, NJ, 07921",BEDMINSTERTOWNSHIPPUBLICSCHOOL,234SOMERVILLEROADBEDMINSTERNJ07921,Bedminster Township Elementary School,"234 Somerville Road, Bedminster, NJ, 07921",https://www.greatschools.org/new-jersey/bedminster/79-Bedminster-Township-Elementary-School/,Above average,8.0,BEDMINSTERTOWNSHIPELEMENTARYSCHOOL,234SOMERVILLEROADBEDMINSTERNJ07921,78.125,100.0
Hudson,Bayonne School District,Philip G. Vroom Community School,17-0220-090,"18 WEST 26TH ST, BAYONNE, NJ, 07002",PHILIPGVROOMCOMMUNITYSCHOOL,18WEST26THSTBAYONNENJ07002,Phillip G. Vroom No. 2 Elementary School,"18 West 26th Street, Bayonne, NJ, 07002",https://www.greatschools.org/new-jersey/bayonne/75-Phillip-G.-Vroom-No.-2-Elementary-School/,Average,6.0,PHILLIPGVROOMNO2ELEMENTARYSCHOOL,18WEST26THSTREETBAYONNENJ07002,77.96610169491525,92.85714285714286
Monmouth,Township of Ocean School District,Township of Ocean Intermediate School,25-3810-040,"1200 WEST PARK AVENUE, OCEAN, NJ, 07712",TOWNSHIPOFOCEANINTERMEDIATESCHOOL,1200WESTPARKAVENUEOCEANNJ07712,Ocean Twp Intermediate School,"1200 WEST PARK AVENUE, Ocean Township, NJ, 07712",https://www.greatschools.org/new-jersey/ocean-township/1460-Ocean-Twp-Intermediate-School/,Below average,4.0,OCEANTWPINTERMEDIATESCHOOL,1200WESTPARKAVENUEOCEANTOWNSHIPNJ07712,77.96610169491525,88.23529411764706
Camden,Camden City School District,Cooper's Poynt Family School,07-0680-165,"201 State Street, CAMDEN, NJ, 08102",COOPER'SPOYNTFAMILYSCHOOL,201STATESTREETCAMDENNJ08102,Cooper's Poynt Elementary School,"201 State Street, Camden, NJ, 08102",https://www.greatschools.org/new-jersey/camden/248-Coopers-Poynt-Elementary-School/,Below average,1.0,COOPER'SPOYNTELEMENTARYSCHOOL,201STATESTREETCAMDENNJ08102,77.77777777777779,100.0
Atlantic,Margate City School District,William H. Ross III School,01-3020-025,"101 N  HAVERFORD AVENUE, MARGATE, NJ, 08402",WILLIAMHROSSIIISCHOOL,101NHAVERFORDAVENUEMARGATENJ08402,William H. Ross III Intermediate School,"101 N HAVERFORD AVENUE, Margate City, NJ, 08402",https://www.greatschools.org/new-jersey/margate-city/3417-William-H.-Ross-III-Intermediate-School/,Above average,9.0,WILLIAMHROSSIIIINTERMEDIATESCHOOL,101NHAVERFORDAVENUEMARGATECITYNJ08402,77.77777777777779,94.28571428571429
Hudson,Jersey City Public Schools,Dr. Charles P. DeFuccio School,17-2390-330,"214 PLAINFIELD AVE, JERSEY CITY, NJ, 07306",DRCHARLESPDEFUCCIOSCHOOL,214PLAINFIELDAVEJERSEYCITYNJ07306,Dr. Charles P. Defuccio No. 39 Elementary School,"214 Plainfield Avenue, Jersey City, NJ, 07306",https://www.greatschools.org/new-jersey/jersey-city/901-Dr.-Charles-P.-Defuccio-No.-39-Elementary-School/,Below average,2.0,DRCHARLESPDEFUCCIONO39ELEMENTARYSCHOOL,214PLAINFIELDAVENUEJERSEYCITYNJ07306,77.41935483870968,95.65217391304348
Warren,Washington Township School District,Brass Castle School,41-5530-040,"16 CASTLE STREET, WASHINGTON, NJ, 07882",BRASSCASTLESCHOOL,16CASTLESTREETWASHINGTONNJ07882,Brass Castle Elementary School,"16 Castle Street, Washington, NJ, 07882",https://www.greatschools.org/new-jersey/washington/2116-Brass-Castle-Elementary-School/,Average,5.0,BRASSCASTLEELEMENTARYSCHOOL,16CASTLESTREETWASHINGTONNJ07882,77.27272727272728,100.0
Bergen,Mahwah Township Public School District,Joyce Kilmer School,03-2900-075,"80 RIDGE ROAD, MAHWAH, NJ, 07430",JOYCEKILMERSCHOOL,80RIDGEROADMAHWAHNJ07430,Joyce Kilmer Elementary School,"80 Ridge Road, Mahwah, NJ, 07430",https://www.greatschools.org/new-jersey/mahwah/1076-Joyce-Kilmer-Elementary-School/,Average,6.0,JOYCEKILMERELEMENTARYSCHOOL,80RIDGEROADMAHWAHNJ07430,77.27272727272728,100.0
Bergen,Saddle Brook School District,Helen I. Smith School,03-4610-085,"30 CAMBRIDGE AVENUE, SADDLE BROOK, NJ, 07663",HELENISMITHSCHOOL,30CAMBRIDGEAVENUESADDLEBROOKNJ07663,Helen I. Smith Elementary School,"30 Cambridge Avenue, Saddle Brook, NJ, 07663",https://www.greatschools.org/new-jersey/saddle-brook/1798-Helen-I.-Smith-Elementary-School/,Below average,4.0,HELENISMITHELEMENTARYSCHOOL,30CAMBRIDGEAVENUESADDLEBROOKNJ07663,77.27272727272728,100.0
Morris,Butler Public School District,Aaron Decker School,27-0630-025,"98 DECKER ROAD, BUTLER, NJ, 07405",AARONDECKERSCHOOL,98DECKERROADBUTLERNJ07405,Aaron Decker Elementary School,"98 Decker Road, Butler, NJ, 07405",https://www.greatschools.org/new-jersey/butler/227-Aaron-Decker-Elementary-School/,Average,6.0,AARONDECKERELEMENTARYSCHOOL,98DECKERROADBUTLERNJ07405,77.27272727272728,100.0
Passaic,Ringwood School District,Peter Cooper School,31-4400-055,"54 ROGER COURT, RINGWOOD, NJ, 07456",PETERCOOPERSCHOOL,54ROGERCOURTRINGWOODNJ07456,Peter Cooper Elementary School,"54 Roger Court North, Ringwood, NJ, 07456",https://www.greatschools.org/new-jersey/ringwood/1742-Peter-Cooper-Elementary-School/,Above average,8.0,PETERCOOPERELEMENTARYSCHOOL,54ROGERCOURTNORTHRINGWOODNJ07456,77.27272727272728,91.52542372881356
Monmouth,Manalapan-Englishtown Regional Schools School District,Taylor Mills School,25-2920-090,"77 GORDONS CORNER ROAD, Manalapan, NJ, 07726",TAYLORMILLSSCHOOL,77GORDONSCORNERROADMANALAPANNJ07726,Taylor Mills Elementary School,"77 GORDONS CORNER ROAD, Manalapan Township, NJ, 07726",https://www.greatschools.org/new-jersey/manalapan-township/1085-Taylor-Mills-Elementary-School/,Above average,8.0,TAYLORMILLSELEMENTARYSCHOOL,77GORDONSCORNERROADMANALAPANTOWNSHIPNJ07726,77.27272727272728,89.74358974358975
Sussex,Sparta Township Public School District,Helen Morgan School,37-4960-060,"100 STANHOPE ROAD, SPARTA, NJ, 07871",HELENMORGANSCHOOL,100STANHOPEROADSPARTANJ07871,Helen Morgan Elementary School,"100 Sparta Road, Sparta, NJ, 07871",https://www.greatschools.org/new-jersey/sparta-township/1891-Helen-Morgan-Elementary-School/,Average,6.0,HELENMORGANELEMENTARYSCHOOL,100SPARTAROADSPARTANJ07871,77.27272727272728,85.18518518518519
Gloucester,Glassboro School District,Thomas E. Bowe School,15-1730-090,"Carpenter Street and Mancuso Lane, Glassboro, NJ, 08028",THOMASEBOWESCHOOL,CARPENTERSTREETANDMANCUSOLANEGLASSBORONJ08028,Thomas E. Bowe Elementary School,"7 Ruth H Mancuso Lane, Glassboro, NJ, 08028",https://www.greatschools.org/new-jersey/deptford-township/663-Thomas-E.-Bowe-Elementary-School/,Below average,3.0,THOMASEBOWEELEMENTARYSCHOOL,7RUTHHMANCUSOLANEGLASSBORONJ08028,77.27272727272728,74.35897435897436
Hudson,Bayonne School District,John M. Bailey Community School,17-0220-040,"75 WEST 10TH STREET, BAYONNE, NJ, 07002",JOHNMBAILEYCOMMUNITYSCHOOL,75WEST10THSTREETBAYONNENJ07002,John M. Bailey No.12 Elementary School,"75 West 10th Street, Bayonne, NJ, 07002",https://www.greatschools.org/new-jersey/bayonne/70-John-M.-Bailey-No.12-Elementary-School/,Average,6.0,JOHNMBAILEYNO12ELEMENTARYSCHOOL,75WEST10THSTREETBAYONNENJ07002,77.19298245614036,100.0
Ocean,Long Beach Island Consolidated School District,Long Beach Island Grade School,29-2760-050,"201    20TH STREET, SHIP BOTTOM, NJ, 08008",LONGBEACHISLANDGRADESCHOOL,20120THSTREETSHIPBOTTOMNJ08008,Long Beach Island Elementary School,"201 West 20th Street, Ship Bottom, NJ, 08008",https://www.greatschools.org/new-jersey/ship-bottom/1015-Long-Beach-Island-Elementary-School/,Above average,7.0,LONGBEACHISLANDELEMENTARYSCHOOL,201WEST20THSTREETSHIPBOTTOMNJ08008,77.19298245614036,93.75
Camden,Cherry Hill School District,Cherry Hill High School East,07-0800-030,"1750 Kresson Rd., CHERRY HILL, NJ, 08003",CHERRYHILLHIGHSCHOOLEAST,1750KRESSONRDCHERRYHILLNJ08003,Cherry Hill High-East High School,"1750 Kresson Road, Cherry Hill, NJ, 08003",https://www.greatschools.org/new-jersey/cherry-hill/293-Cherry-Hill-High-East-High-School/,Average,6.0,CHERRYHILLHIGHEASTHIGHSCHOOL,1750KRESSONROADCHERRYHILLNJ08003,76.92307692307692,96.7741935483871
Essex,Glen Ridge Public School District,Linden Avenue School,13-1750-080,"205 LINDEN AVE, GLEN RIDGE, NJ, 07028",LINDENAVENUESCHOOL,205LINDENAVEGLENRIDGENJ07028,Ridgewood Avenue School,"235 Ridgewood Avenue, Glen Ridge, NJ, 07028",https://www.greatschools.org/new-jersey/glen-ridge/666-Ridgewood-Avenue-School/,Above average,9.0,RIDGEWOODAVENUESCHOOL,235RIDGEWOODAVENUEGLENRIDGENJ07028,76.92307692307692,77.41935483870968
Hudson,Jersey City Public Schools,Joseph H. Brensinger School,17-2390-360,"600 BERGEN AVE, JERSEY CITY, NJ, 07304",JOSEPHHBRENSINGERSCHOOL,600BERGENAVEJERSEYCITYNJ07304,Joseph H. Brensinger No. 17 Elementary School,"600 Bergen Avenue, Jersey City, NJ, 07304",https://www.greatschools.org/new-jersey/jersey-city/907-Joseph-H.-Brensinger-No.-17-Elementary-School/,Below average,4.0,JOSEPHHBRENSINGERNO17ELEMENTARYSCHOOL,600BERGENAVENUEJERSEYCITYNJ07304,76.66666666666667,95.08196721311475
Hudson,Jersey City Public Schools,Cornelia F. Bradford School,17-2390-340,"96 SUSSEX ST, JERSEY CITY, NJ, 07302",CORNELIAFBRADFORDSCHOOL,96SUSSEXSTJERSEYCITYNJ07302,Cornelia F. Bradford No. 16 Elementary School,"96 Sussex Street, Jersey City, NJ, 07302",https://www.greatschools.org/new-jersey/jersey-city/902-Cornelia-F.-Bradford-School/,Above average,9.0,CORNELIAFBRADFORDNO16ELEMENTARYSCHOOL,96SUSSEXSTREETJERSEYCITYNJ07302,76.66666666666667,93.10344827586206
Hudson,Jersey City Public Schools,"Whitney M. Young, Jr. School",17-2390-170,"135 STEGMAN ST, JERSEY CITY, NJ, 07305",WHITNEYMYOUNGJRSCHOOL,135STEGMANSTJERSEYCITYNJ07305,Whitney M Young,"135 Stegman Street, Jersey City, NJ, 07305",https://www.greatschools.org/new-jersey/jersey-city/887-Whitney-M-Young/,Below average,1.0,WHITNEYMYOUNG,135STEGMANSTREETJERSEYCITYNJ07305,76.47058823529412,93.5483870967742
Hunterdon,Hunterdon Central Regional High School District,Hunterdon Central Regional High School District,19-2300-050,"84 Route 31, Flemington, NJ, 08822",HUNTERDONCENTRALREGIONALHIGHSCHOOLDISTRICT,84ROUTE31FLEMINGTONNJ08822,Hunterdon Central High School,"84 New Jersey 31, Flemington, NJ, 08822",https://www.greatschools.org/new-jersey/flemington/842-Hunterdon-Central-High-School/,Average,6.0,HUNTERDONCENTRALHIGHSCHOOL,84NEWJERSEY31FLEMINGTONNJ08822,76.47058823529412,82.14285714285714
Charters,Dr Lena Edwards Academic Charter School,Dr Lena Edwards Academic Charter School,80-6064-946,"509 Bramhall Ave., Jersey City, NJ, 07304",DRLENAEDWARDSACADEMICCHARTERSCHOOL,509BRAMHALLAVEJERSEYCITYNJ07304,Dr Lena Edwards Academic,"509 Bramhall Avenue, Jersey City, NJ, 07304",https://www.greatschools.org/new-jersey/jersey-city/7092-Dr-Lena-Edwards-Academic/,Below average,3.0,DRLENAEDWARDSACADEMIC,509BRAMHALLAVENUEJERSEYCITYNJ07304,76.36363636363637,95.38461538461539
Ocean,Beach Haven School District,Beach Haven School,29-0230-020,"8th Street & Beach Avenue, Beach Haven, NJ, 08008",BEACHHAVENSCHOOL,8THSTREET&BEACHAVENUEBEACHHAVENNJ08008,Beach Haven Elementary School,"8th Street & Beach Avenue, Beach Haven, NJ, 08008",https://www.greatschools.org/new-jersey/beach-haven/78-Beach-Haven-Elementary-School/,Below average,3.0,BEACHHAVENELEMENTARYSCHOOL,8THSTREET&BEACHAVENUEBEACHHAVENNJ08008,76.19047619047619,100.0
Hudson,Jersey City Public Schools,Ezra L. Nolan School,17-2390-345,"88 GATES AVE, JERSEY CITY, NJ, 07305",EZRALNOLANSCHOOL,88GATESAVEJERSEYCITYNJ07305,Ezra L. Nolan No. 40 Middle School,"88 Gates Avenue, Jersey City, NJ, 07305",https://www.greatschools.org/new-jersey/jersey-city/903-Ezra-L.-Nolan-No.-40-Middle-School/,Below average,1.0,EZRALNOLANNO40MIDDLESCHOOL,88GATESAVENUEJERSEYCITYNJ07305,76.19047619047619,94.73684210526316
Cumberland,Bridgeton City School District,West Avenue School,11-0540-130,"51 NORTH WEST AVENUE, BRIDGETON, NJ, 08302",WESTAVENUESCHOOL,51NORTHWESTAVENUEBRIDGETONNJ08302,West Avenue Elementary School,"51 West Avenue North, Bridgeton, NJ, 08302",https://www.greatschools.org/new-jersey/bridgeton/191-West-Avenue-Elementary-School/,Below average,1.0,WESTAVENUEELEMENTARYSCHOOL,51WESTAVENUENORTHBRIDGETONNJ08302,76.19047619047619,84.84848484848484
Hunterdon,Readington Township School District,Whitehouse School,19-4350-070,"50 WHITEHOUSE AVE, WHITEHOUSE STATION, NJ, 08889",WHITEHOUSESCHOOL,50WHITEHOUSEAVEWHITEHOUSESTATIONNJ08889,Whitehouse Elementary School,"50 WHITEHOUSE AVE, Readington Township, NJ, 08889",https://www.greatschools.org/new-jersey/readington-township/1719-Whitehouse-Elementary-School/,Average,5.0,WHITEHOUSEELEMENTARYSCHOOL,50WHITEHOUSEAVEREADINGTONTOWNSHIPNJ08889,76.19047619047619,70.8860759493671
Ocean,Toms River Regional School District,Toms River High School East,29-5190-030,"1225 RAIDER WAY, TOMS RIVER, NJ, 08753",TOMSRIVERHIGHSCHOOLEAST,1225RAIDERWAYTOMSRIVERNJ08753,Toms River High - East High School,"1225 Raider Way, Toms River, NJ, 08753",https://www.greatschools.org/new-jersey/toms-river/1963-Toms-River-High---East-High-School/,Below average,4.0,TOMSRIVERHIGHEASTHIGHSCHOOL,1225RAIDERWAYTOMSRIVERNJ08753,76.0,100.0
Hudson,Bayonne School District,Bayonne Alternative High School,17-0220-010,"669 Avenue A, Bayonne, NJ, 07002",BAYONNEALTERNATIVEHIGHSCHOOL,669AVENUEABAYONNENJ07002,Bayonne High School,"669 Avenue A, Bayonne, NJ, 07002",https://www.greatschools.org/new-jersey/bayonne/68-Bayonne-High-School/,Below average,3.0,BAYONNEHIGHSCHOOL,669AVENUEABAYONNENJ07002,75.55555555555556,100.0
Warren,North Warren Regional School District,North Warren Regional School,41-3675-050,"10 NOE RD, BLAIRSTOWN, NJ, 07825",NORTHWARRENREGIONALSCHOOL,10NOERDBLAIRSTOWNNJ07825,N Warren Reg High School,"10 Noe Road, Blairstown, NJ, 07825",https://www.greatschools.org/new-jersey/blairstown/1097-N-Warren-Reg-High-School/,Below average,4.0,NWARRENREGHIGHSCHOOL,10NOEROADBLAIRSTOWNNJ07825,75.55555555555556,96.0
Hudson,Jersey City Public Schools,Jotham W. Wakeman School,17-2390-370,"100 ST PAULS AVE, JERSEY CITY, NJ, 07306",JOTHAMWWAKEMANSCHOOL,100STPAULSAVEJERSEYCITYNJ07306,Jotham W. Wakeman No. 6 Elementary School,"100 Saint Pauls Avenue, Jersey City, NJ, 07306",https://www.greatschools.org/new-jersey/jersey-city/908-Jotham-W.-Wakeman-No.-6-Elementary-School/,Above average,7.0,JOTHAMWWAKEMANNO6ELEMENTARYSCHOOL,100SAINTPAULSAVENUEJERSEYCITYNJ07306,75.47169811320755,90.9090909090909
Monmouth,Fair Haven School District,Knollwood School,25-1440-050,"224 HANCE ROAD, FAIR HAVEN, NJ, 07704",KNOLLWOODSCHOOL,224HANCEROADFAIRHAVENNJ07704,Knollwood Elementary School,"224 Hance Road, Fair Haven, NJ, 07704",https://www.greatschools.org/new-jersey/fair-haven/567-Knollwood-Elementary-School/,Above average,9.0,KNOLLWOODELEMENTARYSCHOOL,224HANCEROADFAIRHAVENNJ07704,75.0,100.0
Bergen,Bergen County Vocational Technical School District,Bergen County Technical High School - Teterboro,03-0290-070,"504 Route 46 West, Teterboro, NJ, 07608",BERGENCOUNTYTECHNICALHIGHSCHOOLTETERBORO,504ROUTE46WESTTETERBORONJ07608,Technical School Teterboro,"504 Route 46 West, Teterboro, NJ, 07608",https://www.greatschools.org/new-jersey/teterboro/106-Technical-School--Teterboro/,Above average,10.0,TECHNICALSCHOOLTETERBORO,504ROUTE46WESTTETERBORONJ07608,75.0,100.0
Morris,Hanover Township School District,Bee Meadow School,27-2000-025,"120 Reynolds Avenue, Whippany, NJ, 07981",BEEMEADOWSCHOOL,120REYNOLDSAVENUEWHIPPANYNJ07981,Bee Meadow Elementary School,"120 Reynolds Avenue, Hanover, NJ, 07981",https://www.greatschools.org/new-jersey/hanover/759-Bee-Meadow-Elementary-School/,Average,6.0,BEEMEADOWELEMENTARYSCHOOL,120REYNOLDSAVENUEHANOVERNJ07981,75.0,85.71428571428572
Atlantic,Atlantic County Vocational School District,Atlantic County Institute of Technology,01-0120-010,"5080 ATLANTIC AVENUE, MAYS LANDING, NJ, 08330",ATLANTICCOUNTYINSTITUTEOFTECHNOLOGY,5080ATLANTICAVENUEMAYSLANDINGNJ08330,Atlantic Cty Inst Of Tech,"5080 ATLANTIC AVENUE, Hamilton, NJ, 08330",https://www.greatschools.org/new-jersey/hamilton-township/55-Atlantic-Cty-Inst-Of-Tech/,Average,5.0,ATLANTICCTYINSTOFTECH,5080ATLANTICAVENUEHAMILTONNJ08330,75.0,81.15942028985508
Cumberland,Cumberland County Board of Vocational Education,Cumberland County Technical Education Center,11-0995-030,"3400 College Drive, Millville, NJ, 08332",CUMBERLANDCOUNTYTECHNICALEDUCATIONCENTER,3400COLLEGEDRIVEMILLVILLENJ08332,Cumberland Co Tech Ed Center,"3400 College Drive, Vineland, NJ, 08360",https://www.greatschools.org/new-jersey/vineland/378-Cumberland-Co-Tech-Ed-Center/,Above average,8.0,CUMBERLANDCOTECHEDCENTER,3400COLLEGEDRIVEVINELANDNJ08360,75.0,76.19047619047619
Ocean,Berkeley Township School District,H & M Potter School,29-0320-040,"60 VEEDER LANE, BAYVILLE, NJ, 08721",H&MPOTTERSCHOOL,60VEEDERLANEBAYVILLENJ08721,H & M Potter Elementary School,"60 VEEDER LANE, Berkeley Township, NJ, 08721",https://www.greatschools.org/new-jersey/berkeley-township/123-H--M-Potter-Elementary-School/,Average,6.0,H&MPOTTERELEMENTARYSCHOOL,60VEEDERLANEBERKELEYTOWNSHIPNJ08721,75.0,70.96774193548387
Hudson,Jersey City Public Schools,Frank R Conwell School,17-2390-100,"111 BRIGHT STREET, JERSEY CITY, NJ, 07302",FRANKRCONWELLSCHOOL,111BRIGHTSTREETJERSEYCITYNJ07302,Frank R. Conwell No. 3 Elementary School,"111 Bright Street, Jersey City, NJ, 07302",https://www.greatschools.org/new-jersey/jersey-city/880-Frank-R.-Conwell-No.-3-Elementary-School/,Average,6.0,FRANKRCONWELLNO3ELEMENTARYSCHOOL,111BRIGHTSTREETJERSEYCITYNJ07302,74.50980392156863,100.0
Union,Scotch Plains-Fanwood School District,School One Elementary,39-4670-070,"563 WILLOW AVENUE, SCOTCH PLAINS, NJ, 07076",SCHOOLONEELEMENTARY,563WILLOWAVENUESCOTCHPLAINSNJ07076,School #1 Elementary School,"563 Willow Avenue, Scotch Plains, NJ, 07076",https://www.greatschools.org/new-jersey/scotch-plains/1818-School-1-Elementary-School/,Average,6.0,SCHOOL#1ELEMENTARYSCHOOL,563WILLOWAVENUESCOTCHPLAINSNJ07076,74.4186046511628,100.0
Camden,Camden City School District,Octavio V. Catto Community Family School,07-0680-145,"3100 WESTFIELD AVE, CAMDEN, NJ, 08105",OCTAVIOVCATTOCOMMUNITYFAMILYSCHOOL,3100WESTFIELDAVECAMDENNJ08105,Catto Community School,"3100 Westfield Avenue, Camden, NJ, 08105",https://www.greatschools.org/new-jersey/camden/4516-Catto-Community-School/,Below average,2.0,CATTOCOMMUNITYSCHOOL,3100WESTFIELDAVENUECAMDENNJ08105,74.07407407407408,95.08196721311475
Morris,School District of the Chathams,Lafayette Avenue School,27-0785-050,"221 LAFAYETTE AVENUE, CHATHAM, NJ, 07928",LAFAYETTEAVENUESCHOOL,221LAFAYETTEAVENUECHATHAMNJ07928,Lafayette Elementary School,"221 LAFAYETTE AVENUE, Chatham, NJ, 07928",https://www.greatschools.org/new-jersey/chatham-township/3-Lafayette-Elementary-School/,Above average,8.0,LAFAYETTEELEMENTARYSCHOOL,221LAFAYETTEAVENUECHATHAMNJ07928,73.91304347826087,100.0
Camden,Pine Hill School District,Dr. Albert M. Bean School,07-4110-060,"70 E THIRD AVE, PINE HILL, NJ, 08021",DRALBERTMBEANSCHOOL,70ETHIRDAVEPINEHILLNJ08021,Albert M. Bean Elementary School,"70 East 3rd Avenue, Pine Hill, NJ, 08021",https://www.greatschools.org/new-jersey/pine-hill/1623-Albert-M.-Bean-Elementary-School/,Below average,2.0,ALBERTMBEANELEMENTARYSCHOOL,70EAST3RDAVENUEPINEHILLNJ08021,73.91304347826087,85.71428571428572
Middlesex,Edison Township School District,James Madison Primary School,23-1290-092,"840 NEW DOVER ROAD, EDISON, NJ, 08820",JAMESMADISONPRIMARYSCHOOL,840NEWDOVERROADEDISONNJ08820,James Madison Intermediate Elementary School,"838 New Dover Road, Edison, NJ, 08820",https://www.greatschools.org/new-jersey/edison/484-James-Madison-Intermediate-Elementary-School/,Above average,7.0,JAMESMADISONINTERMEDIATEELEMENTARYSCHOOL,838NEWDOVERROADEDISONNJ08820,73.84615384615385,92.85714285714286
Essex,Nutley Public School District,Yantacaw School,13-3750-110,"20 YANTACAW PLACE, NUTLEY, NJ, 07110",YANTACAWSCHOOL,20YANTACAWPLACENUTLEYNJ07110,Yantacaw Elementary School,"20 Yantacaw Place, Nutley, NJ, 07110",https://www.greatschools.org/new-jersey/nutley/1443-Yantacaw-Elementary-School/,Above average,9.0,YANTACAWELEMENTARYSCHOOL,20YANTACAWPLACENUTLEYNJ07110,73.6842105263158,100.0
Essex,ORANGE BOARD OF EDUCATION School District,Rosa Parks/Central Community School,13-3880-105,"369 MAIN STREET, ORANGE, NJ, 07050",ROSAPARKS/CENTRALCOMMUNITYSCHOOL,369MAINSTREETORANGENJ07050,Rosa Parks Elementary School,"369 MAIN STREET, City of Orange, NJ, 07050",https://www.greatschools.org/new-jersey/city-of-orange/4228-Rosa-Parks-Elementary-School/,Below average,4.0,ROSAPARKSELEMENTARYSCHOOL,369MAINSTREETCITYOFORANGENJ07050,73.6842105263158,89.65517241379311
Middlesex,Cranbury Township School District,Cranbury School,23-0970-030,"23 N MAIN ST, CRANBURY, NJ, 08512",CRANBURYSCHOOL,23NMAINSTCRANBURYNJ08512,Cranbury Elementary School,"23 North Main Street, Cranbury, NJ, 08512",https://www.greatschools.org/new-jersey/cranbury-township/367-Cranbury-Elementary-School/,Above average,8.0,CRANBURYELEMENTARYSCHOOL,23NORTHMAINSTREETCRANBURYNJ08512,73.6842105263158,85.71428571428572
Essex,East Orange School District,Whitney E. Houston Academy,13-1210-090,"215 DODD ST, EAST ORANGE, NJ, 07017",WHITNEYEHOUSTONACADEMY,215DODDSTEASTORANGENJ07017,Whitney E. Houston Academy Elementary School,"215 Dodd Street, East Orange, NJ, 07017",https://www.greatschools.org/new-jersey/east-orange/446-Whitney-E.-Houston-Academy-Elementary-School/,Below average,3.0,WHITNEYEHOUSTONACADEMYELEMENTARYSCHOOL,215DODDSTREETEASTORANGENJ07017,73.33333333333334,92.85714285714286
Camden,Pine Hill School District,John H. Glenn School,07-4110-070,"1005 TURNERVILLE RD, PINE HILL, NJ, 08021",JOHNHGLENNSCHOOL,1005TURNERVILLERDPINEHILLNJ08021,John Glenn Elementary School,"1005 Turnersville Road, Pine Hill, NJ, 08021",https://www.greatschools.org/new-jersey/pine-hill/1624-John-Glenn-Elementary-School/,Below average,3.0,JOHNGLENNELEMENTARYSCHOOL,1005TURNERSVILLEROADPINEHILLNJ08021,73.17073170731707,95.5223880597015
Essex,Montclair Public School District,Renaissance Middle School at the Rand Building,13-3310-165,"176 North Fullerton Avenue, MONTCLAIR, NJ, 07042",RENAISSANCEMIDDLESCHOOLATTHERANDBUILDING,176NORTHFULLERTONAVENUEMONTCLAIRNJ07042,Renaissance Middle School,"176 North Fullerton Avenue, Montclair, NJ, 07042",https://www.greatschools.org/new-jersey/montclair/1215-Renaissance-Middle-School/,Average,5.0,RENAISSANCEMIDDLESCHOOL,176NORTHFULLERTONAVENUEMONTCLAIRNJ07042,73.01587301587303,100.0
Hudson,Jersey City Public Schools,Alfred Zampella School,17-2390-240,"201 NORTH ST, JERSEY CITY, NJ, 07307",ALFREDZAMPELLASCHOOL,201NORTHSTJERSEYCITYNJ07307,Alfred E. Zampella No. 27 Elementary School,"201 North Street, Jersey City, NJ, 07307",https://www.greatschools.org/new-jersey/jersey-city/893-Alfred-E.-Zampella-No.-27-Elementary-School/,Average,6.0,ALFREDEZAMPELLANO27ELEMENTARYSCHOOL,201NORTHSTREETJERSEYCITYNJ07307,72.72727272727273,93.10344827586206
Burlington,Medford Township School District,Haines Sixth Grade Center,05-3080-050,"162 STOKES ROAD, MEDFORD, NJ, 08055",HAINESSIXTHGRADECENTER,162STOKESROADMEDFORDNJ08055,Haines Memorial 6thgr Center,"162 Stokes Road, Medford, NJ, 08055",https://www.greatschools.org/new-jersey/medford/1129-Haines-Memorial-6thgr-Center/,Above average,7.0,HAINESMEMORIAL6THGRCENTER,162STOKESROADMEDFORDNJ08055,72.34042553191489,100.0
Morris,Randolph Township School District,Shongum School,27-4330-080,"9 ARROW PLACE, RANDOLPH, NJ, 07869",SHONGUMSCHOOL,9ARROWPLACERANDOLPHNJ07869,Shongum Elementary School,"9 Arrow Place, Randolph, NJ, 07869",https://www.greatschools.org/new-jersey/randolph/1708-Shongum-Elementary-School/,Average,6.0,SHONGUMELEMENTARYSCHOOL,9ARROWPLACERANDOLPHNJ07869,72.22222222222223,100.0
Sussex,Hamburg School District,Hamburg School,37-1930-060,"30 LINWOOD AVENUE, HAMBURG, NJ, 07419",HAMBURGSCHOOL,30LINWOODAVENUEHAMBURGNJ07419,Hamburg Elementary School,"30 Linwood Avenue, Hamburg, NJ, 07419",https://www.greatschools.org/new-jersey/hamburg/725-Hamburg-Elementary-School/,Above average,7.0,HAMBURGELEMENTARYSCHOOL,30LINWOODAVENUEHAMBURGNJ07419,72.22222222222223,100.0
Essex,Millburn Township School District,Wyoming School,13-3190-120,"55 MYRTLE AVE, MILLBURN, NJ, 07041",WYOMINGSCHOOL,55MYRTLEAVEMILLBURNNJ07041,Wyoming Elementary School,"55 Myrtle Avenue, Millburn, NJ, 07041",https://www.greatschools.org/new-jersey/millburn/1186-Wyoming-Elementary-School/,Above average,10.0,WYOMINGELEMENTARYSCHOOL,55MYRTLEAVENUEMILLBURNNJ07041,72.22222222222223,94.54545454545455
Monmouth,Monmouth County Vocational School District,Monmouth County Academy of Allied Health and Science,25-3260-025,"2325 HECK AVENUE, NEPTUNE, NJ, 07753",MONMOUTHCOUNTYACADEMYOFALLIEDHEALTHANDSCIENCE,2325HECKAVENUENEPTUNENJ07753,Academy Allied Health & Science,"2325 Heck Avenue, Neptune City, NJ, 07753",https://www.greatschools.org/new-jersey/neptune-city/2152-Academy-Allied-Health--Sci/,Above average,10.0,ACADEMYALLIEDHEALTH&SCIENCE,2325HECKAVENUENEPTUNECITYNJ07753,72.22222222222223,93.33333333333333
Hudson,Jersey City Public Schools,James F. Murray School,17-2390-350,"339 STEGMAN PARKWAY, JERSEY CITY, NJ, 07305",JAMESFMURRAYSCHOOL,339STEGMANPARKWAYJERSEYCITYNJ07305,James F. Murray No. 38 Elementary School,"339 Stegman Parkway, Jersey City, NJ, 07305",https://www.greatschools.org/new-jersey/jersey-city/906-James-F.-Murray-School/,Below average,4.0,JAMESFMURRAYNO38ELEMENTARYSCHOOL,339STEGMANPARKWAYJERSEYCITYNJ07305,72.0,100.0
Hudson,Jersey City Public Schools,Julia A. Barnes School,17-2390-150,"91 ASTOR PLACE, JERSEY CITY, NJ, 07304",JULIAABARNESSCHOOL,91ASTORPLACEJERSEYCITYNJ07304,Julia A. Barnes No. 12 Elementary School,"91 Astor Place, Jersey City, NJ, 07304",https://www.greatschools.org/new-jersey/jersey-city/885-Julia-A.-Barnes-No.-12-Elementary-School/,Average,5.0,JULIAABARNESNO12ELEMENTARYSCHOOL,91ASTORPLACEJERSEYCITYNJ07304,72.0,100.0
Passaic,Passaic County Manchester Regional High School District,Passaic County-Manchester Regional High School,31-3980-010,"70 CHURCH STREET, HALEDON, NJ, 07508",PASSAICCOUNTYMANCHESTERREGIONALHIGHSCHOOL,70CHURCHSTREETHALEDONNJ07508,Manchester Reg High School,"70 Church Street, Haledon, NJ, 07508",https://www.greatschools.org/new-jersey/haledon/1531-Manchester-Reg-High-School/,Below average,2.0,MANCHESTERREGHIGHSCHOOL,70CHURCHSTREETHALEDONNJ07508,71.875,100.0
Essex,East Orange School District,J. Garfield Jackson Sr. Academy,13-1210-170,"106 PROSPECT STREET, EAST ORANGE, NJ, 07017",JGARFIELDJACKSONSRACADEMY,106PROSPECTSTREETEASTORANGENJ07017,J. Garfield Jackson Senior Academy Elementary School,"106 Prospect Street, East Orange, NJ, 07017",https://www.greatschools.org/new-jersey/east-orange/453-J.-Garfield-Jackson-Senior-Academy-Elementary-School/,Below average,3.0,JGARFIELDJACKSONSENIORACADEMYELEMENTARYSCHOOL,106PROSPECTSTREETEASTORANGENJ07017,71.42857142857143,100.0
Essex,East Orange School District,Johnnie L. Cochran Jr. Academy,13-1210-190,"190 MIDLAND AVENUE, EAST ORANGE, NJ, 07017",JOHNNIELCOCHRANJRACADEMY,190MIDLANDAVENUEEASTORANGENJ07017,Johnnie L. Cochran Junior Academy Elementary School,"190 Midland Avenue, East Orange, NJ, 07017",https://www.greatschools.org/new-jersey/east-orange/3376-Johnnie-L.-Cochran-Junior-Academy-Elementary-School/,Above average,7.0,JOHNNIELCOCHRANJUNIORACADEMYELEMENTARYSCHOOL,190MIDLANDAVENUEEASTORANGENJ07017,70.58823529411765,100.0
Atlantic,Atlantic City School District,Uptown School Complex,01-0110-080,"323 Madison Avenue, Atlantic City, NJ, 08401",UPTOWNSCHOOLCOMPLEX,323MADISONAVENUEATLANTICCITYNJ08401,Uptown School Complex Elementary School,"323 Madison Avenue, Atlantic City, NJ, 08401",https://www.greatschools.org/new-jersey/atlantic-city/50-Uptown-School-Complex-Elementary-School/,Below average,3.0,UPTOWNSCHOOLCOMPLEXELEMENTARYSCHOOL,323MADISONAVENUEATLANTICCITYNJ08401,70.37037037037037,100.0
Gloucester,Gloucester County Vocational-Technical School District,Gloucester County Institute of Technology,15-1775-010,"1360 Tanyard Road, Sewell, NJ, 08080",GLOUCESTERCOUNTYINSTITUTEOFTECHNOLOGY,1360TANYARDROADSEWELLNJ08080,Gloucester Co Inst Tech,"1360 Tanyard Road, Mantua Township, NJ, 08080",https://www.greatschools.org/new-jersey/deptford-township/687-Gloucester-Co-Inst-Tech/,Above average,7.0,GLOUCESTERCOINSTTECH,1360TANYARDROADMANTUATOWNSHIPNJ08080,70.17543859649123,71.875
Union,Elizabeth Public Schools,William F. Halloran School No.22,39-1320-250,"612 Pulaski Street, ELIZABETH, NJ, 07202",WILLIAMFHALLORANSCHOOLNO22,612PULASKISTREETELIZABETHNJ07202,No 22 William F Halloran,"612 Pulaski Street, Elizabeth, NJ, 07202",https://www.greatschools.org/new-jersey/elizabeth/526-No-22-William-F-Halloran/,Above average,9.0,NO22WILLIAMFHALLORAN,612PULASKISTREETELIZABETHNJ07202,69.56521739130434,100.0
Union,Elizabeth Public Schools,Mabel G. Homes School No. 5,39-1320-300,"650 Bayway Avenue, ELIZABETH, NJ, 07202",MABELGHOMESSCHOOLNO5,650BAYWAYAVENUEELIZABETHNJ07202,No 5 Mabel Holmes Middle School,"650 Bayway, Elizabeth, NJ, 07202",https://www.greatschools.org/new-jersey/elizabeth/503-No-5-Mabel-Holmes-Middle-School/,Below average,2.0,NO5MABELHOLMESMIDDLESCHOOL,650BAYWAYELIZABETHNJ07202,69.56521739130434,89.28571428571429
Hunterdon,Bloomsbury Borough School District,Bloomsbury Borough School,19-0430-020,"20 Main Street, Bloomsbury, NJ, 08804",BLOOMSBURYBOROUGHSCHOOL,20MAINSTREETBLOOMSBURYNJ08804,Bloomsbury Elementary School,"20 Main Street, Bloomsbury, NJ, 08804",https://www.greatschools.org/new-jersey/bloomsbury/152-Bloomsbury-Elementary-School/,Above average,8.0,BLOOMSBURYELEMENTARYSCHOOL,20MAINSTREETBLOOMSBURYNJ08804,69.38775510204081,100.0
Camden,Lindenwold Public School District,Lindenwold Preschool Building,07-2670-300,"100 South Avenue, Lindenwold, NJ, 08021",LINDENWOLDPRESCHOOLBUILDING,100SOUTHAVENUELINDENWOLDNJ08021,Lindenwold Middle School,"40 White Horse Avenue, Lindenwold, NJ, 08021",https://www.greatschools.org/new-jersey/lindenwold/3450-Lindenwold-Middle-School/,Below average,2.0,LINDENWOLDMIDDLESCHOOL,40WHITEHORSEAVENUELINDENWOLDNJ08021,69.38775510204081,78.78787878787878
Burlington,Beverly City School,Beverly City School District,05-0380-025,"601 BENTLEY AVE, BEVERLY, NJ, 08010",BEVERLYCITYSCHOOLDISTRICT,601BENTLEYAVEBEVERLYNJ08010,Beverly School,"601 Bentley Avenue, Beverly, NJ, 08010",https://www.greatschools.org/new-jersey/beverly/134-Beverly-School/,Average,5.0,BEVERLYSCHOOL,601BENTLEYAVENUEBEVERLYNJ08010,68.42105263157895,94.73684210526316
Passaic,Paterson Public School District,Edward W. Kilpatrick,31-4010-047,"295-315 ELLISON STREET, PATERSON, NJ, 07501",EDWARDWKILPATRICK,295315ELLISONSTREETPATERSONNJ07501,Edward W. Kilpatrick Elementary School,"295-315 ELLISON STREET, Paterson, NJ, 07501",https://www.greatschools.org/new-jersey/paterson/1539-Edward-W.-Kilpatrick-Elementary-School/,Below average,1.0,EDWARDWKILPATRICKELEMENTARYSCHOOL,295315ELLISONSTREETPATERSONNJ07501,68.0,100.0
Charters,Chartertech High School for the Performing Arts,Chartertech High School for the Performing Arts,80-7410-940,"413 NEW ROAD, SOMERS POINT, NJ, 08244",CHARTERTECHHIGHSCHOOLFORTHEPERFORMINGARTS,413NEWROADSOMERSPOINTNJ08244,Charter-Tech High School,"413 New Road, Somers Point, NJ, 08244",https://www.greatschools.org/new-jersey/somers-point/3334-Charter-Tech-High-School/,Below average,2.0,CHARTERTECHHIGHSCHOOL,413NEWROADSOMERSPOINTNJ08244,67.74193548387098,100.0
Atlantic,Absecon Public Schools District,Emma C Attales,01-0010-050,"800 IRELAN AVENUE, ABSECON, NJ, 08201",EMMACATTALES,800IRELANAVENUEABSECONNJ08201,Emma C. Attales Middle School,"800 Irelan Avenue, Absecon, NJ, 08201",https://www.greatschools.org/new-jersey/absecon/26-Emma-C.-Attales-Elementary-School/,Average,6.0,EMMACATTALESMIDDLESCHOOL,800IRELANAVENUEABSECONNJ08201,66.66666666666667,100.0
Bergen,Edgewater School District,Eleanor Van Gelder,03-1270-050,"251 UNDERCLIFF AVE, EDGEWATER, NJ, 07020",ELEANORVANGELDER,251UNDERCLIFFAVEEDGEWATERNJ07020,Eleanor Van Gelder Elementary School,"251 Undercliff Avenue, Edgewater, NJ, 07020",https://www.greatschools.org/new-jersey/edgewater/474-Eleanor-Van-Gelder-Elementary-School/,Above average,7.0,ELEANORVANGELDERELEMENTARYSCHOOL,251UNDERCLIFFAVENUEEDGEWATERNJ07020,66.66666666666667,95.5223880597015
Essex,East Orange School District,Ecole Toussaint Louverture,13-1210-120,"330 CENTRAL AVE, EAST ORANGE, NJ, 07018",ECOLETOUSSAINTLOUVERTURE,330CENTRALAVEEASTORANGENJ07018,Ecole T Loverture School,"330 Central Avenue, East Orange, NJ, 07018",https://www.greatschools.org/new-jersey/east-orange/449-Ecole-T--Loverture-School/,Below average,2.0,ECOLETLOVERTURESCHOOL,330CENTRALAVENUEEASTORANGENJ07018,66.66666666666667,95.23809523809524
Bergen,Hillsdale School District,George G White,03-2180-020,"120 MAGNOLIA AVE, HILLSDALE, NJ, 07642",GEORGEGWHITE,120MAGNOLIAAVEHILLSDALENJ07642,George G. White Middle School,"120 Magnolia Avenue, Hillsdale, NJ, 07642",https://www.greatschools.org/new-jersey/hillsdale/797-George-G.-White-Middle-School/,Above average,8.0,GEORGEGWHITEMIDDLESCHOOL,120MAGNOLIAAVENUEHILLSDALENJ07642,66.66666666666667,95.23809523809524
Union,Elizabeth Public Schools,Winfield Scott School No. 2,39-1320-100,"125 MADISON AVE, ELIZABETH, NJ, 07201",WINFIELDSCOTTSCHOOLNO2,125MADISONAVEELIZABETHNJ07201,"Number 2, Winfield Scott Elementary School","125 Madison Avenue, Elizabeth, NJ, 07201",https://www.greatschools.org/new-jersey/elizabeth/514-Number-2-Winfield-Scott-Elementary-School/,Below average,3.0,NUMBER2WINFIELDSCOTTELEMENTARYSCHOOL,125MADISONAVENUEELIZABETHNJ07201,65.51724137931035,95.08196721311475
Union,Elizabeth Public Schools,Dr. Albert Einstein Academy School No. 29,39-1320-295,"919 NORTH BROAD STREET, ELIZABETH, NJ, 07208",DRALBERTEINSTEINACADEMYSCHOOLNO29,919NORTHBROADSTREETELIZABETHNJ07208,No 29 Dr A Einstein Academy,"919 North Broad Street, Elizabeth, NJ, 07208",https://www.greatschools.org/new-jersey/elizabeth/4521-No-29-Dr-A-Einstein-Academy/,Average,5.0,NO29DRAEINSTEINACADEMY,919NORTHBROADSTREETELIZABETHNJ07208,65.45454545454545,100.0
Union,Elizabeth Public Schools,Dr. Antonia Pantoja School No. 27,39-1320-310,"505 -517 MORRIS AVENUE, ELIZABETH, NJ, 07208",DRANTONIAPANTOJASCHOOLNO27,505517MORRISAVENUEELIZABETHNJ07208,No 27 Dr Antonio Pantoja,"505 -517 MORRIS AVENUE, Elizabeth, NJ, 07208",https://www.greatschools.org/new-jersey/elizabeth/6904-No-27-Dr---Antonio-Pantoja/,Average,5.0,NO27DRANTONIOPANTOJA,505517MORRISAVENUEELIZABETHNJ07208,65.21739130434783,100.0
Monmouth,Eatontown Public School District,Margaret L Vetter,25-1260-060,"3 GRANT AVENUE, EATONTOWN, NJ, 07724",MARGARETLVETTER,3GRANTAVENUEEATONTOWNNJ07724,Margaret L. Vetter Elementary School,"3 Grant Avenue, Eatontown, NJ, 07724",https://www.greatschools.org/new-jersey/eatontown/470-Margaret-L.-Vetter-Elementary-School/,Average,6.0,MARGARETLVETTERELEMENTARYSCHOOL,3GRANTAVENUEEATONTOWNNJ07724,65.21739130434783,100.0
Bergen,Cresskill Public School District,Merritt Memorial,03-0990-060,"1 DOGWOOD LANE, CRESSKILL, NJ, 07626",MERRITTMEMORIAL,1DOGWOODLANECRESSKILLNJ07626,Merritt Memorial Elementary School,"1 Dogwood Lane, Cresskill, NJ, 07626",https://www.greatschools.org/new-jersey/cresskill/377-Merritt-Memorial-Elementary-School/,Above average,8.0,MERRITTMEMORIALELEMENTARYSCHOOL,1DOGWOODLANECRESSKILLNJ07626,65.21739130434783,100.0
Bergen,Hillsdale School District,Ann Blanche Smith,03-2180-010,"1000 HILLSDALE AVE, HILLSDALE, NJ, 07642",ANNBLANCHESMITH,1000HILLSDALEAVEHILLSDALENJ07642,Ann Blanche Smith Elementary School,"1000 Hillsdale Avenue, Hillsdale, NJ, 07642",https://www.greatschools.org/new-jersey/hillsdale/796-Ann-Blanche-Smith-Elementary-School/,Average,5.0,ANNBLANCHESMITHELEMENTARYSCHOOL,1000HILLSDALEAVENUEHILLSDALENJ07642,65.21739130434783,95.5223880597015
Camden,Voorhees Township School District,Edward T. Hamilton,07-5400-020,"1 Boundary Lane, VOORHEES, NJ, 08043",EDWARDTHAMILTON,1BOUNDARYLANEVOORHEESNJ08043,Edward T. Hamilton Elementary School,"1 Boundary Lane, Voorhees Township, NJ, 08043",https://www.greatschools.org/new-jersey/voorhees-township/2067-Edward-T.-Hamilton-Elementary-School/,Above average,10.0,EDWARDTHAMILTONELEMENTARYSCHOOL,1BOUNDARYLANEVOORHEESTOWNSHIPNJ08043,65.21739130434783,87.5
Bergen,Mahwah Township Public School District,Ramapo Ridge,03-2900-076,"150 RIDGE ROAD, MAHWAH, NJ, 07430",RAMAPORIDGE,150RIDGEROADMAHWAHNJ07430,Ramapo Ridge Middle School,"150 Ridge Road, Mahwah, NJ, 07430",https://www.greatschools.org/new-jersey/mahwah/1077-Ramapo-Ridge-Middle-School/,Average,6.0,RAMAPORIDGEMIDDLESCHOOL,150RIDGEROADMAHWAHNJ07430,64.70588235294117,100.0
Hunterdon,Clinton Township School District,Round Valley,19-0920-040,"128  COKESBURY RD, LEBANON, NJ, 08833",ROUNDVALLEY,128COKESBURYRDLEBANONNJ08833,Round Valley Middle School,"128 Cokesbury Road, Lebanon, NJ, 08833",https://www.greatschools.org/new-jersey/lebanon/352-Round-Valley-Middle-School/,Above average,7.0,ROUNDVALLEYMIDDLESCHOOL,128COKESBURYROADLEBANONNJ08833,64.70588235294117,96.55172413793103
Union,Elizabeth Public Schools,Elizabeth High School - Frank J Cicarell Academy,39-1320-025,"40 Morrell Street, ELIZABETH, NJ, 07202",ELIZABETHHIGHSCHOOLFRANKJCICARELLACADEMY,40MORRELLSTREETELIZABETHNJ07202,Elizabeth High School,"40 Morrell Street, Elizabeth, NJ, 07202",https://www.greatschools.org/new-jersey/elizabeth/507-Elizabeth-High-School/,Average,6.0,ELIZABETHHIGHSCHOOL,40MORRELLSTREETELIZABETHNJ07202,64.40677966101696,100.0
Union,Elizabeth Public Schools,Toussaint Louverture-Marquis de Lafayette School No. 6,39-1320-120,"1071 JULIA ST, ELIZABETH, NJ, 07201",TOUSSAINTLOUVERTUREMARQUISDELAFAYETTESCHOOLNO6,1071JULIASTELIZABETHNJ07201,"Number 6, Marquis Delafayette Elementary School","1071 Julia Street, Elizabeth, NJ, 07201",https://www.greatschools.org/new-jersey/elizabeth/515-Number-6-Marquis-Delafayette-Elementary-School/,Below average,3.0,NUMBER6MARQUISDELAFAYETTEELEMENTARYSCHOOL,1071JULIASTREETELIZABETHNJ07201,64.36781609195403,93.10344827586206
Camden,HADDON HEIGHTS School District,Glenview Avenue,07-1880-060,"1700 Sycamore Street, HADDON HEIGHTS, NJ, 08035",GLENVIEWAVENUE,1700SYCAMORESTREETHADDONHEIGHTSNJ08035,Glenview Avenue Elementary School,"1700 Sycamore Street, Haddon Heights, NJ, 08035",https://www.greatschools.org/new-jersey/haddon-heights/709-Glenview-Avenue-Elementary-School/,Average,5.0,GLENVIEWAVENUEELEMENTARYSCHOOL,1700SYCAMORESTREETHADDONHEIGHTSNJ08035,63.63636363636363,100.0
Passaic,Ringwood School District,Eleanor G. Hewitt,31-4400-050,"266 SLOATSBURG ROAD, RINGWOOD, NJ, 07456",ELEANORGHEWITT,266SLOATSBURGROADRINGWOODNJ07456,Eleanor G. Hewitt Elementary School,"266 Sloatsburg Road, Ringwood, NJ, 07456",https://www.greatschools.org/new-jersey/ringwood/1740-Eleanor-G.-Hewitt-Elementary-School/,Average,5.0,ELEANORGHEWITTELEMENTARYSCHOOL,266SLOATSBURGROADRINGWOODNJ07456,63.63636363636363,100.0
Essex,Roseland School District,Lester C Noecker,13-4530-020,"100 PASSAIC AVE, ROSELAND, NJ, 07068",LESTERCNOECKER,100PASSAICAVEROSELANDNJ07068,Lester C. Noecker Elementary School,"100 Passaic Avenue, Roseland, NJ, 07068",https://www.greatschools.org/new-jersey/roseland/1764-Lester-C.-Noecker-Elementary-School/,Above average,8.0,LESTERCNOECKERELEMENTARYSCHOOL,100PASSAICAVENUEROSELANDNJ07068,63.63636363636363,94.91525423728814
Burlington,Evesham Township School District,J Harold Van Zant,05-1420-057,"270 CONESTOGA DRIVE, MARLTON, NJ, 08053",JHAROLDVANZANT,270CONESTOGADRIVEMARLTONNJ08053,J. Harold Vanzant Elementary School,"270 CONESTOGA DRIVE, Evesham, NJ, 08053",https://www.greatschools.org/new-jersey/evesham-township/558-J.-Harold-Vanzant-Elementary-School/,Below average,4.0,JHAROLDVANZANTELEMENTARYSCHOOL,270CONESTOGADRIVEEVESHAMNJ08053,63.63636363636363,80.64516129032258
Union,Elizabeth Public Schools,Victor Mravlag School No. 21,39-1320-240,"132 Shelley Avenue, ELIZABETH, NJ, 07208",VICTORMRAVLAGSCHOOLNO21,132SHELLEYAVENUEELIZABETHNJ07208,"Number 21, Victor Mravlag Elementary School","132 Shelley Avenue, Elizabeth, NJ, 07208",https://www.greatschools.org/new-jersey/elizabeth/525-Number-21-Victor-Mravlag-Elementary-School/,Above average,8.0,NUMBER21VICTORMRAVLAGELEMENTARYSCHOOL,132SHELLEYAVENUEELIZABETHNJ07208,63.333333333333336,100.0
Union,Elizabeth Public Schools,Juan Pablo Duarte - Jose Julian Marti School No 28,39-1320-315,"25 FIRST STREET, ELIZABETH, NJ, 07206",JUANPABLODUARTEJOSEJULIANMARTISCHOOLNO28,25FIRSTSTREETELIZABETHNJ07206,No. 28 Duarte-Marti School,"25 1st Street, Elizabeth, NJ, 07206",https://www.greatschools.org/new-jersey/elizabeth/6905-No.-28-Duarte-Marti-School/,Below average,3.0,NO28DUARTEMARTISCHOOL,251STSTREETELIZABETHNJ07206,62.295081967213115,92.85714285714286
Cumberland,Hopewell Township School District,Hopewell Crest,11-2270-060,"122 SEWALL ROAD, BRIDGETON, NJ, 08302",HOPEWELLCREST,122SEWALLROADBRIDGETONNJ08302,Hopewell Crest Elementary School,"122 Sewall Road, Bridgeton, NJ, 08302",https://www.greatschools.org/new-jersey/bridgeton/823-Hopewell-Crest-Elementary-School/,Below average,4.0,HOPEWELLCRESTELEMENTARYSCHOOL,122SEWALLROADBRIDGETONNJ08302,61.904761904761905,100.0
Sussex,Andover Regional School District,Florence M. Burd,37-0090-010,"219 NEWTON SPARTA ROAD, NEWTON, NJ, 07860",FLORENCEMBURD,219NEWTONSPARTAROADNEWTONNJ07860,Florence M. Burd Elementary School,"219 Newton Sparta Road, Newton, NJ, 07860",https://www.greatschools.org/new-jersey/newton/36-Florence-M.-Burd-Elementary-School/,Above average,7.0,FLORENCEMBURDELEMENTARYSCHOOL,219NEWTONSPARTAROADNEWTONNJ07860,61.904761904761905,100.0
Bergen,Hackensack School District,Nellie K. Parker,03-1860-090,"261 MAPLE HILL DR, HACKENSACK, NJ, 07601",NELLIEKPARKER,261MAPLEHILLDRHACKENSACKNJ07601,Nellie K. Parker Elementary School,"261 Maple Hill Drive, Hackensack, NJ, 07601",https://www.greatschools.org/new-jersey/hackensack/699-Nellie-K.-Parker-Elementary-School/,Average,6.0,NELLIEKPARKERELEMENTARYSCHOOL,261MAPLEHILLDRIVEHACKENSACKNJ07601,61.904761904761905,95.38461538461539
Salem,Penns Grove-Carneys Point Regional School District,Paul W Carleton,33-4070-080,"251 MAPLE AVENUE, PENNS GROVE, NJ, 08069",PAULWCARLETON,251MAPLEAVENUEPENNSGROVENJ08069,Paul W. Carleton Elementary School,"251 East Maple Avenue, Penns Grove, NJ, 08069",https://www.greatschools.org/new-jersey/penns-grove/1587-Paul-W.-Carleton-Elementary-School/,Below average,1.0,PAULWCARLETONELEMENTARYSCHOOL,251EASTMAPLEAVENUEPENNSGROVENJ08069,61.904761904761905,93.93939393939394
Camden,HADDON HEIGHTS School District,Seventh Avenue,07-1880-090,"316 Seventh Avenue, HADDON HEIGHTS, NJ, 08035",SEVENTHAVENUE,316SEVENTHAVENUEHADDONHEIGHTSNJ08035,Seventh Avenue Elementary School,"316 7th Avenue, Haddon Heights, NJ, 08035",https://www.greatschools.org/new-jersey/haddon-heights/711-Seventh-Avenue-Elementary-School/,Above average,7.0,SEVENTHAVENUEELEMENTARYSCHOOL,3167THAVENUEHADDONHEIGHTSNJ08035,61.904761904761905,91.17647058823529
Bergen,Bogota Public School District,Lillian M. Steen,03-0440-050,"134 W. Main, BOGOTA, NJ, 07603",LILLIANMSTEEN,134WMAINBOGOTANJ07603,Lillian M. Steen Elementary School,"134 West Main Street, Bogota, NJ, 07603",https://www.greatschools.org/new-jersey/bogota/155-Lillian-M.-Steen-Elementary-School/,Average,6.0,LILLIANMSTEENELEMENTARYSCHOOL,134WESTMAINSTREETBOGOTANJ07603,61.904761904761905,82.35294117647058
Hudson,Jersey City Public Schools,Rafael Cordero y Molina,17-2390-300,"158 ERIE ST, JERSEY CITY, NJ, 07302",RAFAELCORDEROYMOLINA,158ERIESTJERSEYCITYNJ07302,Rafael De J. Cordero No. 37 Elementary School,"158 Erie Street, Jersey City, NJ, 07302",https://www.greatschools.org/new-jersey/jersey-city/899-Rafael-De-J.-Cordero-No.-37-Elementary-School/,Average,5.0,RAFAELDEJCORDERONO37ELEMENTARYSCHOOL,158ERIESTREETJERSEYCITYNJ07302,60.71428571428572,92.85714285714286
Atlantic,Hamilton Township School District,George L. Hess Educational Complex,01-1940-055,"700 BABCOCK ROAD, MAYS LANDING, NJ, 08330",GEORGELHESSEDUCATIONALCOMPLEX,700BABCOCKROADMAYSLANDINGNJ08330,George L. Hess Elementary School,"700 BABCOCK ROAD, Hamilton, NJ, 08330",https://www.greatschools.org/new-jersey/hamilton-township/726-George-L.-Hess-Elementary-School/,Below average,3.0,GEORGELHESSELEMENTARYSCHOOL,700BABCOCKROADHAMILTONNJ08330,60.71428571428572,78.68852459016394
Union,Clark Township Public School District,Frank K. Hehnly,39-0850-030,"590 RARITAN ROAD, CLARK, NJ, 07066",FRANKKHEHNLY,590RARITANROADCLARKNJ07066,Frank K. Hehnly Elementary School,"590 Raritan Road, Clark, NJ, 07066",https://www.greatschools.org/new-jersey/clark/320-Frank-K.-Hehnly-Elementary-School/,Average,6.0,FRANKKHEHNLYELEMENTARYSCHOOL,590RARITANROADCLARKNJ07066,60.0,100.0
Bergen,Cresskill Public School District,Edward H. Bryan,03-0990-050,"51 BROOKSIDE AVE, CRESSKILL, NJ, 07626",EDWARDHBRYAN,51BROOKSIDEAVECRESSKILLNJ07626,Edward H. Bryan Elementary School,"51 Brookside Avenue, Cresskill, NJ, 07626",https://www.greatschools.org/new-jersey/cresskill/376-Edward-H.-Bryan-Elementary-School/,Above average,8.0,EDWARDHBRYANELEMENTARYSCHOOL,51BROOKSIDEAVENUECRESSKILLNJ07626,60.0,95.23809523809524
