gs_school_name,gs_school_address,gs_school_link,rating
Collins Elementary School,"67 Martin Road, Livingston, NJ, 07039",https://www.greatschools.org/new-jersey/livingston/1000-Collins-Elementary-School/,10.0
Harrison Elementary School,"148 North Livingston Avenue, Livingston, NJ, 07039",https://www.greatschools.org/new-jersey/livingston/1001-Harrison-Elementary-School/,10.0
Hillside Elementary School,"98 Belmont Drive, Livingston, NJ, 07039",https://www.greatschools.org/new-jersey/livingston/1002-Hillside-Elementary-School/,10.0
Bergen Academies,"200 Hackensack Avenue, Hackensack, NJ, 07601",https://www.greatschools.org/new-jersey/hackensack/103-Bergen-Academies/,10.0
Technical School Teterboro,"504 Route 46 West, Teterboro, NJ, 07608",https://www.greatschools.org/new-jersey/teterboro/106-Technical-School--Teterboro/,10.0
Betsy Ross Elementary School,"20 Malcolm Road, Mahwah, NJ, 07430",https://www.greatschools.org/new-jersey/mahwah/1074-Betsy-Ross-Elementary-School/,10.0
Asher Holmes Elementary School,"48 MENZEL LANE, Marlboro, NJ, 07751",https://www.greatschools.org/new-jersey/marlboro-township/1115-Asher-Holmes-Elementary-School/,10.0
Mountain View Middle School,"100 DEAN ROAD, Mendham Township, NJ, 07945",https://www.greatschools.org/new-jersey/mendham/1134-Mountain-View-Middle-School/,10.0
Mendham Twp Middle School,"16 WASHINGTON VALLEY ROAD, Mendham Township, NJ, 07926",https://www.greatschools.org/new-jersey/morristown/1137-Mendham-Twp-Middle-School/,10.0
Woodbridge Academy Magnet School,"1 Convery Boulevard, Woodbridge Township, NJ, 07095",https://www.greatschools.org/new-jersey/woodbridge-township/1159-Mdsx-Co-Voc-Health-Biomed/,10.0
Thomas P. Hughes Elementary School,"446 Snyder Avenue, Berkeley Heights, NJ, 07922",https://www.greatschools.org/new-jersey/berkeley-heights/117-Thomas-P.-Hughes-Elementary-School/,10.0
Glenwood Elementary School,"325 TAYLOR ROAD SOUTH, Millburn, NJ, 07078",https://www.greatschools.org/new-jersey/millburn/1184-Glenwood-Elementary-School/,10.0
Wyoming Elementary School,"55 Myrtle Avenue, Millburn, NJ, 07041",https://www.greatschools.org/new-jersey/millburn/1186-Wyoming-Elementary-School/,10.0
Monmouth Beach Elementary School,"7 Hastings Place, Monmouth Beach, NJ, 07750",https://www.greatschools.org/new-jersey/monmouth-beach/1201-Monmouth-Beach-Elementary-School/,10.0
Hilldale Elementary School,"123 KONNER AVENUE, Montville, NJ, 07058",https://www.greatschools.org/new-jersey/montville/1234-Hilldale-Elementary-School/,10.0
Deerfield Elementary School,"302 Central Avenue, Mountainside, NJ, 07092",https://www.greatschools.org/new-jersey/mountainside/1281-Deerfield-Elementary-School/,10.0
Gould Mountain School,"132 GOULD AVE, North Caldwell, NJ, 07006",https://www.greatschools.org/new-jersey/north-caldwell/1410-Gould--Mountain-School/,10.0
Roosevelt Science Technology Engineering and Mathematics (St,"5526 WISTERIA AVE, Pennsauken Township, NJ, 08109",https://www.greatschools.org/new-jersey/pennsauken-township/1602-Roosevelt-Elementary-School/,10.0
Hillview Elementary School,"206 Boulevard, Pequannock Township, NJ, 07444",https://www.greatschools.org/new-jersey/pequannock-township/1604-Hillview-Elementary-School/,10.0
Stephen J. Gerace Elementary School,"59 Boulevard, Pequannock Township, NJ, 07440",https://www.greatschools.org/new-jersey/pequannock-township/1607-Stephen-J.-Gerace-Elementary-School/,10.0
Three Bridges Elementary School,"480 MAIN STREET, Readington Township, NJ, 08887",https://www.greatschools.org/new-jersey/readington-township/1718-Three-Bridges-Elementary-School/,10.0
Somerville Elementary School,"45 SOUTH PLEASANT AVE, Ridgewood, NJ, 07451",https://www.greatschools.org/new-jersey/ridgewood/1736-Somerville-Elementary-School/,10.0
Orchard Elementary School,"230 DEMAREST ST, Ridgewood, NJ, 07451",https://www.greatschools.org/new-jersey/ridgewood/1738-Orchard-Elementary-School/,10.0
Willard Elementary School,"601 MORNINGSIDE RD, Ridgewood, NJ, 07451",https://www.greatschools.org/new-jersey/ridgewood/1739-Willard-Elementary-School/,10.0
Roosevelt Elementary School,"711 Summit Avenue, River Edge, NJ, 07661",https://www.greatschools.org/new-jersey/river-edge/1745-Roosevelt-Elementary-School/,10.0
Forrestdale Middle School,"60 Forrest Avenue, Rumson, NJ, 07760",https://www.greatschools.org/new-jersey/rumson/1784-Forrestdale-Middle-School/,10.0
Wandell Elementary School,"97 East Allendale Road, Saddle River, NJ, 07458",https://www.greatschools.org/new-jersey/saddle-river/1800-Wandell-Elementary-School/,10.0
William J. McGinn Elementary School,"1100 Roosevelt Avenue, Scotch Plains, NJ, 07076",https://www.greatschools.org/new-jersey/scotch-plains/1822-William-J.-McGinn-Elementary-School/,10.0
Malcolm S. MacKay Elementary School,"111 Jefferson Avenue, Tenafly, NJ, 07670",https://www.greatschools.org/new-jersey/tenafly/1940-Malcolm-S.-MacKay-Elementary-School/,10.0
Ralph S. Maugham Elementary School,"111 Magnolia Avenue, Tenafly, NJ, 07670",https://www.greatschools.org/new-jersey/tenafly/1941-Ralph-S.-Maugham-Elementary-School/,10.0
Sara M. Gilmore Academy,"1700 Kerrigan Avenue, Union City, NJ, 07087",https://www.greatschools.org/new-jersey/weehawken/1993-Woodrow-Wilson-School/,10.0
Edward T. Hamilton Elementary School,"1 Boundary Lane, Voorhees Township, NJ, 08043",https://www.greatschools.org/new-jersey/voorhees-township/2067-Edward-T.-Hamilton-Elementary-School/,10.0
Schuyler Colfax Mid School,"1500 Hamburg Turnpike, Wayne, NJ, 07470",https://www.greatschools.org/new-jersey/wayne/2134-Schuyler--Colfax-Mid-School/,10.0
Academy Allied Health & Science,"2325 Heck Avenue, Neptune City, NJ, 07753",https://www.greatschools.org/new-jersey/neptune-city/2152-Academy-Allied-Health--Sci/,10.0
Marine Academy of Science and Technology,"305 MAST Way, Highlands, NJ, 07732",https://www.greatschools.org/new-jersey/highlands/2154-Marine-Academy-Sci--Tech/,10.0
High Technology High School,"765 NEWMAN SPRINGS ROAD, Middletown Township, NJ, 07738",https://www.greatschools.org/new-jersey/middletown/2157-High-Technology-High-School/,10.0
Washington Elementary School,"900 Saint Marks Avenue, Westfield, NJ, 07090",https://www.greatschools.org/new-jersey/westfield/2205-Washington-Elementary-School/,10.0
Union County Magnet High School,"1776 Raritan Road, Scotch Plains, NJ, 07076",https://www.greatschools.org/new-jersey/scotch-plains/2233-Union-Cty-Magnet-High-School/,10.0
Union County Vocational Technical School,"1776 Raritan Road, Scotch Plains, NJ, 07076",https://www.greatschools.org/new-jersey/scotch-plains/2234-Union-County-Vocational-Technical-School/,10.0
Catherine E. Doyle Elementary School,"250 WOOD RIDGE AVE, Wood-Ridge, NJ, 07075",https://www.greatschools.org/new-jersey/wood_ridge/2276-Catherine-E.-Doyle-Elementary-School/,10.0
Joseph D. Sharp Elementary School,"300 Old Orchard Road, Cherry Hill, NJ, 08003",https://www.greatschools.org/new-jersey/cherry-hill/304-Joseph-D.-Sharp-Elementary-School/,10.0
Princeton Charter School,"100 Bunn Drive, Princeton, NJ, 08540",https://www.greatschools.org/new-jersey/princeton/3358-Princeton-Charter-School/,10.0
Edison Academy Magnet School,"100 Technology Drive, Edison, NJ, 08837",https://www.greatschools.org/new-jersey/edison/3418-Academy-Of-Science-Vocational-School/,10.0
Communications High School,"1740 NEW BEDFORD ROAD, Wall Township, NJ, 07719",https://www.greatschools.org/new-jersey/wall-township/3429-Communications-High-School/,10.0
Alexander Hamilton School,"380 Harristown Road, Glen Rock, NJ, 07452",https://www.greatschools.org/new-jersey/glen-rock/3488-Alexander-Hamilton-School/,10.0
Stony Brook Elementary School,"20 Stephenson Road, Pennington, NJ, 08534",https://www.greatschools.org/new-jersey/pennington/3491-Stony-Brook-Elementary-School/,10.0
"Mathematics, Science & Engineering School","520 West Main Street, Rockaway, NJ, 07866",https://www.greatschools.org/new-jersey/rockaway/3497-Mathematics-Science--Engineering-School/,10.0
Alpine Elementary School,"500 Hillside Avenue, Alpine, NJ, 07620",https://www.greatschools.org/new-jersey/alpine/35-Alpine-Elementary-School/,10.0
Biotechnology High School,"5000 Kozloski Road, Freehold, NJ, 07728",https://www.greatschools.org/new-jersey/freehold/4274-Biotechnology-High-School/,10.0
Marine Academy of Technology and Environmental Science,"195 CEDAR BRIDGE ROAD, Stafford Township, NJ, 08050",https://www.greatschools.org/new-jersey/stafford-township/4287-Marine-Academy-Of-Technology-And-Environmental-Science/,10.0
Montgomery Lower Mid School,"373 Burnt Hill Road, Montgomery, NJ, 08558",https://www.greatschools.org/new-jersey/montgomery/4303-Montgomery-Lower-Mid-School/,10.0
Academy for Allied Health Sciences,"1776 Raritan Road, Scotch Plains, NJ, 07076",https://www.greatschools.org/new-jersey/scotch-plains/4311-Academy-For-Allied-Hlth-Sci/,10.0
The Academy for Information Technology,"1776 Raritan Road, Scotch Plains, NJ, 07076",https://www.greatschools.org/new-jersey/scotch-plains/4312-Academy-For-Info-Tech/,10.0
Upper School,"143 Charlotte Place, Englewood Cliffs, NJ, 07632",https://www.greatschools.org/new-jersey/englewood-cliffs/546-Englewood-Cliffs-Upper-School/,10.0
Lyncrest Elementary School,"9-04 MORLOT AVE, Fair Lawn, NJ, 07410",https://www.greatschools.org/new-jersey/fair-lawn/574-Lyncrest-Elementary-School/,10.0
Radburn Elementary School,"18-00 RADBURN RD, Fair Lawn, NJ, 07410",https://www.greatschools.org/new-jersey/fair-lawn/575-Radburn-Elementary-School/,10.0
Woodside Avenue Elementary School,"305 Woodside Avenue, Franklin Lakes, NJ, 07417",https://www.greatschools.org/new-jersey/franklin-lakes/607-Woodside-Avenue-Elementary-School/,10.0
Academy For Performing Arts,"1776 Raritan Road, Scotch Plains, NJ, 07076",https://www.greatschools.org/new-jersey/scotch-plains/6902-Academy-For-Perform-Arts/,10.0
Infinity Institute,"193 Old Bergen Road, Jersey City, NJ, 07305",https://www.greatschools.org/new-jersey/jersey-city/7066-Infinity-Institute/,10.0
Central Elementary School,"THREE LINCOLN AVENUE, Haddonfield, NJ, 08033",https://www.greatschools.org/new-jersey/pennsauken-township/719-Central-Elementary-School/,10.0
Thomas Edison EnergySmart Charter School,"150 Pierce Street, Franklin Township, NJ, 08873",https://www.greatschools.org/new-jersey/somerset/7281-Thomas-Edison-EnergySmart-Charter-School/,10.0
Woods Road Elementary School,"120 South Woods Road, Hillsborough Township, NJ, 08844",https://www.greatschools.org/new-jersey/hillsborough-township/794-Woods-Road-Elementary-School/,10.0
Ho-Ho-Kus Elementary School,"70 LLOYD ROAD, Ho-Ho-Kus, NJ, 07423",https://www.greatschools.org/new-jersey/ho_ho_kus/805-Ho-Ho-Kus-Elementary-School/,10.0
Indian Hill School,"735 Holmdel Road, Holmdel, NJ, 07733",https://www.greatschools.org/new-jersey/holmdel/815-Indian-Hill-School/,10.0
Village Elementary School,"67 McCampbell Road, Holmdel, NJ, 07733",https://www.greatschools.org/new-jersey/holmdel/816-Village-Elementary-School/,10.0
Toll Gate/Grammar Elementary School,"275 South Main Street, Pennington, NJ, 08534",https://www.greatschools.org/new-jersey/pennington/826-Toll-Gate-Grammar-Elementary-School/,10.0
Dr. Ronald Mc Nair Academic High School,"123 Coles Street, Jersey City, NJ, 07302",https://www.greatschools.org/new-jersey/jersey-city/878-Dr.-Ronald-Mc-Nair-Academy-High-School/,10.0
Diana C. Lobosco Stem Academy,"45 Reinhardt Road, Wayne, NJ, 07470",https://www.greatschools.org/new-jersey/wayne/9208-Diana-C.-Lobosco-Stem-Academy/,10.0
Point Road School,"357 Little Silver Point Road, Little Silver, NJ, 07739",https://www.greatschools.org/new-jersey/little-silver/996-Point-Road-Elementary-School/,10.0
Mount Pleasant Elementary School,"11 Broadlawn Drive, Livingston, NJ, 07039",https://www.greatschools.org/new-jersey/livingston/1003-Mount-Pleasant-Elementary-School/,9.0
Burnet Hill School,"25 Byron Place, Livingston, NJ, 07039",https://www.greatschools.org/new-jersey/livingston/1005-Burnet-Hill-School/,9.0
Central Avenue Elementary School,"50 Central Avenue, Madison, NJ, 07940",https://www.greatschools.org/new-jersey/madison/1053-Central-Avenue-Elementary-School/,9.0
Raymond E. Voorhees Elementary School,"11 Liberty Street, Old Bridge, NJ, 08857",https://www.greatschools.org/new-jersey/old-bridge-township/1068-Raymond-E.-Voorhees-Elementary-School/,9.0
Lafayette Mills Elementary School,"66 MAXWELL LANE, Manalapan Township, NJ, 07726",https://www.greatschools.org/new-jersey/manalapan-township/1082-Lafayette-Mills-Elementary-School/,9.0
Mannington Elementary School,"495 New Jersey 45, Salem, NJ, 08079",https://www.greatschools.org/new-jersey/salem/1094-Mannington-Elementary-School/,9.0
Eugene A Tighe Mid School,"7804 AMHERST AVENUE, Margate City, NJ, 08402",https://www.greatschools.org/new-jersey/margate/1109-Eugene-A-Tighe-Mid-School/,9.0
Jefferson Elementary School,"200 Hickory Avenue, Bergenfield, NJ, 07621",https://www.greatschools.org/new-jersey/bergenfield/111-Jefferson-Elementary-School/,9.0
Frank Defino Central Elementary School,"175 Route 79 North, Marlboro, NJ, 07746",https://www.greatschools.org/new-jersey/marlboro-township/1111-Frank-Defino-Central-Elementary-School/,9.0
Lincoln Elementary School,"115 Highview Avenue, Bergenfield, NJ, 07621",https://www.greatschools.org/new-jersey/bergenfield/112-Lincoln-Elementary-School/,9.0
Taunton Forge Elementary School,"32 Evergreen Trail, Medford, NJ, 08055",https://www.greatschools.org/new-jersey/medford/1132-Taunton-Forge-Elementary-School/,9.0
Mendham Twp Elementary School,"18 WEST MAIN STREET, Mendham Township, NJ, 07926",https://www.greatschools.org/new-jersey/mendham/1136-Mendham-Twp-Elementary-School/,9.0
Highland Avenue Elementary School,"31 Highland Avenue, Midland Park, NJ, 07432",https://www.greatschools.org/new-jersey/midland-park/1178-Highland-Avenue-Elementary-School/,9.0
Columbia Middle School,"345 Plainfield Avenue, Berkeley Heights, NJ, 07922",https://www.greatschools.org/new-jersey/berkeley-heights/118-Columbia-Middle-School/,9.0
South Mountain Elementary School,"2 Southern Slope Drive, Millburn, NJ, 07041",https://www.greatschools.org/new-jersey/millburn/1180-South-Mountain-Elementary-School/,9.0
Millburn Middle School,"25 OLD SHORT HILLS RD, Millburn, NJ, 07041",https://www.greatschools.org/new-jersey/millburn/1182-Millburn-Middle-School/,9.0
Hartshorn Elementary School,"400 HARTSHORN DRIVE, Millburn, NJ, 07078",https://www.greatschools.org/new-jersey/millburn/1185-Hartshorn-Elementary-School/,9.0
Mountain Park Elementary School,"55 Fairfax Drive, Berkeley Heights, NJ, 07922",https://www.greatschools.org/new-jersey/berkeley-heights/119-Mountain-Park-Elementary-School/,9.0
Montgomery Upper Mid School,"375 Burnt Hill Road, Montgomery, NJ, 08558",https://www.greatschools.org/new-jersey/montgomery/1228-Montgomery-Upper-Mid-School/,9.0
Cedar Hill Elementary School,"46 PINE BROOK ROAD, Montville, NJ, 07082",https://www.greatschools.org/new-jersey/montville/1232-Cedar-Hill-Elementary-School/,9.0
Woodmont Elementary School,"39 WOODMONT ROAD, Montville, NJ, 07058",https://www.greatschools.org/new-jersey/montville/1237-Woodmont-Elementary-School/,9.0
Morris County School Of Technology,"400 East Main Street, Denville, NJ, 07834",https://www.greatschools.org/new-jersey/denville/1244-Morris-Co-School-Of-Tech/,9.0
Mountain Lakes High School,"96 Powerville Road, Mountain Lakes, NJ, 07046",https://www.greatschools.org/new-jersey/mountain-lakes/1277-Mountain-Lakes-High-School/,9.0
Briarcliff Elementary School,"93 Briarcliff Road, Mountain Lakes, NJ, 07046",https://www.greatschools.org/new-jersey/mountain-lakes/1278-Briarcliff-Elementary-School/,9.0
William Annin Middle School,"70 Quincy Road, Bernards, NJ, 07920",https://www.greatschools.org/new-jersey/bernards/128-William-Annin-Middle-School/,9.0
Bertram F. Gibbs Elementary School,"195 Sutton Place, New Milford, NJ, 07646",https://www.greatschools.org/new-jersey/new-milford/1308-Bertram-F.-Gibbs-Elementary-School/,9.0
Cedar Hill School,"100 Peachtree Road, Bernards, NJ, 07920",https://www.greatschools.org/new-jersey/bernards/131-Cedar-Hill-School/,9.0
Allen W. Roberts Elementary School,"80 Jones Drive, New Providence, NJ, 07974",https://www.greatschools.org/new-jersey/new-providence/1311-Allen-W.-Roberts-Elementary-School/,9.0
Salt Brook Elementary School,"40 Maple Street, New Providence, NJ, 07974",https://www.greatschools.org/new-jersey/new-providence/1312-Salt-Brook-Elementary-School/,9.0
Brookdale Elementary School,"1230 Broad Street, Bloomfield, NJ, 07003",https://www.greatschools.org/new-jersey/bloomfield/142-Brookdale-Elementary-School/,9.0
Voorhees High School,"256 County Route 513, Glen Gardner, NJ, 08826",https://www.greatschools.org/new-jersey/glen-gardner/1420-Voorhees-High-School/,9.0
Northern Highlands Regional High School,"298 Hillside Avenue, Allendale, NJ, 07401",https://www.greatschools.org/new-jersey/allendale/1429-Northern-Highlands-Reg-High-School/,9.0
Northern Valley Regional High School at Demarest,"150 Knickerbocker Road, Demarest, NJ, 07627",https://www.greatschools.org/new-jersey/demarest/1430-N-Valley-Reg-H-Demarest/,9.0
Northern Valley Regional High School at Old Tappan,"140 Central Avenue, Old Tappan, NJ, 07675",https://www.greatschools.org/new-jersey/old-tappan/1431-N-Valley-Reg-H-Old-Tappan/,9.0
Northvale Public School,"441 Tappan Road, Northvale, NJ, 07647",https://www.greatschools.org/new-jersey/northvale/1434-Northvale-Public-School/,9.0
Norwood Elementary School,"177 Summit Street, Norwood, NJ, 07648",https://www.greatschools.org/new-jersey/norwood/1436-Norwood-Elementary-School/,9.0
Washington Elementary School,"155 Washington Avenue, Nutley, NJ, 07110",https://www.greatschools.org/new-jersey/nutley/1442-Washington-Elementary-School/,9.0
Yantacaw Elementary School,"20 Yantacaw Place, Nutley, NJ, 07110",https://www.greatschools.org/new-jersey/nutley/1443-Yantacaw-Elementary-School/,9.0
Manito Elementary School,"111 Manito Avenue, Oakland, NJ, 07436",https://www.greatschools.org/new-jersey/oakland/1446-Manito-Elementary-School/,9.0
Wolf Hill Elementary School,"29 Wolfhill Avenue, Oceanport, NJ, 07757",https://www.greatschools.org/new-jersey/oceanport/1467-Wolf-Hill-Elementary-School/,9.0
Charles Dewolf Middle School,"275 Old Tappan Road, Old Tappan, NJ, 07675",https://www.greatschools.org/new-jersey/old-tappan/1469-Charles-Dewolf-Middle-School/,9.0
Oak View Elementary School,"150 Garrabrant Avenue, Bloomfield, NJ, 07003",https://www.greatschools.org/new-jersey/bloomfield/147-Oak-View-Elementary-School/,9.0
T. Baldwin Demarest Elementary School,"1 School Street, Old Tappan, NJ, 07675",https://www.greatschools.org/new-jersey/old-tappan/1470-T.-Baldwin-Demarest-Elementary-School/,9.0
Memorial Elementary School,"EAST 203 MIDLAND AVENUE, Paramus, NJ, 07652",https://www.greatschools.org/new-jersey/paramus/1494-Memorial-Elementary-School/,9.0
West Ridge Elementary School,"18 South 1st Street, Park Ridge, NJ, 07656",https://www.greatschools.org/new-jersey/park-ridge/1500-West-Ridge-Elementary-School/,9.0
Lake Parsippany Elementary School,"225 Kingston Road, Parsippany-Troy Hills, NJ, 07054",https://www.greatschools.org/new-jersey/parsippany_troy-hills/1509-Lake-Parsippany-Elementary-School/,9.0
Northvail Elementary School,"10 EILEEN COURT, Parsippany-Troy Hills, NJ, 07054",https://www.greatschools.org/new-jersey/parsippany_troy-hills/1511-Northvail-Elementary-School/,9.0
Pascack Valley High School,"200 Piermont Avenue, Hillsdale, NJ, 07642",https://www.greatschools.org/new-jersey/hillsdale/1515-Pascack-Valley-High-School/,9.0
School 28,"200 Presidential Boulevard, Paterson, NJ, 07522",https://www.greatschools.org/new-jersey/paterson/1564-Number-28-Elementary-School/,9.0
Riverside Elementary School,"58 Riverside Drive, Princeton, NJ, 08540",https://www.greatschools.org/new-jersey/princeton/1683-Riverside-Elementary-School/,9.0
Hawes Elementary School,"531 STEVENS AVENUE, Ridgewood, NJ, 07451",https://www.greatschools.org/new-jersey/ridgewood/1734-Hawes-Elementary-School/,9.0
Travell Elementary School,"340 BOGERT AVE, Ridgewood, NJ, 07451",https://www.greatschools.org/new-jersey/ridgewood/1737-Travell-Elementary-School/,9.0
Stony Brook Elementary School,"44 Stony Brook Road, Rockaway, NJ, 07866",https://www.greatschools.org/new-jersey/rockaway/1762-Stony-Brook-Elementary-School/,9.0
Rumson Fair Haven Regional High School,"74 Ridge Road, Rumson, NJ, 07760",https://www.greatschools.org/new-jersey/rumson/1785-Rumson-Fair-Haven-Reg-High-School/,9.0
Pierrepont Elementary School,"70 East Pierrepont Avenue, Rutherford, NJ, 07070",https://www.greatschools.org/new-jersey/rutherford/1791-Pierrepont-Elementary-School/,9.0
Evergreen Elementary School,"2280 Evergreen Avenue, Scotch Plains, NJ, 07076",https://www.greatschools.org/new-jersey/scotch-plains/1821-Evergreen-Elementary-School/,9.0
Shrewsbury Elementary School,"20 Obre Place, Shrewsbury, NJ, 07702",https://www.greatschools.org/new-jersey/shrewsbury/1835-Shrewsbury-Elementary-School/,9.0
Lincoln Hubbard Elementary School,"52 Woodland Avenue, Summit, NJ, 07901",https://www.greatschools.org/new-jersey/summit/1921-Lincoln--Hubbard-Elementary-School/,9.0
Washington Elementary School,"507 Morris Avenue, Summit, NJ, 07901",https://www.greatschools.org/new-jersey/summit/1922-Washington-Elementary-School/,9.0
Tenafly Middle School,"10 Sunset Lane, Tenafly, NJ, 07670",https://www.greatschools.org/new-jersey/tenafly/1942-Tenafly-Middle-School/,9.0
Jefferson Elementary School,"3400 Palisade Avenue, Union City, NJ, 07087",https://www.greatschools.org/new-jersey/union-city/1999-Jefferson-Elementary-School/,9.0
Van Holten Elementary School,"360 Van Holten Road, Bridgewater, NJ, 08807",https://www.greatschools.org/new-jersey/bridgewater-township/200-Van-Holten-Elementary-School/,9.0
Union Twp Middle School,"165 Perryville Road, Hampton, NJ, 08827",https://www.greatschools.org/new-jersey/hampton/2008-Union-Twp-Middle-School/,9.0
Emil A. Cavallini Middle School,"392 West Saddle River Road, Upper Saddle River, NJ, 07458",https://www.greatschools.org/new-jersey/upper-saddle-river/2029-Emil-A.-Cavallini-Middle-School/,9.0
Kresson School,"7 SCHOOL LANE, Voorhees Township, NJ, 08043",https://www.greatschools.org/new-jersey/voorhees-township/2068-Kresson-School/,9.0
Allenwood Elementary School,"3301 ALLENWOOD LAKEWOOD RD, Wall Township, NJ, 07719",https://www.greatschools.org/new-jersey/wall-township/2078-Allenwood-Elementary-School/,9.0
Old Farmers Road Elementary School,"51 OLD FARMERS ROAD, Washington Township, NJ, 07853",https://www.greatschools.org/new-jersey/washington-township/2114-Old-Farmers-Road-Elementary-School/,9.0
Randall Carter Elementary School,"531 Alps Road, Wayne, NJ, 07470",https://www.greatschools.org/new-jersey/wayne/2132-Randall-Carter-Elementary-School/,9.0
Village School,"601 NEW VILLAGE ROAD, West Windsor Township, NJ, 08550",https://www.greatschools.org/new-jersey/west-windsor-township/2188-Village-School/,9.0
Wilson Elementary School,"301 Linden Avenue, Westfield, NJ, 07090",https://www.greatschools.org/new-jersey/westfield/2206-Wilson-Elementary-School/,9.0
Berkeley Avenue Elementary School,"47 Berkeley Avenue, Westwood, NJ, 07675",https://www.greatschools.org/new-jersey/westwood/2209-Berkeley-Avenue-Elementary-School/,9.0
Dorchester Elementary School,"100 Dorchester Road, Woodcliff Lake, NJ, 07677",https://www.greatschools.org/new-jersey/woodcliff-lake/2271-Dorchester-Elementary-School/,9.0
Abraham Lincoln Elementary School,"325 Mason Avenue, Wyckoff, NJ, 07481",https://www.greatschools.org/new-jersey/wyckoff/2281-Abraham-Lincoln-Elementary-School/,9.0
A. Russell Knight Elementary School,"140 Old Carriage Road, Cherry Hill, NJ, 08034",https://www.greatschools.org/new-jersey/cherry-hill/295-A.-Russell-Knight-Elementary-School/,9.0
Brookside Elementary School,"100 Brookside Avenue, Allendale, NJ, 07401",https://www.greatschools.org/new-jersey/allendale/31-Brookside-Elementary-School/,9.0
Soaring Heights Charter School,"1 Romar Avenue, Jersey City, NJ, 07305",https://www.greatschools.org/new-jersey/jersey-city/3351-Soaring-Heights-Charter-School/,9.0
Mount Prospect Elementary School,"111 Hansom Road, Bernards, NJ, 07920",https://www.greatschools.org/new-jersey/bernards/3371-Mount-Prospect-Elementary-School/,9.0
Gray Charter School,"55 Liberty Street, Newark, NJ, 07102",https://www.greatschools.org/new-jersey/newark/3407-Gray-Charter-School/,9.0
Madison School No 10,"55 Lincoln Place, Garfield, NJ, 07026",https://www.greatschools.org/new-jersey/garfield/3414-Madison-School--No-10/,9.0
William H. Ross III Intermediate School,"101 N HAVERFORD AVENUE, Margate City, NJ, 08402",https://www.greatschools.org/new-jersey/margate-city/3417-William-H.-Ross-III-Intermediate-School/,9.0
Wemrock Brook School,"118 MILLHURST ROAD, Manalapan Township, NJ, 07726",https://www.greatschools.org/new-jersey/manalapan-township/3452-Wemrock-Brook-School/,9.0
Tenakill Middle School,"275 High Street, Closter, NJ, 07624",https://www.greatschools.org/new-jersey/closter/355-Tenakill-Middle-School/,9.0
James A. Garfield Elementary School,"480 Haddon Avenue, Collingswood, NJ, 08108",https://www.greatschools.org/new-jersey/collingswood/358-James-A.-Garfield-Elementary-School/,9.0
William P. Tatem Elementary School,"265 Lincoln Avenue, Collingswood, NJ, 08108",https://www.greatschools.org/new-jersey/collingswood/361-William-P.-Tatem-Elementary-School/,9.0
Conover Road School,"76 Conover Road, Colts Neck, NJ, 07722",https://www.greatschools.org/new-jersey/colts-neck/364-Conover-Road-School/,9.0
Brookside Place Elementary School,"700 Brookside Place, Cranford, NJ, 07016",https://www.greatschools.org/new-jersey/cranford/372-Brookside-Place-Elementary-School/,9.0
Lake Hiawatha School,"1 Lincoln Avenue, Parsippany-Troy Hills, NJ, 07034",https://www.greatschools.org/new-jersey/parsippany_troy-hills/4155-Lake-Hiawatha-School/,9.0
Chairville Elementary School,"36 Chairville Road, Medford, NJ, 08055",https://www.greatschools.org/new-jersey/medford/4211-Chairville-Elementary-School/,9.0
Tewksbury Elementary School,"109 Fairmount Road East, Califon, NJ, 07830",https://www.greatschools.org/new-jersey/califon/4251-Tewksbury-Elementary-School/,9.0
Lawrence Brook Elementary School,"48 Sullivan Way, East Brunswick, NJ, 08816",https://www.greatschools.org/new-jersey/east-brunswick/428-Lawrence-Brook-Elementary-School/,9.0
Anthony Wayne Middle School,"201 Garside Avenue, Wayne, NJ, 07470",https://www.greatschools.org/new-jersey/wayne/4297-Anthony-Wayne-Middle-School/,9.0
Terence C. Reilly School #7,"436 1st Avenue, Elizabeth, NJ, 07206",https://www.greatschools.org/new-jersey/elizabeth/502-Terence-C.-Reilly-School-7/,9.0
No 22 William F Halloran,"612 Pulaski Street, Elizabeth, NJ, 07202",https://www.greatschools.org/new-jersey/elizabeth/526-No-22-William-F-Halloran/,9.0
Essex Fells Elementary School,"102 Hawthorne Road, Essex Fells, NJ, 07021",https://www.greatschools.org/new-jersey/essex-fells/551-Essex-Fells-Elementary-School/,9.0
Knollwood Elementary School,"224 Hance Road, Fair Haven, NJ, 07704",https://www.greatschools.org/new-jersey/fair-haven/567-Knollwood-Elementary-School/,9.0
Henry B. Milnes Elementary School,"8-01 PHILLIP ST, Fair Lawn, NJ, 07410",https://www.greatschools.org/new-jersey/fair-lawn/572-Henry-B.-Milnes-Elementary-School/,9.0
Warren Point Elementary School,"30-07 BROADWAY, Fair Lawn, NJ, 07410",https://www.greatschools.org/new-jersey/fair-lawn/576-Warren-Point-Elementary-School/,9.0
Brooklake Elementary School,"235 Brooklake Road, Florham Park, NJ, 07932",https://www.greatschools.org/new-jersey/florham-park/595-Brooklake-Elementary-School/,9.0
School No. 1,"250 Hoym Street, Fort Lee, NJ, 07024",https://www.greatschools.org/new-jersey/fort-lee/599-Number-1-Elementary-School/,9.0
School No. 2,"2047 Jones Road, Fort Lee, NJ, 07024",https://www.greatschools.org/new-jersey/fort-lee/600-Number-2-Elementary-School/,9.0
School No. 3,"2405 2nd Street, Fort Lee, NJ, 07024",https://www.greatschools.org/new-jersey/fort-lee/601-Number-3-Elementary-School/,9.0
Franklin Ave Middle School,"755 Franklin Avenue, Franklin Lakes, NJ, 07417",https://www.greatschools.org/new-jersey/franklin-lakes/605-Franklin-Ave-Middle-School/,9.0
Fredon Township Elementary School,"459 New Jersey 94, Newton, NJ, 07860",https://www.greatschools.org/new-jersey/newton/622-Fredon-Township-Elementary-School/,9.0
Bay Head Elementary School,"145 Grove Street, Bay Head, NJ, 08742",https://www.greatschools.org/new-jersey/bay-head/65-Bay-Head-Elementary-School/,9.0
Ridgewood Avenue School,"235 Ridgewood Avenue, Glen Ridge, NJ, 07028",https://www.greatschools.org/new-jersey/glen-ridge/666-Ridgewood-Avenue-School/,9.0
Richard E. Byrd Elementary School,"640 Doremus Avenue, Glen Rock, NJ, 07452",https://www.greatschools.org/new-jersey/glen-rock/670-Richard-E.-Byrd-Elementary-School/,9.0
Hatikvah International Charter School,"7 Lexington Avenue, East Brunswick, NJ, 08816",https://www.greatschools.org/new-jersey/east-brunswick/7127-Hatikvah-International-Charter-School/,9.0
Applegarth Elementary School,"227 Applegarth Rd, Monroe Township, NJ, 08831",https://www.greatschools.org/new-jersey/monroe-township/7146-Applegarth-Elementary-School/,9.0
Euclid Elementary School,"1 Burton Avenue, Hasbrouck Heights, NJ, 07604",https://www.greatschools.org/new-jersey/hasbrouck-heights/772-Euclid-Elementary-School/,9.0
Haworth Elementary School,"205 Valley Road, Haworth, NJ, 07641",https://www.greatschools.org/new-jersey/haworth/774-Haworth-Elementary-School/,9.0
Amsterdam School,"301 Amsterdam Drive, Hillsborough Township, NJ, 08844",https://www.greatschools.org/new-jersey/hillsborough-township/795-Amsterdam-School/,9.0
Holmdel High School,"36 Crawfords Corner Road, Holmdel, NJ, 07733",https://www.greatschools.org/new-jersey/holmdel/813-Holmdel-High-School/,9.0
County Prep High School,"525 MONTGOMERY STREET, Jersey City, NJ, 07306",https://www.greatschools.org/new-jersey/jersey-city/841-County-Prep-High-School/,9.0
Hunterdon County Academies,"8 Bartles Corner Road, Flemington, NJ, 08822",https://www.greatschools.org/new-jersey/flemington/8855-Hunterdon-County-Academies/,9.0
Applied Technology High School,"400 Paramus Road, Paramus, NJ, 07652",https://www.greatschools.org/new-jersey/paramus/8866-Applied-Technology-High-School/,9.0
Mercer County Technical School Stem Academy,"129 Bull Run Road, Pennington, NJ, 08534",https://www.greatschools.org/new-jersey/pennington/8889-Mercer-County-Technical-School-STEM-Academy/,9.0
Academy For Biotechnology,"96 Powerville Road, Mountain Lakes, NJ, 07046",https://www.greatschools.org/new-jersey/mountain-lakes/8892-Academy-For-Biotechnology/,9.0
Thomas Jefferson School #9,"62 Alpine Street, Garfield, NJ, 07026",https://www.greatschools.org/new-jersey/garfield/8904-Thomas-Jefferson-School-9/,9.0
Cornelia F. Bradford No. 16 Elementary School,"96 Sussex Street, Jersey City, NJ, 07302",https://www.greatschools.org/new-jersey/jersey-city/902-Cornelia-F.-Bradford-School/,9.0
Lincoln School,"258 Grove Street, East Rutherford, NJ, 07073",https://www.greatschools.org/new-jersey/east-rutherford/9238-Lincoln-School/,9.0
Kinnelon High School,"121 Kinnelon Road, Kinnelon, NJ, 07405",https://www.greatschools.org/new-jersey/kinnelon/928-Kinnelon-High-School/,9.0
Stonybrook Elementary School,"118 BOONTON AVENUE, Kinnelon, NJ, 07405",https://www.greatschools.org/new-jersey/butler/931-Stonybrook-Elementary-School/,9.0
Markham Place Elementary School,"95 Markham Place, Little Silver, NJ, 07739",https://www.greatschools.org/new-jersey/little-silver/995-Markham-Place-Elementary-School/,9.0
Livingston Sr High School,"30 Robert H Harp Drive, Livingston, NJ, 07039",https://www.greatschools.org/new-jersey/livingston/997-Livingston-Sr--High-School/,9.0
Mt Pleasant Middle School,"11 Broadlawn Drive, Livingston, NJ, 07039",https://www.greatschools.org/new-jersey/livingston/999-Mt-Pleasant-Middle-School/,9.0
Chatham High School,"255 LAFAYETTE AVENUE, Chatham, NJ, 07928",https://www.greatschools.org/new-jersey/chatham-township/1-Chatham-High-School/,8.0
Riker Hill Elementary School,"31 Blackstone Drive, Livingston, NJ, 07039",https://www.greatschools.org/new-jersey/livingston/1004-Riker-Hill-Elementary-School/,8.0
Columbus Elementary School,"370 Westervelt Place, Lodi, NJ, 07644",https://www.greatschools.org/new-jersey/lodi/1007-Columbus-Elementary-School/,8.0
Wilson Elementary School,"80 Union Street, Lodi, NJ, 07644",https://www.greatschools.org/new-jersey/lodi/1011-Wilson-Elementary-School/,8.0
Roosevelt School,"435 Passaic Avenue, Lodi, NJ, 07644",https://www.greatschools.org/new-jersey/lodi/1012-Roosevelt/,8.0
Lower Alloways Creek Elementary School,"967 Main Saint - Canton Road, Salem, NJ, 08079",https://www.greatschools.org/new-jersey/salem/1025-Lower-Alloways-Creek-Elementary-School/,8.0
Kings Road School,"215 Kings Road, Madison, NJ, 07940",https://www.greatschools.org/new-jersey/madison/1054-Kings-Road-Elementary-School/,8.0
Torey J. Sabatini Elementary School,"Glenwild Circle, Madison, NJ, 07940",https://www.greatschools.org/new-jersey/madison/1056-Torey-J.-Sabatini-Elementary-School/,8.0
Clark Mills Elementary School,"34 GORDONS CORNER ROAD, Manalapan Township, NJ, 07726",https://www.greatschools.org/new-jersey/manalapan-township/1081-Clark-Mills-Elementary-School/,8.0
Milford Brook Elementary School,"20 GLOBAR TERRACE, Manalapan Township, NJ, 07726",https://www.greatschools.org/new-jersey/manalapan-township/1083-Milford-Brook-Elementary-School/,8.0
Taylor Mills Elementary School,"77 GORDONS CORNER ROAD, Manalapan Township, NJ, 07726",https://www.greatschools.org/new-jersey/manalapan-township/1085-Taylor-Mills-Elementary-School/,8.0
Franklin Elementary School,"2 North Franklin Avenue, Bergenfield, NJ, 07621",https://www.greatschools.org/new-jersey/bergenfield/109-Franklin-Elementary-School/,8.0
Centre City Elementary School,"301 COLUMBUS DR, Mantua Township, NJ, 08051",https://www.greatschools.org/new-jersey/mantua-township/1098-Centre-City-Elementary-School/,8.0
Hoover Elementary School,"273 Murray Hill Terrace, Bergenfield, NJ, 07621",https://www.greatschools.org/new-jersey/bergenfield/110-Hoover-Elementary-School/,8.0
Maywood Avenue Elementary School,"452 Maywood Avenue, Maywood, NJ, 07607",https://www.greatschools.org/new-jersey/maywood/1124-Maywood-Avenue-Elementary-School/,8.0
Metuchen High School,"400 Grove Avenue, Metuchen, NJ, 08840",https://www.greatschools.org/new-jersey/metuchen/1142-Metuchen-High-School/,8.0
Campbell Elementary School,"24 Durham Avenue, Metuchen, NJ, 08840",https://www.greatschools.org/new-jersey/metuchen/1143-Campbell-Elementary-School/,8.0
Edgar Middle School,"49 Brunswick Avenue, Metuchen, NJ, 08840",https://www.greatschools.org/new-jersey/metuchen/1144-Edgar-Middle-School/,8.0
Fairview Elementary School,"230 Cooper Road, Red Bank, NJ, 07701",https://www.greatschools.org/new-jersey/red-bank/1167-Fairview-Elementary-School/,8.0
Lincroft Elementary School,"729 NEWMAN SPRINGS ROAD, Middletown Township, NJ, 07738",https://www.greatschools.org/new-jersey/middletown/1170-Lincroft-Elementary-School/,8.0
Navesink Elementary School,"151 Monmouth Avenue, Atlantic Highlands, NJ, 07716",https://www.greatschools.org/new-jersey/atlantic-highlands/1172-Navesink-Elementary-School/,8.0
Millburn Sr High School,"462 MILLBURN AVE, Millburn, NJ, 07041",https://www.greatschools.org/new-jersey/millburn/1181-Millburn-Sr-High-School/,8.0
Hillside Elementary School,"54 Orange Road, Montclair, NJ, 07042",https://www.greatschools.org/new-jersey/montclair/1220-Hillside-Elementary-School/,8.0
Montgomery High School,"1016 Route 601, Montgomery, NJ, 08558",https://www.greatschools.org/new-jersey/skillman/1226-Montgomery-High-School/,8.0
Memorial Elementary School,"53 East Grand Avenue, Montvale, NJ, 07645",https://www.greatschools.org/new-jersey/montvale/1230-Memorial-Elementary-School/,8.0
Robert R Lazar Middle School,"123 Changebridge Road, Montville, NJ, 07045",https://www.greatschools.org/new-jersey/montville/1233-Robert-R-Lazar-Middle-School/,8.0
Valley View Elementary School,"30 MONTGOMERY AVENUE, Montville, NJ, 07045",https://www.greatschools.org/new-jersey/montville/1235-Valley-View-Elementary-School/,8.0
Mr. Robert L. Craig Elementary School,"20 West Park Street, Moonachie, NJ, 07074",https://www.greatschools.org/new-jersey/moonachie/1238-MR.-Robert-L.-Craig-Elementary-School/,8.0
Moorestown High School,"350 Bridgeboro Road, Moorestown, NJ, 08057",https://www.greatschools.org/new-jersey/moorestown/1239-Moorestown-High-School/,8.0
Borough Elementary School,"500 Speedwell Avenue, Morris Plains, NJ, 07950",https://www.greatschools.org/new-jersey/morris-plains/1247-Borough-Elementary-School/,8.0
Ridge High School,"268 South Finley Avenue, Bernards, NJ, 07920",https://www.greatschools.org/new-jersey/bernards/127-Ridge-High-School/,8.0
Wildwood Elementary School,"51 Glen Road, Mountain Lakes, NJ, 07046",https://www.greatschools.org/new-jersey/mountain-lakes/1280-Wildwood-Elementary-School/,8.0
Oak Street Elementary School,"70 West Oak Street, Bernards, NJ, 07920",https://www.greatschools.org/new-jersey/bernards/129-Oak-Street-Elementary-School/,8.0
Liberty Corner Elementary School,"61 Church Street, Bernards, NJ, 07938",https://www.greatschools.org/new-jersey/bernards/130-Liberty-Corner-Elementary-School/,8.0
Technology High School,"223 BROADWAY, Newark, NJ, 07102",https://www.greatschools.org/new-jersey/newark/1315-Technology-High-School/,8.0
Science High School,"260 NORFOLK STREET, Newark, NJ, 07102",https://www.greatschools.org/new-jersey/newark/1322-Science-High-School/,8.0
Spring Garden Elementary School,"59 South Spring Garden Avenue, Nutley, NJ, 07110",https://www.greatschools.org/new-jersey/nutley/1441-Spring-Garden-Elementary-School/,8.0
Ocean Twp Elementary School,"555 DOW AVENUE, Ocean Township, NJ, 07755",https://www.greatschools.org/new-jersey/ocean-township/1461-Ocean-Twp-Elementary-School/,8.0
Wanamassa Elementary School,"901 BENDERMERE AVENUE, Ocean Township, NJ, 07712",https://www.greatschools.org/new-jersey/wanamassa/1462-Wanamassa-Elementary-School/,8.0
Oradell Elementary School,"350 Prospect Avenue, Oradell, NJ, 07649",https://www.greatschools.org/new-jersey/oradell/1473-Oradell-Elementary-School/,8.0
River Dell Regional High School,"55 Pyle Street, Oradell, NJ, 07649",https://www.greatschools.org/new-jersey/oradell/1474-River-Dell-Regional-High-School/,8.0
East Brook Middle School,"190 Spring Valley Road, Paramus, NJ, 07652",https://www.greatschools.org/new-jersey/paramus/1493-East-Brook-Middle-School/,8.0
Mount Tabor School,"900 PARK RD & ROUTE 53, Parsippany-Troy Hills, NJ, 07878",https://www.greatschools.org/new-jersey/parsippany_troy-hills/1501-Mount-Tabor-School/,8.0
Littleton Elementary School,"250 Brooklawn Drive, Morris Plains, NJ, 07950",https://www.greatschools.org/new-jersey/morris-plains/1510-Littleton-Elementary-School/,8.0
Pascack Hills High School,"225 West Grand Avenue, Montvale, NJ, 07645",https://www.greatschools.org/new-jersey/montvale/1514-Pascack-Hills-High-School/,8.0
Bloomsbury Elementary School,"20 Main Street, Bloomsbury, NJ, 08804",https://www.greatschools.org/new-jersey/bloomsbury/152-Bloomsbury-Elementary-School/,8.0
Central Middle School,"90 Central Avenue, Long Hill, NJ, 07980",https://www.greatschools.org/new-jersey/long-hill/1533-Central-Middle-School/,8.0
Rockaway Valley Elementary School,"11 VALLEY ROAD, Boonton Township, NJ, 07005",https://www.greatschools.org/new-jersey/boonton/160-Rockaway-Valley-Elementary-School/,8.0
Whiton Elementary School,"470 Whiton Road, Branchburg, NJ, 08853",https://www.greatschools.org/new-jersey/branchburg/169-Whiton-Elementary-School/,8.0
Ramapo High School,"331 George Street, Franklin Lakes, NJ, 07417",https://www.greatschools.org/new-jersey/franklin-lakes/1695-Ramapo-High-School/,8.0
Center Grove School,"25 Schoolhouse Road, Randolph, NJ, 07869",https://www.greatschools.org/new-jersey/randolph/1704-Center-Grove-Elementary-School/,8.0
Ridgewood High School,"627 EAST RIDGEWOOD AVE, Ridgewood, NJ, 07451",https://www.greatschools.org/new-jersey/ridgewood/1731-Ridgewood-High-School/,8.0
Ridge Elementary School,"325 West Ridgewood Avenue, Ridgewood, NJ, 07450",https://www.greatschools.org/new-jersey/ridgewood/1735-Ridge-Elementary-School/,8.0
Peter Cooper Elementary School,"54 Roger Court North, Ringwood, NJ, 07456",https://www.greatschools.org/new-jersey/ringwood/1742-Peter-Cooper-Elementary-School/,8.0
Cherry Hill Elementary School,"410 Bogert Road, River Edge, NJ, 07661",https://www.greatschools.org/new-jersey/river-edge/1744-Cherry-Hill-Elementary-School/,8.0
Roberge Elementary School,"617 Westwood Avenue, River Vale, NJ, 07675",https://www.greatschools.org/new-jersey/river-vale/1747-Roberge-Elementary-School/,8.0
Lester C. Noecker Elementary School,"100 Passaic Avenue, Roseland, NJ, 07068",https://www.greatschools.org/new-jersey/roseland/1764-Lester-C.-Noecker-Elementary-School/,8.0
Jefferson Elementary School,"35 CORN HOLLOW ROAD, Roxbury Township, NJ, 07876",https://www.greatschools.org/new-jersey/succasunna/1779-Jefferson-Elementary-School/,8.0
Lincoln Elementary School,"414 Montross Avenue, Rutherford, NJ, 07070",https://www.greatschools.org/new-jersey/rutherford/1790-Lincoln-Elementary-School/,8.0
Howard B. Brunner Elementary School,"721 Westfield Road, Scotch Plains, NJ, 07076",https://www.greatschools.org/new-jersey/scotch-plains/1819-Howard-B.-Brunner-Elementary-School/,8.0
J. Ackerman Coles Elementary School,"16 Kevin Road, Scotch Plains, NJ, 07076",https://www.greatschools.org/new-jersey/scotch-plains/1820-J.-Ackerman-Coles-Elementary-School/,8.0
Sea Girt Elementary School,"451 Bell Place, Sea Girt, NJ, 08750",https://www.greatschools.org/new-jersey/sea-girt/1823-Sea-Girt-Elementary-School/,8.0
Somerset Co Voc Tech High School,"14 Vogt Drive, Bridgewater, NJ, 08807",https://www.greatschools.org/new-jersey/bridgewater-township/1839-Somerset-Co-Voc-Tech-High-School/,8.0
Crossroads South,"195 Major Road, South Brunswick Township, NJ, 08852",https://www.greatschools.org/new-jersey/south-brunswick-township/1855-Crossroads-South/,8.0
Monmouth Junction Elementary School,"630 RIDGE ROAD, South Brunswick Township, NJ, 08852",https://www.greatschools.org/new-jersey/south-brunswick-township/1858-Monmouth-Junction-Elementary-School/,8.0
H W Mountz Elementary School,"411 Tuttle Avenue, Spring Lake, NJ, 07762",https://www.greatschools.org/new-jersey/spring-lake/1897-H-W-Mountz-Elementary-School/,8.0
Springfield Township Elementary School,"2146 JACKSONVILLE ROAD, Springfield, NJ, 08041",https://www.greatschools.org/new-jersey/springfield/1904-Springfield-Township-Elementary-School/,8.0
Brayton Elementary School,"89 Tulip Street, Summit, NJ, 07901",https://www.greatschools.org/new-jersey/summit/1918-Brayton-Elementary-School/,8.0
Franklin Elementary School,"136 Blackburn Road, Summit, NJ, 07901",https://www.greatschools.org/new-jersey/summit/1919-Franklin-Elementary-School/,8.0
Jefferson Elementary School,"110 Ashwood Avenue, Summit, NJ, 07901",https://www.greatschools.org/new-jersey/summit/1920-Jefferson-Elementary-School/,8.0
Walter H. Hill Elementary School,"1815 Kings Highway, Swedesboro, NJ, 08085",https://www.greatschools.org/new-jersey/swedesboro/1928-Walter-H.-Hill-Elementary-School/,8.0
Tabernacle Elementary School,"141 New Road, Tabernacle, NJ, 08088",https://www.greatschools.org/new-jersey/tabernacle/1929-Tabernacle-Elementary-School/,8.0
Lowell Elementary School,"1025 Lincoln Place, Teaneck, NJ, 07666",https://www.greatschools.org/new-jersey/teaneck/1936-Lowell-Elementary-School/,8.0
Tenafly High School,"19 Columbus Drive, Tenafly, NJ, 07670",https://www.greatschools.org/new-jersey/tenafly/1938-Tenafly-High-School/,8.0
J. Spencer Smith Elementary School,"101 Downey Drive, Tenafly, NJ, 07670",https://www.greatschools.org/new-jersey/tenafly/1939-J.-Spencer-Smith-Elementary-School/,8.0
Walter Stillman Elementary School,"75 Tenafly Road, Tenafly, NJ, 07670",https://www.greatschools.org/new-jersey/tenafly/1943-Walter-Stillman-Elementary-School/,8.0
Bradley Gardens Elementary School,"148 Pine Street, Bridgewater, NJ, 08807",https://www.greatschools.org/new-jersey/bridgewater-township/195-Bradley-Gardens-Elementary-School/,8.0
Crim Elementary School,"1300 Crim Road, Bridgewater, NJ, 08807",https://www.greatschools.org/new-jersey/bridgewater-township/196-Crim-Elementary-School/,8.0
Hamilton School,"9 Hamilton Lane, Bernards, NJ, 07920",https://www.greatschools.org/new-jersey/bridgewater-township/201-Hamilton-School/,8.0
Brielle Elementary School,"605 Union Lane, Brielle, NJ, 08730",https://www.greatschools.org/new-jersey/brielle/202-Brielle-Elementary-School/,8.0
Edith A. Bogert Elementary School,"391 West Saddle River Road, Upper Saddle River, NJ, 07458",https://www.greatschools.org/new-jersey/upper-saddle-river/2030-Edith-A.-Bogert-Elementary-School/,8.0
Henry B Whitehorne Middle School,"600 Bloomfield Avenue, Verona, NJ, 07044",https://www.greatschools.org/new-jersey/verona/2046-Henry-B-Whitehorne-Middle-School/,8.0
Signal Hill School,"33 Signal Hill Drive, Voorhees Township, NJ, 08043",https://www.greatschools.org/new-jersey/voorhees-township/2071-Signal-Hill-School/,8.0
Old Mill Elementary School,"2119 Old Mill Road, Sea Girt, NJ, 08750",https://www.greatschools.org/new-jersey/sea-girt/2081-Old-Mill-Elementary-School/,8.0
Frank W. Gavlak Elementary School,"106 King Street, Wallington, NJ, 07057",https://www.greatschools.org/new-jersey/wallington/2084-Frank-W.-Gavlak-Elementary-School/,8.0
Pond Road Middle School,"150 POND ROAD, Robbinsville Township, NJ, 08691",https://www.greatschools.org/new-jersey/robbinsville-township/2110-Pond-Road-Middle-School/,8.0
Bayberry Elementary School,"113 Bayberry Lane, Watchung, NJ, 07069",https://www.greatschools.org/new-jersey/watchung/2118-Bayberry-Elementary-School/,8.0
Wayne Hills High School,"272 Berdan Avenue, Wayne, NJ, 07470",https://www.greatschools.org/new-jersey/wayne/2125-Wayne-Hills-High-School/,8.0
George Washington Middle School,"68 Lenox Road, Wayne, NJ, 07470",https://www.greatschools.org/new-jersey/wayne/2127-George-Washington-Middle-School/,8.0
Pines Lake Elementary School,"511 Pines Lake Drive, Wayne, NJ, 07470",https://www.greatschools.org/new-jersey/wayne/2131-Pines-Lake-Elementary-School/,8.0
Theunis Dey Elementary School,"55 Webster Drive, Wayne, NJ, 07470",https://www.greatschools.org/new-jersey/wayne/2135-Theunis-Dey-Elementary-School/,8.0
West Morris Mendham High School,"65 EAST MAIN STREET, Mendham Township, NJ, 07945",https://www.greatschools.org/new-jersey/mendham/2167-West-Morris-Mendham-High-School/,8.0
Redwood Elementary School,"75 Redwood Avenue, West Orange, NJ, 07052",https://www.greatschools.org/new-jersey/west-orange/2182-Redwood-Elementary-School/,8.0
Westfield Senior High School,"550 Dorian Road, Westfield, NJ, 07090",https://www.greatschools.org/new-jersey/westfield/2198-Westfield-Senior-High-School/,8.0
Roosevelt Intermediate School,"301 Clark Street, Westfield, NJ, 07090",https://www.greatschools.org/new-jersey/westfield/2199-Roosevelt-Intermediate-School/,8.0
Franklin Elementary School,"700 Prospect Street, Westfield, NJ, 07090",https://www.greatschools.org/new-jersey/westfield/2201-Franklin-Elementary-School/,8.0
Tamaques Elementary School,"641 Willow Grove Road, Westfield, NJ, 07090",https://www.greatschools.org/new-jersey/westfield/2204-Tamaques-Elementary-School/,8.0
Brookside Elementary School,"20 Lake Drive, Westwood, NJ, 07675",https://www.greatschools.org/new-jersey/westwood/2212-Brookside-Elementary-School/,8.0
Robert Mascenik School,"300 BENJAMIN AVENUE, Woodbridge Township, NJ, 08830",https://www.greatschools.org/new-jersey/woodbridge-township/2250-Robert-Mascenik-School/,8.0
Woodcliff Middle School,"134 Woodcliff Avenue, Woodcliff Lake, NJ, 07677",https://www.greatschools.org/new-jersey/woodcliff-lake/2272-Woodcliff-Middle-School/,8.0
Richard Butler Elementary School,"30 Pearl Place, Butler, NJ, 07405",https://www.greatschools.org/new-jersey/butler/228-Richard-Butler-Elementary-School/,8.0
Calvin Coolidge Elementary School,"420 Grandview Avenue, Wyckoff, NJ, 07481",https://www.greatschools.org/new-jersey/wyckoff/2282-Calvin-Coolidge-Elementary-School/,8.0
Cape May City Elementary School,"921 Lafayette Street, Cape May, NJ, 08204",https://www.greatschools.org/new-jersey/cape-may/272-Cape-May-City-Elementary-School/,8.0
North End Elementary School,"122 Stevens Avenue, Cedar Grove, NJ, 07009",https://www.greatschools.org/new-jersey/cedar-grove/286-North-End-Elementary-School/,8.0
South End Elementary School,"116 Harper Terrace, Cedar Grove, NJ, 07009",https://www.greatschools.org/new-jersey/cedar-grove/287-South-End-Elementary-School/,8.0
Lafayette Elementary School,"221 LAFAYETTE AVENUE, Chatham, NJ, 07928",https://www.greatschools.org/new-jersey/chatham-township/3-Lafayette-Elementary-School/,8.0
Clementon Elementary School,"4 Audubon Avenue, Clementon, NJ, 08021",https://www.greatschools.org/new-jersey/clementon/328-Clementon-Elementary-School/,8.0
Robert Treat Academy Charter School,"443 Clifton Avenue, Newark, NJ, 07104",https://www.greatschools.org/new-jersey/newark/3340-Robert-Treat-Academy-Charter-School/,8.0
Rosa International Middle School,"485 Browning Lane, Cherry Hill, NJ, 08003",https://www.greatschools.org/new-jersey/cherry-hill/3375-Rosa-International-Middle-School/,8.0
Holland Brook School,"52 READINGTON ROAD, Readington Township, NJ, 08889",https://www.greatschools.org/new-jersey/readington-township/3392-Holland-Brook-School/,8.0
Thomas R Grover Middle School,"10 SOUTHFIELD ROAD, West Windsor Township, NJ, 08550",https://www.greatschools.org/new-jersey/west-windsor-township/3398-Thomas-R-Grover-Middle-School/,8.0
Village Elementary School,"100 Main Boulevard, Montgomery, NJ, 08558",https://www.greatschools.org/new-jersey/montgomery/3420-Village-Elementary-School/,8.0
Midland School,"241 West Midland Avenue, Paramus, NJ, 07652",https://www.greatschools.org/new-jersey/paramus/3422-Midland-School/,8.0
Ventnor Elementary School,"400 N LAFAYETTE AVENUE, Ventnor City, NJ, 08406",https://www.greatschools.org/new-jersey/ventnor-city/3427-Ventnor-Elementary-School/,8.0
Fallon Elementary School,"51 Clifford Drive, Wayne, NJ, 07470",https://www.greatschools.org/new-jersey/wayne/3428-Fallon-Elementary-School/,8.0
Springville School,"520 HARTFORD ROAD, Mount Laurel Township, NJ, 08054",https://www.greatschools.org/new-jersey/mount-laurel-township/3456-Springville-School/,8.0
Little Falls Township Public School # 3,"Little Falls School # 3, Little Falls, NJ, 07424",https://www.greatschools.org/new-jersey/little-falls/3493-Number-3/,8.0
Clinton Public School,"10 School Street, Clinton, NJ, 08809",https://www.greatschools.org/new-jersey/clinton/350-Clinton-Public-School/,8.0
Hillside Elementary School,"340 Homans Avenue, Closter, NJ, 07624",https://www.greatschools.org/new-jersey/closter/354-Hillside-Elementary-School/,8.0
Zane North Elementary School,"801 Stokes Avenue, Collingswood, NJ, 08108",https://www.greatschools.org/new-jersey/collingswood/362-Zane-North-Elementary-School/,8.0
Cedar Drive Middle School,"73 Cedar Drive, Colts Neck, NJ, 07722",https://www.greatschools.org/new-jersey/colts-neck/363-Cedar-Drive-Middle-School/,8.0
Cranbury Elementary School,"23 North Main Street, Cranbury, NJ, 08512",https://www.greatschools.org/new-jersey/cranbury-township/367-Cranbury-Elementary-School/,8.0
Orange Ave School,"901 Orange Avenue, Cranford, NJ, 07016",https://www.greatschools.org/new-jersey/cranford/371-Orange-Ave-School/,8.0
Livingston Ave School,"75 Livingston Avenue, Cranford, NJ, 07016",https://www.greatschools.org/new-jersey/cranford/373-Livingston-Ave-School/,8.0
Edward H. Bryan Elementary School,"51 Brookside Avenue, Cresskill, NJ, 07626",https://www.greatschools.org/new-jersey/cresskill/376-Edward-H.-Bryan-Elementary-School/,8.0
Merritt Memorial Elementary School,"1 Dogwood Lane, Cresskill, NJ, 07626",https://www.greatschools.org/new-jersey/cresskill/377-Merritt-Memorial-Elementary-School/,8.0
Cumberland Co Tech Ed Center,"3400 College Drive, Vineland, NJ, 08360",https://www.greatschools.org/new-jersey/vineland/378-Cumberland-Co-Tech-Ed-Center/,8.0
Demarest Middle School,"568 Piermont Road, Demarest, NJ, 07627",https://www.greatschools.org/new-jersey/demarest/391-Demarest-Middle-School/,8.0
Lakeview Elementary School,"44 Cooper Road, Denville, NJ, 07834",https://www.greatschools.org/new-jersey/denville/394-Lakeview-Elementary-School/,8.0
Riverview Elementary School,"33 Saint Marys Place, Denville, NJ, 07834",https://www.greatschools.org/new-jersey/denville/395-Riverview-Elementary-School/,8.0
Lopatcong Twp Middle School,"321 Stonehenge Drive, Phillipsburg, NJ, 08865",https://www.greatschools.org/new-jersey/phillipsburg/4139-Lopatcong-Twp-Middle-School/,8.0
Grant Elementary School,"100 Grant Avenue, Dumont, NJ, 07628",https://www.greatschools.org/new-jersey/dumont/414-Grant-Elementary-School/,8.0
Colonial Road School,"749 Colonial Road, Franklin Lakes, NJ, 07417",https://www.greatschools.org/new-jersey/franklin-lakes/4205-Colonial-Road-School/,8.0
Kirbys Mill Elementary School,"151 Hartford Road, Medford, NJ, 08055",https://www.greatschools.org/new-jersey/medford/4212-Kirbys-Mill-Elementary-School/,8.0
East Amwell Township Elementary School,"43 WERTSVILLE RD, East Amwell Township, NJ, 08551",https://www.greatschools.org/new-jersey/east-amwell-township/422-East-Amwell-Township-Elementary-School/,8.0
Jose Marti STEM Academy,"1800 Summit Avenue, Union City, NJ, 07087",https://www.greatschools.org/new-jersey/union-city/4246-Jose-Marti-Freshman-Academy/,8.0
Bowne-Munro Elementary School,"120 Main Street, East Brunswick, NJ, 08816",https://www.greatschools.org/new-jersey/east-brunswick/426-Bowne-Munro-Elementary-School/,8.0
Warnsdorfer Elementary School,"9 Hardenburg Lane, East Brunswick, NJ, 08816",https://www.greatschools.org/new-jersey/east-brunswick/432-Warnsdorfer-Elementary-School/,8.0
Samuel Mickle School,"559 KINGS HIGHWAY, East Greenwich Township, NJ, 08056",https://www.greatschools.org/new-jersey/mickleton/434-Samuel-Mickle-School/,8.0
Central Elementary School,"400 Ridgedale Avenue, East Hanover, NJ, 07936",https://www.greatschools.org/new-jersey/east-hanover/436-Central-Elementary-School/,8.0
East Hanover Middle School,"477 Ridgedale Avenue, East Hanover, NJ, 07936",https://www.greatschools.org/new-jersey/east-hanover/438-East-Hanover-Middle-School/,8.0
Central Jersey College Prep Charter School,"101 Mettlers Road, Franklin Township, NJ, 08873",https://www.greatschools.org/new-jersey/somerset/4519-Central-Jersey-College-Prep-Charter-School/,8.0
Ridge and Valley Charter School,"1234 STATE ROUTE 94, Frelinghuysen, NJ, 07825",https://www.greatschools.org/new-jersey/blairstown/4535-Ridge-And-Valley-Charter-School/,8.0
Benedict A. Cucinella School,"470 NAUGHRIGHT ROAD, Washington Township, NJ, 07853",https://www.greatschools.org/new-jersey/washington-township/4543-Cucinella-Elementary-School/,8.0
Clinton Twp Middle School,"34 Grayrock Road, Clinton, NJ, 08809",https://www.greatschools.org/new-jersey/clinton/4553-Clinton-Twp-Middle-School/,8.0
Alfred S. Faust Intermediate Elementary School,"100 Uhland Street, East Rutherford, NJ, 07073",https://www.greatschools.org/new-jersey/east-rutherford/457-Alfred-S.-Faust-Intermediate-Elementary-School/,8.0
Woodbrook Elementary School,"15 Robin Road, Edison, NJ, 08820",https://www.greatschools.org/new-jersey/edison/493-Woodbrook-Elementary-School/,8.0
"Number 21, Victor Mravlag Elementary School","132 Shelley Avenue, Elizabeth, NJ, 07208",https://www.greatschools.org/new-jersey/elizabeth/525-Number-21-Victor-Mravlag-Elementary-School/,8.0
Robert B Jaggard School,"2 WESTCOTT ROAD, Evesham, NJ, 08053",https://www.greatschools.org/new-jersey/evesham-township/560-Robert-B-Jaggard-School/,8.0
Thomas Jefferson Middle School,"35 - 01 MORLOT AVENUE, Fair Lawn, NJ, 07410",https://www.greatschools.org/new-jersey/fair-lawn/569-Thomas-Jefferson-Middle-School/,8.0
John A. Forrest Elementary School,"10 - 00 HOPPER AVE, Fair Lawn, NJ, 07410",https://www.greatschools.org/new-jersey/fair-lawn/573-John-A.-Forrest-Elementary-School/,8.0
Lewis F Cole Middle School,"467 Stillwell Avenue, Fort Lee, NJ, 07024",https://www.greatschools.org/new-jersey/fort-lee/603-Lewis-F--Cole-Middle-School/,8.0
Washington Irving School No 4,"12 Madonna Place, Garfield, NJ, 07026",https://www.greatschools.org/new-jersey/garfield/653-Washington-Irving-School--No-4/,8.0
Woodrow Wilson School No 5,"205 Outwater Lane, Garfield, NJ, 07026",https://www.greatschools.org/new-jersey/garfield/654-Woodrow-Wilson-School--No-5/,8.0
Glen Ridge High School,"200 Ridgewood Avenue, Glen Ridge, NJ, 07028",https://www.greatschools.org/new-jersey/glen-ridge/664-Glen-Ridge-High-School/,8.0
Glen Rock High School,"400 Hamilton Avenue, Glen Rock, NJ, 07452",https://www.greatschools.org/new-jersey/glen-rock/669-Glen-Rock-High-School/,8.0
Central Elementary School,"600 Maple Avenue, Glen Rock, NJ, 07452",https://www.greatschools.org/new-jersey/glen-rock/671-Central-Elementary-School/,8.0
Green Hills School,"69 MACKERLY ROAD, Green Township, NJ, 07839",https://www.greatschools.org/new-jersey/newton/690-Green-Hills-School/,8.0
Stewartsville School,"642 SOUTH MAIN STREET, Greenwich Township, NJ, 08886",https://www.greatschools.org/new-jersey/stewartsville/696-Stewartsville-School/,8.0
Pride Academy Charter School,"117 Elmwood Avenue, East Orange, NJ, 07018",https://www.greatschools.org/new-jersey/east-orange/7059-Pride-Academy-Charter-School/,8.0
Haddonfield Memorial High School,"401 Kings Highway East, Haddonfield, NJ, 08033",https://www.greatschools.org/new-jersey/haddonfield/718-Haddonfield-Memorial-High-School/,8.0
J. Fithian Tatem Elementary School,"ONE GLOVER AVENUE, Haddonfield, NJ, 08033",https://www.greatschools.org/new-jersey/haddonfield/722-J.-Fithian-Tatem-Elementary-School/,8.0
Marian McKeown Elementary School,"ONE SCHOOL ROAD, Newton, NJ, 07860",https://www.greatschools.org/new-jersey/newton/756-Marian-McKeown-Elementary-School/,8.0
Hanover Park High School,"63 Mount Pleasant Avenue, East Hanover, NJ, 07936",https://www.greatschools.org/new-jersey/east-hanover/757-Hanover-Park-High-School/,8.0
Whippany Park High School,"165 WHIPPANY ROAD, Hanover, NJ, 07981",https://www.greatschools.org/new-jersey/hanover/758-Whippany-Park-High-School/,8.0
Memorial Junior Middle School,"61 Highland Avenue, Hanover, NJ, 07981",https://www.greatschools.org/new-jersey/hanover/760-Memorial-Junior-Middle-School/,8.0
Harding Township Elementary School,"34 LEES HILL ROAD, Harding Township, NJ, 07976",https://www.greatschools.org/new-jersey/harding-township/763-Harding-Township-Elementary-School/,8.0
Harrington Park Elementary School,"191 Harriot Avenue, Harrington Park, NJ, 07640",https://www.greatschools.org/new-jersey/harrington-park/766-Harrington-Park-Elementary-School/,8.0
Bedminster Township Elementary School,"234 Somerville Road, Bedminster, NJ, 07921",https://www.greatschools.org/new-jersey/bedminster/79-Bedminster-Township-Elementary-School/,8.0
Hillsborough Elementary School,"435 Route 206, Hillsborough Township, NJ, 08844",https://www.greatschools.org/new-jersey/hillsborough-township/790-Hillsborough-Elementary-School/,8.0
Sunnymead Elementary School,"55 Sunnymead Road, Hillsborough Township, NJ, 08844",https://www.greatschools.org/new-jersey/hillsborough-township/791-Sunnymead-Elementary-School/,8.0
Woodfern Elementary School,"425 Woodfern Road, Hillsborough Township, NJ, 08844",https://www.greatschools.org/new-jersey/hillsborough-township/793-Woodfern-Elementary-School/,8.0
George G. White Middle School,"120 Magnolia Avenue, Hillsdale, NJ, 07642",https://www.greatschools.org/new-jersey/hillsdale/797-George-G.-White-Middle-School/,8.0
Meadowbrook Elementary School,"50 Piermont Avenue, Hillsdale, NJ, 07642",https://www.greatschools.org/new-jersey/hillsdale/798-Meadowbrook-Elementary-School/,8.0
Hope Township Elementary School,"320 JOHNSONBURG ROAD, Hope, NJ, 07844",https://www.greatschools.org/new-jersey/blairstown/822-Hope-Township-Elementary-School/,8.0
Explore 2000 Middle School,"180 9th Street, Jersey City, NJ, 07302",https://www.greatschools.org/new-jersey/jersey-city/839-Explore-2000-Middle-School/,8.0
High Tech High School,"One High Tech Way, Secaucus, NJ, 07094",https://www.greatschools.org/new-jersey/north-bergen/840-High-Tech-High-School/,8.0
White Rock Elementary School,"2 FRANCINE PLACE, Jefferson, NJ, 07438",https://www.greatschools.org/new-jersey/jefferson/871-White-Rock-Elementary-School/,8.0
Academy I,"209 Bergen Avenue, Jersey City, NJ, 07305",https://www.greatschools.org/new-jersey/jersey-city/872-The-Academy-I-Middle-School/,8.0
Dr. Michael Conti School,"182 Merseles Street, Jersey City, NJ, 07302",https://www.greatschools.org/new-jersey/jersey-city/881-Number-5-Elementary-School/,8.0
Mercer County Technical School Health Sciences Academy,"1085 Old Trenton Road, Trenton, NJ, 08690",https://www.greatschools.org/new-jersey/trenton/8890-Mercer-County-Technical-School-Health-Sciences-Academy/,8.0
Stem Innovation Academy Of The Oranges,"445 Scotland Road, South Orange, NJ, 07079",https://www.greatschools.org/new-jersey/south-orange/9205-Stem-Innovation-Academy-Of-The-Oranges/,8.0
Susan B. Anthony Elementary School,"45 Beech Street, North Arlington, NJ, 07031",https://www.greatschools.org/new-jersey/north-arlington/9210-Susan-B.-Anthony-Elementary-School/,8.0
Pearl R Miller Middle School,"117 Kiel Avenue, Kinnelon, NJ, 07405",https://www.greatschools.org/new-jersey/kinnelon/930-Pearl-R-Miller-Middle-School/,8.0
Heritage Middle School,"20 Foxcroft Drive, Livingston, NJ, 07039",https://www.greatschools.org/new-jersey/livingston/998-Heritage-Middle-School/,8.0
Thomas Jefferson Middle School,"75 1st Street, Lodi, NJ, 07644",https://www.greatschools.org/new-jersey/lodi/1009-Thomas-Jefferson-Mid-School/,7.0
Logan Elementary School,"110 School Lane, Logan Township, NJ, 08085",https://www.greatschools.org/new-jersey/logan-township/1013-Logan-Elementary-School/,7.0
Long Beach Island Elementary School,"201 West 20th Street, Ship Bottom, NJ, 08008",https://www.greatschools.org/new-jersey/ship-bottom/1015-Long-Beach-Island-Elementary-School/,7.0
William A. Miller Elementary School,"2 Old Matawan Road, Old Bridge, NJ, 08857",https://www.greatschools.org/new-jersey/old-bridge-township/1057-William-A.-Miller-Elementary-School/,7.0
Alan B. Shepard Elementary School,"33 Bushnell Road, Old Bridge, NJ, 08857",https://www.greatschools.org/new-jersey/old-bridge-township/1059-Alan-B.-Shepard-Elementary-School/,7.0
James Mc Divitt Elementary School,"1 Manny Martin Way, Old Bridge, NJ, 08857",https://www.greatschools.org/new-jersey/old-bridge-township/1062-James-Mc-Divitt-Elementary-School/,7.0
Madison Park Elementary School,"33 HARVARD RD, Sayreville, NJ, 08859",https://www.greatschools.org/new-jersey/old-bridge-township/1065-Madison-Park-Elementary-School/,7.0
Memorial Elementary School,"11 ELY AVE, Old Bridge, NJ, 08879",https://www.greatschools.org/new-jersey/old-bridge-township/1066-Memorial-Elementary-School/,7.0
M. Scott Carpenter Elementary School,"ONE PAR AVENUE, Old Bridge, NJ, 08857",https://www.greatschools.org/new-jersey/old-bridge-township/1067-M.-Scott-Carpenter-Elementary-School/,7.0
Walter M. Schirra Elementary School,"ONE AWN ST, Old Bridge, NJ, 08857",https://www.greatschools.org/new-jersey/old-bridge-township/1071-Walter-M.-Schirra-Elementary-School/,7.0
Mahwah High School,"50 Ridge Road, Mahwah, NJ, 07430",https://www.greatschools.org/new-jersey/mahwah/1073-Mahwah-High-School/,7.0
Manalapan-Englishtown Middle School,"155 MILLHURST ROAD, Manalapan Township, NJ, 07726",https://www.greatschools.org/new-jersey/manalapan-township/1080-Manalapan-Englishtown-Middle-School/,7.0
Pine Brook Elementary School,"155 PEASE ROAD, Manalapan Township, NJ, 07726",https://www.greatschools.org/new-jersey/manalapan-township/1084-Pine-Brook-Elementary-School/,7.0
Marlboro Elementary School,"100 School Road West, Marlboro, NJ, 07746",https://www.greatschools.org/new-jersey/marlboro-township/1112-Marlboro-Elementary-School/,7.0
Robertsville Elementary School,"36 MENZEL LANE, Marlboro, NJ, 07751",https://www.greatschools.org/new-jersey/marlboro-township/1114-Robertsville-Elementary-School/,7.0
Frank J Dugan School,"48 Topanemus Road, Marlboro, NJ, 07746",https://www.greatschools.org/new-jersey/marlboro-township/1116-Frank-J-Dugan-School/,7.0
Ravine Drive Elementary School,"170 Ravine Drive, Matawan, NJ, 07747",https://www.greatschools.org/new-jersey/matawan/1121-Ravine-Drive-Elementary-School/,7.0
Neeta School,"44 Neeta Trail, Medford Lakes, NJ, 08055",https://www.greatschools.org/new-jersey/medford-lakes/1126-Neeta-School/,7.0
Cranberry Pines Elementary School,"400 Fairview Road, Medford, NJ, 08055",https://www.greatschools.org/new-jersey/medford/1128-Cranberry-Pines-Elementary-School/,7.0
Haines Memorial 6thgr Center,"162 Stokes Road, Medford, NJ, 08055",https://www.greatschools.org/new-jersey/medford/1129-Haines-Memorial-6thgr-Center/,7.0
Governor Livingston High School,"175 WATCHUNG BOULEVARD, Berkeley Heights, NJ, 07922",https://www.greatschools.org/new-jersey/new-providence/115-Governor-Livingston-High-School/,7.0
Middletown - South High School,"900 NUT SWAMP ROAD, Middletown Township, NJ, 07748",https://www.greatschools.org/new-jersey/middletown/1161-Middletown---South-High-School/,7.0
Bayshore Middle School,"834 LEONARDVILLE ROAD, Middletown Township, NJ, 07737",https://www.greatschools.org/new-jersey/leonardo/1162-Bayshore-Middle-School/,7.0
Thompson Middle School,"1001 MIDDLETOWN LINCROFT ROAD, Middletown Township, NJ, 07748",https://www.greatschools.org/new-jersey/middletown/1163-Thompson-Middle-School/,7.0
Ocean Avenue Elementary School,"235 OCEAN AVENUE, Middletown Township, NJ, 07748",https://www.greatschools.org/new-jersey/middletown/1166-Ocean-Avenue-Elementary-School/,7.0
Midland Park High School,"250 Prospect Street, Midland Park, NJ, 07432",https://www.greatschools.org/new-jersey/midland-park/1177-Midland-Park-High-School/,7.0
Deerfield Elementary School,"26 TROY LANE, Millburn, NJ, 07078",https://www.greatschools.org/new-jersey/millburn/1183-Deerfield-Elementary-School/,7.0
Millstone Twp Elementary School,"308 Millstone Road, Millstone, NJ, 08510",https://www.greatschools.org/new-jersey/millstone/1187-Millstone-Twp-Elementary-School/,7.0
Whitehall Elementary School,"161 WHITEHALL RD, Monroe, NJ, 08094",https://www.greatschools.org/new-jersey/monroe-township/1206-Whitehall-Elementary-School/,7.0
Woodland Elementary School,"42 Harrison Avenue, Monroe Township, NJ, 08831",https://www.greatschools.org/new-jersey/monroe-township/1211-Woodland-Elementary-School/,7.0
Fieldstone Middle School,"47 Spring Valley Road, Montvale, NJ, 07645",https://www.greatschools.org/new-jersey/montvale/1229-Fieldstone-Middle-School/,7.0
Montville High School,"100 Horseneck Road, Montville, NJ, 07045",https://www.greatschools.org/new-jersey/montville/1231-Montville-High-School/,7.0
William H. Mason Junior Elementary School,"5 Shawnee Trail, Montville, NJ, 07045",https://www.greatschools.org/new-jersey/montville/1236-William-H.-Mason-Junior-Elementary-School/,7.0
Berlin Community Elementary School,"215 South Franklin Avenue, Berlin, NJ, 08009",https://www.greatschools.org/new-jersey/berlin/124-Berlin-Community-Elementary-School/,7.0
Wm Allen Iii Middle School,"801 North Stanwick Road, Moorestown, NJ, 08057",https://www.greatschools.org/new-jersey/moorestown/1242-Wm-Allen-Iii-Middle-School/,7.0
Thomas Jefferson Elementary School,"JAMES STREET & OGDEN PLACE, Morristown, NJ, 07960",https://www.greatschools.org/new-jersey/morristown/1256-Thomas-Jefferson-Elementary-School/,7.0
Sandshore Road Elementary School,"498 SANDSHORE ROAD, Mount Olive, NJ, 07828",https://www.greatschools.org/new-jersey/hackettstown/1275-Sandshore-Road-Elementary-School/,7.0
Tinc Road Elementary School,"24 TINC ROAD, Mount Olive, NJ, 07836",https://www.greatschools.org/new-jersey/mount-olive-township/1276-Tinc-Road-Elementary-School/,7.0
Berkley Street Elementary School,"812 Berkley Street, New Milford, NJ, 07646",https://www.greatschools.org/new-jersey/new-milford/1307-Berkley-Street-Elementary-School/,7.0
David E Owens Middle School,"470 Marion Avenue, New Milford, NJ, 07646",https://www.greatschools.org/new-jersey/new-milford/1309-David-E--Owens-Middle-School/,7.0
New Providence High School,"35 Pioneer Drive, New Providence, NJ, 07974",https://www.greatschools.org/new-jersey/new-providence/1310-New-Providence-High-School/,7.0
New Providence Middle School,"35 Pioneer Drive, New Providence, NJ, 07974",https://www.greatschools.org/new-jersey/new-providence/1313-New-Providence-Middle-School/,7.0
Ethel Hoppock Elementary School,"280 ASBURY WEST PORTAL RD, Franklin Township, NJ, 08802",https://www.greatschools.org/new-jersey/asbury/132-Ethel-Hoppock-Elementary-School/,7.0
Roosevelt Elementary School,"50 Webster Street, North Arlington, NJ, 07031",https://www.greatschools.org/new-jersey/north-arlington/1394-Roosevelt-Elementary-School/,7.0
Lincoln Elementary School,"301 Harrison Street, Nutley, NJ, 07110",https://www.greatschools.org/new-jersey/nutley/1439-Lincoln-Elementary-School/,7.0
Radcliffe Elementary School,"379 Bloomfield Avenue, Nutley, NJ, 07110",https://www.greatschools.org/new-jersey/nutley/1440-Radcliffe-Elementary-School/,7.0
Dogwood Hill Elementary School,"25 Dogwood Drive, Oakland, NJ, 07436",https://www.greatschools.org/new-jersey/oakland/1444-Dogwood-Hill-Elementary-School/,7.0
Valley Middle School,"71 Oak Street, Oakland, NJ, 07436",https://www.greatschools.org/new-jersey/oakland/1447-Valley-Middle-School/,7.0
Franklin Elementary School,"85 Curtis Street, Bloomfield, NJ, 07003",https://www.greatschools.org/new-jersey/bloomfield/146-Franklin-Elementary-School/,7.0
Watsessing Elementary School,"71 Prospect Street, Bloomfield, NJ, 07003",https://www.greatschools.org/new-jersey/bloomfield/148-Watsessing-Elementary-School/,7.0
Paramus High School,"99 East Century Road, Paramus, NJ, 07652",https://www.greatschools.org/new-jersey/paramus/1491-Paramus-High-School/,7.0
Parkway Elementary School,"145 East Ridgewood Avenue, Paramus, NJ, 07652",https://www.greatschools.org/new-jersey/paramus/1495-Parkway-Elementary-School/,7.0
Park Ridge High School,"2 Park Avenue, Park Ridge, NJ, 07656",https://www.greatschools.org/new-jersey/park-ridge/1498-Park-Ridge-High-School/,7.0
East Brook Elementary School,"167 Sibbald Drive, Park Ridge, NJ, 07656",https://www.greatschools.org/new-jersey/park-ridge/1499-East-Brook-Elementary-School/,7.0
Samuel R. Donald Elementary School,"29 Captolene Avenue, Bloomingdale, NJ, 07403",https://www.greatschools.org/new-jersey/bloomingdale/150-Samuel-R.-Donald-Elementary-School/,7.0
Eastlake Elementary School,"40 Eba Road, Parsippany-Troy Hills, NJ, 07054",https://www.greatschools.org/new-jersey/parsippany_troy-hills/1506-Eastlake-Elementary-School/,7.0
Knollwood Elementary School,"445 Knoll Road, Parsippany-Troy Hills, NJ, 07034",https://www.greatschools.org/new-jersey/parsippany_troy-hills/1508-Knollwood-Elementary-School/,7.0
Troy Hills Elementary School,"509 S BEVERWYCK ROAD, Parsippany-Troy Hills, NJ, 07054",https://www.greatschools.org/new-jersey/parsippany_troy-hills/1513-Troy-Hills-Elementary-School/,7.0
Passaic County Technical Institute,"45 Reinhardt Road, Wayne, NJ, 07470",https://www.greatschools.org/new-jersey/wayne/1532-Passaic-Co-Tech-Institute/,7.0
John Hill Elementary School,"435 Lathrop Avenue, Boonton, NJ, 07005",https://www.greatschools.org/new-jersey/boonton/158-John-Hill-Elementary-School/,7.0
Fort Dix Elementary School,"1199 FORT DIX JULIUSTOWN ROAD, Pemberton Township, NJ, 08640",https://www.greatschools.org/new-jersey/pemberton/1581-Fort-Dix-Elementary-School/,7.0
Pequannock Twp High School,"85 Sunset Road, Pequannock Township, NJ, 07444",https://www.greatschools.org/new-jersey/pequannock-township/1603-Pequannock-Twp-High-School/,7.0
Pequannock Valley Middle School,"493 Newark Pompton Tpke., Pequannock Township, NJ, 07444",https://www.greatschools.org/new-jersey/pequannock-township/1606-Pequannock-Valley-Middle-School/,7.0
Martin Luther King Elementary School,"5205 Ludlow Street, Piscataway, NJ, 08854",https://www.greatschools.org/new-jersey/piscataway/1635-Martin-Luther-King-Elementary-School/,7.0
Randolphville Elementary School,"ONE SUTTIE AVENUE, Piscataway, NJ, 08854",https://www.greatschools.org/new-jersey/piscataway/1636-Randolphville-Elementary-School/,7.0
Point Pleasant Bch High School,"700 Trenton Avenue, Point Pleasant Beach, NJ, 08742",https://www.greatschools.org/new-jersey/point-pleasant-beach/1673-Point-Pleasant-Bch-High-School/,7.0
G Harold Antrim Elementary School,"401 Niblick Street, Point Pleasant Beach, NJ, 08742",https://www.greatschools.org/new-jersey/point-pleasant-beach/1674-G-Harold-Antrim-Elementary-School/,7.0
Port Republic Elementary School,"137 Pomona Avenue, Port Republic, NJ, 08241",https://www.greatschools.org/new-jersey/port-republic/1679-Port-Republic-Elementary-School/,7.0
J Witherspoon Middle School,"217 Walnut Lane, Princeton, NJ, 08540",https://www.greatschools.org/new-jersey/princeton/1682-J--Witherspoon-Middle-School/,7.0
Littlebrook School,"39 Magnolia Lane, Princeton, NJ, 08540",https://www.greatschools.org/new-jersey/princeton/1685-Littlebrook-School/,7.0
Ramsey High School,"256 East Main Street, Ramsey, NJ, 07446",https://www.greatschools.org/new-jersey/ramsey/1696-Ramsey-High-School/,7.0
John Y. Dater Elementary School,"35 School Street, Ramsey, NJ, 07446",https://www.greatschools.org/new-jersey/ramsey/1698-John-Y.-Dater-Elementary-School/,7.0
Independence Township Central Elementary School,"281 ROUTE 46, Independence Township, NJ, 07838",https://www.greatschools.org/new-jersey/independence-township/17-Independence-Township-Central-Elementary-School/,7.0
Central Middle School,"220 Baird Road, Branchburg, NJ, 08876",https://www.greatschools.org/new-jersey/branchburg/170-Central-Middle-School/,7.0
Ironia Elementary School,"303 Dover Chester Road, Randolph, NJ, 07869",https://www.greatschools.org/new-jersey/randolph/1706-Ironia-Elementary-School/,7.0
Beers St School,"610 Beers Street, Hazlet, NJ, 07730",https://www.greatschools.org/new-jersey/hazlet/1710-Beers-St-School/,7.0
Middle Road School,"305 Middle Road, Hazlet, NJ, 07730",https://www.greatschools.org/new-jersey/hazlet/1713-Middle-Road-School/,7.0
Stony Brook Elementary School,"136 Cedar Grove Road, Branchburg, NJ, 08876",https://www.greatschools.org/new-jersey/branchburg/172-Stony-Brook-Elementary-School/,7.0
Benjamin Franklin Middle School,"335 NORTH VAN DIEN AVE, Ridgewood, NJ, 07451",https://www.greatschools.org/new-jersey/ridgewood/1732-Benjamin-Franklin-Middle-School/,7.0
George Washington Middle School,"155 WASHINGTON PL, Ridgewood, NJ, 07451",https://www.greatschools.org/new-jersey/ridgewood/1733-George-Washington-Middle-School/,7.0
Holdrum Middle School,"393 Rivervale Road, River Vale, NJ, 07675",https://www.greatschools.org/new-jersey/river-vale/1746-Holdrum-Middle-School/,7.0
Woodside Elementary School,"801 Rivervale Road, River Vale, NJ, 07675",https://www.greatschools.org/new-jersey/river-vale/1748-Woodside-Elementary-School/,7.0
Thomas Jefferson Middle School,"95 East Main Street, Rockaway, NJ, 07866",https://www.greatschools.org/new-jersey/rockaway/1755-Thomas-Jefferson-Middle-School/,7.0
Catherine A. Dwyer Elementary School,"665 Mount Hope Avenue, Wharton, NJ, 07885",https://www.greatschools.org/new-jersey/wharton/1759-Catherine-A.-Dwyer-Elementary-School/,7.0
Dwight D. Eisenhower Elementary School,"601 ERNSTON ROAD, Sayreville, NJ, 08859",https://www.greatschools.org/new-jersey/sayreville/1812-Dwight-D.-Eisenhower-Elementary-School/,7.0
Wilson Elementary School,"65 Dane Street, Sayreville, NJ, 08872",https://www.greatschools.org/new-jersey/sayreville/1814-Wilson-Elementary-School/,7.0
Scotch Plains Fanwood High School,"667 Westfield Road, Scotch Plains, NJ, 07076",https://www.greatschools.org/new-jersey/scotch-plains/1815-Scotch-Plains-Fanwood-High-School/,7.0
Malcolm E Nettingham Middle School,"580 Park Avenue, Scotch Plains, NJ, 07076",https://www.greatschools.org/new-jersey/scotch-plains/1816-Park-Middle-School/,7.0
Terrill Middle School,"1301 Terrill Road, Scotch Plains, NJ, 07076",https://www.greatschools.org/new-jersey/scotch-plains/1817-Terrill-Middle-School/,7.0
Secaucus Middle School,"11 MILL RIDGE ROAD, Secaucus, NJ, 07094",https://www.greatschools.org/new-jersey/secaucus/1830-Secaucus-Middle-School/,7.0
Indian Mills Elementary School,"112 Indian Mills Road, Shamong, NJ, 08088",https://www.greatschools.org/new-jersey/shamong/1831-Indian-Mills-Elementary-School/,7.0
Indian Mills Memorial School,"295 Indian Mills Road, Shamong, NJ, 08088",https://www.greatschools.org/new-jersey/shamong/1832-Indian-Mills-Memorial-School/,7.0
Crossroads North,"635 GEORGES ROAD, South Brunswick Township, NJ, 08852",https://www.greatschools.org/new-jersey/south-brunswick-township/1850-Crossroads-North/,7.0
Constable Elementary School,"29 CONSTABLE ROAD, South Brunswick Township, NJ, 08824",https://www.greatschools.org/new-jersey/south-brunswick-township/1854-Constable-Elementary-School/,7.0
Delia Bolden Elementary School,"518 Ridgewood Road, Maplewood, NJ, 07040",https://www.greatschools.org/new-jersey/maplewood/1867-Jefferson-Elementary-School/,7.0
South Mountain Annex,"444 West South Orange Avenue, South Orange, NJ, 07079",https://www.greatschools.org/new-jersey/south-orange/1870-South-Mountain--Annex/,7.0
Sparta High School,"70 West Mountain Road, Sparta, NJ, 07871",https://www.greatschools.org/new-jersey/sparta-township/1889-Sparta-High-School/,7.0
Spring Lake Heights Elementary School,"1110 HIGHWAY 71, Spring Lake Heights, NJ, 07762",https://www.greatschools.org/new-jersey/spring-lake/1898-Spring-Lake-Heights-Elementary-School/,7.0
James Caldwell Elementary School,"36 Caldwell Place, Springfield, NJ, 07081",https://www.greatschools.org/new-jersey/springfield-township/1901-James-Caldwell-Elementary-School/,7.0
Thelma L. Sandmeier Elementary School,"666 South Springfield Avenue, Springfield, NJ, 07081",https://www.greatschools.org/new-jersey/springfield-township/1902-Thelma-L.-Sandmeier-Elementary-School/,7.0
Valley Road School,"24 Valley Road, Stanhope, NJ, 07874",https://www.greatschools.org/new-jersey/stanhope/1908-Valley-Road-School/,7.0
Stillwater Township Elementary School,"904 STILLWATER ROAD, Stillwater Township, NJ, 07875",https://www.greatschools.org/new-jersey/newton/1910-Stillwater-Township-Elementary-School/,7.0
Summit Sr High School,"125 Kent Place Boulevard, Summit, NJ, 07901",https://www.greatschools.org/new-jersey/summit/1916-Summit-Sr-High-School/,7.0
L C Johnson Summit Middle School,"272 Morris Avenue, Summit, NJ, 07901",https://www.greatschools.org/new-jersey/summit/1917-L-C--Johnson-Summit-Middle-School/,7.0
Whittier Elementary School,"491 West Englewood Avenue, Teaneck, NJ, 07666",https://www.greatschools.org/new-jersey/teaneck/1937-Whittier-Elementary-School/,7.0
Old Turnpike School,"171 OLD TURNPIKE ROAD, Califon, NJ, 07830",https://www.greatschools.org/new-jersey/tewksbury/1944-Old-Turnpike-School/,7.0
Washington Park Elementary School,"10 Crews Street, Totowa, NJ, 07512",https://www.greatschools.org/new-jersey/totowa/1966-Washington-Park-Elementary-School/,7.0
Chatham Middle School,"480 Main Street, Chatham, NJ, 07928",https://www.greatschools.org/new-jersey/chatham/2-Chatham-Middle-School/,7.0
Roosevelt Elementary School,"4507 Hudson Avenue, Union City, NJ, 07087",https://www.greatschools.org/new-jersey/union-city/2000-Roosevelt-Elementary-School/,7.0
Washington Elementary School,"3905 New York Avenue, Union City, NJ, 07087",https://www.greatschools.org/new-jersey/union-city/2001-Washington-Elementary-School/,7.0
Allentown High School,"27 High Street, Allentown, NJ, 08501",https://www.greatschools.org/new-jersey/allentown/2026-Allentown-High-School/,7.0
Ventnor Middle School,"VENTNOR EDUCATIONAL COMMUNITY, Ventnor City, NJ, 08406",https://www.greatschools.org/new-jersey/ventnor-city/2035-Ventnor-Middle-School/,7.0
Verona High School,"151 Fairview Avenue, Verona, NJ, 07044",https://www.greatschools.org/new-jersey/verona/2042-Verona-High-School/,7.0
Osage School,"112 Somerdale Road, Voorhees Township, NJ, 08043",https://www.greatschools.org/new-jersey/voorhees-township/2069-Osage-Elementary-School/,7.0
Voorhees Middle School,"1000 HOLLY OAK DR, Voorhees Township, NJ, 08043",https://www.greatschools.org/new-jersey/voorhees-township/2070-Voorhees-Middle-School/,7.0
Crescent Elementary School,"165 Crescent Avenue, Waldwick, NJ, 07463",https://www.greatschools.org/new-jersey/waldwick/2073-Crescent-Elementary-School/,7.0
Central Elementary School,"2007 ALLENWOOD ROAD, Wall Township, NJ, 07719",https://www.greatschools.org/new-jersey/wall-township/2079-Central-Elementary-School/,7.0
Woodland School,"114 Stirling Road, Warren, NJ, 07059",https://www.greatschools.org/new-jersey/warren/2091-Woodland-School/,7.0
Central Elementary School,"109 Mount Bethel Road, Warren, NJ, 07059",https://www.greatschools.org/new-jersey/warren/2092-Central-Elementary-School/,7.0
Middle School,"100 Old Stirling Road, Warren, NJ, 07060",https://www.greatschools.org/new-jersey/warren/2093-Middle-School/,7.0
Mount Horeb Elementary School,"80 Mount Horeb Road, Warren, NJ, 07059",https://www.greatschools.org/new-jersey/warren/2094-Mount-Horeb-Elementary-School/,7.0
Bedwell Elementary School,"141 Seney Drive, Bernardsville, NJ, 07924",https://www.greatschools.org/new-jersey/bernardsville/21-Bedwell-Elementary-School/,7.0
Hurffville Elementary School,"200 HURFFVILLE GRENLOCH RD, Mantua Township, NJ, 08080",https://www.greatschools.org/new-jersey/washington-township/2103-Hurffville-Elementary-School/,7.0
Whitman Elementary School,"827 WHITMAN SCHOOL DR, Washington Township, NJ, 08012",https://www.greatschools.org/new-jersey/washington-township/2105-Whitman-Elementary-School/,7.0
Flocktown Kossman Elementary School,"90 FLOCKTOWN ROAD, Washington Township, NJ, 07853",https://www.greatschools.org/new-jersey/washington-township/2112-Flocktown--Kossman-Elementary-School/,7.0
Long Valley Middle School,"51 WEST MILL RD, Washington Township, NJ, 07853",https://www.greatschools.org/new-jersey/washington-township/2113-Long-Valley-Middle-School/,7.0
Valley View Middle School,"50 Valleyview Road, Watchung, NJ, 07069",https://www.greatschools.org/new-jersey/watchung/2119-Valley-View-Middle-School/,7.0
Albert P. Terhune Elementary School,"40 Geoffrey Way, Wayne, NJ, 07470",https://www.greatschools.org/new-jersey/wayne/2126-Albert-P.-Terhune-Elementary-School/,7.0
John F. Kennedy Elementary School,"1310 Ratzer Road, Wayne, NJ, 07470",https://www.greatschools.org/new-jersey/wayne/2128-John-F.-Kennedy-Elementary-School/,7.0
Lafayette Elementary School,"100 Laauwe Avenue, Wayne, NJ, 07470",https://www.greatschools.org/new-jersey/wayne/2129-Lafayette-Elementary-School/,7.0
Packanack Elementary School,"190 Oakwood Drive, Wayne, NJ, 07470",https://www.greatschools.org/new-jersey/wayne/2130-Packanack-Elementary-School/,7.0
West Cape May Elementary School,"301 Moore Street, West Cape May, NJ, 08204",https://www.greatschools.org/new-jersey/west-cape-may/2141-West-Cape-May-Elementary-School/,7.0
West Essex High School,"65 WEST GREENBROOK RD, North Caldwell, NJ, 07006",https://www.greatschools.org/new-jersey/caldwell/2147-West-Essex-High-School/,7.0
West Essex Middle School,"65 WEST GREENBROOK RD, North Caldwell, NJ, 07006",https://www.greatschools.org/new-jersey/caldwell/2148-West-Essex-Middle-School/,7.0
Westbrook Elementary School,"55 Nosenzo Pond Road, West Milford, NJ, 07480",https://www.greatschools.org/new-jersey/west-milford/2165-Westbrook-Elementary-School/,7.0
West Morris Central High School,"259 Bartley Road, Chester, NJ, 07930",https://www.greatschools.org/new-jersey/chester/2166-West-Morris-Central-High-School/,7.0
Mount Pleasant Elementary School,"9 Manger Road, West Orange, NJ, 07052",https://www.greatschools.org/new-jersey/west-orange/2175-Mount-Pleasant-Elementary-School/,7.0
Gregory Elementary School,"301 Gregory Avenue, West Orange, NJ, 07052",https://www.greatschools.org/new-jersey/west-orange/2179-Gregory-Elementary-School/,7.0
St. Cloud Elementary School,"71 Sheridan Avenue, West Orange, NJ, 07052",https://www.greatschools.org/new-jersey/west-orange/2183-St.-Cloud-Elementary-School/,7.0
Washington Elementary School,"289 MAIN ST, City of Orange, NJ, 07052",https://www.greatschools.org/new-jersey/west-orange/2184-Washington-Elementary-School/,7.0
West Windsor-Plains High School South,"346 CLARKSVILLE ROAD, West Windsor Township, NJ, 08550",https://www.greatschools.org/new-jersey/west-windsor-township/2190-Wwindsor--Plainsboro-South/,7.0
Community Middle School,"95 GROVERS MILL ROAD, Plainsboro Township, NJ, 08536",https://www.greatschools.org/new-jersey/plainsboro-township/2194-Community-Middle-School/,7.0
Millstone River School,"75 GROVERS MILL ROAD, Plainsboro Township, NJ, 08536",https://www.greatschools.org/new-jersey/plainsboro-township/2195-Millstone-River-School/,7.0
Bernardsville Middle School,"141 Seney Drive, Bernardsville, NJ, 07924",https://www.greatschools.org/new-jersey/bernardsville/22-Bernardsville-Middle-School/,7.0
Thomas Edison Intermediate School,"800 Rahway Avenue, Westfield, NJ, 07090",https://www.greatschools.org/new-jersey/westfield/2200-Thomas-Edison-Intermediate-School/,7.0
Jefferson Elementary School,"1200 Boulevard, Westfield, NJ, 07090",https://www.greatschools.org/new-jersey/westfield/2202-Jefferson-Elementary-School/,7.0
Jessie F George Elementary School,"1 Palm Street, Township of Washington, NJ, 07676",https://www.greatschools.org/new-jersey/township-of-washington/2211-Jessie-F--George-Elementary-School/,7.0
Washington Elementary School,"600 School Street, Township of Washington, NJ, 07676",https://www.greatschools.org/new-jersey/township-of-washington/2213-Washington-Elementary-School/,7.0
Winfield Elementary School,"7 1/2 GULFSTREAM AVENUE, Winfield, NJ, 07036",https://www.greatschools.org/new-jersey/winfield/2232-Winfield-Elementary-School/,7.0
Mawbey Street Elementary School,"275 MAWBEY STREET, Woodbridge Township, NJ, 07095",https://www.greatschools.org/new-jersey/woodbridge-township/2258-Mawbey-Street-Elementary-School/,7.0
Oak Ridge Heights Elementary School,"720 INMAN AVENUE, Woodbridge Township, NJ, 07067",https://www.greatschools.org/new-jersey/woodbridge-township/2260-Oak-Ridge-Heights-Elementary-School/,7.0
Dwight D Eisenhower Middle School,"344 Calvin Court, Wyckoff, NJ, 07481",https://www.greatschools.org/new-jersey/wyckoff/2283-Dwight-D-Eisenhower-Middle-School/,7.0
George Washington Elementary School,"270 Woodland Avenue, Wyckoff, NJ, 07481",https://www.greatschools.org/new-jersey/wyckoff/2284-George-Washington-Elementary-School/,7.0
Sicomac Elementary School,"356 Sicomac Avenue, Wyckoff, NJ, 07481",https://www.greatschools.org/new-jersey/wyckoff/2285-Sicomac-Elementary-School/,7.0
Wilson Elementary School,"71 Orton Road, West Caldwell, NJ, 07006",https://www.greatschools.org/new-jersey/west-caldwell/236-Wilson-Elementary-School/,7.0
Cedar Grove Memorial Middle School,"500 Ridge Road, Cedar Grove, NJ, 07009",https://www.greatschools.org/new-jersey/cedar-grove/288-Cedar-Grove-Memorial-Middle-School/,7.0
Bret Harte Elementary School,"1909 Queen Ann Road, Cherry Hill, NJ, 08003",https://www.greatschools.org/new-jersey/cherry-hill/297-Bret-Harte-Elementary-School/,7.0
Black River Middle School,"133 Rt. 513 - North Road, Chester, NJ, 07930",https://www.greatschools.org/new-jersey/chester/311-Black-River-Middle-School/,7.0
Bragg Elementary School,"250 Route 24, Chester, NJ, 07930",https://www.greatschools.org/new-jersey/chester/312-Bragg-Elementary-School/,7.0
Eleanor Rush Inter School,"1200 Wynwood Drive, Cinnaminson, NJ, 08077",https://www.greatschools.org/new-jersey/cinnaminson/318-Eleanor-Rush-Inter-School/,7.0
Carl H. Kumpf Middle School,"59 Mildred Terrace, Clark, NJ, 07066",https://www.greatschools.org/new-jersey/clark/321-Carl-H.-Kumpf-Middle-School/,7.0
School #5,"214 Day Avenue, Cliffside Park, NJ, 07010",https://www.greatschools.org/new-jersey/cliffside-park/332-Number-5-Elementary-School/,7.0
Elysian Charter School Of Hoboken,"1460 Garden Street, Hoboken, NJ, 07030",https://www.greatschools.org/new-jersey/hoboken/3344-Elysian-Cs-Of-Hoboken/,7.0
Johnnie L. Cochran Junior Academy Elementary School,"190 Midland Avenue, East Orange, NJ, 07017",https://www.greatschools.org/new-jersey/east-orange/3376-Johnnie-L.-Cochran-Junior-Academy-Elementary-School/,7.0
School #2,"1270 Van Houten Avenue, Clifton, NJ, 07013",https://www.greatschools.org/new-jersey/clifton/338-Number-2-Elementary-School/,7.0
Pohatcong School,"240 RTE 519, Phillipsburg, NJ, 08865",https://www.greatschools.org/new-jersey/phillipsburg/3391-Pohatcong-School/,7.0
Lincoln Elementary School,"712 Lincoln Avenue, Ridgefield Park, NJ, 07660",https://www.greatschools.org/new-jersey/ridgefield-park/3393-Lincoln-Elementary-School/,7.0
Alpha School,"817 NORTH BOULEVARD, Alpha, NJ, 08865",https://www.greatschools.org/new-jersey/phillipsburg/34-Alpha-School/,7.0
Liberty High School,"299 Sip Avenue, Jersey City, NJ, 07306",https://www.greatschools.org/new-jersey/jersey-city/3416-Liberty-High-School/,7.0
Moorestown Upper Elementary School,"325 Borton Landing Road, Moorestown, NJ, 08057",https://www.greatschools.org/new-jersey/moorestown/3455-Moorestown-Upper-Elementary-School/,7.0
Hasbrouck Heights Middle School,"365 Boulevard, Hasbrouck Heights, NJ, 07604",https://www.greatschools.org/new-jersey/hasbrouck-heights/3490-Hasbrouck-Heights-Middle-School/,7.0
Brooks Crossing Elementary School,"50 DEANS RHODE HALL ROAD, South Brunswick Township, NJ, 08852",https://www.greatschools.org/new-jersey/south-brunswick-township/3503-Brooks-Crossing-Elementary-School/,7.0
Round Valley Middle School,"128 Cokesbury Road, Lebanon, NJ, 08833",https://www.greatschools.org/new-jersey/lebanon/352-Round-Valley-Middle-School/,7.0
Mark Newbie Elementary School,"2 East Browning Road, Collingswood, NJ, 08108",https://www.greatschools.org/new-jersey/collingswood/359-Mark-Newbie-Elementary-School/,7.0
Florence M. Burd Elementary School,"219 Newton Sparta Road, Newton, NJ, 07860",https://www.greatschools.org/new-jersey/newton/36-Florence-M.-Burd-Elementary-School/,7.0
Cranford Sr High School,"201 West End Place, Cranford, NJ, 07016",https://www.greatschools.org/new-jersey/cranford/369-Cranford-Sr-High-School/,7.0
Long Pond School,"707 Limecrest Road, Newton, NJ, 07860",https://www.greatschools.org/new-jersey/newton/37-Long-Pond-School/,7.0
Cresskill Jr Sr High School,"1 Lincoln Drive, Cresskill, NJ, 07626",https://www.greatschools.org/new-jersey/cresskill/375-Cresskill-Jr-Sr-High-School/,7.0
Valleyview Middle School,"320 Diamond Spring Road, Denville, NJ, 07834",https://www.greatschools.org/new-jersey/denville/396-Valleyview-Middle-School/,7.0
Byram Lakes Elementary School,"11 Mansfield Drive, Stanhope, NJ, 07874",https://www.greatschools.org/new-jersey/stanhope/4121-Byram-Lakes-Elementary-School/,7.0
Mansfield Twp Elementary School,"200 MANSFIELD ROAD EAST, Mansfield, NJ, 08022",https://www.greatschools.org/new-jersey/mansfield/4142-Mansfield-Twp-Elementary-School/,7.0
Honiss Elementary School,"31 Depew Street, Dumont, NJ, 07628",https://www.greatschools.org/new-jersey/dumont/415-Honiss-Elementary-School/,7.0
Waldwick Middle School,"155 Wyckoff Avenue, Waldwick, NJ, 07463",https://www.greatschools.org/new-jersey/waldwick/4209-Waldwick-Middle-School/,7.0
East Brunswick High School,"380 Cranbury Road, East Brunswick, NJ, 08816",https://www.greatschools.org/new-jersey/east-brunswick/423-East-Brunswick-High-School/,7.0
Liberty Middle School,"1 Kelly Drive, West Orange, NJ, 07052",https://www.greatschools.org/new-jersey/west-orange/4233-Liberty-Middle-School/,7.0
Hammarskjold Middle School,"200 Rues Lane, East Brunswick, NJ, 08816",https://www.greatschools.org/new-jersey/east-brunswick/425-Hammarskjold-Middle-School/,7.0
Robbinsville High School,"155 ROBBINSVILLE EDINBURG RD, Robbinsville Township, NJ, 08691",https://www.greatschools.org/new-jersey/robbinsville-township/4257-Robbinsville-High-School/,7.0
Performing Arts Academy,"1 College Drive, Toms River, NJ, 08754",https://www.greatschools.org/new-jersey/lakehurst/4288-Performing-Arts-Academy/,7.0
Memorial Elementary School,"14 Innes Road, East Brunswick, NJ, 08816",https://www.greatschools.org/new-jersey/east-brunswick/429-Memorial-Elementary-School/,7.0
Eleanor Van Gelder Elementary School,"251 Undercliff Avenue, Edgewater, NJ, 07020",https://www.greatschools.org/new-jersey/edgewater/474-Eleanor-Van-Gelder-Elementary-School/,7.0
J P Stevens High School,"855 Grove Avenue, Edison, NJ, 08820",https://www.greatschools.org/new-jersey/edison/478-J-P-Stevens-High-School/,7.0
Woodrow Wilson Middle School,"50 Woodrow Wilson Drive, Edison, NJ, 08820",https://www.greatschools.org/new-jersey/edison/482-Woodrow-Wilson-Middle-School/,7.0
James Madison Intermediate Elementary School,"838 New Dover Road, Edison, NJ, 08820",https://www.greatschools.org/new-jersey/edison/484-James-Madison-Intermediate-Elementary-School/,7.0
Lincoln Elementary School,"53 Brookville Road, Edison, NJ, 08817",https://www.greatschools.org/new-jersey/edison/488-Lincoln-Elementary-School/,7.0
Martin Luther King Elementary School,"285 Tingley Lane, Edison, NJ, 08820",https://www.greatschools.org/new-jersey/edison/490-Martin-Luther-King-Elementary-School/,7.0
Richard L Rice School,"50 CROWN ROYAL PARKWAY, Evesham, NJ, 08053",https://www.greatschools.org/new-jersey/evesham-township/561-Richard-L-Rice-School/,7.0
Fair Lawn High School,"14 00 BERDAN AVENUE, Fair Lawn, NJ, 07410",https://www.greatschools.org/new-jersey/fair-lawn/570-Fair-Lawn-High-School/,7.0
Westmoreland Elementary School,"16-50 Parmelee Ave., Fair Lawn, NJ, 07410",https://www.greatschools.org/new-jersey/fair-lawn/577-Westmoreland-Elementary-School/,7.0
Winston S. Churchill School,"233 Fairfield Road, Fairfield, NJ, 07004",https://www.greatschools.org/new-jersey/fairfield/579-Winston-Churchill-Elementary-School/,7.0
Barley Sheaf Elementary School,"80 Barley Sheaf Road, Flemington, NJ, 08822",https://www.greatschools.org/new-jersey/flemington/586-Barley-Sheaf-Elementary-School/,7.0
Ridgedale Middle School,"71 Ridgedale Avenue, Florham Park, NJ, 07932",https://www.greatschools.org/new-jersey/florham-park/596-Ridgedale-Middle-School/,7.0
Avon Elementary School,"505 LINCOLN AVENUE, Avon-by-the-Sea, NJ, 07717",https://www.greatschools.org/new-jersey/avon_by_the_sea/61-Avon-Elementary-School/,7.0
Franklin Township School,"52 Asbury Broadway Road, Washington, NJ, 07882",https://www.greatschools.org/new-jersey/washington/621-Franklin-Township-School/,7.0
Marlboro High School,"95 North Main Street, Marlboro, NJ, 07746",https://www.greatschools.org/new-jersey/marlboro/631-Marlboro-High-School/,7.0
Joseph J Catena School,"275 Burlington Road, Freehold, NJ, 07728",https://www.greatschools.org/new-jersey/freehold/632-Joseph-J-Catena-School/,7.0
C. Richard Applegate Elementary School,"47 Jeanne Brennan Drive, Freehold, NJ, 07728",https://www.greatschools.org/new-jersey/freehold/633-C.-Richard-Applegate-Elementary-School/,7.0
Dwight D. Eisenhower Elementary School,"279 Burlington Road, Freehold, NJ, 07728",https://www.greatschools.org/new-jersey/freehold/635-Dwight-D.-Eisenhower-Elementary-School/,7.0
Frelinghuysen Township Elementary School,"780 New Jersey 94, Newton, NJ, 07860",https://www.greatschools.org/new-jersey/newton/639-Frelinghuysen-Township-Elementary-School/,7.0
Roosevelt School No 7,"225 Lincoln Place, Garfield, NJ, 07026",https://www.greatschools.org/new-jersey/garfield/652-Roosevelt-School--No-7/,7.0
Glen Rock Middle School,"600 Harristown Road, Glen Rock, NJ, 07452",https://www.greatschools.org/new-jersey/glen-rock/668-Glen-Rock-Middle-School/,7.0
Nicholas Oresko School,"33 East 24th Street, Bayonne, NJ, 07002",https://www.greatschools.org/new-jersey/bayonne/67-Nicholas-Oresko-School/,7.0
Clara E. Coleman Elementary School,"100 Pinelynn Road, Glen Rock, NJ, 07452",https://www.greatschools.org/new-jersey/glen-rock/672-Clara-E.-Coleman-Elementary-School/,7.0
Gloucester Co Inst Tech,"1360 Tanyard Road, Mantua Township, NJ, 08080",https://www.greatschools.org/new-jersey/deptford-township/687-Gloucester-Co-Inst-Tech/,7.0
Irene E Feldkirchner Elementary School,"105 Andrew Street, Green Brook Township, NJ, 08812",https://www.greatschools.org/new-jersey/green-brook-township/692-Irene-E-Feldkirchner-Elementary-School/,7.0
Union Hill Middle School,"3800 Hudson Avenue, Union City, NJ, 07087",https://www.greatschools.org/new-jersey/union-city/7045-Union-Hill-Middle-School/,7.0
Hoboken Dual Language Charter School,"123 Jefferson Street, Hoboken, NJ, 07030",https://www.greatschools.org/new-jersey/hoboken/7097-Hoboken-Dual-Language-Charter-School/,7.0
Seventh Avenue Elementary School,"316 7th Avenue, Haddon Heights, NJ, 08035",https://www.greatschools.org/new-jersey/haddon-heights/711-Seventh-Avenue-Elementary-School/,7.0
Clyde S. Jennings Elementary School,"100 West Cedar Avenue, Oaklyn, NJ, 08107",https://www.greatschools.org/new-jersey/oaklyn/714-Clyde-S.-Jennings-Elementary-School/,7.0
Elizabeth Haddon Elementary School,"501 West Redman Avenue, Haddonfield, NJ, 08033",https://www.greatschools.org/new-jersey/haddonfield/721-Elizabeth-Haddon-Elementary-School/,7.0
Hamburg Elementary School,"30 Linwood Avenue, Hamburg, NJ, 07419",https://www.greatschools.org/new-jersey/hamburg/725-Hamburg-Elementary-School/,7.0
Yardville Elementary School,"450 YARDVILLE ALLENTOWN RD, Hamilton Township, NJ, 08620",https://www.greatschools.org/new-jersey/trenton/748-Yardville-Elementary-School/,7.0
Mountview Road Elementary School,"30 Mountview Road, Morris Plains, NJ, 07950",https://www.greatschools.org/new-jersey/morris-plains/761-Mountview-Road-Elementary-School/,7.0
Salem Drive Elementary School,"29 SALEM DRIVE, Hanover, NJ, 07981",https://www.greatschools.org/new-jersey/hanover/762-Salem-Drive-Elementary-School/,7.0
Harrison Township Elementary School,"120 N MAIN STREET, Harrison Township, NJ, 08062",https://www.greatschools.org/new-jersey/mullica-hill/770-Harrison-Township-Elementary-School/,7.0
Hasbrouck Heights High School,"365 Boulevard, Hasbrouck Heights, NJ, 07604",https://www.greatschools.org/new-jersey/hasbrouck-heights/771-Hasbrouck-Heights-High-School/,7.0
Roosevelt Elementary School,"50 Roosevelt Avenue, Hawthorne, NJ, 07506",https://www.greatschools.org/new-jersey/hawthorne/777-Roosevelt-Elementary-School/,7.0
Hillsborough Middle School,"260 Triangle Road, Hillsborough Township, NJ, 08844",https://www.greatschools.org/new-jersey/hillsborough-township/789-Hillsborough-Middle-School/,7.0
Thomas G Connors,"201 Monroe Street, Hoboken, NJ, 07030",https://www.greatschools.org/new-jersey/hoboken/806-Thomas-G-Connors/,7.0
Joseph F Brandt No 2,"215 9th Street, Hoboken, NJ, 07030",https://www.greatschools.org/new-jersey/hoboken/808-Joseph-F-Brandt-No-2/,7.0
Holland Twp Elementary School,"710 Milford Warren Glen Road, Milford, NJ, 08848",https://www.greatschools.org/new-jersey/milford/812-Holland-Twp-Elementary-School/,7.0
Central High School,"259 Pennington - Titusville Road, Pennington, NJ, 08534",https://www.greatschools.org/new-jersey/pennington/824-Central-High-School/,7.0
Bear Tavern Elementary School,"1162 BEAR TAVERN ROAD, Hopewell Township, NJ, 08560",https://www.greatschools.org/new-jersey/hopewell-township/825-Bear-Tavern-Elementary-School/,7.0
Hopewell Elementary School,"35 Princeton Avenue, Hopewell, NJ, 08525",https://www.greatschools.org/new-jersey/hopewell/827-Hopewell-Elementary-School/,7.0
Island Heights Elementary School,"115 Summit Avenue, Island Heights, NJ, 08732",https://www.greatschools.org/new-jersey/island-heights/854-Island-Heights-Elementary-School/,7.0
Belleville PS9,"301 Ralph Street, Belleville, NJ, 07109",https://www.greatschools.org/new-jersey/belleville/87-Number-9-Elementary-School/,7.0
Jersey City Global Charter School,"255 Congress Street, Jersey City, NJ, 07307",https://www.greatschools.org/new-jersey/jersey-city/8778-Jersey-City-Global-Charter-School/,7.0
West Amwell Twp School,"1417 New Jersey 179, Lambertville, NJ, 08530",https://www.greatschools.org/new-jersey/lambertville/8785-West-Amwell-Twp-School/,7.0
Passaic Gifted And Talented Academy School No 20,"19 Henry Street, Passaic, NJ, 07055",https://www.greatschools.org/new-jersey/passaic/8842-Passaic-Gifted-And-Talented-Academy-School-No-20/,7.0
College Achieve Paterson Charter School,"788 Shrewsbury Avenue, Tinton Falls, NJ, 07724",https://www.greatschools.org/new-jersey/paterson/8896-College-Achieve-Paterson-Charter-School/,7.0
Passaic Academy For Science And Engineering,"291 Lafayette Avenue, Passaic, NJ, 07055",https://www.greatschools.org/new-jersey/passaic/8899-Passaic-Academy-For-Science-And-Engineering/,7.0
Jotham W. Wakeman No. 6 Elementary School,"100 Saint Pauls Avenue, Jersey City, NJ, 07306",https://www.greatschools.org/new-jersey/jersey-city/908-Jotham-W.-Wakeman-No.-6-Elementary-School/,7.0
Kingwood Township Elementary School,"880 County Road 519, Frenchtown, NJ, 08825",https://www.greatschools.org/new-jersey/frenchtown/927-Kingwood-Township-Elementary-School/,7.0
Lawrence Middle School,"2455 PRINCETON PIKE, Lawrence Township, NJ, 08648",https://www.greatschools.org/new-jersey/lawrenceville/955-Lawrence-Middle-School/,7.0
Slackwood Elementary School,"2060 PRINCETON PIKE, Lawrence Township, NJ, 08648",https://www.greatschools.org/new-jersey/lawrenceville/959-Slackwood-Elementary-School/,7.0
Woodglen Elementary School,"70 Bunnvale Road, Califon, NJ, 07830",https://www.greatschools.org/new-jersey/califon/962-Woodglen-Elementary-School/,7.0
Leonia High School,"100 Christie Heights Street, Leonia, NJ, 07605",https://www.greatschools.org/new-jersey/leonia/968-Leonia-High-School/,7.0
Leonia Middle School,"500 Broad Avenue, Leonia, NJ, 07605",https://www.greatschools.org/new-jersey/leonia/969-Leonia-Middle-School/,7.0
Lincoln Park Elementary School,"274 Pine Brook Road, Lincoln Park, NJ, 07035",https://www.greatschools.org/new-jersey/lincoln-park/971-Lincoln-Park-Elementary-School/,7.0
Lincoln Park Middle School,"90 Ryerson Road, Lincoln Park, NJ, 07035",https://www.greatschools.org/new-jersey/lincoln-park/972-Lincoln-Park-Middle-School/,7.0
Belhaven Middle School,"51 Belhaven Avenue, Linwood, NJ, 08221",https://www.greatschools.org/new-jersey/linwood/987-Belhaven-Middle-School/,7.0
Little Falls Township Public School # 1,"Little Falls School # 1, Little Falls, NJ, 07424",https://www.greatschools.org/new-jersey/little-falls/991-Number-1-Elementary-School/,7.0
Brigantine Community School,"301 East Evans Boulevard, Brigantine, NJ, 08203",https://www.greatschools.org/new-jersey/brigantine/9198-Brigantine-Community-School/,7.0
Belmar Elementary School,"1101 Main Street, Belmar, NJ, 07719",https://www.greatschools.org/new-jersey/belmar/92-Belmar-Elementary-School/,7.0
Hilltop Elementary School,"200 Kipp Avenue, Lodi, NJ, 07644",https://www.greatschools.org/new-jersey/lodi/1008-Hilltop-Elementary-School/,6.0
Washington Elementary School,"310 Main Street, Lodi, NJ, 07644",https://www.greatschools.org/new-jersey/lodi/1010-Washington-Elementary-School/,6.0
Lopatcong Elementary School,"263 New Jersey 57, Phillipsburg, NJ, 08865",https://www.greatschools.org/new-jersey/phillipsburg/1024-Lopatcong-Elementary-School/,6.0
Jefferson Elementary School,"336 Lake Avenue, Lyndhurst, NJ, 07071",https://www.greatschools.org/new-jersey/lyndhurst/1048-Jefferson-Elementary-School/,6.0
Roosevelt Elementary School,"530 Stuyvesant Avenue, Lyndhurst, NJ, 07071",https://www.greatschools.org/new-jersey/lyndhurst/1050-Roosevelt-Elementary-School/,6.0
Madison High School,"170 Ridgedale Avenue, Madison, NJ, 07940",https://www.greatschools.org/new-jersey/madison/1052-Madison-High-School/,6.0
Madison Junior Middle School,"160 Main Street, Madison, NJ, 07940",https://www.greatschools.org/new-jersey/madison/1055-Madison-Junior-Middle-School/,6.0
Jonas Salk Middle School,"155 West Greystone Road, Old Bridge, NJ, 08857",https://www.greatschools.org/new-jersey/old-bridge-township/1063-Jonas-Salk-Middle-School/,6.0
Leroy Gordon Cooper Elementary School,"160 BIRCHWOOD DRIVE, Aberdeen Township, NJ, 07735",https://www.greatschools.org/new-jersey/keyport/1064-Leroy-Gordon-Cooper-Elementary-School/,6.0
Southwood Elementary School,"64 Southwood Drive, Old Bridge, NJ, 08857",https://www.greatschools.org/new-jersey/old-bridge-township/1069-Southwood-Elementary-School/,6.0
Magnolia Elementary School,"420 NORTH WARWICK RD, Magnolia, NJ, 08049",https://www.greatschools.org/new-jersey/magnolia/1072-Magnolia-Elementary-School/,6.0
Joyce Kilmer Elementary School,"80 Ridge Road, Mahwah, NJ, 07430",https://www.greatschools.org/new-jersey/mahwah/1076-Joyce-Kilmer-Elementary-School/,6.0
Ramapo Ridge Middle School,"150 Ridge Road, Mahwah, NJ, 07430",https://www.greatschools.org/new-jersey/mahwah/1077-Ramapo-Ridge-Middle-School/,6.0
Bergenfield High School,"80 South Prospect Avenue, Bergenfield, NJ, 07621",https://www.greatschools.org/new-jersey/bergenfield/108-Bergenfield-High-School/,6.0
Manasquan High School,"167 Broad Street, Manasquan, NJ, 08736",https://www.greatschools.org/new-jersey/manasquan/1086-Manasquan-High-School/,6.0
Manasquan Elementary School,"168 Broad Street, Manasquan, NJ, 08736",https://www.greatschools.org/new-jersey/manasquan/1087-Manasquan-Elementary-School/,6.0
Manchester Twp Elementary School,"101 N COLONIAL DRIVE, Manchester Township, NJ, 08733",https://www.greatschools.org/new-jersey/manchester-township/1088-Manchester-Twp-Elementary-School/,6.0
Whiting Elementary School,"412 MANCHESTER BLVD, Manchester Township, NJ, 08759",https://www.greatschools.org/new-jersey/manchester-township/1091-Whiting-Elementary-School/,6.0
J. Mason Tomlin Elementary School,"393 MAIN ST, Mantua Township, NJ, 08051",https://www.greatschools.org/new-jersey/mantua-township/1099-J.-Mason-Tomlin-Elementary-School/,6.0
Marlboro Middle School,"355 County Road 520 West, Marlboro, NJ, 07746",https://www.greatschools.org/new-jersey/marlboro-township/1113-Marlboro-Middle-School/,6.0
Matawan Aberdeen Mid School,"469 MATAWAN AVENUE, Aberdeen Township, NJ, 07721",https://www.greatschools.org/new-jersey/aberdeen-township/1119-Matawan--Aberdeen-Mid-School/,6.0
Strathmore Elementary School,"282 CHURCH STREET, Aberdeen Township, NJ, 07747",https://www.greatschools.org/new-jersey/aberdeen-township/1122-Strathmore-Elementary-School/,6.0
Memorial Elementary School,"764 Grant Avenue, Maywood, NJ, 07607",https://www.greatschools.org/new-jersey/maywood/1125-Memorial-Elementary-School/,6.0
Roy W Brown Middle School,"130 South Washington Avenue, Bergenfield, NJ, 07621",https://www.greatschools.org/new-jersey/bergenfield/113-Roy-W-Brown-Middle-School/,6.0
Washington Elementary School,"49 South Summit Street, Bergenfield, NJ, 07621",https://www.greatschools.org/new-jersey/bergenfield/114-Washington-Elementary-School/,6.0
Merchantville Elementary School,"130 South Center Street, Merchantville, NJ, 08109",https://www.greatschools.org/new-jersey/merchantville/1141-Merchantville-Elementary-School/,6.0
Perth Amboy Vocational School,"457 High Street, Perth Amboy, NJ, 08861",https://www.greatschools.org/new-jersey/perth-amboy/1157-Perth-Amboy-Vocational-School/,6.0
Middletown - North High School,"63 TINDALL ROAD, Middletown Township, NJ, 07748",https://www.greatschools.org/new-jersey/middletown/1160-Middletown---North-High-School/,6.0
Bayview Elementary School,"300 LEONARDVILLE ROAD, Middletown Township, NJ, 07718",https://www.greatschools.org/new-jersey/middletown/1165-Bayview-Elementary-School/,6.0
Harmony Elementary School,"100 Murphy Road, Middletown Township, NJ, 07748",https://www.greatschools.org/new-jersey/middletown/1168-Harmony-Elementary-School/,6.0
Middletown Village Elementary School,"147 KINGS HIGHWAY, Middletown Township, NJ, 07748",https://www.greatschools.org/new-jersey/middletown/1171-Middletown-Village-Elementary-School/,6.0
Nut Swamp Elementary School,"925 Nut Swamp Road, Middletown Township, NJ, 07748",https://www.greatschools.org/new-jersey/middletown/1174-Nut-Swamp-Elementary-School/,6.0
Monroe Township Middle School,"1629 Perrineville Road, Monroe Township, NJ, 08831",https://www.greatschools.org/new-jersey/monroe-township/1210-Monroe-Township-Middle-School/,6.0
Brookside School,"370 BUCKELEW AVENUE, Monroe Township, NJ, 08831",https://www.greatschools.org/new-jersey/jamesburg/1213-Brookside-School/,6.0
Montague Township School,"475 U.S. 206, Montague, NJ, 07827",https://www.greatschools.org/new-jersey/montague-township/1214-Montague-Elementary-School/,6.0
Bradford School,"87 MT HEBRON RD, Montclair, NJ, 07042",https://www.greatschools.org/new-jersey/montclair/1217-Bradford-School/,6.0
Edgemont Elementary School,"20 Edgemont Road, Montclair, NJ, 07042",https://www.greatschools.org/new-jersey/montclair/1218-Edgemont-Elementary-School/,6.0
Mt Hebron Middle School,"173 BELLEVUE AVE, Montclair, NJ, 07042",https://www.greatschools.org/new-jersey/montclair/1221-Mt-Hebron-Middle-School/,6.0
Northeast Elementary School,"603 GROVE ST, Montclair, NJ, 07042",https://www.greatschools.org/new-jersey/montclair/1223-Northeast-Elementary-School/,6.0
Watchung Elementary School,"14 Garden Street, Montclair, NJ, 07042",https://www.greatschools.org/new-jersey/montclair/1224-Watchung-Elementary-School/,6.0
H & M Potter Elementary School,"60 VEEDER LANE, Berkeley Township, NJ, 08721",https://www.greatschools.org/new-jersey/berkeley-township/123-H--M-Potter-Elementary-School/,6.0
Mary E. Roberts Elementary School,"290 Crescent Avenue, Moorestown, NJ, 08057",https://www.greatschools.org/new-jersey/moorestown/1241-Mary-E.-Roberts-Elementary-School/,6.0
Morris Hills High School,"520 West Main Street, Rockaway, NJ, 07866",https://www.greatschools.org/new-jersey/rockaway/1245-Morris-Hills-High-School/,6.0
Morris Knolls High School,"50 Knoll Drive, Rockaway, NJ, 07866",https://www.greatschools.org/new-jersey/rockaway/1246-Morris-Knolls-High-School/,6.0
Sussex Avenue Elementary School,"125 Sussex Avenue, Morristown, NJ, 07960",https://www.greatschools.org/new-jersey/morristown/1255-Sussex-Avenue-Elementary-School/,6.0
Mount Arlington Public Elementary School,"235 HOWARD BOULEVARD, Mount Arlington, NJ, 07856",https://www.greatschools.org/new-jersey/mount-arlington/1259-Mount-Arlington-Public-Elementary-School/,6.0
Mt Olive High School,"18 COREY ROAD, Mount Olive, NJ, 07836",https://www.greatschools.org/new-jersey/mount-olive-township/1272-Mt--Olive-High-School/,6.0
Chester M Stephens School,"99 SUNSET DRIVE, Mount Olive, NJ, 07828",https://www.greatschools.org/new-jersey/mount-olive-township/1273-Chester-M-Stephens-School/,6.0
Mountain View Elementary School,"118 CLOVER HILL DRIVE, Mount Olive, NJ, 07836",https://www.greatschools.org/new-jersey/mount-olive-township/1274-Mountain-View-Elementary-School/,6.0
Mullica Twp Primary School,"500 ELWOOD ROAD, Mullica, NJ, 08217",https://www.greatschools.org/new-jersey/hammonton/1282-Mullica-Twp-Primary-School/,6.0
Netcong Elementary School,"26 College Road, Netcong, NJ, 07857",https://www.greatschools.org/new-jersey/netcong/1294-Netcong-Elementary-School/,6.0
New Milford High School,"330 River Road, New Milford, NJ, 07646",https://www.greatschools.org/new-jersey/new-milford/1306-New-Milford-High-School/,6.0
Lafayette Street Elementary School,"205 Lafayette Street, Newark, NJ, 07105",https://www.greatschools.org/new-jersey/newark/1357-Lafayette-Street-Elementary-School/,6.0
Oliver Street Elementary School,"86 Oliver Street, Newark, NJ, 07105",https://www.greatschools.org/new-jersey/newark/1370-Oliver-Street-Elementary-School/,6.0
Ridge Street Elementary School,"735 Ridge Street, Newark, NJ, 07104",https://www.greatschools.org/new-jersey/newark/1373-Ridge-Street-Elementary-School/,6.0
Wilson Avenue Elementary School,"19 WILSON AVE, Newark, NJ, 07108",https://www.greatschools.org/new-jersey/newark/1381-Wilson-Avenue-Elementary-School/,6.0
Jefferson Elementary School,"100 Prospect Avenue, North Arlington, NJ, 07031",https://www.greatschools.org/new-jersey/north-arlington/1393-Jefferson-Elementary-School/,6.0
Lincoln No. 5 Elementary School,"1206 63rd Street, North Bergen, NJ, 07047",https://www.greatschools.org/new-jersey/north-bergen/1401-Lincoln-No.-5-Elementary-School/,6.0
High Mountain Middle School,"515 High Mountain Road, North Haledon, NJ, 07508",https://www.greatschools.org/new-jersey/north-haledon/1412-High-Mountain-Middle-School/,6.0
North Hunterdon Reg High School,"1445 State Route 31, Clinton Township, NJ, 08801",https://www.greatschools.org/new-jersey/clinton-township/1419-North-Hunterdon-Reg-High-School/,6.0
N Burl Co Reg High School,"160 MANSFIELD ROAD EAST, Mansfield, NJ, 08022",https://www.greatschools.org/new-jersey/mansfield/1427-N-Burl-Co-Reg-High-School/,6.0
John H Walker Middle School,"325 Franklin Avenue, Nutley, NJ, 07110",https://www.greatschools.org/new-jersey/nutley/1438-John-H-Walker-Middle-School/,6.0
Demarest Elementary School,"465 Broughton Avenue, Bloomfield, NJ, 07003",https://www.greatschools.org/new-jersey/bloomfield/144-Demarest-Elementary-School/,6.0
Heights Elementary School,"114 Seminole Avenue, Oakland, NJ, 07436",https://www.greatschools.org/new-jersey/oakland/1445-Heights-Elementary-School/,6.0
Ocean City Intermediate School,"1901 Bay Avenue, Ocean City, NJ, 08226",https://www.greatschools.org/new-jersey/ocean-city/1451-Ocean-City-Intermediate-School/,6.0
Wayside Elementary School,"733 BOWNE ROAD, Ocean Township, NJ, 07712",https://www.greatschools.org/new-jersey/ocean-township/1463-Wayside-Elementary-School/,6.0
Maple Place Elementary School,"MAPLE PLACE, Oceanport, NJ, 07757",https://www.greatschools.org/new-jersey/oceanport/1466-Maple-Place-Elementary-School/,6.0
Ogdensburg Elementary School,"100 Main Street, Ogdensburg, NJ, 07439",https://www.greatschools.org/new-jersey/ogdensburg/1468-Ogdensburg-Elementary-School/,6.0
Orange Preparatory Academy,"400 CENTRAL AVE, City of Orange, NJ, 07050",https://www.greatschools.org/new-jersey/city-of-orange/1483-Orange-Middle-School/,6.0
West Brook Middle School,"560 Roosevelt Boulevard, Paramus, NJ, 07652",https://www.greatschools.org/new-jersey/paramus/1492-West-Brook-Middle-School/,6.0
Parsippany High School,"309 Baldwin Rd, Parsippany-Troy Hills, NJ, 07054",https://www.greatschools.org/new-jersey/parsippany_troy-hills/1502-Parsippany-High-School/,6.0
Parsippany Hills High School,"20 Rita Drive, Morris Plains, NJ, 07950",https://www.greatschools.org/new-jersey/morris-plains/1503-Parsippany-Hills-High-School/,6.0
Brooklawn Middle School,"250 Beachwood Road, Parsippany-Troy Hills, NJ, 07054",https://www.greatschools.org/new-jersey/parsippany_troy-hills/1504-Brooklawn-Middle-School/,6.0
Intervale Elementary School,"60 Pitt Road, Boonton, NJ, 07005",https://www.greatschools.org/new-jersey/boonton/1507-Intervale-Elementary-School/,6.0
Rockaway Meadow Elementary School,"160 EDWARDS ROAD, Parsippany-Troy Hills, NJ, 07054",https://www.greatschools.org/new-jersey/parsippany_troy-hills/1512-Rockaway-Meadow-Elementary-School/,6.0
Bogota Jr Sr High School,"2 Henry C Luthin Place, Bogota, NJ, 07603",https://www.greatschools.org/new-jersey/bogota/153-Bogota-Jr---Sr--High-School/,6.0
Lillian M. Steen Elementary School,"134 West Main Street, Bogota, NJ, 07603",https://www.greatschools.org/new-jersey/bogota/155-Lillian-M.-Steen-Elementary-School/,6.0
Norman S. Weir Elementary School,"152 College Boulevard, Paterson, NJ, 07505",https://www.greatschools.org/new-jersey/paterson/1567-Norman-S.-Weir-Elementary-School/,6.0
School 1,"1 East 32nd Street, Paterson, NJ, 07514",https://www.greatschools.org/new-jersey/paterson/1570-Number-1-Elementary-School/,6.0
Conackamack Middle School,"5205 Witherspoon Street, Piscataway, NJ, 08854",https://www.greatschools.org/new-jersey/piscataway/1629-Conackamack-Middle-School/,6.0
Mac Farland Intermediate School,"87 Crosswicks Street, Bordentown, NJ, 08505",https://www.greatschools.org/new-jersey/bordentown/163-Mac-Farland-Intermediate-School/,6.0
Theodore Schor Middle School,"243 North Randolphville Road, Piscataway, NJ, 08854",https://www.greatschools.org/new-jersey/piscataway/1631-Theodore-Schor-Middle-School/,6.0
Arbor Elementary School,"1717 Lester Place, Piscataway, NJ, 08854",https://www.greatschools.org/new-jersey/piscataway/1632-Arbor-Elementary-School/,6.0
Elwood Kindle Elementary School,"211 Washington Avenue, Pitman, NJ, 08071",https://www.greatschools.org/new-jersey/pitman/1639-Elwood-Kindle-Elementary-School/,6.0
Peter Muschal School,"323 Ward Avenue, Bordentown, NJ, 08505",https://www.greatschools.org/new-jersey/bordentown/164-Peter-Muschal-School/,6.0
Olivet School,"235 SHEEP PEN ROAD, Pittsgrove, NJ, 08318",https://www.greatschools.org/new-jersey/elmer/1644-Olivet-School/,6.0
Frederic W. Cook Elementary School,"739 Leland Avenue, Plainfield, NJ, 07062",https://www.greatschools.org/new-jersey/plainfield/1652-Frederic-W.-Cook-Elementary-School/,6.0
New Egypt Elementary School,"44 N MAIN ST, Plumsted, NJ, 08533",https://www.greatschools.org/new-jersey/plumsted-township/1666-New-Egypt-Elementary-School/,6.0
Memorial Middle School,"Laura Herbert Drive, Point Pleasant, NJ, 08742",https://www.greatschools.org/new-jersey/point-pleasant/1670-Memorial-Middle-School/,6.0
Nellie F Bennett Elementary School,"Riviera Parkway, Point Pleasant, NJ, 08742",https://www.greatschools.org/new-jersey/point-pleasant/1671-Nellie-F-Bennett-Elementary-School/,6.0
Lakeside Middle School,"316 Lakeside Avenue, Pompton Lakes, NJ, 07442",https://www.greatschools.org/new-jersey/pompton-lakes/1676-Lakeside-Middle-School/,6.0
Bradley Beach Elementary School,"515 Brinley Avenue, Bradley Beach, NJ, 07720",https://www.greatschools.org/new-jersey/bradley-beach/168-Bradley-Beach-Elementary-School/,6.0
Johnson Park School,"285 Rosedale Road, Princeton, NJ, 08540",https://www.greatschools.org/new-jersey/princeton/1680-Johnson-Park-School/,6.0
Princeton High School,"151 Moore Street, Princeton, NJ, 08540",https://www.greatschools.org/new-jersey/princeton/1681-Princeton-High-School/,6.0
Community Park Elementary School,"372 WITHERSPOON STREET, Princeton, NJ, 08540",https://www.greatschools.org/new-jersey/princeton/1684-Community-Park-Elementary-School/,6.0
Franklin Elementary School,"1809 Saint Georges Avenue, Rahway, NJ, 07065",https://www.greatschools.org/new-jersey/rahway/1690-Franklin-Elementary-School/,6.0
Indian Hills High School,"97 Yawpo Avenue, Oakland, NJ, 07436",https://www.greatschools.org/new-jersey/oakland/1694-Indian-Hills-High-School/,6.0
Randolph High School,"511 Millbrook Avenue, Randolph, NJ, 07869",https://www.greatschools.org/new-jersey/randolph/1703-Randolph-High-School/,6.0
Randolph Middle School,"507 Millbrook Avenue, Randolph, NJ, 07869",https://www.greatschools.org/new-jersey/randolph/1707-Randolph-Middle-School/,6.0
Shongum Elementary School,"9 Arrow Place, Randolph, NJ, 07869",https://www.greatschools.org/new-jersey/randolph/1708-Shongum-Elementary-School/,6.0
Cove Road School,"8 Cove Road, Hazlet, NJ, 07730",https://www.greatschools.org/new-jersey/hazlet/1711-Cove-Road-School/,6.0
Lillian Drive School,"28 Lillian Drive, Hazlet, NJ, 07730",https://www.greatschools.org/new-jersey/hazlet/1712-Lillian-Drive-School/,6.0
Readington Middle School,"48 READINGTON RD, Readington Township, NJ, 08889",https://www.greatschools.org/new-jersey/readington-township/1717-Readington-Middle-School/,6.0
Slocum Skewes School,"650 Prospect Avenue, Ridgefield, NJ, 07657",https://www.greatschools.org/new-jersey/ridgefield/1725-Slocum--Skewes-School/,6.0
Grant Elementary School,"104 Henry Street, Ridgefield Park, NJ, 07660",https://www.greatschools.org/new-jersey/ridgefield-park/1728-Grant-Elementary-School/,6.0
Riverdale Public Elementary School,"52 Newark Pompton Turnpike, Riverdale, NJ, 07457",https://www.greatschools.org/new-jersey/riverdale/1749-Riverdale-Public-Elementary-School/,6.0
Midland No 1,"300 Rochelle Avenue, Rochelle Park, NJ, 07662",https://www.greatschools.org/new-jersey/rochelle-park/1754-Midland--No-1/,6.0
Dennis B O Brien School,"16 Mineral Springs Drive, Dover, NJ, 07801",https://www.greatschools.org/new-jersey/dover/1760-Dennis-B--O-Brien-School/,6.0
Sherman Elementary School,"375 East Grant Avenue, Roselle Park, NJ, 07204",https://www.greatschools.org/new-jersey/roselle-park/1775-Sherman-Elementary-School/,6.0
Lake Riviera Middle School,"171 BEAVERSON BOULEVARD, Brick Township, NJ, 08723",https://www.greatschools.org/new-jersey/brick-township/178-Lake-Riviera-Middle-School/,6.0
Mary E. Volz Elementary School,"509 West 3rd Avenue, Runnemede, NJ, 08078",https://www.greatschools.org/new-jersey/runnemede/1788-Mary-E.-Volz-Elementary-School/,6.0
Union School,"359 Union Avenue, Rutherford, NJ, 07070",https://www.greatschools.org/new-jersey/rutherford/1793-Union-Elementary-School/,6.0
Sandyston-Walpack Cons. Elementary School,"100 ROUTE 560, Sandyston, NJ, 07851",https://www.greatschools.org/new-jersey/layton/1807-Sandyston-Walpack-Cons.-Elementary-School/,6.0
Arleth Elementary School,"3198 WASHINGTON ROAD, Sayreville, NJ, 08859",https://www.greatschools.org/new-jersey/sayreville/1811-Arleth-Elementary-School/,6.0
Harry S. Truman Elementary School,"ONE TAFT PLACE, Sayreville, NJ, 08859",https://www.greatschools.org/new-jersey/sayreville/1813-Harry-S.-Truman-Elementary-School/,6.0
School #1 Elementary School,"563 Willow Avenue, Scotch Plains, NJ, 07076",https://www.greatschools.org/new-jersey/scotch-plains/1818-School-1-Elementary-School/,6.0
Shore Regional High School,"132 MONMOUTH PARK HIGHWAY 36, West Long Branch, NJ, 07764",https://www.greatschools.org/new-jersey/west-long-branch/1834-Shore-Reg-High-School/,6.0
South Brunswick High School,"750 RIDGE ROAD, South Brunswick Township, NJ, 08852",https://www.greatschools.org/new-jersey/south-brunswick-township/1851-South-Brunswick-High-School/,6.0
Memorial Elementary School,"Dyer Avenue, South Hackensack, NJ, 07606",https://www.greatschools.org/new-jersey/south-hackensack/1860-Memorial-Elementary-School/,6.0
Clinton Elementary School,"27 Berkshire Road, Maplewood, NJ, 07040",https://www.greatschools.org/new-jersey/maplewood/1866-Clinton-Elementary-School/,6.0
Tuscan Elementary School,"25 Harvard Avenue, Maplewood, NJ, 07040",https://www.greatschools.org/new-jersey/maplewood/1871-Tuscan-Elementary-School/,6.0
Southampton Twp School No 3,"100 WARRIOR WAY, Southampton Township, NJ, 08088",https://www.greatschools.org/new-jersey/southampton-township/1882-Southampton-Twp-School-No-3/,6.0
Helen Morgan Elementary School,"100 Sparta Road, Sparta, NJ, 07871",https://www.greatschools.org/new-jersey/sparta-township/1891-Helen-Morgan-Elementary-School/,6.0
Florence M. Gaudineer Middle School,"75 South Springfield Avenue, Springfield, NJ, 07081",https://www.greatschools.org/new-jersey/springfield-township/1900-Florence-M.-Gaudineer-Middle-School/,6.0
Stafford Intermediate School,"1000 McKinley Avenue, Stafford Township, NJ, 08050",https://www.greatschools.org/new-jersey/stafford-township/1907-Stafford-Intermediate-School/,6.0
Stow Creek Township Elementary School,"11 Gum Tree Corner Road, Bridgeton, NJ, 08302",https://www.greatschools.org/new-jersey/bridgeton/1913-Stow-Creek-Township-Elementary-School/,6.0
Parkview Elementary School,"123 Parkview Road, Stratford, NJ, 08084",https://www.greatschools.org/new-jersey/stratford/1914-Parkview-Elementary-School/,6.0
Bridgewater Raritan High School,"600 Garretson Road, Bridgewater, NJ, 08807",https://www.greatschools.org/new-jersey/bridgewater-township/192-Brdgwtr--Raritn-High-School/,6.0
Bridgewater-Raritan Middle School,"128 Merriwood Road, Bridgewater, NJ, 08807",https://www.greatschools.org/new-jersey/bridgewater-township/193-Brdgwtr--Raritn-Middle-School/,6.0
Hawthorne Elementary School,"201 Fycke Lane, Teaneck, NJ, 07666",https://www.greatschools.org/new-jersey/teaneck/1935-Hawthorne-Elementary-School/,6.0
Eisenhower Elementary School,"791 Eisenhower Avenue, Bridgewater, NJ, 08807",https://www.greatschools.org/new-jersey/bridgewater-township/197-Eisenhower-Elementary-School/,6.0
Hillside Intermediate School,"844 Brown Road, Bridgewater, NJ, 08807",https://www.greatschools.org/new-jersey/bridgewater-township/198-Hillside-Elementary-School/,6.0
Thomas A. Edison Elementary School,"507 West Street, Union City, NJ, 07087",https://www.greatschools.org/new-jersey/union-city/1996-Thomas-A.-Edison-Elementary-School/,6.0
Bernards High School,"25 Olcott Avenue, Bernardsville, NJ, 07924",https://www.greatschools.org/new-jersey/bernardsville/20-Bernards-High-School/,6.0
Kawameeh Middle School,"490 David Terrace, Union, NJ, 07083",https://www.greatschools.org/new-jersey/union/2016-Kawameeh-Middle-School/,6.0
Connecticut Farms Elementary School,"875 Stuyvesant Avenue, Union, NJ, 07083",https://www.greatschools.org/new-jersey/union/2019-Connecticut-Farms-Elementary-School/,6.0
Washington Elementary School,"301 Washington Avenue, Union, NJ, 07083",https://www.greatschools.org/new-jersey/union/2022-Washington-Elementary-School/,6.0
Upper Pittsgrove Elementary School,"235 PINE TAVERN ROAD, Upper Pittsgrove, NJ, 08343",https://www.greatschools.org/new-jersey/upper-pittsgrove/2028-Upper-Pittsgrove-Elementary-School/,6.0
Forest Avenue Elementary School,"118 Forest Avenue, Verona, NJ, 07044",https://www.greatschools.org/new-jersey/verona/2045-Forest-Avenue-Elementary-School/,6.0
Julia A. Traphagen Elementary School,"153 Summit Avenue, Waldwick, NJ, 07463",https://www.greatschools.org/new-jersey/waldwick/2074-Julia-A.-Traphagen-Elementary-School/,6.0
Intermediate School,"2801 ALLAIRE ROAD, Wall Township, NJ, 07719",https://www.greatschools.org/new-jersey/wall-township/2080-Intermediate-School/,6.0
Wanaque Elementary School,"FIRST STREET, Wanaque, NJ, 07465",https://www.greatschools.org/new-jersey/wanaque/2087-Wanaque-Elementary-School/,6.0
Angelo Tomaso School,"46 Washington Valley Road, Warren, NJ, 07059",https://www.greatschools.org/new-jersey/warren/2095-Angelo-Tomaso-School/,6.0
Washington Memorial Elementary School,"300 West Stewart Street, Washington, NJ, 07882",https://www.greatschools.org/new-jersey/washington/2096-Washington-Memorial-Elementary-School/,6.0
Birches Elementary School,"416 WESTMINSTER BLVD, Washington Township, NJ, 08012",https://www.greatschools.org/new-jersey/washington-township/2102-Birches-Elementary-School/,6.0
Thomas Jefferson Elementary School,"95 ALTAIR DR, Washington Township, NJ, 08012",https://www.greatschools.org/new-jersey/washington-township/2106-Thomas-Jefferson-Elementary-School/,6.0
Sharon Elementary School,"234 SHARON ROAD, Robbinsville Township, NJ, 08691",https://www.greatschools.org/new-jersey/robbinsville-township/2111-Sharon-Elementary-School/,6.0
Watchung Hills Regional High School,"108 Stirling Road, Warren, NJ, 07059",https://www.greatschools.org/new-jersey/warren/2120-Watchung-Hills-Reg-High-School/,6.0
Waterford Elementary School,"1106 Old White Horse Pike, Waterford, NJ, 08089",https://www.greatschools.org/new-jersey/waterford/2123-Waterford-Elementary-School/,6.0
Wayne Valley High School,"551 Valley Road, Wayne, NJ, 07470",https://www.greatschools.org/new-jersey/wayne/2124-Wayne-Valley-High-School/,6.0
Betty Mcelmon Elementary School,"20 Parker Road, West Long Branch, NJ, 07764",https://www.greatschools.org/new-jersey/west-long-branch/2150-Betty-Mcelmon-Elementary-School/,6.0
Upper Greenwood Lake Elementary School,"41 HENRY ROAD, West Milford, NJ, 07421",https://www.greatschools.org/new-jersey/hewitt/2164-Upper-Greenwood-Lake-Elementary-School/,6.0
Public School Number Two,"5200 BROADWAY, West New York, NJ, 07093",https://www.greatschools.org/new-jersey/west-new-york/2170-Number-2-Elementary-School/,6.0
Hazel Avenue Elementary School,"45 Hazel Avenue, West Orange, NJ, 07052",https://www.greatschools.org/new-jersey/west-orange/2180-Hazel-Avenue-Elementary-School/,6.0
Beatrice Gilmore Elementary School,"1075 McBride Avenue, Woodland Park, NJ, 07424",https://www.greatschools.org/new-jersey/woodland-park/2185-Beatrice-Gilmore-Elementary-School/,6.0
West Winsdor Plainsboro North,"90 GROVERS MILL ROAD, Plainsboro Township, NJ, 08536",https://www.greatschools.org/new-jersey/plainsboro-township/2189-Wwindsor--Plainsboro-North/,6.0
McKinley Elementary School,"500 1st Street, Westfield, NJ, 07090",https://www.greatschools.org/new-jersey/westfield/2203-McKinley-Elementary-School/,6.0
Westwood Junior Senior High School,"701 Ridgewood Road, Township of Washington, NJ, 07676",https://www.greatschools.org/new-jersey/township-of-washington/2208-Westwood-Junior--Senior-High-School/,6.0
White Township Consolidated Elementary School,"565 County Road 519, Belvidere, NJ, 07823",https://www.greatschools.org/new-jersey/belvidere/2217-White-Township-Consolidated-Elementary-School/,6.0
Warren County Institute Vocational School,"1500 New Jersey 57, Washington, NJ, 07882",https://www.greatschools.org/new-jersey/washington/2218-Warren-County-Institute-Vocational-School/,6.0
Iselin Middle School,"900 WOODRUFF STREET, Woodbridge Township, NJ, 08830",https://www.greatschools.org/new-jersey/woodbridge-township/2247-Iselin-Middle-School/,6.0
Claremont Avenue Elementary School,"CLAREMONT AVENUE, Woodbridge Township, NJ, 07067",https://www.greatschools.org/new-jersey/colonia/2251-Claremont-Avenue-Elementary-School/,6.0
Ford Avenue Elementary School,"186 FORD AVENUE, Woodbridge Township, NJ, 08863",https://www.greatschools.org/new-jersey/woodbridge-township/2252-Ford-Avenue-Elementary-School/,6.0
Lynn Crest Elementary School,"98 IRA AVENUE, Woodbridge Township, NJ, 07067",https://www.greatschools.org/new-jersey/woodbridge-township/2257-Lynn-Crest-Elementary-School/,6.0
Pennsylvania Ave School,"PENNSYLVANIA AVENUE, Woodbridge Township, NJ, 07067",https://www.greatschools.org/new-jersey/colonia/2261-Pennsylvania-Ave-School/,6.0
Aaron Decker Elementary School,"98 Decker Road, Butler, NJ, 07405",https://www.greatschools.org/new-jersey/butler/227-Aaron-Decker-Elementary-School/,6.0
Woodstown Middle School,"WOODSTOWN MIDDLE SCHOOL, Woodstown, NJ, 08098",https://www.greatschools.org/new-jersey/woodstown/2280-Woodstown-Middle-School/,6.0
Byram Twp Intermediate School,"12 Mansfield Drive, Stanhope, NJ, 07874",https://www.greatschools.org/new-jersey/stanhope/230-Byram-Twp-Intermediate-School/,6.0
James Caldwell High School,"265 Westville Avenue, West Caldwell, NJ, 07006",https://www.greatschools.org/new-jersey/west-caldwell/231-James-Caldwell-High-School/,6.0
Washington Elementary School,"201 Central Avenue, West Caldwell, NJ, 07006",https://www.greatschools.org/new-jersey/west-caldwell/235-Washington-Elementary-School/,6.0
Emma C. Attales Middle School,"800 Irelan Avenue, Absecon, NJ, 08201",https://www.greatschools.org/new-jersey/absecon/26-Emma-C.-Attales-Elementary-School/,6.0
Camden Countytechnical Vocational School,"343 Berlin Cross Keys Road, Winslow Township, NJ, 08081",https://www.greatschools.org/new-jersey/sicklerville/271-Camden-Countytechnical-Vocational-School/,6.0
Alexandria School,"557 County Rd. 513, Franklin Township, NJ, 08867",https://www.greatschools.org/new-jersey/alexandria/28-Alexandria-School/,6.0
Cedar Grove High School,"90 Rugby Road, Cedar Grove, NJ, 07009",https://www.greatschools.org/new-jersey/cedar-grove/285-Cedar-Grove-High-School/,6.0
Cherry Hill High-East High School,"1750 Kresson Road, Cherry Hill, NJ, 08003",https://www.greatschools.org/new-jersey/cherry-hill/293-Cherry-Hill-High-East-High-School/,6.0
Philip's Academy Charter School,"342 Central Avenue, Newark, NJ, 07103",https://www.greatschools.org/new-jersey/newark/2955-Philips-Academy-Charter-School/,6.0
Henry C Beck Middle School,"950 Cropwell Road, Cherry Hill, NJ, 08003",https://www.greatschools.org/new-jersey/cherry-hill/300-Henry-C-Beck-Middle-School/,6.0
Horace Mann Elementary School,"150 Walt Whitman Boulevard, Cherry Hill, NJ, 08003",https://www.greatschools.org/new-jersey/cherry-hill/301-Horace-Mann-Elementary-School/,6.0
James Johnson Elementary School,"500 Kresson Road, Cherry Hill, NJ, 08034",https://www.greatschools.org/new-jersey/cherry-hill/303-James-Johnson-Elementary-School/,6.0
Joyce Kilmer Elementary School,"2900 Chapel Avenue, Cherry Hill, NJ, 08002",https://www.greatschools.org/new-jersey/cherry-hill/305-Joyce-Kilmer-Elementary-School/,6.0
Kingston Elementary School,"320 Kingston Road, Cherry Hill, NJ, 08034",https://www.greatschools.org/new-jersey/cherry-hill/306-Kingston-Elementary-School/,6.0
Richard Stockton Elementary School,"200 Wexford Drive, Cherry Hill, NJ, 08003",https://www.greatschools.org/new-jersey/cherry-hill/307-Richard-Stockton-Elementary-School/,6.0
Thomas Paine Elementary School,"4001 Church Road, Cherry Hill, NJ, 08034",https://www.greatschools.org/new-jersey/cherry-hill/308-Thomas-Paine-Elementary-School/,6.0
Woodcrest Elementary School,"400 Cranford Road, Cherry Hill, NJ, 08003",https://www.greatschools.org/new-jersey/cherry-hill/309-Woodcrest-Elementary-School/,6.0
Chesterfield Elementary School,"30 Saddle Way, Chesterfield Township, NJ, 08515",https://www.greatschools.org/new-jersey/chesterfield-township/314-Chesterfield-Elementary-School/,6.0
Cinnaminson High School,"1197 Riverton Road, Cinnaminson, NJ, 08077",https://www.greatschools.org/new-jersey/cinnaminson/315-Cinnaminson-High-School/,6.0
Frank K. Hehnly Elementary School,"590 Raritan Road, Clark, NJ, 07066",https://www.greatschools.org/new-jersey/clark/320-Frank-K.-Hehnly-Elementary-School/,6.0
Clearview Regional High School,"625 Breakneck Road, Harrison Township, NJ, 08062",https://www.greatschools.org/new-jersey/mullica-hill/326-Clearview-Reg-High-School/,6.0
Clearview Reg Middle School,"595 JEFFERSON RD, Harrison Township, NJ, 08062",https://www.greatschools.org/new-jersey/mullica-hill/327-Clearview-Reg-Middle-School/,6.0
Alloway Twp School,"43 CEDAR ST, Alloway Township, NJ, 08001",https://www.greatschools.org/new-jersey/salem/33-Alloway-Twp-School/,6.0
School #4,"279 Columbia Avenue, Cliffside Park, NJ, 07010",https://www.greatschools.org/new-jersey/cliffside-park/331-Number-4-Elementary-School/,6.0
Teaneck Community Charter School,"563 Chestnut Avenue, Teaneck, NJ, 07666",https://www.greatschools.org/new-jersey/teaneck/3330-Teaneck-Community-Charter-School/,6.0
Discovery Charter School,"240 Halsey Street, Newark, NJ, 07102",https://www.greatschools.org/new-jersey/newark/3335-Discovery-Charter-School/,6.0
North Star Academy Charter School of Newark,"10 Washington Place, Newark, NJ, 07102",https://www.greatschools.org/new-jersey/newark/3339-North-Star-Academy-Charter-School-Of-Newark/,6.0
Maria L. Varisco-Rogers Charter School,"233 Woodside Avenue, Newark, NJ, 07104",https://www.greatschools.org/new-jersey/newark/3341-Maria-L.-Varisco-Rogers-Charter-School/,6.0
Hoboken Charter School,"713 Washington Street, Hoboken, NJ, 07030",https://www.greatschools.org/new-jersey/hoboken/3347-Hoboken-Charter-School/,6.0
Jersey City Golden Door Charter School,"3044 John F. Kennedy Boulevard, Jersey City, NJ, 07306",https://www.greatschools.org/new-jersey/jersey-city/3349-Jersey-City-Golden-Door-Charter-School/,6.0
Learning Community Charter School,"2495 John F. Kennedy Boulevard, Jersey City, NJ, 07304",https://www.greatschools.org/new-jersey/jersey-city/3350-Learning-Community-Charter-School/,6.0
Pace Charter School Of Hamilton,"52 Lafayette Avenue, Trenton, NJ, 08610",https://www.greatschools.org/new-jersey/hamilton-township/3357-Pace-Cs-Of-Hamilton/,6.0
Unity Charter School,"1 Evergreen Place, Morristown, NJ, 07960",https://www.greatschools.org/new-jersey/morristown/3365-Unity-Charter-School/,6.0
Classical Academy Charter School Of Clifto,"1255 Main Avenue, Clifton, NJ, 07011",https://www.greatschools.org/new-jersey/clifton/3366-Classical-Academy-Cs-Of-Clifto/,6.0
School #1,"158 Park Slope, Clifton, NJ, 07011",https://www.greatschools.org/new-jersey/clifton/337-Number-1-Elementary-School/,6.0
Auten Road Intermediate School,"281 Auten Road, Hillsborough Township, NJ, 08844",https://www.greatschools.org/new-jersey/hillsborough-township/3380-Auten-Road-School/,6.0
Normandy Park School,"19A NORMANDY PARKWAY, Morristown, NJ, 07960",https://www.greatschools.org/new-jersey/morristown/3386-Normandy-Park-School/,6.0
Sparta Middle School,"350 Main Street, Sparta, NJ, 07871",https://www.greatschools.org/new-jersey/sparta-township/3394-Sparta-Middle-School/,6.0
Queen City Academy Charter School,"815 West 7th Street, Plainfield, NJ, 07063",https://www.greatschools.org/new-jersey/plainfield/3405-Queen-City-Academy-Charter-School/,6.0
Mohawk Avenue Elementary School,"18 Mohawk Avenue, Sparta, NJ, 07871",https://www.greatschools.org/new-jersey/sparta-township/3426-Mohawk-Avenue-Elementary-School/,6.0
School #9,"25 Brighton Road, Clifton, NJ, 07012",https://www.greatschools.org/new-jersey/clifton/343-Number-9-Elementary-School/,6.0
Union Valley Elementary School,"1300 JARVIS ROAD, Winslow Township, NJ, 08081",https://www.greatschools.org/new-jersey/sicklerville/3444-Union-Valley-Elementary-School/,6.0
School #14,"99 Saint Andrews Boulevard, Clifton, NJ, 07012",https://www.greatschools.org/new-jersey/clifton/347-Number-14-Elementary-School/,6.0
Marlboro Memorial Middle School,"71 NOLAN ROAD, Marlboro, NJ, 07751",https://www.greatschools.org/new-jersey/marlboro-township/3495-Marlboro-Memorial-Middle-School/,6.0
Hillside Ave School,"125 Hillside Avenue, Cranford, NJ, 07016",https://www.greatschools.org/new-jersey/cranford/370-Hillside-Ave-School/,6.0
Deal Elementary School,"201 Roseld Avenue, Deal, NJ, 07723",https://www.greatschools.org/new-jersey/deal/380-Deal-Elementary-School/,6.0
Delaware Twp No 1,"501 ROSEMONT RINGOES ROAD, Stockton, NJ, 08557",https://www.greatschools.org/new-jersey/stockton/384-Delaware-Twp-No-1/,6.0
Delaware Valley Reg High School,"19 Senator Stout Road, Frenchtown, NJ, 08825",https://www.greatschools.org/new-jersey/frenchtown/385-Delaware-Valley-Reg-High-School/,6.0
Luther Lee Emerson School,"15 Columbus Road, Demarest, NJ, 07627",https://www.greatschools.org/new-jersey/demarest/392-Luther-Lee-Emerson-School/,6.0
Deptford Township Middle School,"890 BANKBRIDGE RD, Mantua Township, NJ, 08080",https://www.greatschools.org/new-jersey/deptford-township/398-Monongahela-Middle-School/,6.0
East Dover Elementary School,"300 East McFarlan Street, Dover, NJ, 07801",https://www.greatschools.org/new-jersey/dover/409-East-Dover-Elementary-School/,6.0
Dumont High School,"101 New Milford Avenue, Dumont, NJ, 07628",https://www.greatschools.org/new-jersey/dumont/413-Dumont-High-School/,6.0
Hardyston Middle School,"183 Wheatsworth Road, Hamburg, NJ, 07419",https://www.greatschools.org/new-jersey/hamburg/4131-Hardyston-Middle-School/,6.0
Elms Elementary School,"780 Patterson Road, Jackson Township, NJ, 08527",https://www.greatschools.org/new-jersey/jackson-township/4136-Elms-Elementary-School/,6.0
Lincoln Elementary School,"80 Prospect Avenue, Dumont, NJ, 07628",https://www.greatschools.org/new-jersey/dumont/416-Lincoln-Elementary-School/,6.0
Veterans Memorial School,"1401 Central Avenue, Union City, NJ, 07087",https://www.greatschools.org/new-jersey/union-city/4165-Veterans-Memorial-School/,6.0
Charles A. Selzer Elementary School,"435 Prospect Avenue, Dumont, NJ, 07628",https://www.greatschools.org/new-jersey/dumont/417-Charles-A.-Selzer-Elementary-School/,6.0
Churchill Junior High School,"18 Norton Road, East Brunswick, NJ, 08816",https://www.greatschools.org/new-jersey/east-brunswick/424-Churchill-Junior-High-School/,6.0
Samsel Uppper Elementary School,"298 ERNSTON ROAD, Sayreville, NJ, 08859",https://www.greatschools.org/new-jersey/sayreville/4265-Samsel-Uppper-Elementary-School/,6.0
Central Elementary School,"371 Cranbury Road, East Brunswick, NJ, 08816",https://www.greatschools.org/new-jersey/east-brunswick/427-Central-Elementary-School/,6.0
Chittick Elementary School,"5 Flagler Street, East Brunswick, NJ, 08816",https://www.greatschools.org/new-jersey/east-brunswick/430-Chittick-Elementary-School/,6.0
Frost Elementary School,"65 Frost Avenue, East Brunswick, NJ, 08816",https://www.greatschools.org/new-jersey/east-brunswick/431-Frost-Elementary-School/,6.0
East Orange STEM Academy,"129 Renshaw Avenue, East Orange, NJ, 07017",https://www.greatschools.org/new-jersey/east-orange/441-East-Orange-Campus-9/,6.0
Langston Hughes School,"160 Rhode Island Avenue, East Orange, NJ, 07018",https://www.greatschools.org/new-jersey/east-orange/445-Langston-Hughes-School/,6.0
Eastern High School,"1401 LAUREL OAK ROAD, Voorhees Township, NJ, 08043",https://www.greatschools.org/new-jersey/voorhees-township/469-Eastern-High-School/,6.0
Chelsea Heights Elementary School,"4101 Filbert Avenue, Atlantic City, NJ, 08401",https://www.greatschools.org/new-jersey/atlantic-city/47-Chelsea-Heights-Elementary-School/,6.0
Margaret L. Vetter Elementary School,"3 Grant Avenue, Eatontown, NJ, 07724",https://www.greatschools.org/new-jersey/eatontown/470-Margaret-L.-Vetter-Elementary-School/,6.0
Magowan Elementary School,"405 CHERRIX AVENUE, Edgewater Park, NJ, 08010",https://www.greatschools.org/new-jersey/beverly/475-Magowan-Elementary-School/,6.0
John Adams Middle School,"1081 New Dover Road, Edison, NJ, 08820",https://www.greatschools.org/new-jersey/edison/479-John-Adams-Middle-School/,6.0
Benjamin Franklin Elementary School,"2485 Woodbridge Avenue, Edison, NJ, 08817",https://www.greatschools.org/new-jersey/edison/483-Benjamin-Franklin-Elementary-School/,6.0
John Marshall Elementary School,"15 Cornell Street, Edison, NJ, 08817",https://www.greatschools.org/new-jersey/edison/487-John-Marshall-Elementary-School/,6.0
Menlo Park Elementary School,"155 Monroe Avenue, Edison, NJ, 08820",https://www.greatschools.org/new-jersey/edison/491-Menlo-Park-Elementary-School/,6.0
Washington Elementary School,"153 Winthrop Road, Edison, NJ, 08817",https://www.greatschools.org/new-jersey/edison/492-Washington-Elementary-School/,6.0
Elizabeth High School,"40 Morrell Street, Elizabeth, NJ, 07202",https://www.greatschools.org/new-jersey/elizabeth/507-Elizabeth-High-School/,6.0
No 4 John Battin Elementary School,"300 South Broad Street, Elizabeth, NJ, 07202",https://www.greatschools.org/new-jersey/elizabeth/508-No-4-John-Battin-Elementary-School/,6.0
Richmond Avenue Elementary School,"4115 Ventnor Avenue, Atlantic City, NJ, 08401",https://www.greatschools.org/new-jersey/atlantic-city/52-Richmond-Avenue-Elementary-School/,6.0
"Number 18, Robert Morris Elementary School","860 Cross Avenue, Elizabeth, NJ, 07208",https://www.greatschools.org/new-jersey/elizabeth/522-Number-18-Robert-Morris-Elementary-School/,6.0
Aura Elementary School,"900 Clems Run, Glassboro, NJ, 08028",https://www.greatschools.org/new-jersey/glassboro/529-Aura-Elementary-School/,6.0
Sixteenth Avenue Elementary School,"73 16th Avenue, Elmwood Park, NJ, 07407",https://www.greatschools.org/new-jersey/elmwood-park/535-Sixteenth-Avenue-Elementary-School/,6.0
Emerson Jr Sr High School,"131 Main Street, Emerson, NJ, 07630",https://www.greatschools.org/new-jersey/emerson/537-Emerson-Jr-Sr-High-School/,6.0
Patrick M. Villano Elementary School,"175 Linwood Avenue, Emerson, NJ, 07630",https://www.greatschools.org/new-jersey/emerson/538-Patrick-M.-Villano-Elementary-School/,6.0
Essex County Vocational School,"498-544 West Market St, Newark, NJ, 07107",https://www.greatschools.org/new-jersey/east-orange/549-Essex-County-Vocational-School/,6.0
Estell Manor Elementary School,"128 Cape May Avenue, Estell Manor, NJ, 08319",https://www.greatschools.org/new-jersey/estell-manor/552-Estell-Manor-Elementary-School/,6.0
Marlton Middle School,"150 TOMLINSON MILL ROAD, Evesham, NJ, 08053",https://www.greatschools.org/new-jersey/evesham-township/559-Marlton-Middle-School/,6.0
Atlantic Highlands Elementary School,"140 First Avenue, Atlantic Highlands, NJ, 07716",https://www.greatschools.org/new-jersey/atlantic-highlands/56-Atlantic-Highlands-Elementary-School/,6.0
Memorial Middle School,"12 - 00 FIRST STREET, Fair Lawn, NJ, 07410",https://www.greatschools.org/new-jersey/fair-lawn/571-Memorial-Middle-School/,6.0
Farmingdale Elementary School,"49 Academy Street, Farmingdale, NJ, 07727",https://www.greatschools.org/new-jersey/farmingdale/584-Farmingdale-Elementary-School/,6.0
Copper Hill School,"100 Everitts Road, East Amwell Township, NJ, 08551",https://www.greatschools.org/new-jersey/raritan-township/585-Copper-Hill-School/,6.0
Reading-Fleming Intermediate School,"50 Court Street, Flemington, NJ, 08822",https://www.greatschools.org/new-jersey/flemington/587-Reading-Fleming-Intermediate-School/,6.0
Robert Hunter Elementary School,"8 Dayton Road, Flemington, NJ, 08822",https://www.greatschools.org/new-jersey/flemington/588-Robert-Hunter-Elementary-School/,6.0
Mansion Avenue Elementary School,"300 Mansion Avenue, Audubon, NJ, 08106",https://www.greatschools.org/new-jersey/audubon/59-Mansion-Avenue-Elementary-School/,6.0
Florence Twp Mem High School,"1050 Cedar Lane, Burlington, NJ, 08016",https://www.greatschools.org/new-jersey/bordentown/590-Florence-Twp-Mem-High-School/,6.0
Folsom Elementary School,"1357 Mays Landing Road, Folsom, NJ, 08037",https://www.greatschools.org/new-jersey/hammonton/597-Folsom-Elementary-School/,6.0
Fort Lee High School,"3000 Lemoine Avenue, Fort Lee, NJ, 07024",https://www.greatschools.org/new-jersey/fort-lee/598-Fort-Lee-High-School/,6.0
Avalon Elementary School,"235 32nd Street, Avalon, NJ, 08202",https://www.greatschools.org/new-jersey/avalon/60-Avalon-Elementary-School/,6.0
School No. 4,"1193 Anderson Avenue, Fort Lee, NJ, 07024",https://www.greatschools.org/new-jersey/fort-lee/602-Number-4-Elementary-School/,6.0
Franklin Township Elementary School,"226 QUAKERTOWN ROAD, Franklin Township, NJ, 08868",https://www.greatschools.org/new-jersey/franklin/612-Franklin-Township-Elementary-School/,6.0
Franklin Park Elementary School,"30 Eden Street, Franklin Township, NJ, 08823",https://www.greatschools.org/new-jersey/franklin-township/616-Franklin-Park-Elementary-School/,6.0
MacAfee Elementary School,"53 Macafee Road, Franklin Township, NJ, 08873",https://www.greatschools.org/new-jersey/franklin-township/618-MacAfee-Elementary-School/,6.0
Colts Neck High School,"59 Five Points Road, Colts Neck, NJ, 07722",https://www.greatschools.org/new-jersey/colts-neck/626-Colts-Neck-High-School/,6.0
Freehold Twp High School,"281 Elton Adelphia Road, Freehold Township, NJ, 07728",https://www.greatschools.org/new-jersey/freehold/628-Freehold-Twp-High-School/,6.0
Howell High School,"405 Squankum Yellowbrook Road, Farmingdale, NJ, 07727",https://www.greatschools.org/new-jersey/howell-township/629-Howell-High-School/,6.0
Manalapan High School,"20 CHURCH LANE, Englishtown, NJ, 07726",https://www.greatschools.org/new-jersey/manalapan-township/630-Manalapan-High-School/,6.0
Marshall W. Errickson Elementary School,"271 ELTON ADELPHIA ROAD, Freehold Township, NJ, 07728",https://www.greatschools.org/new-jersey/freehold/636-Marshall-W.-Errickson-Elementary-School/,6.0
Laura Donovan Elementary School,"237 Stonehurst Boulevard, Freehold, NJ, 07728",https://www.greatschools.org/new-jersey/freehold/637-Laura-Donovan-Elementary-School/,6.0
West Freehold Elementary School,"100 Castronova Way, Freehold, NJ, 07728",https://www.greatschools.org/new-jersey/freehold/638-West-Freehold-Elementary-School/,6.0
Columbus School No 8,"147 Cedar Street, Garfield, NJ, 07026",https://www.greatschools.org/new-jersey/garfield/649-Columbus-School--No--8/,6.0
Lincoln Franklin Elementary,"400 2nd Avenue, Garwood, NJ, 07027",https://www.greatschools.org/new-jersey/garwood/655-Lincoln-Franklin-Elementary-School/,6.0
Midtown Community No.8 Elementary School,"550 Avenue A, Bayonne, NJ, 07002",https://www.greatschools.org/new-jersey/bayonne/66-Midtown-Community-No.8-Elementary-School/,6.0
Glendora Elementary School,"201 STATION AVE, Gloucester Township, NJ, 08029",https://www.greatschools.org/new-jersey/gloucester-township/682-Glendora-Elementary-School/,6.0
Nellie K. Parker Elementary School,"261 Maple Hill Drive, Hackensack, NJ, 07601",https://www.greatschools.org/new-jersey/hackensack/699-Nellie-K.-Parker-Elementary-School/,6.0
John M. Bailey No.12 Elementary School,"75 West 10th Street, Bayonne, NJ, 07002",https://www.greatschools.org/new-jersey/bayonne/70-John-M.-Bailey-No.12-Elementary-School/,6.0
Fanny M. Hillers Elementary School,"56 Longview Avenue, Hackensack, NJ, 07601",https://www.greatschools.org/new-jersey/hackensack/701-Fanny-M.-Hillers-Elementary-School/,6.0
Emerson Middle School,"318 18th Street, Union City, NJ, 07087",https://www.greatschools.org/new-jersey/union-city/7044-Emerson-Middle-School/,6.0
Stone Bridge Middle School,"1252 Yardville Allentown Road, Allentown, NJ, 08501",https://www.greatschools.org/new-jersey/allentown/7064-Stone-Bridge-Middle-School/,6.0
New Park School,"120 Manchester Place, Newark, NJ, 07104",https://www.greatschools.org/new-jersey/newark/7067-New-Park-School/,6.0
Willow Grove Elementary School,"601 Willow Grove Street, Hackettstown, NJ, 07840",https://www.greatschools.org/new-jersey/hackettstown/707-Willow-Grove-Elementary-School/,6.0
Colin Powell Elementary School,"1500 New York Avenue, Union City, NJ, 07087",https://www.greatschools.org/new-jersey/union-city/7125-Colin-Powell-Elementary-School/,6.0
Beloved Community Charter School,"508 Grand Street, Jersey City, NJ, 07302",https://www.greatschools.org/new-jersey/jersey-city/7136-Beloved-Community-Charter-School/,6.0
Stoy Elementary School,"206 Briarwood Avenue, Haddonfield, NJ, 08033",https://www.greatschools.org/new-jersey/haddonfield/715-Stoy-Elementary-School/,6.0
Van Sciver Elementary School,"625 RHOADS AVENUE, Haddonfield, NJ, 08033",https://www.greatschools.org/new-jersey/haddon-township/717-Van-Sciver-Elementary-School/,6.0
Horace Mann No. 6 Elementary School,"25 West 38th Street, Bayonne, NJ, 07002",https://www.greatschools.org/new-jersey/bayonne/72-Horace-Mann-No.-6-Elementary-School/,6.0
Haddonfield Middle School,"5 Lincoln Avenue, Haddonfield, NJ, 08033",https://www.greatschools.org/new-jersey/haddonfield/720-Middle-School/,6.0
Lincoln No. 5 Elementary School,"208 Prospect Avenue, Bayonne, NJ, 07002",https://www.greatschools.org/new-jersey/bayonne/73-Lincoln-No.-5-Elementary-School/,6.0
Academy Of Law & Public Safety,"255 West End Avenue, Long Branch, NJ, 07740",https://www.greatschools.org/new-jersey/long-branch/7432-Academy-Of-Law--Public-Safety/,6.0
Yardville Heights Elementary School,"3880 SOUTH BROAD STREET, Hamilton Township, NJ, 08620",https://www.greatschools.org/new-jersey/trenton/749-Yardville-Heights-Elementary-School/,6.0
Phillip G. Vroom No. 2 Elementary School,"18 West 26th Street, Bayonne, NJ, 07002",https://www.greatschools.org/new-jersey/bayonne/75-Phillip-G.-Vroom-No.-2-Elementary-School/,6.0
Bee Meadow Elementary School,"120 Reynolds Avenue, Hanover, NJ, 07981",https://www.greatschools.org/new-jersey/hanover/759-Bee-Meadow-Elementary-School/,6.0
Hardyston Elementary School,"50 New Jersey 23, Franklin, NJ, 07416",https://www.greatschools.org/new-jersey/franklin/764-Hardyston-Elementary--School/,6.0
Harmony Township School,"2551 Belvidere Road, Phillipsburg, NJ, 08865",https://www.greatschools.org/new-jersey/phillipsburg/765-Harmony-Township-School/,6.0
Woodrow Wilson No. 10 Elementary School,"101 West 56th Street, Bayonne, NJ, 07002",https://www.greatschools.org/new-jersey/bayonne/77-Woodrow-Wilson-No.-10-Elementary-School/,6.0
Lincoln Elementary School,"BURTON & PATERSON AVES, Hasbrouck Heights, NJ, 07604",https://www.greatschools.org/new-jersey/hasbrouck-heights/773-Lincoln-Elementary-School/,6.0
Hillsborough High School,"466 Raider Boulevard, Hillsborough Township, NJ, 08844",https://www.greatschools.org/new-jersey/hillsborough-township/788-Hillsborough-High-School/,6.0
Triangle Elementary School,"156 South Triangle Road, Hillsborough Township, NJ, 08844",https://www.greatschools.org/new-jersey/hillsborough-township/792-Triangle-Elementary-School/,6.0
Hurden-Looker Elementary School,"1261 Liberty Avenue, Hillside, NJ, 07205",https://www.greatschools.org/new-jersey/hillside/801-Hurden-Looker-Elementary-School/,6.0
Wallace No. 6 Elementary School,"1100 Willow Avenue, Hoboken, NJ, 07030",https://www.greatschools.org/new-jersey/hoboken/810-Wallace-No.-6-Elementary-School/,6.0
Belleville PS3,"230 Joralemon Street, Belleville, NJ, 07109",https://www.greatschools.org/new-jersey/belleville/82-Number-3-Elementary-School/,6.0
Tulsa Trail Elementary School,"2 Tulsa Trail, Hopatcong, NJ, 07843",https://www.greatschools.org/new-jersey/hopatcong/820-Tulsa-Trail-Elementary-School/,6.0
Timberlane Middle School,"51 South Timberlane Drive, Pennington, NJ, 08534",https://www.greatschools.org/new-jersey/pennington/828-Timberlane-Middle-School/,6.0
Howell Twp M S North,"501 Squankum Yellowbrook Road, Farmingdale, NJ, 07727",https://www.greatschools.org/new-jersey/farmingdale/829-Howell-Twp-M-S-North/,6.0
Belleville PS5,"149 Adelaide Street, Belleville, NJ, 07109",https://www.greatschools.org/new-jersey/belleville/84-Number-5-Elementary-School/,6.0
Hunterdon Central High School,"84 New Jersey 31, Flemington, NJ, 08822",https://www.greatschools.org/new-jersey/flemington/842-Hunterdon-Central-High-School/,6.0
WOOD-RIDGE INTERMEDIATE SCHOOL,"151 1st Street, Wood-Ridge, NJ, 07075",https://www.greatschools.org/new-jersey/wood_ridge/8731-WOOD-RIDGE-INTERMEDIATE-SCHOOL/,6.0
Link Community Charter School,"23 Pennsylvania Avenue, Newark, NJ, 07114",https://www.greatschools.org/new-jersey/newark/8777-Link-Community-Charter-School/,6.0
Frank R. Conwell No. 3 Elementary School,"111 Bright Street, Jersey City, NJ, 07302",https://www.greatschools.org/new-jersey/jersey-city/880-Frank-R.-Conwell-No.-3-Elementary-School/,6.0
Green Brook Middle School,"132 Jefferson Avenue, Green Brook Township, NJ, 08812",https://www.greatschools.org/new-jersey/green-brook-township/8827-Green-Brook-Middle-School/,6.0
Hoboken Middle School,"158 4th Street, Hoboken, NJ, 07030",https://www.greatschools.org/new-jersey/hoboken/8863-Hoboken-Middle-School/,6.0
Washington School,"71 Spring Street, Millburn, NJ, 07041",https://www.greatschools.org/new-jersey/millburn/8897-Washington-School/,6.0
Oak Tree Road Elementary School,"WILUS WAY, Woodbridge Township, NJ, 08830",https://www.greatschools.org/new-jersey/iselin/8905-Oak-Tree-Road-Elementary-School/,6.0
Nicolas Copernicus No. 25 Elementary School,"3385 John F. Kennedy Boulevard, Jersey City, NJ, 07307",https://www.greatschools.org/new-jersey/jersey-city/892-Nicolas-Copernicus-No.-25-Elementary-School/,6.0
Middlesex County STEM Charter School,"613 Carlock Avenue, Perth Amboy, NJ, 08861",https://www.greatschools.org/new-jersey/perth-amboy/8925-Middlesex-County-STEM-Charter-School/,6.0
Alfred E. Zampella No. 27 Elementary School,"201 North Street, Jersey City, NJ, 07307",https://www.greatschools.org/new-jersey/jersey-city/893-Alfred-E.-Zampella-No.-27-Elementary-School/,6.0
Christa McAuliffe School,"167 Hancock Avenue, Jersey City, NJ, 07307",https://www.greatschools.org/new-jersey/jersey-city/894-Number-28-Elementary-School/,6.0
Bellmawr Park Elementary School,"29 Peach Road, Bellmawr, NJ, 08031",https://www.greatschools.org/new-jersey/bellmawr/90-Bellmawr-Park-Elementary-School/,6.0
Clifton Ave Grade School,"625 Clifton Avenue, Lakewood, NJ, 08701",https://www.greatschools.org/new-jersey/lakewood-township/944-Clifton-Ave-Grade-School/,6.0
Ella G Clarke Elementary School,"455 Manetta Avenue, Lakewood, NJ, 08701",https://www.greatschools.org/new-jersey/lakewood-township/945-Ella-G-Clarke-Elementary-School/,6.0
Laurel Springs Elementary School,"623 Grand Avenue, Laurel Springs, NJ, 08021",https://www.greatschools.org/new-jersey/laurel-springs/950-Laurel-Springs-Elementary-School/,6.0
Lavallette Elementary School,"105 Brooklyn Avenue, Lavallette, NJ, 08735",https://www.greatschools.org/new-jersey/lavallette/951-Lavallette-Elementary-School/,6.0
Lawrence High School,"2525 PRINCETON PIKE, Lawrence Township, NJ, 08648",https://www.greatschools.org/new-jersey/lawrenceville/954-Lawrence-High-School/,6.0
Lebanon Borough Elementary School,"6 Maple Street, Lebanon, NJ, 08833",https://www.greatschools.org/new-jersey/lebanon/961-Lebanon-Borough-Elementary-School/,6.0
Valley View Elementary School,"400 ROUTE 513, Califon, NJ, 07830",https://www.greatschools.org/new-jersey/califon/963-Valley-View-Elementary-School/,6.0
Cherokee High School,"120 TOMLINSON MILL ROAD, Evesham, NJ, 08053",https://www.greatschools.org/new-jersey/evesham-township/964-Cherokee-High-School/,6.0
Shawnee High School,"600 Tabernacle Road, Medford, NJ, 08055",https://www.greatschools.org/new-jersey/medford/966-Shawnee-High-School/,6.0
Anna C. Scott Elementary School,"281 Broad Avenue, Leonia, NJ, 07605",https://www.greatschools.org/new-jersey/leonia/970-Anna-C.-Scott-Elementary-School/,6.0
"Number 5, Elementary School","1014 Bower Street, Linden, NJ, 07036",https://www.greatschools.org/new-jersey/linden/979-Number-5-Elementary-School/,6.0
"Number 8, Elementary School","500 West Blancke Street, Linden, NJ, 07036",https://www.greatschools.org/new-jersey/linden/981-Number-8-Elementary-School/,6.0
Number 9,"1401 Deerfield Terrace, Linden, NJ, 07036",https://www.greatschools.org/new-jersey/linden/982-Number-9-Deerfield-Terrace-Elementary-School/,6.0
Seaview Elementary School,"2015 Wabash Avenue, Linwood, NJ, 08221",https://www.greatschools.org/new-jersey/linwood/988-Seaview-Elementary-School/,6.0
Memorial Elementary School,"130 Liberty Street, Little Ferry, NJ, 07643",https://www.greatschools.org/new-jersey/little-ferry/993-Memorial-Elementary-School/,6.0
Lodi High School,"99 Putnam Street, Lodi, NJ, 07644",https://www.greatschools.org/new-jersey/lodi/1006-Lodi-High-School/,5.0
Central Park Elementary School,"43 OLIVER AVE, Pennsville Township, NJ, 08070",https://www.greatschools.org/new-jersey/pennsville/1035-Central-Park-Elementary-School/,5.0
Old Bridge High School,"4209 County Road 516, Matawan, NJ, 07747",https://www.greatschools.org/new-jersey/matawan/1058-Old-Bridge-High-School/,5.0
Carl Sandburg Middle School,"3439 County Road 516, Old Bridge, NJ, 08857",https://www.greatschools.org/new-jersey/old-bridge-township/1060-Carl-Sandburg-Middle-School/,5.0
Mainland Reg High School,"1301 Oak Avenue, Linwood, NJ, 08221",https://www.greatschools.org/new-jersey/linwood/1079-Mainland-Reg-High-School/,5.0
Mansfield Twp Elementary School,"50 PORT MURRAY ROAD, Mansfield Township, NJ, 07865",https://www.greatschools.org/new-jersey/port-murray/1096-Mansfield-Twp-Elementary-School/,5.0
Lloyd Road Elementary School,"401 LLOYD ROAD, Aberdeen Township, NJ, 07747",https://www.greatschools.org/new-jersey/matawan/1118-Lloyd-Road-Elementary-School/,5.0
Cliffwood Ave School,"422 CLIFFWOOD AVENUE, Aberdeen Township, NJ, 07721",https://www.greatschools.org/new-jersey/aberdeen-township/1120-Cliffwood-Ave-School/,5.0
Milton H. Allen Elementary School,"24 Allen Avenue, Medford, NJ, 08055",https://www.greatschools.org/new-jersey/medford/1131-Milton-H.-Allen-Elementary-School/,5.0
Watchung Elementary School,"Fisher Avenue, Middlesex, NJ, 08846",https://www.greatschools.org/new-jersey/middlesex/1154-Watchung-Elementary-School/,5.0
East Brunswick Vocational School,"112 Rues Lane, East Brunswick, NJ, 08816",https://www.greatschools.org/new-jersey/east-brunswick/1155-East-Brunswick-Vocational-School/,5.0
Thorne Middle School,"70 MURPHY ROAD, Middletown Township, NJ, 07758",https://www.greatschools.org/new-jersey/middletown/1164-Thorne-Middle-School/,5.0
New Monmouth Elementary School,"121 NEW MONMOUTH ROAD, Middletown Township, NJ, 07748",https://www.greatschools.org/new-jersey/middletown/1173-New-Monmouth-Elementary-School/,5.0
Millstone Twp Middle School,"5 Dawson Court, Millstone, NJ, 08535",https://www.greatschools.org/new-jersey/millstone/1188-Millstone-Twp-Middle-School/,5.0
Parkview Elementary School,"80 Violet Terrace, Milltown, NJ, 08850",https://www.greatschools.org/new-jersey/milltown/1190-Parkview-Elementary-School/,5.0
Canfield Avenue Elementary School,"42 CANFIELD AVENUE, Mine Hill Township, NJ, 07803",https://www.greatschools.org/new-jersey/mine-hill-township/1200-Canfield-Avenue-Elementary-School/,5.0
Radix Elementary School,"363 RADIX RD, Monroe, NJ, 08094",https://www.greatschools.org/new-jersey/monroe-township/1207-Radix-Elementary-School/,5.0
Monroe Twp High School,"200 Schoolhouse Road, Monroe Township, NJ, 08831",https://www.greatschools.org/new-jersey/monroe-township/1208-Monroe-Twp-High-School/,5.0
Mill Lake Elementary School,"115 MONMOUTH ROAD, Monroe Township, NJ, 08831",https://www.greatschools.org/new-jersey/monroe-township/1212-Mill-Lake-Elementary-School/,5.0
Renaissance Middle School,"176 North Fullerton Avenue, Montclair, NJ, 07042",https://www.greatschools.org/new-jersey/montclair/1215-Renaissance-Middle-School/,5.0
Montclair High School,"100 Chestnut Street, Montclair, NJ, 07042",https://www.greatschools.org/new-jersey/montclair/1216-Montclair-High-School/,5.0
Glenfield Middle School,"25 Maple Avenue, Montclair, NJ, 07042",https://www.greatschools.org/new-jersey/montclair/1219-Glenfield-Middle-School/,5.0
Charles H Bullock School,"55 Washington Street, Montclair, NJ, 07042",https://www.greatschools.org/new-jersey/montclair/1225-Charles-H-Bullock-School/,5.0
Morristown High School,"50 Early Street, Morristown, NJ, 07960",https://www.greatschools.org/new-jersey/morristown/1249-Morristown-High-School/,5.0
Dwight Eisenhower Middle School,"235 Grove Avenue, Berlin Township, NJ, 08091",https://www.greatschools.org/new-jersey/west-berlin/125-Dwight-Eisenhower-Middle-School/,5.0
Raymond W. Kershaw Elementary School,"125 South Black Horse Pike, Mount Ephraim, NJ, 08059",https://www.greatschools.org/new-jersey/mount-ephraim/1260-Raymond-W.-Kershaw-Elementary-School/,5.0
Gertrude Folwell Elementary School,"455 Hedding Jacksonville Road, Mount Holly, NJ, 08060",https://www.greatschools.org/new-jersey/mount-holly/1263-Gertrude-Folwell-Elementary-School/,5.0
Hartford Upper Elementary School,"397 HARTFORD ROAD, Mount Laurel Township, NJ, 08054",https://www.greatschools.org/new-jersey/mount-laurel-township/1265-Hartford-School/,5.0
Fleetwood Elementary School,"231 FLEETWOOD AVE, Mount Laurel Township, NJ, 08054",https://www.greatschools.org/new-jersey/mount-laurel-township/1267-Fleetwood-Elementary-School/,5.0
Hillside Elementary School,"1370 HAINESPORT MT LAUREL RD, Mount Laurel Township, NJ, 08054",https://www.greatschools.org/new-jersey/mount-laurel-township/1268-Hillside-Elementary-School/,5.0
T E Harrington Middle School,"514 MOUNT LAUREL ROAD, Mount Laurel Township, NJ, 08054",https://www.greatschools.org/new-jersey/mount-laurel/1269-T-E--Harrington-Middle-School/,5.0
Parkway Elementary School,"142 RAMBLEWOOD PARKWAY, Mount Laurel Township, NJ, 08054",https://www.greatschools.org/new-jersey/mount-laurel-township/1270-Parkway-Elementary-School/,5.0
Larchmont School,"301 LARCHMONT BLVD, Mount Laurel Township, NJ, 08054",https://www.greatschools.org/new-jersey/mount-laurel-township/1271-Larchmont-School/,5.0
University High School,"55 Clinton Place, Newark, NJ, 07108",https://www.greatschools.org/new-jersey/newark/1323-University-High-School/,5.0
Ann Street Elementary School,"30 Ann Street, Newark, NJ, 07105",https://www.greatschools.org/new-jersey/newark/1329-Ann-Street-Elementary-School/,5.0
Beverly School,"601 Bentley Avenue, Beverly, NJ, 08010",https://www.greatschools.org/new-jersey/beverly/134-Beverly-School/,5.0
Sir Isaac Newton Elementary School,"150 Newton Street, Newark, NJ, 07103",https://www.greatschools.org/new-jersey/newark/1340-Sir-Isaac-Newton-Elementary-School/,5.0
First Avenue Elementary School,"214 1st Avenue, Newark, NJ, 07107",https://www.greatschools.org/new-jersey/newark/1349-First-Avenue-Elementary-School/,5.0
Louise A. Spencer Elementary School,"66 Muhammad Ali Avenue, Newark, NJ, 07108",https://www.greatschools.org/new-jersey/newark/1359-Louise-A.-Spencer-Elementary-School/,5.0
Mount Vernon Elementary School,"142 Mount Vernon Place, Newark, NJ, 07106",https://www.greatschools.org/new-jersey/newark/1368-Mount-Vernon-Elementary-School/,5.0
South Seventeenth Street Elementary School,"619 South 17th Street, Newark, NJ, 07103",https://www.greatschools.org/new-jersey/newark/1376-South-Seventeenth-Street-Elementary-School/,5.0
Washington Elementary School,"175 Albert Street, North Arlington, NJ, 07031",https://www.greatschools.org/new-jersey/north-arlington/1395-Washington-Elementary-School/,5.0
Veterans Middle School,"191 Rutherford Place, North Arlington, NJ, 07031",https://www.greatschools.org/new-jersey/north-arlington/1396-North-Arlington-Middle-School/,5.0
Franklin No. 3 Elementary School,"5211 Columbia Avenue, North Bergen, NJ, 07047",https://www.greatschools.org/new-jersey/north-bergen/1398-Franklin-No.-3-Elementary-School/,5.0
Horace Mann No. 9 Elementary School,"1215 83rd Street, North Bergen, NJ, 07047",https://www.greatschools.org/new-jersey/north-bergen/1399-Horace-Mann-No.-9-Elementary-School/,5.0
Bloomfield Middle School,"60 Huck Road, Bloomfield, NJ, 07003",https://www.greatschools.org/new-jersey/bloomfield/140-Bloomfield-Middle-School/,5.0
Robert Fulton Annex School,"7407 Hudson Avenue, North Bergen, NJ, 07047",https://www.greatschools.org/new-jersey/north-bergen/1403-Robert-Fulton-Annex-School/,5.0
Arthur M. Judd Elementary School,"1595 ROOSEVELT AVENUE, North Brunswick Township, NJ, 08902",https://www.greatschools.org/new-jersey/north-brunswick-township/1405-Arthur-M.-Judd-Elementary-School/,5.0
John Adams Elementary School,"1420 REDMOND STREET, North Brunswick Township, NJ, 08902",https://www.greatschools.org/new-jersey/north-brunswick-township/1406-John-Adams-Elementary-School/,5.0
Berkeley Elementary School,"351 Bloomfield Avenue, Bloomfield, NJ, 07003",https://www.greatschools.org/new-jersey/bloomfield/141-Berkeley-Elementary-School/,5.0
East End Elementary School,"170 Oneida Avenue, North Plainfield, NJ, 07060",https://www.greatschools.org/new-jersey/north-plainfield/1422-East-End-Elementary-School/,5.0
N Burl Co Reg Middle School,"180 MANSFIELD ROAD EAST, Mansfield, NJ, 08022",https://www.greatschools.org/new-jersey/mansfield/1428-N-Burl-Co-Reg-Middle-School/,5.0
Carteret Elementary School,"158 Grove Street, Bloomfield, NJ, 07003",https://www.greatschools.org/new-jersey/bloomfield/143-Carteret-Elementary-School/,5.0
Northfield Community Middle School,"2000 New Road, Northfield, NJ, 08225",https://www.greatschools.org/new-jersey/northfield/1432-Northfield-Community-Middle-School/,5.0
Northfield Community Elementary School,"2000 New Road, Northfield, NJ, 08225",https://www.greatschools.org/new-jersey/northfield/1433-Northfield-Community-Elementary-School/,5.0
Nutley High School,"300 Franklin Avenue, Nutley, NJ, 07110",https://www.greatschools.org/new-jersey/nutley/1437-Nutley-High-School/,5.0
Oaklyn Public School,"136 Kendall Boulevard, Oaklyn, NJ, 08107",https://www.greatschools.org/new-jersey/oaklyn/1448-Oaklyn-Public-School/,5.0
Ocean City High School,"501 Atlantic Avenue, Ocean City, NJ, 08226",https://www.greatschools.org/new-jersey/ocean-city/1450-Ocean-City-High-School/,5.0
Ocean City Primary School,"550 West Avenue, Ocean City, NJ, 08226",https://www.greatschools.org/new-jersey/ocean-city/1452-Ocean-City-Primary-School/,5.0
Ocean Center Vocational School,"423 WELLS MILLS ROAD, Ocean Township, NJ, 08758",https://www.greatschools.org/new-jersey/ocean-township/1457-Ocean-Center-Vocational-School/,5.0
Ocean Gate Elementary School,"126 West Arverne Avenue, Ocean Gate, NJ, 08740",https://www.greatschools.org/new-jersey/ocean-gate/1458-Ocean-Gate-Elementary-School/,5.0
Ocean Twp High School,"550 WEST PARK AVENUE, Ocean Township, NJ, 07755",https://www.greatschools.org/new-jersey/ocean-township/1459-Ocean-Twp-High-School/,5.0
Oldmans Twp School,"10 FREED ROAD, Oldmans Township, NJ, 08067",https://www.greatschools.org/new-jersey/pedricktown/1471-Oldmans-Twp-School/,5.0
River Dell Middle School,"230 Woodland Avenue, River Edge, NJ, 07661",https://www.greatschools.org/new-jersey/river-edge/1475-River-Dell-Middle-School/,5.0
Forest Street School,"651 FOREST ST, City of Orange, NJ, 07050",https://www.greatschools.org/new-jersey/city-of-orange/1479-Forest-Street-School/,5.0
Heywood Avenue Elementary School,"421 HEYWOOD AVE, City of Orange, NJ, 07050",https://www.greatschools.org/new-jersey/orange/1480-Heywood-Avenue-Elementary-School/,5.0
Oxford Central Elementary School,"17 Kent Street, Oxford, NJ, 07863",https://www.greatschools.org/new-jersey/oxford-township/1485-Oxford-Central-Elementary-School/,5.0
Central Middle School,"1620 Route 46, Parsippany-Troy Hills, NJ, 07054",https://www.greatschools.org/new-jersey/parsippany_troy-hills/1505-Central-Middle-School/,5.0
Millington Elementary School,"91 Northfield Road, Long Hill, NJ, 07946",https://www.greatschools.org/new-jersey/long-hill/1535-Millington-Elementary-School/,5.0
E. Roy Bixby Elementary School,"25 Fischer Avenue, Bogota, NJ, 07603",https://www.greatschools.org/new-jersey/bogota/154-E.-Roy-Bixby-Elementary-School/,5.0
School 5,"430 Totowa Avenue, Paterson, NJ, 07502",https://www.greatschools.org/new-jersey/paterson/1543-Number-5-Elementary-School/,5.0
School 19,"31 James Street, Paterson, NJ, 07502",https://www.greatschools.org/new-jersey/paterson/1557-Number-19-Elementary-School/,5.0
Boonton High School,"306 Lathrop Avenue, Boonton, NJ, 07005",https://www.greatschools.org/new-jersey/boonton/157-Boonton-High-School/,5.0
North Boulevard Elementary School,"363 Boulevard, Pequannock Township, NJ, 07444",https://www.greatschools.org/new-jersey/pequannock-township/1605-North-Boulevard-Elementary-School/,5.0
Knollwood Elementary School,"333 Willow Avenue, Piscataway, NJ, 08854",https://www.greatschools.org/new-jersey/piscataway/1627-Knollwood-Elementary-School/,5.0
Piscataway Twp High School,"100 Behmer Road, Piscataway, NJ, 08854",https://www.greatschools.org/new-jersey/piscataway/1628-Piscataway-Twp-High-School/,5.0
Quibbletown Middle School,"99 Academy Street, Piscataway, NJ, 08854",https://www.greatschools.org/new-jersey/piscataway/1630-Quibbletown-Middle-School/,5.0
Pitman High School,"225 Linden Avenue, Pitman, NJ, 08071",https://www.greatschools.org/new-jersey/pitman/1638-Pitman-High-School/,5.0
North Main St Elementary School,"215 North Main Street, Pleasantville, NJ, 08232",https://www.greatschools.org/new-jersey/pleasantville/1662-North-Main-St-Elementary-School/,5.0
New Egypt Middle School,"115 EVERGREEN ROAD, Plumsted, NJ, 08533",https://www.greatschools.org/new-jersey/plumsted-township/1665-New-Egypt-Middle-School/,5.0
Point Pleasant High School,"Laura Herbert Drive, Point Pleasant, NJ, 08742",https://www.greatschools.org/new-jersey/point-pleasant/1669-Point-Pleasant-High-School/,5.0
Ocean Road Elementary School,"Benedict Street, Point Pleasant, NJ, 08742",https://www.greatschools.org/new-jersey/point-pleasant/1672-Ocean-Road-Elementary-School/,5.0
Pompton Lakes High School,"44 Lakeside Avenue, Pompton Lakes, NJ, 07442",https://www.greatschools.org/new-jersey/pompton-lakes/1675-Pompton-Lakes-High-School/,5.0
Lenox School,"35 Lenox Avenue, Pompton Lakes, NJ, 07442",https://www.greatschools.org/new-jersey/pompton-lakes/1677-Lenox-Elementary-School/,5.0
Lincoln Elementary School,"40 Mill Street, Pompton Lakes, NJ, 07442",https://www.greatschools.org/new-jersey/pompton-lakes/1678-Lincoln-Elementary-School/,5.0
Grover Cleveland Elementary School,"486 East Milton Avenue, Rahway, NJ, 07065",https://www.greatschools.org/new-jersey/rahway/1691-Grover-Cleveland-Elementary-School/,5.0
Eric S. Smith Middle School,"2 Monroe Street, Ramsey, NJ, 07446",https://www.greatschools.org/new-jersey/ramsey/1697-Eric-S.-Smith-Middle-School/,5.0
Wesley D. Tisdale Elementary School,"200 Island Avenue, Ramsey, NJ, 07446",https://www.greatschools.org/new-jersey/ramsey/1700-Wesley-D.-Tisdale-Elementary-School/,5.0
Fernbrook Elementary School,"206 Quaker Church Road, Randolph, NJ, 07869",https://www.greatschools.org/new-jersey/randolph/1705-Fernbrook-Elementary-School/,5.0
Raritan Valley School,"37 Cresci Boulevard, Hazlet, NJ, 07730",https://www.greatschools.org/new-jersey/hazlet/1714-Raritan-Valley-School/,5.0
Whitehouse Elementary School,"50 WHITEHOUSE AVE, Readington Township, NJ, 08889",https://www.greatschools.org/new-jersey/readington-township/1719-Whitehouse-Elementary-School/,5.0
Red Bank Reg High School,"101 Ridge Road, Little Silver, NJ, 07739",https://www.greatschools.org/new-jersey/little-silver/1722-Red-Bank-Reg-High-School/,5.0
Ridgefield Memorial High School,"555 Walnut Street, Ridgefield, NJ, 07657",https://www.greatschools.org/new-jersey/ridgefield/1724-Ridgefield-Memorial-High-School/,5.0
Roosevelt Elementary School,"508 Teaneck Road, Ridgefield Park, NJ, 07660",https://www.greatschools.org/new-jersey/ridgefield-park/1729-Roosevelt-Elementary-School/,5.0
Eleanor G. Hewitt Elementary School,"266 Sloatsburg Road, Ringwood, NJ, 07456",https://www.greatschools.org/new-jersey/ringwood/1740-Eleanor-G.-Hewitt-Elementary-School/,5.0
Martin J. Ryerson Middle School,"130 Valley Road, Ringwood, NJ, 07456",https://www.greatschools.org/new-jersey/ringwood/1741-Martin-J.-Ryerson-Middle-School/,5.0
Birchwood Elementary School,"1 Art Street, Dover, NJ, 07801",https://www.greatschools.org/new-jersey/dover/1757-Birchwood-Elementary-School/,5.0
Copeland Middle School,"100 Lake Shore Drive, Rockaway, NJ, 07866",https://www.greatschools.org/new-jersey/rockaway/1758-Copeland-Middle-School/,5.0
Katherine D. Malone Elementary School,"524 GREEN POND ROAD, Rockaway, NJ, 07866",https://www.greatschools.org/new-jersey/rockaway/1761-Katherine-D.-Malone-Elementary-School/,5.0
Grace Wilday Junior High School,"400 Brooklawn Avenue, Roselle, NJ, 07203",https://www.greatschools.org/new-jersey/roselle/1770-Wilday-Middle-School/,5.0
Robert Gordon Elementary School,"59 West Grant Avenue, Roselle Park, NJ, 07204",https://www.greatschools.org/new-jersey/roselle-park/1773-Robert-Gordon-Elementary-School/,5.0
Roselle Park Middle School,"57 West Grant Avenue, Roselle Park, NJ, 07204",https://www.greatschools.org/new-jersey/roselle-park/1774-Roselle-Park-Middle-School/,5.0
Roxbury High School,"ONE BRYANT DRIVE, Roxbury Township, NJ, 07876",https://www.greatschools.org/new-jersey/roxbury-township/1776-Roxbury-High-School/,5.0
Lincoln/Roosevelt Elementary School,"34 NORTH HILLSIDE AVENUE, Roxbury Township, NJ, 07876",https://www.greatschools.org/new-jersey/mount-olive-township/1781-Lincoln-Roosevelt-Elementary-School/,5.0
Nixon Elementary School,"275 MT ARLINGTON BOULEVARD, Roxbury Township, NJ, 07850",https://www.greatschools.org/new-jersey/roxbury-township/1782-Nixon-Elementary-School/,5.0
Rutherford High School,"56 Elliott Place, Rutherford, NJ, 07070",https://www.greatschools.org/new-jersey/rutherford/1789-Rutherford-High-School/,5.0
Washington Elementary School,"89 Wood Street, Rutherford, NJ, 07070",https://www.greatschools.org/new-jersey/rutherford/1794-Washington-Elementary-School/,5.0
Long Memorial Elementary School,"260 Floral Lane, Saddle Brook, NJ, 07663",https://www.greatschools.org/new-jersey/saddle-brook/1799-Long-Memorial-Elementary-School/,5.0
Midstreams Elementary School,"500 MIDSTREAMS RD, Brick Township, NJ, 08724",https://www.greatschools.org/new-jersey/brick-township/180-Midstreams-Elementary-School/,5.0
Clarendon No. 4 Elementary School,"685 5th Street, Secaucus, NJ, 07094",https://www.greatschools.org/new-jersey/secaucus/1828-Clarendon-No.-4-Elementary-School/,5.0
Somerville High School,"222 Davenport Street, Somerville, NJ, 08876",https://www.greatschools.org/new-jersey/somerville/1840-Somerville-High-School/,5.0
Van Derveer Elementary School,"51 Union Avenue, Somerville, NJ, 08876",https://www.greatschools.org/new-jersey/somerville/1843-Van-Derveer-Elementary-School/,5.0
Brunswick Acres Elementary School,"41 KORY DRIVE, South Brunswick Township, NJ, 08824",https://www.greatschools.org/new-jersey/south-brunswick-township/1852-Brunswick-Acres-Elementary-School/,5.0
Cambridge Elementary School,"35 CAMBRIDGE ROAD, South Brunswick Township, NJ, 08824",https://www.greatschools.org/new-jersey/south-brunswick-township/1853-Cambridge-Elementary-School/,5.0
Greenbrook Elementary School,"23 ROBERTS STREET, South Brunswick Township, NJ, 08824",https://www.greatschools.org/new-jersey/south-brunswick-township/1859-Greenbrook-Elementary-School/,5.0
South Harrison Elementary School,"904 MULLICA HILL RD, South Harrison, NJ, 08039",https://www.greatschools.org/new-jersey/swedesboro/1861-South-Harrison-Elementary-School/,5.0
Columbia Senior High School,"17 Parker Avenue, Maplewood, NJ, 07040",https://www.greatschools.org/new-jersey/maplewood/1863-Columbia-Senior-High-School/,5.0
Maplewood Middle School,"7 Burnet Street, Maplewood, NJ, 07040",https://www.greatschools.org/new-jersey/maplewood/1864-Maplewood-Middle-School/,5.0
South Orange Middle School,"70 North Ridgewood Road, South Orange, NJ, 07079",https://www.greatschools.org/new-jersey/south-orange/1865-South-Orange-Middle-School/,5.0
Seth Boyden Elementary School,"274 Boyden Avenue, Maplewood, NJ, 07040",https://www.greatschools.org/new-jersey/maplewood/1869-Seth-Boyden-Elementary-School/,5.0
South Plainfield High School,"200 Lake Street, South Plainfield, NJ, 07080",https://www.greatschools.org/new-jersey/south-plainfield/1872-South-Plainfield-High-School/,5.0
John E. Riley Elementary School,"100 Morris Avenue, South Plainfield, NJ, 07080",https://www.greatschools.org/new-jersey/south-plainfield/1875-John-E.-Riley-Elementary-School/,5.0
Franklin Elementary School,"1000 Franklin Avenue, South Plainfield, NJ, 07080",https://www.greatschools.org/new-jersey/south-plainfield/1876-Franklin-Elementary-School/,5.0
Roosevelt Elementary School,"135 Jackson Avenue, South Plainfield, NJ, 07080",https://www.greatschools.org/new-jersey/south-plainfield/1877-Roosevelt-Elementary-School/,5.0
Southern Reg High School,"90 CEDAR BRIDGE ROAD, Stafford Township, NJ, 08050",https://www.greatschools.org/new-jersey/stafford-township/1887-Southern-Reg-High-School/,5.0
Southern Reg Middle School,"75 CEDAR BRIDGE ROAD, Stafford Township, NJ, 08050",https://www.greatschools.org/new-jersey/stafford-township/1888-Southern-Reg-Middle-School/,5.0
E. Raymond Appleby Elementary School,"23 Vliet Street, Spotswood, NJ, 08884",https://www.greatschools.org/new-jersey/spotswood/1895-E.-Raymond-Appleby-Elementary-School/,5.0
Jonathan Dayton High School,"139 Mountain Avenue, Springfield, NJ, 07081",https://www.greatschools.org/new-jersey/springfield-township/1899-Jonathan-Dayton-High-School/,5.0
Great Meadows Regional Middle School,"273 ROUTE 46, Independence Township, NJ, 07838",https://www.greatschools.org/new-jersey/independence-township/19-Great-Meadows-Regional-Middle-School/,5.0
Mckinley Ave Elementary School,"1000 McKinley Avenue, Stafford Township, NJ, 08050",https://www.greatschools.org/new-jersey/stafford-township/1906-Mckinley-Ave-Elementary-School/,5.0
Samuel S. Yellin Elementary School,"111 Warwick Road, Stratford, NJ, 08084",https://www.greatschools.org/new-jersey/stratford/1915-Samuel-S.-Yellin-Elementary-School/,5.0
Sussex Cty Tech High School,"105 North Church Road, Sparta, NJ, 07871",https://www.greatschools.org/new-jersey/sparta-township/1923-Sussex-Cty-Tech-High-School/,5.0
Teaneck Sr High School,"100 Elizabeth Avenue, Teaneck, NJ, 07666",https://www.greatschools.org/new-jersey/teaneck/1931-Teaneck-Sr-High-School/,5.0
Benjamin Franklin Middle School,"1315 Taft Road, Teaneck, NJ, 07666",https://www.greatschools.org/new-jersey/teaneck/1932-Benjamin-Franklin-Middle-School/,5.0
Thomas Jefferson Middle School,"655 Teaneck Road, Teaneck, NJ, 07666",https://www.greatschools.org/new-jersey/teaneck/1933-Thomas-Jefferson-Middle-School/,5.0
Adamsville Elementary School,"400 Union Avenue, Bridgewater, NJ, 08807",https://www.greatschools.org/new-jersey/bridgewater-township/194-Adamsville-Elementary-School/,5.0
Swimming River Elementary School,"220 Hance Avenue, Tinton Falls, NJ, 07724",https://www.greatschools.org/new-jersey/tinton-falls/1947-Swimming-River-Elementary-School/,5.0
Tinton Falls Middle School,"674 Tinton Avenue, Tinton Falls, NJ, 07724",https://www.greatschools.org/new-jersey/tinton-falls/1948-Tinton-Falls-Middle-School/,5.0
Washington Street Elementary School,"500 West Earl Court, Toms River, NJ, 08753",https://www.greatschools.org/new-jersey/toms-river/1961-Washington-Street-Elementary-School/,5.0
Memorial Elementary School,"221 Morningside Avenue, Union Beach, NJ, 07735",https://www.greatschools.org/new-jersey/union-beach/1991-Memorial-Elementary-School/,5.0
Hudson Elementary School,"166 18th Street, Union City, NJ, 07087",https://www.greatschools.org/new-jersey/union-city/1998-Hudson-Elementary-School/,5.0
Livingston Elementary School,"960 Midland Boulevard, Union, NJ, 07083",https://www.greatschools.org/new-jersey/union/2021-Livingston-Elementary-School/,5.0
Newell Elementary School,"27 High Street, Allentown, NJ, 08501",https://www.greatschools.org/new-jersey/allentown/2027-Newell-Elementary-School/,5.0
Upper Twp Middle School,"525 PERRY RD, Upper Township, NJ, 08270",https://www.greatschools.org/new-jersey/woodbine/2032-Upper-Twp-Middle-School/,5.0
Upper Township Elementary School,"50 North Old Tuckahoe Road, Marmora, NJ, 08223",https://www.greatschools.org/new-jersey/marmora/2033-Upper-Township-Elementary-School/,5.0
Vernon Twp High School,"1832 ROUTE 565, Vernon Township, NJ, 07462",https://www.greatschools.org/new-jersey/vernon-valley/2036-Vernon-Twp-High-School/,5.0
Lounsberry Hollow,"30 SAMMIS ROAD, Vernon Township, NJ, 07462",https://www.greatschools.org/new-jersey/vernon-township/2037-Lounsberry-Hollow/,5.0
Brookdale Avenue Elementary School,"14 Brookdale Court, Verona, NJ, 07044",https://www.greatschools.org/new-jersey/verona/2043-Brookdale-Avenue-Elementary-School/,5.0
Laning Avenue Elementary School,"18 Lanning Road, Verona, NJ, 07044",https://www.greatschools.org/new-jersey/verona/2047-Laning-Avenue-Elementary-School/,5.0
Anthony Rossi Middle School,"2572 PALERMO AVE, Vineland, NJ, 08360",https://www.greatschools.org/new-jersey/vineland/2053-Anthony-Rossi-Middle-School/,5.0
Solve d'IPPOLITO Elementary School,"1578 North Valley Avenue, Vineland, NJ, 08360",https://www.greatschools.org/new-jersey/vineland/2064-Dippolito-Intermediate-School/,5.0
Waldwick High School,"155 Wyckoff Avenue, Waldwick, NJ, 07463",https://www.greatschools.org/new-jersey/waldwick/2072-Waldwick-High-School/,5.0
West Belmar Elementary School,"925 17TH AVENUE, Wall Township, NJ, 07719",https://www.greatschools.org/new-jersey/wall-township/2082-West-Belmar-Elementary-School/,5.0
Haskell Elementary School,"973 RINGWOOD AVENUE, Wanaque, NJ, 07420",https://www.greatschools.org/new-jersey/wanaque/2086-Haskell-Elementary-School/,5.0
Bells Elementary School,"227 GREENTREE RD, Washington Township, NJ, 08012",https://www.greatschools.org/new-jersey/washington-township/2101-Bells-Elementary-School/,5.0
Brass Castle Elementary School,"16 Castle Street, Washington, NJ, 07882",https://www.greatschools.org/new-jersey/washington/2116-Brass-Castle-Elementary-School/,5.0
Theodore Roosevelt No. 5 Elementary School,"1 Louisa Place, Weehawken, NJ, 07086",https://www.greatschools.org/new-jersey/weehawken/2138-Theodore-Roosevelt-No.-5-Elementary-School/,5.0
Wenonah Elementary School,"200 North Clinton Avenue, Wenonah, NJ, 08090",https://www.greatschools.org/new-jersey/wenonah/2139-Wenonah-Elementary-School/,5.0
West Deptford Middle School,"675 Grove Road, West Deptford, NJ, 08066",https://www.greatschools.org/new-jersey/west-deptford/2146-West-Deptford-Middle-School/,5.0
Frank Antonides Elementary School,"135 Locust Avenue, West Long Branch, NJ, 07764",https://www.greatschools.org/new-jersey/west-long-branch/2149-Frank-Antonides-Elementary-School/,5.0
West Milford High School,"67 Highlander Drive, West Milford, NJ, 07480",https://www.greatschools.org/new-jersey/west-milford/2158-West-Milford-High-School/,5.0
Marshall Hill Elementary School,"210 Marshall Hill Road, West Milford, NJ, 07480",https://www.greatschools.org/new-jersey/west-milford/2162-Marshall-Hill-Elementary-School/,5.0
Paradise Knoll Elementary School,"103 PARADISE ROAD, Jefferson, NJ, 07438",https://www.greatschools.org/new-jersey/oak-ridge/2163-Paradise-Knoll-Elementary-School/,5.0
Number 3 Elementary School,"600 55th Street, West New York, NJ, 07093",https://www.greatschools.org/new-jersey/west-new-york/2171-Number-3-Elementary-School/,5.0
Number 4 Elementary School,"6300 Palisade Avenue, West New York, NJ, 07093",https://www.greatschools.org/new-jersey/west-new-york/2172-Number-4-Elementary-School/,5.0
Number 5 Elementary School,"5401 Hudson Avenue, West New York, NJ, 07093",https://www.greatschools.org/new-jersey/west-new-york/2173-Number-5-Elementary-School/,5.0
Edison Middle School,"75 WILLIAM ST, City of Orange, NJ, 07052",https://www.greatschools.org/new-jersey/city-of-orange/2177-Edison-Middle-School/,5.0
Pleasantdale Elementary School,"555 Pleasant Valley Way, West Orange, NJ, 07052",https://www.greatschools.org/new-jersey/west-orange/2181-Pleasantdale-Elementary-School/,5.0
Memorial Middle School,"15 Memorial Drive, Woodland Park, NJ, 07424",https://www.greatschools.org/new-jersey/woodland-park/2187-Memorial-Middle-School/,5.0
Maurice Hawk Elementary School,"303 305 CLARKSVILLE ROAD, West Windsor Township, NJ, 08550",https://www.greatschools.org/new-jersey/west-windsor-township/2192-Maurice-Hawk-Elementary-School/,5.0
Burlington Twp High School,"610 Fountain Avenue, Burlington, NJ, 08016",https://www.greatschools.org/new-jersey/burlington/220-Burlington-Twp-High-School/,5.0
Parkview Elementary School,"101 Birch Avenue, Westville, NJ, 08093",https://www.greatschools.org/new-jersey/westville/2207-Parkview-Elementary-School/,5.0
Hawthorne Park Elementary School,"84 Hampshire Lane, Willingboro, NJ, 08046",https://www.greatschools.org/new-jersey/willingboro/2226-Hawthorne-Park-Elementary-School/,5.0
Twin Hills Elementary School,"110 Twin Hill Drive, Willingboro, NJ, 08046",https://www.greatschools.org/new-jersey/willingboro/2230-Twin-Hills-Elementary-School/,5.0
Winslow Township School No. 4 Elementary School,"541 KALI ROAD, Winslow Township, NJ, 08081",https://www.greatschools.org/new-jersey/sicklerville/2239-Winslow-Township-School-No.-4-Elementary-School/,5.0
Inst Of Tech Westampton,"695 Woodlane Road, Westampton, NJ, 08060",https://www.greatschools.org/new-jersey/westampton/224-Inst-Of-Tech--Westampton/,5.0
Woodbine Elementary School,"801 Webster Street, Woodbine, NJ, 08270",https://www.greatschools.org/new-jersey/woodbine/2241-Woodbine-Elementary-School/,5.0
Inst Of Tech Medford Camp,"10 Hawkin Road, Medford, NJ, 08055",https://www.greatschools.org/new-jersey/medford/225-Inst-Of-Tech--Medford-Camp/,5.0
Menlo Park Terrace Elementary School,"19 Maryknoll Road, Metuchen, NJ, 08840",https://www.greatschools.org/new-jersey/metuchen/2259-Menlo-Park-Terrace-Elementary-School/,5.0
Butler High School,"38 Bartholdi Avenue, Butler, NJ, 07405",https://www.greatschools.org/new-jersey/butler/226-Butler-High-School/,5.0
Woodbine Avenue Elementary School,"WOODBINE AVENUE, Woodbridge Township, NJ, 07001",https://www.greatschools.org/new-jersey/avenel/2264-Woodbine-Avenue-Elementary-School/,5.0
Woodbury Heights Elementary School,"100 Academy Avenue, Woodbury Heights, NJ, 08097",https://www.greatschools.org/new-jersey/woodbury-heights/2270-Woodbury-Heights-Elementary-School/,5.0
Woodlynne Elementary School,"131 ELM AVENUE, Woodlynne, NJ, 08107",https://www.greatschools.org/new-jersey/oaklyn/2274-Woodlynne-Elementary-School/,5.0
Woodstown High School,"WOODSTOWN HIGH SCHOOL, Woodstown, NJ, 08098",https://www.greatschools.org/new-jersey/woodstown/2278-Woodstown-High-School/,5.0
Mary S. Shoemaker Elementary School,"MARY S SHOEMAKER SCHOOL, Woodstown, NJ, 08098",https://www.greatschools.org/new-jersey/woodstown/2279-Mary-S.-Shoemaker-Elementary-School/,5.0
Grover Cleveland Middle School,"36 Academy Road, Caldwell, NJ, 07006",https://www.greatschools.org/new-jersey/caldwell/232-Grover-Cleveland-Middle-School/,5.0
Jefferson Elementary School,"85 Prospect Street, West Caldwell, NJ, 07006",https://www.greatschools.org/new-jersey/west-caldwell/233-Jefferson-Elementary-School/,5.0
Lincoln Elementary School,"18 Crane Street, Caldwell, NJ, 07006",https://www.greatschools.org/new-jersey/caldwell/234-Lincoln-Elementary-School/,5.0
Califon Public School,"6 School Street, Califon, NJ, 07830",https://www.greatschools.org/new-jersey/califon/237-Califon-Borough-Elementary-School/,5.0
Allamuchy Township Elementary School,"20 JOHNSONBURG ROAD, Allamuchy Township, NJ, 07820",https://www.greatschools.org/new-jersey/hackettstown/30-Allamuchy-Township-Elementary-School/,5.0
James F. Cooper Elementary School,"1960 Greentree Road, Cherry Hill, NJ, 08003",https://www.greatschools.org/new-jersey/cherry-hill/302-James-F.-Cooper-Elementary-School/,5.0
Cinnaminson Middle School,"312 N FORKLANDING ROAD, Cinnaminson, NJ, 08077",https://www.greatschools.org/new-jersey/cinnaminson/316-Cinnaminson-Middle-School/,5.0
Arthur L Johnson High School,"365 Westfield Avenue, Clark, NJ, 07066",https://www.greatschools.org/new-jersey/clark/319-Arthur-L--Johnson-High-School/,5.0
Valley Road Elementary School,"150 Valley Road, Clark, NJ, 07066",https://www.greatschools.org/new-jersey/clark/322-Valley-Road-Elementary-School/,5.0
Herma S Simmons Elementary School,"300 West Chestnut Street, Clayton, NJ, 08312",https://www.greatschools.org/new-jersey/clayton/324-Herma-S--Simmons-Elementary-School/,5.0
Cliffside Park School 6/Middle School,"440 Oakdene Avenue, Cliffside Park, NJ, 07010",https://www.greatschools.org/new-jersey/cliffside-park/333-Number-6-Elementary-School/,5.0
School #8,"41 Oak Street, Clifton, NJ, 07014",https://www.greatschools.org/new-jersey/clifton/342-Number-8-Elementary-School/,5.0
Robert N Wilentz Elementary School,"51 1st Street, Perth Amboy, NJ, 08861",https://www.greatschools.org/new-jersey/perth-amboy/3425-Robert-N--Wilentz-Elementary-School/,5.0
Hope Academy Charter School,"601 Grand Avenue, Asbury Park, NJ, 07712",https://www.greatschools.org/new-jersey/asbury-park/3438-Hope-Academy-Charter-School/,5.0
Greenwich School,"101 WYNDHAM FARM BOULEVARD, Greenwich Township, NJ, 08886",https://www.greatschools.org/new-jersey/stewartsville/3445-Greenwich-School/,5.0
Pleasant Valley School,"401 CEDAR RD, Harrison Township, NJ, 08062",https://www.greatschools.org/new-jersey/mullica-hill/3446-Pleasant-Valley-School/,5.0
Crawford Rodriguez Elementary School,"1025 Larsen Road, Jackson Township, NJ, 08527",https://www.greatschools.org/new-jersey/jackson-township/3447-Crawford--Rodriguez-Elementary-School/,5.0
Mt Olive Middle School,"160 WOLFE ROAD, Mount Olive, NJ, 07828",https://www.greatschools.org/new-jersey/mount-olive-township/3457-Mt-Olive-Middle-School/,5.0
Robert Morris School,"122 Elizabeth Street, South Bound Brook, NJ, 08880",https://www.greatschools.org/new-jersey/south-bound-brook/3465-Robert-Morris-School/,5.0
Team Academy Charter School,"60 Park Place, Newark, NJ, 07102",https://www.greatschools.org/new-jersey/newark/3481-Team-Academy-Charter-School/,5.0
Mckenzie School,"125 Carlton Avenue, East Rutherford, NJ, 07073",https://www.greatschools.org/new-jersey/east-rutherford/3486-Mckenzie-School/,5.0
School #16,"755 Grove Street, Clifton, NJ, 07013",https://www.greatschools.org/new-jersey/clifton/349-Number-16-Elementary-School/,5.0
Collingswood Middle School,"414 Collings Avenue, Collingswood, NJ, 08108",https://www.greatschools.org/new-jersey/collingswood/357-Collingswood-Middle-School/,5.0
Delran Middle School,"905 South Chester Avenue, Delran, NJ, 08075",https://www.greatschools.org/new-jersey/delran/388-Delran-Middle-School/,5.0
Lake Tract Elementary School,"690 Iszard Road, Deptford, NJ, 08096",https://www.greatschools.org/new-jersey/deptford-township/401-Lake-Tract-Elementary-School/,5.0
William G Rohrer Middle School,"101 MACARTHUR BOULEVARD, Haddon Township, NJ, 08108",https://www.greatschools.org/new-jersey/haddon-township/4129-William-G--Rohrer-Middle-School/,5.0
John P. Faber Elementary School,"400 High Street, Dunellen, NJ, 08812",https://www.greatschools.org/new-jersey/dunellen/420-John-P.-Faber-Elementary-School/,5.0
Eagleswood Twp Elementary School,"511 ROUTE 9, Eagleswood, NJ, 08092",https://www.greatschools.org/new-jersey/eagleswood/421-Eagleswood-Twp-Elementary-School/,5.0
Number 4 Middle School,"107 Bright Street, Jersey City, NJ, 07302",https://www.greatschools.org/new-jersey/jersey-city/4244-Number-4-Middle-School/,5.0
J P Case Middle School,"301 Case Boulevard, Flemington, NJ, 08822",https://www.greatschools.org/new-jersey/flemington/4248-J-P--Case-Middle-School/,5.0
School #17,"361 Lexington Avenue, Clifton, NJ, 07011",https://www.greatschools.org/new-jersey/clifton/4292-Number-17/,5.0
Milltown School,"611 Milltown Road, Bridgewater, NJ, 08807",https://www.greatschools.org/new-jersey/bridgewater-township/4300-Milltown-School/,5.0
Dionne Warwick Institute,"120 Central Avenue, East Orange, NJ, 07018",https://www.greatschools.org/new-jersey/east-orange/448-Dionne-Warwick-Institute/,5.0
Carlstadt Public School,"550 Washington Street, Carlstadt, NJ, 07072",https://www.greatschools.org/new-jersey/carlstadt/4517-Carlstadt-Public-School/,5.0
Cicely Tyson Middle/High School,"35 Winans Street, East Orange, NJ, 07017",https://www.greatschools.org/new-jersey/east-orange/452-Cicely-Tyson-Middle-High-School/,5.0
No 29 Dr A Einstein Academy,"919 North Broad Street, Elizabeth, NJ, 07208",https://www.greatschools.org/new-jersey/elizabeth/4521-No-29-Dr-A-Einstein-Academy/,5.0
Pauline J Petway,"1115 South Lincoln Avenue, Vineland, NJ, 08361",https://www.greatschools.org/new-jersey/vineland/4540-Pauline-J--Petway/,5.0
Hamilton Intermediate School,"223 Hamilton Street, Harrison, NJ, 07029",https://www.greatschools.org/new-jersey/harrison/4557-Hamilton-Intermediate-School/,5.0
Hightstown High School,"25 Leshin Lane, Hightstown, NJ, 08520",https://www.greatschools.org/new-jersey/hightstown/460-Hightstown-High-School/,5.0
Grace Norton Rogers School,"380 Stockton Street, Hightstown, NJ, 08520",https://www.greatschools.org/new-jersey/hightstown/462-Grace-Norton-Rogers-School/,5.0
Melvin H Kreps School,"5 KENT LANE, East Windsor, NJ, 08520",https://www.greatschools.org/new-jersey/hightstown/463-Melvin-H-Kreps-School/,5.0
Perry L. Drew Elementary School,"70 Twin Rivers Drive North, East Windsor, NJ, 08520",https://www.greatschools.org/new-jersey/east-windsor/464-Perry-L.-Drew-Elementary-School/,5.0
Memorial Middle School,"7 Grant Avenue, Eatontown, NJ, 07724",https://www.greatschools.org/new-jersey/eatontown/471-Memorial-Elementary-School/,5.0
Herbert Hoover Middle School,"174 Jackson Avenue, Edison, NJ, 08837",https://www.greatschools.org/new-jersey/edison/480-Herbert-Hoover-Middle-School/,5.0
Thomas Jefferson Middle School,"450 Division Street, Edison, NJ, 08817",https://www.greatschools.org/new-jersey/edison/481-Thomas-Jefferson-Middle-School/,5.0
James Monroe Elementary School,"7 Sharp Road, Edison, NJ, 08837",https://www.greatschools.org/new-jersey/edison/486-James-Monroe-Elementary-School/,5.0
Lindeneau Elementary School,"50 Blossom Street, Edison, NJ, 08817",https://www.greatschools.org/new-jersey/edison/489-Lindeneau-Elementary-School/,5.0
Egg Harbor Twp High School,"24 High School Drive, Egg Harbor Township, NJ, 08234",https://www.greatschools.org/new-jersey/egg-harbor-township/501-Egg-Harbor-Twp-High-School/,5.0
No 26 Edreira Academy,"1014 South Elmora Avenue, Elizabeth, NJ, 07202",https://www.greatschools.org/new-jersey/elizabeth/506-No-26-Edreira-Academy/,5.0
"Number 1, George Washington Elementary School","250 Broadway, Elizabeth, NJ, 07206",https://www.greatschools.org/new-jersey/elizabeth/513-Number-1-George-Washington-Elementary-School/,5.0
"Number 12, Elmora Elementary School","638 Magie Avenue, Elizabeth, NJ, 07208",https://www.greatschools.org/new-jersey/elizabeth/516-Number-12-Elmora-Elementary-School/,5.0
"Number 14, Abraham Lincoln Elementary School","50 Grove Street, Elizabeth, NJ, 07202",https://www.greatschools.org/new-jersey/elizabeth/518-Number-14-Abraham-Lincoln-Elementary-School/,5.0
"Number 16, Madison-Monroe Elementary School","1091 North Avenue, Elizabeth, NJ, 07201",https://www.greatschools.org/new-jersey/elizabeth/520-Number-16-Madison-Monroe-Elementary-School/,5.0
"Number 19, Woodrow Wilson Elementary School","529 Edgar Road, Elizabeth, NJ, 07202",https://www.greatschools.org/new-jersey/elizabeth/523-Number-19-Woodrow-Wilson-Elementary-School/,5.0
"Number 20, John Marshall Elementary School","521 Magnolia Avenue, Elizabeth, NJ, 07206",https://www.greatschools.org/new-jersey/elizabeth/524-Number-20-John-Marshall-Elementary-School/,5.0
Elmwood Park Middle School,"375 River Drive, Elmwood Park, NJ, 07407",https://www.greatschools.org/new-jersey/elmwood-park/531-Elmwood-Park-Middle-School/,5.0
Memorial Elementary School,"1 Haines Street, Emerson, NJ, 07630",https://www.greatschools.org/new-jersey/emerson/539-Memorial-Elementary-School/,5.0
Essex County Newark Tech,"91 West Market Street, Newark, NJ, 07103",https://www.greatschools.org/new-jersey/newark/547-West-Market-Street-Vocational-School/,5.0
Atlantic Cty Inst Of Tech,"5080 ATLANTIC AVENUE, Hamilton, NJ, 08330",https://www.greatschools.org/new-jersey/hamilton-township/55-Atlantic-Cty-Inst-Of-Tech/,5.0
Frances Demasi Middle School,"199 EVESBORO MEDFORD RD, Evesham, NJ, 08053",https://www.greatschools.org/new-jersey/evesham-township/554-Frances-Demasi-Middle-School/,5.0
Marlton Elementary School,"190 TOMLINSON MILL ROAD, Evesham, NJ, 08053",https://www.greatschools.org/new-jersey/evesham-township/555-Marlton-Elementary-School/,5.0
F A Desmares Elementary School,"16 Old Clinton Road, Flemington, NJ, 08822",https://www.greatschools.org/new-jersey/flemington/589-F-A-Desmares-Elementary-School/,5.0
Frankford Township Elementary School,"4 Pines Road, Branchville, NJ, 07826",https://www.greatschools.org/new-jersey/branchville/604-Frankford-Township-Elementary-School/,5.0
High Mountain Road Elementary School,"765 High Mountain Road, Franklin Lakes, NJ, 07417",https://www.greatschools.org/new-jersey/franklin-lakes/606-High-Mountain-Road-Elementary-School/,5.0
Franklin Elementary School,"50 Washington Avenue, Franklin, NJ, 07416",https://www.greatschools.org/new-jersey/franklin/608-Franklin-Elementary-School/,5.0
Caroline L Reutter School,"2150 DELSEA DR, Franklin, NJ, 08322",https://www.greatschools.org/new-jersey/franklin/609-Caroline-L-Reutter-School/,5.0
Main Road School,"1452 Main Road, Newfield, NJ, 08344",https://www.greatschools.org/new-jersey/newfield/611-Main-Road-School/,5.0
Pine Grove Manor Elementary School,"130 Highland Avenue, Franklin Township, NJ, 08873",https://www.greatschools.org/new-jersey/franklin-township/619-Pine-Grove-Manor-Elementary-School/,5.0
Freehold Borough High School,"2 Robertsville Road, Freehold, NJ, 07728",https://www.greatschools.org/new-jersey/freehold/627-Freehold-Borough-High-School/,5.0
Woodland Elementary School,"1 School Lane, Barrington, NJ, 08007",https://www.greatschools.org/new-jersey/barrington/63-Woodland-Elementary-School/,5.0
Clifton T. Barkalow Elementary School,"498 Stillwells Corner Road, Freehold, NJ, 07728",https://www.greatschools.org/new-jersey/freehold/634-Clifton-T.-Barkalow-Elementary-School/,5.0
Arthur Rann Elementary School,"515 South 8th Avenue, Galloway, NJ, 08205",https://www.greatschools.org/new-jersey/galloway/641-Arthur-Rann-Elementary-School/,5.0
Lincoln School No 6,"111 Palisade Avenue, Garfield, NJ, 07026",https://www.greatschools.org/new-jersey/garfield/651-Lincoln-School--No-6/,5.0
Charles W. Lewis Middle School,"875 ERIAL ROAD, Gloucester Township, NJ, 08012",https://www.greatschools.org/new-jersey/gloucester-township/678-Charles-W.-Lewis-Middle-School/,5.0
Glen Landing Middle School,"85 LITTLE GLOUCESTER ROAD, Gloucester Township, NJ, 08012",https://www.greatschools.org/new-jersey/gloucester-township/681-Glen-Landing-Middle-School/,5.0
Loring-Flemming Elementary School,"135 LITTLE GLOUCESTER RD, Gloucester Township, NJ, 08012",https://www.greatschools.org/new-jersey/gloucester-township/685-Loring-Flemming-Elementary-School/,5.0
Joseph T Donahue Elementary School,"200 BENGAL BLVD, Barnegat Township, NJ, 08005",https://www.greatschools.org/new-jersey/barnegat-township/6903-Joseph-T---Donahue-Elementary-School/,5.0
No 27 Dr Antonio Pantoja,"505 -517 MORRIS AVENUE, Elizabeth, NJ, 07208",https://www.greatschools.org/new-jersey/elizabeth/6904-No-27-Dr---Antonio-Pantoja/,5.0
Ivy Hill Elementary School,"107 Ivy Street, Newark, NJ, 07106",https://www.greatschools.org/new-jersey/newark/6909-Ivy-Hill-Elementary-School/,5.0
Gen Charles G Harker School,"1771 Oldmans Creek Road, Woolwich Township, NJ, 08085",https://www.greatschools.org/new-jersey/woolwich-township/6913-Gen---Charles-G-Harker-School/,5.0
Plainfield Academy for the Arts & Advanced Studies,"1700 West Front Street, Plainfield, NJ, 07063",https://www.greatschools.org/new-jersey/plainfield/6917-Paaas/,5.0
Cresskill Middle School,"1 Lincoln Drive, Cresskill, NJ, 07626",https://www.greatschools.org/new-jersey/cresskill/6920-Cresskill-Middle-School/,5.0
Fairmount Elementary School,"105 Grand Avenue, Hackensack, NJ, 07601",https://www.greatschools.org/new-jersey/hackensack/700-Fairmount-Elementary-School/,5.0
Hackettstown High School,"599 Warren Street, Hackettstown, NJ, 07840",https://www.greatschools.org/new-jersey/hackettstown/704-Hackettstown-High-School/,5.0
John P Holland Charter School,"5 Garret Mountain Plaza, Woodland, NJ, 07424",https://www.greatschools.org/new-jersey/paterson/7041-John-P-Holland-Charter-School/,5.0
Hackettstown Middle School,"500 Washington Street, Hackettstown, NJ, 07840",https://www.greatschools.org/new-jersey/hackettstown/705-Hackettstown-Middle-School/,5.0
Paul Robeson Charter School For The Humanities,"643 Indiana Avenue, Trenton, NJ, 08638",https://www.greatschools.org/new-jersey/trenton/7056-Paul-Robeson-Charter-School-For-The-Humanities/,5.0
Bergen Arts And Sciences Charter School,"200 Macarthur Avenue, Garfield, NJ, 07026",https://www.greatschools.org/new-jersey/garfield/7062-Bergen-Arts-And-Sciences-Charter-School/,5.0
A Hamilton Preparatory Academy,"310 Cherry Street, Elizabeth, NJ, 07208",https://www.greatschools.org/new-jersey/elizabeth/7069-A-Hamilton-Preparatory-Academy/,5.0
Glenview Avenue Elementary School,"1700 Sycamore Street, Haddon Heights, NJ, 08035",https://www.greatschools.org/new-jersey/haddon-heights/709-Glenview-Avenue-Elementary-School/,5.0
Academy of Career and Technical Education,"One High Tech Way, Secaucus, NJ, 07094",https://www.greatschools.org/new-jersey/secaucus/7106-Academy-Of-Career-And-Technical-Education/,5.0
Mdsx Co Voc Eb Career Development,"112 Rues Lane, East Brunswick, NJ, 08816",https://www.greatschools.org/new-jersey/east-brunswick/7119-Middlesex-Co-Voc-School-East-Bruns.-School-Of-Career-Develop/,5.0
Haddon Twp High School,"406 MEMORIAL AVENUE, Haddon Township, NJ, 08108",https://www.greatschools.org/new-jersey/haddon-township/712-Haddon-Twp-High-School/,5.0
Thomas A. Edison Elementary School,"205 MELROSE AVENUE, Haddon Township, NJ, 08108",https://www.greatschools.org/new-jersey/haddon-township/713-Thomas-A.-Edison-Elementary-School/,5.0
Strawbridge Elementary School,"307 STRAWBRIDGE AVENUE, Haddon Township, NJ, 08108",https://www.greatschools.org/new-jersey/haddon-township/716-Strawbridge-Elementary-School/,5.0
Alexander Elementary School,"20 ROBERT FROST DRIVE, Hamilton Township, NJ, 08690",https://www.greatschools.org/new-jersey/hamilton-township/733-Alexander-Elementary-School/,5.0
Mary J. Donohoe No. 4 Elementary School,"38 Dodge Street, Bayonne, NJ, 07002",https://www.greatschools.org/new-jersey/bayonne/74-Mary-J.-Donohoe-No.-4-Elementary-School/,5.0
Langtree Elementary School,"2080 WHATLEY ROAD, Hamilton Township, NJ, 08690",https://www.greatschools.org/new-jersey/hamilton-township/740-Langtree-Elementary-School/,5.0
Morgan Elementary School,"38 STAMFORD ROAD, Hamilton Township, NJ, 08619",https://www.greatschools.org/new-jersey/hamilton-township/743-Morgan-Elementary-School/,5.0
Sunnybrae Elementary School,"166 ELTON AVENUE, Hamilton Township, NJ, 08620",https://www.greatschools.org/new-jersey/hamilton-township/746-Sunnybrae-Elementary-School/,5.0
Hammonton Middle School,"75 North Liberty Street, Hammonton, NJ, 08037",https://www.greatschools.org/new-jersey/hammonton/754-Hammonton-Middle-School/,5.0
Washington No. 9 Elementary School,"191 Avenue B, Bayonne, NJ, 07002",https://www.greatschools.org/new-jersey/bayonne/76-Washington-No.-9-Elementary-School/,5.0
Washington No. 1 Middle School,"One North Fifth Street, Harrison, NJ, 07029",https://www.greatschools.org/new-jersey/harrison/769-Washington-No.-1-Middle-School/,5.0
Thomas Jefferson Elementary School,"233 GOFFLE HILL ROAD, Hawthorne, NJ, 07507",https://www.greatschools.org/new-jersey/hawthorne/778-Thomas-Jefferson-Elementary-School/,5.0
High Bridge Middle School,"50 Thomas Street, High Bridge, NJ, 08829",https://www.greatschools.org/new-jersey/high-bridge/781-High-Bridge-Middle-School/,5.0
High Point Regional High School,"299 Pidgeon Hill Road, Sussex, NJ, 07461",https://www.greatschools.org/new-jersey/wantage/783-High-Point-Regional-High-School/,5.0
Highland Park High School,"102 North 5th Avenue, Highland Park, NJ, 08904",https://www.greatschools.org/new-jersey/highland-park/784-Highland-Park-High-School/,5.0
Ann Blanche Smith Elementary School,"1000 Hillsdale Avenue, Hillsdale, NJ, 07642",https://www.greatschools.org/new-jersey/hillsdale/796-Ann-Blanche-Smith-Elementary-School/,5.0
William Satz Intermediate School,"24 Crawfords Corner Road, Holmdel, NJ, 07733",https://www.greatschools.org/new-jersey/holmdel/814-William-Satz-Intermediate-School/,5.0
Ardena Elementary School,"355 Adelphia Road, Farmingdale, NJ, 07727",https://www.greatschools.org/new-jersey/farmingdale/831-Ardena-Elementary-School/,5.0
Jackson Memorial High School,"101 Don Connor Boulevard, Jackson Township, NJ, 08527",https://www.greatschools.org/new-jersey/jackson-township/856-Jackson-Memorial-High-School/,5.0
Lucy N Holman Elementary School,"125 Manhattan Street, Jackson Township, NJ, 08527",https://www.greatschools.org/new-jersey/jackson-township/859-Lucy-N-Holman-Elementary-School/,5.0
Switlik Elementary School,"75 West Veterans Highway, Jackson Township, NJ, 08527",https://www.greatschools.org/new-jersey/jackson-township/860-Switlik-Elementary-School/,5.0
REP ACADEMY SCHOOL NO.8,"221-227 Court Street, Elizabeth, NJ, 07206",https://www.greatschools.org/new-jersey/elizabeth/8730-REP-ACADEMY-SCHOOL-NO.8/,5.0
Atlantic Community Charter School,"112 South New York Road, Galloway, NJ, 08205",https://www.greatschools.org/new-jersey/galloway/8780-Atlantic-Community-Charter-School/,5.0
Lambertville Public School,"200 North Main Street, Lambertville, NJ, 08530",https://www.greatschools.org/new-jersey/lambertville/8786-Lambertville-Public-School/,5.0
Belleville PS10,"527 Belleville Avenue, Belleville, NJ, 07109",https://www.greatschools.org/new-jersey/belleville/88-Number-10-Elementary-School/,5.0
Charles E. Trefurt School,"96 Franklin Street, Jersey City, NJ, 07307",https://www.greatschools.org/new-jersey/jersey-city/882-Number-8-Elementary-School/,5.0
College Achieve Central Charter School,"365 Emerson Avenue, Plainfield, NJ, 07062",https://www.greatschools.org/new-jersey/plainfield/8825-College-Achieve-Central-Charter-School/,5.0
Julia A. Barnes No. 12 Elementary School,"91 Astor Place, Jersey City, NJ, 07304",https://www.greatschools.org/new-jersey/jersey-city/885-Julia-A.-Barnes-No.-12-Elementary-School/,5.0
Empowerment Academy Charter School,"240 Ege Avenue, Jersey City, NJ, 07304",https://www.greatschools.org/new-jersey/jersey-city/8875-Empowerment-Academy-Charter-School/,5.0
Rev. Dr. Ercel F. Webb School,"264 Van Horne Street, Jersey City, NJ, 07304",https://www.greatschools.org/new-jersey/jersey-city/889-Number-22-Elementary-School/,5.0
Bell Oaks Elementary School,"256 Anderson Avenue, Bellmawr, NJ, 08031",https://www.greatschools.org/new-jersey/bellmawr/89-Bell-Oaks-Elementary-School/,5.0
Rafael De J. Cordero No. 37 Elementary School,"158 Erie Street, Jersey City, NJ, 07302",https://www.greatschools.org/new-jersey/jersey-city/899-Rafael-De-J.-Cordero-No.-37-Elementary-School/,5.0
Harding Elementary School,"426 Boulevard, Kenilworth, NJ, 07033",https://www.greatschools.org/new-jersey/kenilworth/922-Harding-Elementary-School/,5.0
Carteret Junior High School,"195 Washington Avenue, Carteret, NJ, 07008",https://www.greatschools.org/new-jersey/carteret/9244-Carteret-Junior-High-School/,5.0
Kingsway Reg High School,"201 KINGS HIGHWAY, Woolwich Township, NJ, 08085",https://www.greatschools.org/new-jersey/woolwich-township/926-Kingsway-Reg-High-School/,5.0
Lacey Twp Middle School,"660 DENTON AVENUE, Lacey Township, NJ, 08731",https://www.greatschools.org/new-jersey/lacey-township/934-Lacey-Twp-Middle-School/,5.0
Cedar Creek Elementary School,"220 WESTERN BLVD, Lacey Township, NJ, 08734",https://www.greatschools.org/new-jersey/lacey-township/939-Cedar-Creek-Elementary-School/,5.0
Lafayette Township Elementary School,"178 Beaver Run Road, Lafayette, NJ, 07848",https://www.greatschools.org/new-jersey/lafayette-township/940-Lafayette-Township-Elementary-School/,5.0
Lakeland Reg High School,"205 Conklintown Road, Wanaque, NJ, 07465",https://www.greatschools.org/new-jersey/wanaque/942-Lakeland-Reg-High-School/,5.0
Oak Street Elementary School,"75 Oak Street, Lakewood, NJ, 08701",https://www.greatschools.org/new-jersey/lakewood-township/948-Oak-Street-Elementary-School/,5.0
Lenape High School,"235 Hartford Road, Medford, NJ, 08055",https://www.greatschools.org/new-jersey/medford/965-Lenape-High-School/,5.0
Lenape Val Regional High School,"28 Sparta Road, Stanhope, NJ, 07874",https://www.greatschools.org/new-jersey/stanhope/967-Lenape-Val-Regional-High-School/,5.0
Lindenwold Number 5 Elementary School,"550 Chews Landing Road, Lindenwold, NJ, 08021",https://www.greatschools.org/new-jersey/lindenwold/986-Lindenwold-Number-5-Elementary-School/,5.0
Schuyler Elementary School,"644 Forest Street, Kearny, NJ, 07032",https://www.greatschools.org/new-jersey/kearny/919-Schuyler-Elementary-School/,5.0
Washington Elementary School,"80 Belgrove Drive, Kearny, NJ, 07032",https://www.greatschools.org/new-jersey/kearny/920-Washington-Elementary-School/,5.0
A.A. Anastasia Elementary School,"92 7th Avenue, Long Branch, NJ, 07740",https://www.greatschools.org/new-jersey/long-branch/1018-A.A.-Anastasia-Elementary-School/,4.0
Lower Cape May Reg High School,"687 U.S. 9, Cape May, NJ, 08204",https://www.greatschools.org/new-jersey/cape-may/1031-Lower-Cape-May-Reg-High-School/,4.0
Pennsville Middle School,"4 WILLIAM PENN AVENUE, Pennsville Township, NJ, 08070",https://www.greatschools.org/new-jersey/pennsville/1034-Pennsville-Middle-School/,4.0
Penn Beach Elementary School,"96 KANSAS RD, Pennsville Township, NJ, 08070",https://www.greatschools.org/new-jersey/pennsville/1036-Penn-Beach-Elementary-School/,4.0
Maud Abrams School,"714 Town Bank Road, Cape May, NJ, 08204",https://www.greatschools.org/new-jersey/cape-may/1039-Maud-Abrams-School/,4.0
Lumberton Middle School,"30 Dimsdale Drive, Lumberton, NJ, 08048",https://www.greatschools.org/new-jersey/lumberton/1044-Lumberton-Middle-School/,4.0
Lyndhurst High School,"400 Weart Avenue, Lyndhurst, NJ, 07071",https://www.greatschools.org/new-jersey/lyndhurst/1045-Lyndhurst-High-School/,4.0
Virgil Grissom Elementary School,"ONE SIMS AVENUE, Old Bridge, NJ, 08857",https://www.greatschools.org/new-jersey/old-bridge-township/1070-Virgil-Grissom-Elementary-School/,4.0
Ridgeway Elementary School,"2861 RIDGEWAY RD, Manchester Township, NJ, 08759",https://www.greatschools.org/new-jersey/manchester-township/1090-Ridgeway-Elementary-School/,4.0
Manchester Twp Middle School,"2759 RIDGEWAY RD, Manchester Township, NJ, 08759",https://www.greatschools.org/new-jersey/manchester-township/1092-Manchester-Twp-Middle-School/,4.0
N Warren Reg High School,"10 Noe Road, Blairstown, NJ, 07825",https://www.greatschools.org/new-jersey/blairstown/1097-N-Warren-Reg-High-School/,4.0
Matawan Reg High School,"450 ATLANTIC AVENUE, Aberdeen Township, NJ, 07747",https://www.greatschools.org/new-jersey/aberdeen-township/1117-Matawan-Reg-High-School/,4.0
Maurice River Township Elementary School,"3593 RT 47, Maurice River, NJ, 08348",https://www.greatschools.org/new-jersey/port-elizabeth/1123-Maurice-River-Township-Elementary-School/,4.0
Medford Township Memorial School,"55 Mill Street, Medford, NJ, 08055",https://www.greatschools.org/new-jersey/medford/1130-Medford-Township-Memorial-School/,4.0
Hilltop School,"12 HILLTOP ROAD, Mendham Township, NJ, 07945",https://www.greatschools.org/new-jersey/mendham/1133-Hilltop-School/,4.0
Middle Twp Elementary 2,"101 WEST PACIFIC AVE, Middle Township, NJ, 08210",https://www.greatschools.org/new-jersey/middle-township/1146-Middle-Twp-Elementary-2/,4.0
Middlesex High School,"300 John F Kennedy Drive, Middlesex, NJ, 08846",https://www.greatschools.org/new-jersey/middlesex/1150-Middlesex-High-School/,4.0
Von E Mauger Middle School,"Fisher Avenue, Middlesex, NJ, 08846",https://www.greatschools.org/new-jersey/middlesex/1153-Von-E-Mauger-Middle-School/,4.0
Piscataway Vocational School,"21 Suttons Lane, Piscataway, NJ, 08854",https://www.greatschools.org/new-jersey/piscataway/1158-Piscataway-Vocational-School/,4.0
River Plaza Elementary School,"155 Hubbard Avenue, Red Bank, NJ, 07701",https://www.greatschools.org/new-jersey/red-bank/1176-River-Plaza-Elementary-School/,4.0
Joyce Kilmer Elementary School,"21 West Church Street, Milltown, NJ, 08850",https://www.greatschools.org/new-jersey/milltown/1189-Joyce-Kilmer-Elementary-School/,4.0
Mount Pleasant Elementary School,"100 Carmel Road, Millville, NJ, 08332",https://www.greatschools.org/new-jersey/millville/1197-Mount-Pleasant-Elementary-School/,4.0
Monmouth Reg High School,"ONE NORMAN J FIELD WAY, Tinton Falls, NJ, 07724",https://www.greatschools.org/new-jersey/tinton-falls/1202-Monmouth-Reg-High-School/,4.0
Williamstown High School,"700 N TUCKAHOE RD, Monroe, NJ, 08094",https://www.greatschools.org/new-jersey/monroe-township/1204-Williamstown-High-School/,4.0
Bayville Elementary School,"356 ATLANTIC CITY BLVD, Berkeley Township, NJ, 08721",https://www.greatschools.org/new-jersey/berkeley-township/121-Bayville-Elementary-School/,4.0
Alexander Hamilton Elementary School,"24 Mills Street, Morristown, NJ, 07960",https://www.greatschools.org/new-jersey/morristown/1250-Alexander-Hamilton-Elementary-School/,4.0
Frelinghuysen Middle School,"West Hanover Avenue, Morristown, NJ, 07960",https://www.greatschools.org/new-jersey/morristown/1252-Frelinghuysen-Middle-School/,4.0
Mary Bray Elementary School,"225 West Kings Highway, Mount Ephraim, NJ, 08059",https://www.greatschools.org/new-jersey/mount-ephraim/1261-Mary-Bray-Elementary-School/,4.0
Countryside Elementary School,"115 SCHOOLHOUSE LANE, Mount Laurel Township, NJ, 08054",https://www.greatschools.org/new-jersey/mount-laurel-township/1266-Countryside-Elementary-School/,4.0
Gables Elementary School,"1 Gables Court, Neptune Township, NJ, 07753",https://www.greatschools.org/new-jersey/neptune-city/1289-Gables-Elementary-School/,4.0
Summerfield Elementary School,"1 Summerfield La, Neptune Township, NJ, 07753",https://www.greatschools.org/new-jersey/neptune-city/1293-Summerfield-Elementary-School/,4.0
Lord Stirling Elementary School,"101 Redmond Street, New Brunswick, NJ, 08901",https://www.greatschools.org/new-jersey/new-brunswick/1300-Lord-Stirling-Elementary-School/,4.0
McKinley Community Elementary School,"15 Van Dyke Avenue, New Brunswick, NJ, 08901",https://www.greatschools.org/new-jersey/new-brunswick/1301-McKinley-Community-Elementary-School/,4.0
Abington Ave. Elementary School,"209 Abington Avenue, Newark, NJ, 07107",https://www.greatschools.org/new-jersey/newark/1327-Abington-Ave.-Elementary-School/,4.0
Franklin Elementary School,"42 Park Avenue, Newark, NJ, 07104",https://www.greatschools.org/new-jersey/newark/1351-Franklin-Elementary-School/,4.0
Blairstown Elementary School,"1 Sunset Hill Road, Blairstown, NJ, 07825",https://www.greatschools.org/new-jersey/blairstown/137-Blairstown-Elementary-School/,4.0
Roberto Clemente Elementary School,"257 Summer Avenue, Newark, NJ, 07104",https://www.greatschools.org/new-jersey/newark/1374-Roberto-Clemente-Elementary-School/,4.0
South Street Elementary School,"44-48 Hermon Street, Newark, NJ, 07105",https://www.greatschools.org/new-jersey/newark/1375-South-Street-Elementary-School/,4.0
Newton High School,"44 Ryerson Avenue, Newton, NJ, 07860",https://www.greatschools.org/new-jersey/newton/1389-Newton-High-School/,4.0
Bloomfield High School,"160 Broad Street, Bloomfield, NJ, 07003",https://www.greatschools.org/new-jersey/bloomfield/139-Bloomfield-High-School/,4.0
Halsted Street Middle School,"59 Halsted Street, Newton, NJ, 07860",https://www.greatschools.org/new-jersey/newton/1390-Halsted-Street-Middle-School/,4.0
North Arlington High School,"222 Ridge Road, North Arlington, NJ, 07031",https://www.greatschools.org/new-jersey/north-arlington/1392-North-Arlington-High-School/,4.0
McKinley No. 10 Elementary School,"3110 Liberty Avenue, North Bergen, NJ, 07047",https://www.greatschools.org/new-jersey/north-bergen/1402-McKinley-No.-10-Elementary-School/,4.0
North Brunswick Twp High School,"98 RAIDER ROAD, North Brunswick Township, NJ, 08902",https://www.greatschools.org/new-jersey/north-brunswick-township/1404-North-Brunswick-Twp-High-School/,4.0
Linwood Middle School,"25 LINWOOD PLACE, North Brunswick Township, NJ, 08902",https://www.greatschools.org/new-jersey/north-brunswick-township/1407-Linwood-Middle-School/,4.0
Clarence B. Lamb Elementary School,"46 Schoolhouse Road, Wrightstown, NJ, 08562",https://www.greatschools.org/new-jersey/wrightstown/1417-Clarence-B.-Lamb-Elementary-School/,4.0
Fairview Elementary School,"376 Berkeley Avenue, Bloomfield, NJ, 07003",https://www.greatschools.org/new-jersey/bloomfield/145-Fairview-Elementary-School/,4.0
Ocean Twp Intermediate School,"1200 WEST PARK AVENUE, Ocean Township, NJ, 07712",https://www.greatschools.org/new-jersey/ocean-township/1460-Ocean-Twp-Intermediate-School/,4.0
Lincoln Avenue Elementary School,"216 LINCOLN AVE, City of Orange, NJ, 07050",https://www.greatschools.org/new-jersey/city-of-orange/1481-Lincoln-Avenue-Elementary-School/,4.0
Lindbergh Elementary School,"401 Glen Avenue, Palisades Park, NJ, 07650",https://www.greatschools.org/new-jersey/palisades-park/1487-Lindbergh-Elementary-School/,4.0
Charles Street Elementary School,"100 West Charles Street, Palmyra, NJ, 08065",https://www.greatschools.org/new-jersey/palmyra/1489-Charles-Street-Elementary-School/,4.0
Ridge Ranch Elementary School,"345 Lockwood Drive, Paramus, NJ, 07652",https://www.greatschools.org/new-jersey/paramus/1496-Ridge-Ranch-Elementary-School/,4.0
Stony Lane Elementary School,"W 110 RIDGEWOOD AVENUE, Paramus, NJ, 07652",https://www.greatschools.org/new-jersey/paramus/1497-Stony-Lane-Elementary-School/,4.0
Walter T. Bergen Middle School,"225 Glenwild Avenue, Bloomingdale, NJ, 07403",https://www.greatschools.org/new-jersey/bloomingdale/151-Walter-T.-Bergen-Middle-School/,4.0
Passaic Valley High School,"100 East Main Street, Little Falls, NJ, 07424",https://www.greatschools.org/new-jersey/little-falls/1530-Passaic-Valley-High-School/,4.0
School 2,"22 Passaic Street, Paterson, NJ, 07501",https://www.greatschools.org/new-jersey/paterson/1540-Number-2-Elementary-School/,4.0
School 8,"35 Chadwick Street, Paterson, NJ, 07503",https://www.greatschools.org/new-jersey/paterson/1546-Number-8-Elementary-School/,4.0
George B. Fine Elementary School,"3800 GLADWYN AVE, Pennsauken Township, NJ, 08109",https://www.greatschools.org/new-jersey/pennsauken-township/1600-George-B.-Fine-Elementary-School/,4.0
Bordentown Reg High School,"318 Ward Avenue, Bordentown, NJ, 08505",https://www.greatschools.org/new-jersey/bordentown/161-Bordentown-Reg-High-School/,4.0
Phillipsburg High School,"1 Stateliner Boulevard, Phillipsburg, NJ, 08865",https://www.greatschools.org/new-jersey/phillipsburg/1617-Phillipsburg-High-School/,4.0
Green Street Elementary School,"525 Warren Street, Phillipsburg, NJ, 08865",https://www.greatschools.org/new-jersey/phillipsburg/1621-Green-Street-Elementary-School/,4.0
Pinelands Reg High School,"565 Nugentown Road, Little Egg Harbor Township, NJ, 08087",https://www.greatschools.org/new-jersey/little-egg-harbor-township/1625-Pinelands-Reg-High-School/,4.0
Grandview Elementary School,"130 North Randolphville Road, Piscataway, NJ, 08854",https://www.greatschools.org/new-jersey/piscataway/1634-Grandview-Elementary-School/,4.0
Pitman Middle School,"138 East Holly Avenue, Pitman, NJ, 08071",https://www.greatschools.org/new-jersey/pitman/1637-Pitman-Middle-School/,4.0
W.C.K. Walls Elementary School,"320 Grant Avenue, Pitman, NJ, 08071",https://www.greatschools.org/new-jersey/pitman/1641-W.C.K.-Walls-Elementary-School/,4.0
Arthur P Schalick High School,"718 Centerton Road, Pittsgrove, NJ, 08318",https://www.greatschools.org/new-jersey/pittsgrove-township/1642-Arthur-P-Schalick-High-School/,4.0
Pittsgrove Twp Middle School,"1082 Almond Road, Pittsgrove, NJ, 08318",https://www.greatschools.org/new-jersey/pittsgrove-township/1645-Pittsgrove-Twp-Middle-School/,4.0
Hubbard Middle School,"661 West 8th Street, Plainfield, NJ, 07060",https://www.greatschools.org/new-jersey/plainfield/1647-Hubbard-Middle-School/,4.0
Emerson Elementary School,"305 Emerson Avenue, Plainfield, NJ, 07062",https://www.greatschools.org/new-jersey/plainfield/1653-Emerson-Elementary-School/,4.0
Quinton Township Elementary School,"8 ROBINSON STREET, Quinton, NJ, 08072",https://www.greatschools.org/new-jersey/salem/1687-Quinton-Township-Elementary-School/,4.0
Roosevelt Elementary School,"811 Saint Georges Avenue, Rahway, NJ, 07065",https://www.greatschools.org/new-jersey/rahway/1693-Roosevelt-Elementary-School/,4.0
Rancocas Valley Reg High School,"520 Hedding Jacksonville Road, Mount Holly, NJ, 08060",https://www.greatschools.org/new-jersey/mount-holly/1702-Rancocas-Valley-Reg-High-School/,4.0
Raritan High School,"419 Middle Road, Hazlet, NJ, 07730",https://www.greatschools.org/new-jersey/hazlet/1709-Raritan-High-School/,4.0
Red Bank Middle School,"101 Harding Road, Red Bank, NJ, 07701",https://www.greatschools.org/new-jersey/red-bank/1720-Red-Bank-Middle-School/,4.0
Red Bank Primary School,"222 RIVER STREET, Red Bank, NJ, 07701",https://www.greatschools.org/new-jersey/red-bank/1721-Red-Bank-Primary-School/,4.0
Brick Twp High School,"346 CHAMBERS BRIDGE RD, Brick Township, NJ, 08723",https://www.greatschools.org/new-jersey/brick-township/174-Brick-Twp-High-School/,4.0
Drum Point Road Elementary School,"41 DRUM POINT RD, Brick Township, NJ, 08723",https://www.greatschools.org/new-jersey/brick-township/175-Drum-Point-Road-Elementary-School/,4.0
Riverside Elementary School,"112 East Washington Street, Riverside, NJ, 08075",https://www.greatschools.org/new-jersey/riverside/1752-Riverside-Elementary-School/,4.0
Riverton Elementary School,"600 5th Street, Riverton, NJ, 08077",https://www.greatschools.org/new-jersey/riverton/1753-Riverton-Elementary-School/,4.0
Lincoln Elementary School,"37 Keller Avenue, Rockaway, NJ, 07866",https://www.greatschools.org/new-jersey/rockaway/1756-Lincoln-Elementary-School/,4.0
Emma Havens Young Elementary School,"43 DRUM POINT RD, Brick Township, NJ, 08723",https://www.greatschools.org/new-jersey/brick-township/176-Emma-Havens-Young-Elementary-School/,4.0
Harrison Elementary School,"310 Harrison Avenue, Roselle, NJ, 07203",https://www.greatschools.org/new-jersey/roselle/1766-Harrison-Elementary-School/,4.0
Washington Elementary School,"501 Washington Avenue, Roselle, NJ, 07203",https://www.greatschools.org/new-jersey/roselle/1769-Washington-Elementary-School/,4.0
Ernest J. Finizio - Aldene Elementary School,"339 West Webster Avenue, Roselle Park, NJ, 07204",https://www.greatschools.org/new-jersey/roselle-park/1772-Ernest-J.-Finizio---Aldene-Elementary-School/,4.0
Kennedy Elementary School,"20 PLEASANT HILL ROAD, Roxbury Township, NJ, 07876",https://www.greatschools.org/new-jersey/succasunna/1780-Kennedy-Elementary-School/,4.0
Bingham Elementary School,"100 FIRST & ORCHARD AVE, Runnemede, NJ, 08078",https://www.greatschools.org/new-jersey/runnemede/1786-Bingham-Elementary-School/,4.0
Downing Elementary School,"3RD & CENTRAL AVES, Runnemede, NJ, 08078",https://www.greatschools.org/new-jersey/runnemede/1787-Downing-Elementary-School/,4.0
Lanes Mill Elementary School,"1891 LANES MILL RD, Brick Township, NJ, 08724",https://www.greatschools.org/new-jersey/brick-township/179-Lanes-Mill-Elementary-School/,4.0
Saddle Brook Middle/High School,"355 Mayhill Street, Saddle Brook, NJ, 07663",https://www.greatschools.org/new-jersey/saddle-brook/1796-Saddle-Brook-Mid--High-School/,4.0
Helen I. Smith Elementary School,"30 Cambridge Avenue, Saddle Brook, NJ, 07663",https://www.greatschools.org/new-jersey/saddle-brook/1798-Helen-I.-Smith-Elementary-School/,4.0
Salem Co Career&Tech High School,"880 New Jersey 45, Woodstown, NJ, 08098",https://www.greatschools.org/new-jersey/woodstown/1804-Salem-Co-CareerTech-High-School/,4.0
War Memorial High School,"820 WASHINGTON ROAD, Sayreville, NJ, 08859",https://www.greatschools.org/new-jersey/sayreville/1809-War-Memorial-High-School/,4.0
Osbornville Elementary School,"218 DRUM POINT RD, Brick Township, NJ, 08723",https://www.greatschools.org/new-jersey/brick-township/181-Osbornville-Elementary-School/,4.0
Sayreville Middle School,"800 WASHINGTON ROAD, Sayreville, NJ, 08859",https://www.greatschools.org/new-jersey/sayreville/1810-Sayreville-Middle-School/,4.0
Hugh J Boyd Jr Elementary School,"1200 Bay Boulevard, Seaside Heights, NJ, 08751",https://www.greatschools.org/new-jersey/seaside-heights/1825-Hugh-J-Boyd-Jr--Elementary-School/,4.0
Secaucus High School,"11 MILL RIDGE ROAD, Secaucus, NJ, 07094",https://www.greatschools.org/new-jersey/secaucus/1827-Secaucus-High-School/,4.0
Huber Street No. 3 Elementary School,"1520 Paterson Plank Road, Secaucus, NJ, 07094",https://www.greatschools.org/new-jersey/secaucus/1829-Huber-Street-No.-3-Elementary-School/,4.0
Veterans Mem Middle School,"105 HENDRICKSON AVENUE, Brick Township, NJ, 08724",https://www.greatschools.org/new-jersey/brick-township/183-Veterans-Mem-Middle-School/,4.0
Somerdale Park Elementary School,"301 Grace Street, Somerdale, NJ, 08083",https://www.greatschools.org/new-jersey/somerdale/1836-Somerdale-Park-Elementary-School/,4.0
Jordan Rd Elementary School,"129 Jordan Road, Somers Point, NJ, 08244",https://www.greatschools.org/new-jersey/somers-point/1838-Jordan-Rd-Elementary-School/,4.0
South Amboy Elementary School,"249 John Street, South Amboy, NJ, 08879",https://www.greatschools.org/new-jersey/south-amboy/1846-South-Amboy-Elementary-School/,4.0
Indian Fields Elementary School,"359 RIDGE ROAD, South Brunswick Township, NJ, 08810",https://www.greatschools.org/new-jersey/south-brunswick-township/1849-Indian-Fields-Elementary-School/,4.0
So Plainfield Middle School,"2201 Plainfield Avenue, South Plainfield, NJ, 07080",https://www.greatschools.org/new-jersey/south-plainfield/1873-So-Plainfield-Middle-School/,4.0
Grant Elementary School,"305 Cromwell Place, South Plainfield, NJ, 07080",https://www.greatschools.org/new-jersey/south-plainfield/1878-Grant-Elementary-School/,4.0
Southampton Twp School No 2,"100 MISS MABEL DRIVE, Southampton Township, NJ, 08088",https://www.greatschools.org/new-jersey/southampton-township/1884-Southampton-Twp-School-No-2/,4.0
Delsea Regional High School,"242 FRIES MILL RD, Franklin, NJ, 08322",https://www.greatschools.org/new-jersey/franklin/1885-Delsea-Regional-High-School/,4.0
Delsea Regional Middle School,"FRIES MILL RD, Franklin, NJ, 08322",https://www.greatschools.org/new-jersey/franklinville/1886-Delsea-Regional-Middle-School/,4.0
Spotswood Memorial School,"115 Summerhill Road, Spotswood, NJ, 08884",https://www.greatschools.org/new-jersey/spotswood/1893-Spotswood-Memorial-School/,4.0
Spotswood High School,"105 Summerhill Road, Spotswood, NJ, 08884",https://www.greatschools.org/new-jersey/spotswood/1894-Spotswood-High-School/,4.0
Sussex Middle School,"10 Loomis Avenue, Sussex, NJ, 07461",https://www.greatschools.org/new-jersey/sussex/1924-Sussex-Middle-School/,4.0
Toms River Intermediate East,"1519 Hooper Avenue, Toms River, NJ, 08753",https://www.greatschools.org/new-jersey/toms-river/1951-Toms-River-Intermediate-E/,4.0
Toms River Intermediate North,"150 Intermediate North Way, Toms River, NJ, 08753",https://www.greatschools.org/new-jersey/toms-river/1952-Toms-River-Intermediate-N/,4.0
Cedar Grove Elementary School,"179 Cedar Grove Road, Toms River, NJ, 08753",https://www.greatschools.org/new-jersey/toms-river/1953-Cedar-Grove-Elementary-School/,4.0
Hooper Ave Elementary School,"1517 Hooper Avenue, Toms River, NJ, 08753",https://www.greatschools.org/new-jersey/toms-river/1955-Hooper-Ave-Elementary-School/,4.0
North Dover Elementary School,"1759 NEW HAMPSHIRE AVENUE, Toms River, NJ, 08753",https://www.greatschools.org/new-jersey/toms-river/1956-North-Dover-Elementary-School/,4.0
Toms River High - East High School,"1225 Raider Way, Toms River, NJ, 08753",https://www.greatschools.org/new-jersey/toms-river/1963-Toms-River-High---East-High-School/,4.0
Memorial Middle School,"294 Totowa Road, Totowa, NJ, 07512",https://www.greatschools.org/new-jersey/totowa/1965-Memorial-Middle-School/,4.0
Robert Waters Elementary School,"2800 Summit Avenue, Union City, NJ, 07087",https://www.greatschools.org/new-jersey/union-city/2002-Robert-Waters-Elementary-School/,4.0
Russell O Brackman Middle School,"600 BARNEGAT BLVD NORTH, Barnegat Township, NJ, 08005",https://www.greatschools.org/new-jersey/barnegat-township/2012-Russell-O--Brackman-Middle-School/,4.0
Burnet Middle School,"1000 Caldwell Avenue, Union, NJ, 07083",https://www.greatschools.org/new-jersey/union/2015-Burnet-Middle-School/,4.0
Central Five Jefferson,"155 HILTON AVENUE, Union, NJ, 07083",https://www.greatschools.org/new-jersey/union/2018-Central-Five--Jefferson/,4.0
Glen Meadow Middle School,"7 SAMMIS ROAD, Vernon Township, NJ, 07462",https://www.greatschools.org/new-jersey/vernon-township/2040-Glen-Meadow-Middle-School/,4.0
F.N. Brown Elementary School,"125 Grove Avenue, Verona, NJ, 07044",https://www.greatschools.org/new-jersey/verona/2044-F.N.-Brown-Elementary-School/,4.0
Alice Costello Elementary School,"301 Haakon Road, Brooklawn, NJ, 08030",https://www.greatschools.org/new-jersey/brooklawn/205-Alice-Costello-Elementary-School/,4.0
John H. Winslow Elementary School,"1335 MAGNOLIA RD, Vineland, NJ, 08360",https://www.greatschools.org/new-jersey/vineland/2058-John-H.-Winslow-Elementary-School/,4.0
Johnstone Elementary School,"165 South Brewster Road, Vineland, NJ, 08361",https://www.greatschools.org/new-jersey/vineland/2059-Johnstone-Elementary-School/,4.0
Wallkill Valley Reg High School,"10 GRUMM ROAD, Hardyston, NJ, 07419",https://www.greatschools.org/new-jersey/hamburg/2075-Wallkill-Valley-Reg-High-School/,4.0
Wall High School,"1630 18TH AVE, Wall Township, NJ, 07719",https://www.greatschools.org/new-jersey/wall-township/2077-Wall-High-School/,4.0
Wallington Jr Sr High School,"234 Main Avenue, Wallington, NJ, 07057",https://www.greatschools.org/new-jersey/wallington/2083-Wallington-Jr-Sr-High-School/,4.0
Warren Hills Reg High School,"41 Jackson Valley Road, Washington, NJ, 07882",https://www.greatschools.org/new-jersey/washington/2088-Warren-Hills-Reg-High-School/,4.0
Bunker Hill Middle School,"372 PITMAN DOWNER RD, Mantua Township, NJ, 08080",https://www.greatschools.org/new-jersey/washington-township/2099-Bunker-Hill-Middle-School/,4.0
Washington Twp High School,"519 HURFFVILLE CROSSKEYS RD, Mantua Township, NJ, 08080",https://www.greatschools.org/new-jersey/washington-township/2100-Washington-Twp-High-School/,4.0
Orchard Valley Middle School,"238 PITMAN DOWNER RD, Mantua Township, NJ, 08080",https://www.greatschools.org/new-jersey/washington-township/2109-Orchard-Valley-Middle-School/,4.0
Ryerson Elementary School,"30 McClelland Avenue, Wayne, NJ, 07470",https://www.greatschools.org/new-jersey/wayne/2133-Ryerson-Elementary-School/,4.0
Weehawken High School,"53 Liberty Place, Weehawken, NJ, 07086",https://www.greatschools.org/new-jersey/weehawken/2136-Weehawken-High-School/,4.0
Maple Road Elementary School,"36 Maple Road, West Milford, NJ, 07480",https://www.greatschools.org/new-jersey/west-milford/2161-Maple-Road-Elementary-School/,4.0
Public School Number One,"6129 Madison Street, West New York, NJ, 07093",https://www.greatschools.org/new-jersey/west-new-york/2169-Number-1-Elementary-School/,4.0
Harry L. Bain Elementary School,"6200 BROADWAY, West New York, NJ, 07093",https://www.greatschools.org/new-jersey/west-new-york/2174-Harry-L.-Bain-Elementary-School/,4.0
West Orange High School,"51 Conforti Avenue, West Orange, NJ, 07052",https://www.greatschools.org/new-jersey/west-orange/2176-West-Orange-High-School/,4.0
Roosevelt Middle School,"36 Gilbert Place, West Orange, NJ, 07052",https://www.greatschools.org/new-jersey/west-orange/2178-Roosevelt-Middle-School/,4.0
Holly Hills Elementary School,"500 Ogden Drive, Westampton, NJ, 08060",https://www.greatschools.org/new-jersey/westampton/2196-Holly-Hills-Elementary-School/,4.0
Westampton Middle School,"700 Rancocas Road, Westampton, NJ, 08060",https://www.greatschools.org/new-jersey/westampton/2197-Westampton-Middle-School/,4.0
Westwood Regional Middle School,"23 3rd Avenue, Westwood, NJ, 07675",https://www.greatschools.org/new-jersey/westwood/2210-Brookside-Elementary-School/,4.0
Weymouth Twp Elementary School,"1202 ELEVENTH AVENUE, Weymouth, NJ, 08317",https://www.greatschools.org/new-jersey/weymouth/2214-Weymouth-Twp-Elementary-School/,4.0
A C Mac Kinnon Middle School,"137 East Central Avenue, Wharton, NJ, 07885",https://www.greatschools.org/new-jersey/wharton/2215-A-C-Mac-Kinnon-Middle-School/,4.0
Marie V. Duffy Elementary School,"137 East Central Avenue, Wharton, NJ, 07885",https://www.greatschools.org/new-jersey/wharton/2216-Marie-V.-Duffy-Elementary-School/,4.0
Winslow Township School No. 3 Elementary School,"131 SICKLERVILLE ROAD, Winslow Township, NJ, 08081",https://www.greatschools.org/new-jersey/sicklerville/2238-Winslow-Township-School-No.-3-Elementary-School/,4.0
Colonia High School,"EAST STREET, Woodbridge Township, NJ, 07067",https://www.greatschools.org/new-jersey/colonia/2242-Colonia-High-School/,4.0
John F Kennedy Memorial High School,"200 Washington Avenue, Woodbridge Township, NJ, 08830",https://www.greatschools.org/new-jersey/woodbridge-township/2243-John-F-Kennedy-Mem-High-School/,4.0
Colonia Middle School,"DELAWARE AVENUE, Woodbridge Township, NJ, 07067",https://www.greatschools.org/new-jersey/colonia/2245-Colonia-Middle-School/,4.0
Indiana Avenue Elementary School,"INDIANA AVENUE, Woodbridge Township, NJ, 08830",https://www.greatschools.org/new-jersey/woodbridge-township/2254-Indiana-Avenue-Elementary-School/,4.0
Lafayette Estates Elementary School,"FORD AVENUE, Woodbridge Township, NJ, 08863",https://www.greatschools.org/new-jersey/fords/2256-Lafayette-Estates-Elementary-School/,4.0
Evergreen Avenue Elementary School,"160 North Evergreen Avenue, Woodbury, NJ, 08096",https://www.greatschools.org/new-jersey/woodbury/2267-Evergreen-Avenue-Elementary-School/,4.0
Walnut Street Elementary School,"60 Walnut Street, Woodbury, NJ, 08096",https://www.greatschools.org/new-jersey/woodbury/2268-Walnut-Street-Elementary-School/,4.0
H. Ashton Marsh Elementary School,"800 Irelan Avenue, Absecon, NJ, 08201",https://www.greatschools.org/new-jersey/absecon/27-H.-Ashton-Marsh-Elementary-School/,4.0
Camden County Techical Vocational School,"6008 Browning Road, Pennsauken Township, NJ, 08109",https://www.greatschools.org/new-jersey/pennsauken-township/270-Camden-County-Techical-Vocational-School/,4.0
Cape May Co Tech High School,"188 CREST HAVEN RD, Middle Township, NJ, 08210",https://www.greatschools.org/new-jersey/middle-township/273-Cape-May-Co-Tech-High-School/,4.0
Henry P Becton Regional High School,"120 Paterson Avenue, East Rutherford, NJ, 07073",https://www.greatschools.org/new-jersey/east-rutherford/280-Henry-P-Becton-Reg-High-School/,4.0
Columbus Elementary School,"1 Carteret Avenue, Carteret, NJ, 07008",https://www.greatschools.org/new-jersey/carteret/282-Columbus-Elementary-School/,4.0
Carteret Middle School,"300 Carteret Avenue, Carteret, NJ, 07008",https://www.greatschools.org/new-jersey/carteret/283-Carteret-Middle-School/,4.0
Pvt. Nicholas Minue Elementary School,"83 Post Boulevard, Carteret, NJ, 07008",https://www.greatschools.org/new-jersey/carteret/284-Pvt.-Nicholas-Minue-Elementary-School/,4.0
Central Regional Middle School,"509 FOREST HILLS PARKWAY, Berkeley Township, NJ, 08721",https://www.greatschools.org/new-jersey/berkeley-township/291-Central-Regional-Middle-School/,4.0
Cherry Hill High-West High School,"2101 Chapel Ave., Cherry Hill, NJ, 08034",https://www.greatschools.org/new-jersey/cherry-hill/294-Cherry-Hill-High-West-High-School/,4.0
John A Carusi Middle School,"315 Roosevelt Dr., Cherry Hill, NJ, 08034",https://www.greatschools.org/new-jersey/cherry-hill/296-John-A-Carusi-Middle-School/,4.0
Clara Barton Elementary School,"223 Rhode Island Ave., Cherry Hill, NJ, 08034",https://www.greatschools.org/new-jersey/cherry-hill/298-Clara-Barton-Elementary-School/,4.0
Clayton High School,"55 Pop Kramer Boulevard, Clayton, NJ, 08312",https://www.greatschools.org/new-jersey/clayton/323-Clayton-High-School/,4.0
Clayton Middle School,"55 Pop Kramer Boulevard, Clayton, NJ, 08312",https://www.greatschools.org/new-jersey/clayton/325-Clayton-Middle-School/,4.0
Englewood on the Palisades Charter School,"65 West Demarest Avenue, Englewood, NJ, 07631",https://www.greatschools.org/new-jersey/englewood/3329-Englewood-On-The-Palisades-Charter-School/,4.0
East Orange Community Charter School,"99 Washington Street, East Orange, NJ, 07017",https://www.greatschools.org/new-jersey/east-orange/3336-East-Orange-Community-Charter-School/,4.0
Christopher Columbus Middle School,"350 Piaget Avenue, Clifton, NJ, 07011",https://www.greatschools.org/new-jersey/clifton/335-Christopher-Columbus-Middle-School/,4.0
International Charter School Of Trenton,"105 Grand Street, Trenton, NJ, 08611",https://www.greatschools.org/new-jersey/trenton/3356-International-Cs-Of-Trenton/,4.0
Woodrow Wilson Middle School,"1400 Van Houten Avenue, Clifton, NJ, 07013",https://www.greatschools.org/new-jersey/clifton/336-Woodrow-Wilson-Middle-School/,4.0
Village Charter School,"101 SULLIVAN WAY, Trenton, NJ, 08638",https://www.greatschools.org/new-jersey/trenton/3361-Village-Charter-School/,4.0
Sussex County Technical School,"385 North Church Road, Sparta, NJ, 07871",https://www.greatschools.org/new-jersey/sparta-township/3369-Sussex-County-Technical-School/,4.0
Fountain Woods Elementary School,"601 Fountain Avenue, Burlington, NJ, 08016",https://www.greatschools.org/new-jersey/burlington/3372-Fountain-Woods-Elementary-School/,4.0
Howell Twp M S South,"220 Ramtown-Greenville Road, Howell Township, NJ, 07731",https://www.greatschools.org/new-jersey/howell-township/3381-Howell-Twp-M-S-South/,4.0
School #3,"365 Washington Avenue, Clifton, NJ, 07011",https://www.greatschools.org/new-jersey/clifton/339-Number-3-Elementary-School/,4.0
New Egypt High School,"117 EVERGREEN ROAD, Plumsted, NJ, 08533",https://www.greatschools.org/new-jersey/plumsted-township/3390-New-Egypt-High-School/,4.0
School #5,"136 Valley Road, Clifton, NJ, 07013",https://www.greatschools.org/new-jersey/clifton/341-Number-5-Elementary-School/,4.0
Galloway Twp Middle School,"100 South Reeds Road, Galloway, NJ, 08205",https://www.greatschools.org/new-jersey/galloway/3411-Galloway-Twp-Middle-School/,4.0
School #13,"782 Van Houten Avenue, Clifton, NJ, 07013",https://www.greatschools.org/new-jersey/clifton/346-Number-13-Elementary-School/,4.0
Pine Hill Middle School,"1100 Turnersville Road, Pine Hill, NJ, 08021",https://www.greatschools.org/new-jersey/pine-hill/3463-Pine-Hill-Middle-School/,4.0
Robert L Horbelt Elementary School,"104 BURR STREET, Barnegat Township, NJ, 08005",https://www.greatschools.org/new-jersey/barnegat-township/3468-Robert-L--Horbelt-Elementary-School/,4.0
School #15,"700 Gregory Avenue, Clifton, NJ, 07011",https://www.greatschools.org/new-jersey/clifton/348-Number-15-Elementary-School/,4.0
Thomas Sharp Elementary School,"400 COMLY AVE, Haddon Township, NJ, 08107",https://www.greatschools.org/new-jersey/collingswood/360-Thomas-Sharp-Elementary-School/,4.0
Delran Intermediate School,"20 Creek Road, Delran, NJ, 08075",https://www.greatschools.org/new-jersey/delran/386-Delran-Intermediate-School/,4.0
Delran High School,"50 Hartford Road, Delran, NJ, 08075",https://www.greatschools.org/new-jersey/delran/387-Delran-High-School/,4.0
Good Intent Elementary School,"1555 Good Intent Road, Deptford, NJ, 08096",https://www.greatschools.org/new-jersey/deptford-township/400-Good-Intent-Elementary-School/,4.0
Oak Valley Elementary School,"525 College Boulevard, Wenonah, NJ, 08090",https://www.greatschools.org/new-jersey/wenonah/403-Oak-Valley-Elementary-School/,4.0
Shady Lane Elementary School,"130 Peach Street, Westville, NJ, 08093",https://www.greatschools.org/new-jersey/westville/405-Shady-Lane-Elementary-School/,4.0
Dover Middle School,"302 East McFarlan Street, Dover, NJ, 07801",https://www.greatschools.org/new-jersey/dover/406-Dover-Middle-School/,4.0
Academy Street Elementary School,"14 Academy Street, Dover, NJ, 07801",https://www.greatschools.org/new-jersey/dover/408-Academy-Street-Elementary-School/,4.0
North Dover Elementary School,"51 Highland Avenue, Dover, NJ, 07801",https://www.greatschools.org/new-jersey/dover/410-North-Dover-Elementary-School/,4.0
Paterson Charter School for Science & Technology,"196 West Railway Avenue, Paterson, NJ, 07503",https://www.greatschools.org/new-jersey/paterson/4106-Paterson-Charter-School-For-Science--Technology/,4.0
Seneca High School,"110 Carranza Road, Tabernacle, NJ, 08088",https://www.greatschools.org/new-jersey/tabernacle/4138-Seneca-High-School/,4.0
Dennis Twp Elementary Mid School,"165 ACADEMY ROAD, Dennis, NJ, 08214",https://www.greatschools.org/new-jersey/woodbine/4224-Dennis-Twp-Elementary--Mid-School/,4.0
Rosa Parks Elementary School,"369 MAIN STREET, City of Orange, NJ, 07050",https://www.greatschools.org/new-jersey/city-of-orange/4228-Rosa-Parks-Elementary-School/,4.0
West New York Middle School,"201 57th Street, West New York, NJ, 07093",https://www.greatschools.org/new-jersey/west-new-york/4247-West-New-York-Middle-School/,4.0
Memorial Elementary School,"485 ADELPHIA ROAD, Freehold Township, NJ, 07728",https://www.greatschools.org/new-jersey/freehold/4272-Howell-Twp-Memorial-Middle-School/,4.0
Berkeley Township Elementary School,"10 EMORY AVENUE, Berkeley Township, NJ, 08721",https://www.greatschools.org/new-jersey/berkeley-township/4284-Berkeley-Township-Elementary-School/,4.0
Toms River Intermediate South,"1675 Pinewald Road, Beachwood, NJ, 08722",https://www.greatschools.org/new-jersey/beachwood/4291-Toms-River-Intermediate-S/,4.0
Irwin Elementary School,"71 Racetrack Road, East Brunswick, NJ, 08816",https://www.greatschools.org/new-jersey/east-brunswick/433-Irwin-School/,4.0
Sovereign Ave School,"111 North Sovereign Avenue, Atlantic City, NJ, 08401",https://www.greatschools.org/new-jersey/atlantic-city/45-Sovereign-Ave-School/,4.0
Bordentown Reg Middle School,"50 Dunns Mill Road, Bordentown, NJ, 08505",https://www.greatschools.org/new-jersey/bordentown/4513-Bordentown-Reg-Middle-School/,4.0
Patrick F Healy Middle School,"116 Hamilton Street, East Orange, NJ, 07017",https://www.greatschools.org/new-jersey/east-orange/455-Patrick-F--Healy-Middle-School/,4.0
Burlington Township Middle School at Springside,"1600 BURLINGTON BY PASS, Burlington, NJ, 08016",https://www.greatschools.org/new-jersey/burlington/4552-Btms--At--Springside/,4.0
Alder Ave Middle School,"25 Alder Avenue, Egg Harbor Township, NJ, 08234",https://www.greatschools.org/new-jersey/egg-harbor-township/4554-Alder-Ave-Middle-School/,4.0
Fernwood Middle School,"4034 Fernwood Avenue, Egg Harbor Township, NJ, 08234",https://www.greatschools.org/new-jersey/egg-harbor-township/4555-Fernwood-Middle-School/,4.0
Chessie Dentley Roberts Academy School No. 30,"730 PENNSYLVANIA AVE, Elizabeth, NJ, 07208",https://www.greatschools.org/new-jersey/elizabeth/4556-No-30-Ronald-Reagan/,4.0
North Hanover Township Upper Elementary School,"351 MONMOUTH ROAD, Wrightstown, NJ, 08652",https://www.greatschools.org/new-jersey/wrightstown/4563-North-Hanover-Township-Upper-Elementary-School/,4.0
Eastampton Community School,"1 STUDENT DRIVE, Eastampton Township, NJ, 08060",https://www.greatschools.org/new-jersey/mount-holly/467-Eastampton-Community-School/,4.0
Woodmere Elementary School,"65 Raleigh Court, Eatontown, NJ, 07724",https://www.greatschools.org/new-jersey/eatontown/473-Woodmere-Elementary-School/,4.0
Edison High School,"50 Boulevard of the Eagles, Edison, NJ, 08817",https://www.greatschools.org/new-jersey/edison/477-Edison-High-School/,4.0
"Number 15, Christopher Columbus Elementary School","511 3rd Avenue, Elizabeth, NJ, 07202",https://www.greatschools.org/new-jersey/elizabeth/519-Number-15-Christopher-Columbus-Elementary-School/,4.0
No 3 Lacorte Peterstown,"700 2nd Avenue, Elizabeth, NJ, 07202",https://www.greatschools.org/new-jersey/elizabeth/528-No-3-Lacorte-Peterstown/,4.0
Gilbert Avenue Elementary School,"151 Gilbert Avenue, Elmwood Park, NJ, 07407",https://www.greatschools.org/new-jersey/elmwood-park/534-Gilbert-Avenue-Elementary-School/,4.0
Elsinboro Township School,"631 Salem Fort Elfsborg Road, Salem, NJ, 08079",https://www.greatschools.org/new-jersey/salem/536-Elsinboro-Elementary-School/,4.0
Dwight Morrow High,"274 Knickerbocker Road, Englewood, NJ, 07631",https://www.greatschools.org/new-jersey/englewood/540-Dwight-Morrow-High/,4.0
Dr Mccloud Elementary School,"325 Tenafly Road, Englewood, NJ, 07631",https://www.greatschools.org/new-jersey/englewood/541-Dr-Mccloud-Elementary-School/,4.0
J E Dismus Middle School,"325 Tryon Avenue, Englewood, NJ, 07631",https://www.greatschools.org/new-jersey/englewood/543-J-E--Dismus-Middle-School/,4.0
Essex County Vocational School,"620 Passaic Avenue, West Caldwell, NJ, 07006",https://www.greatschools.org/new-jersey/west-caldwell/550-Essex-County-Vocational-School/,4.0
Frances Demasi Elementary School,"199 EVESBORO MEDFORD RD, Evesham, NJ, 08053",https://www.greatschools.org/new-jersey/evesham-township/553-Frances-Demasi-Elementary-School/,4.0
J. Harold Vanzant Elementary School,"270 CONESTOGA DRIVE, Evesham, NJ, 08053",https://www.greatschools.org/new-jersey/evesham-township/558-J.-Harold-Vanzant-Elementary-School/,4.0
Gilmore J Fisher Middle School,"1325 LOWER FERRY ROAD, Ewing Township, NJ, 08618",https://www.greatschools.org/new-jersey/ewing-township/563-Gilmore-J-Fisher-Middle-School/,4.0
Francis Lore Elementary School,"13 WESTWOOD DRIVE, Ewing Township, NJ, 08628",https://www.greatschools.org/new-jersey/ewing-township/564-Francis-Lore-Elementary-School/,4.0
Audubon High School,"350 Edgewood Avenue, Audubon, NJ, 08106",https://www.greatschools.org/new-jersey/audubon/57-Audubon-High-School/,4.0
Lincoln Elementary School,"140 Anderson Avenue, Fairview, NJ, 07022",https://www.greatschools.org/new-jersey/fairview/582-Lincoln-Elementary-School/,4.0
"Number 5, Roebling Elementary School","1330 HORNBERGER AVE, Florence, NJ, 08554",https://www.greatschools.org/new-jersey/florence-township/592-Number-5-Roebling-Elementary-School/,4.0
Conerly Road Elementary School,"35 Conerly Road, Franklin Township, NJ, 08873",https://www.greatschools.org/new-jersey/franklin-township/614-Conerly-Road-Elementary-School/,4.0
Avon Elementary School,"862 Mercer Drive, Haddonfield, NJ, 08033",https://www.greatschools.org/new-jersey/haddonfield/62-Avon-Elementary-School/,4.0
Park Avenue Elementary School,"280 Park Avenue, Freehold, NJ, 07728",https://www.greatschools.org/new-jersey/freehold/625-Park-Avenue-Elementary-School/,4.0
Edith Ort Thomas Elementary School,"902 Harrison Street, Frenchtown, NJ, 08825",https://www.greatschools.org/new-jersey/frenchtown/640-Edith-Ort-Thomas-Elementary-School/,4.0
Reeds Road Elementary School,"103 South Reeds Road, Galloway, NJ, 08205",https://www.greatschools.org/new-jersey/galloway/645-Reeds-Road-Elementary-School/,4.0
Roland Rogers Elementary School,"105 South Reeds Road, Galloway, NJ, 08205",https://www.greatschools.org/new-jersey/galloway/646-Roland-Rogers-Elementary-School/,4.0
Gibbsboro Elementary School,"37 Kirkwood Road, Gibbsboro, NJ, 08026",https://www.greatschools.org/new-jersey/gibbsboro/658-Gibbsboro-Elementary-School/,4.0
Dorothy L Bullock School,"370 New Street East, Glassboro, NJ, 08028",https://www.greatschools.org/new-jersey/glassboro/659-Dorothy-L-Bullock-School/,4.0
Chews Elementary School,"600 CHEWSLANDING SOMERDALE RD, Gloucester Township, NJ, 08012",https://www.greatschools.org/new-jersey/gloucester-township/679-Chews-Elementary-School/,4.0
Walter F. Robinson No.3 Elementary School,"95 West 31st Street, Bayonne, NJ, 07002",https://www.greatschools.org/new-jersey/bayonne/69-Walter-F.-Robinson-No.3-Elementary-School/,4.0
Greenwich Township Elementary School,"255 WEST BROAD ST, Greenwich Township, NJ, 08027",https://www.greatschools.org/new-jersey/greenwich-township/694-Greenwich-Township-Elementary-School/,4.0
Nehaunsey Middle School,"415 SWEDESBORO ROAD, Greenwich Township, NJ, 08027",https://www.greatschools.org/new-jersey/greenwich-township/695-Nehaunsey-Middle-School/,4.0
Anna L. Klein Elementary School,"301 69th Street, Guttenberg, NJ, 07093",https://www.greatschools.org/new-jersey/guttenberg/697-Anna-L.-Klein-Elementary-School/,4.0
Jackson Avenue Elementary School,"421 Jackson Avenue, Hackensack, NJ, 07601",https://www.greatschools.org/new-jersey/hackensack/702-Jackson-Avenue-Elementary-School/,4.0
Newark Educators Charter School,"12 Fulton Street, Newark, NJ, 07102",https://www.greatschools.org/new-jersey/newark/7023-Newark-Educators-Charter-School/,4.0
Community Charter School Of Paterson,"75 Spruce Street, Paterson, NJ, 07501",https://www.greatschools.org/new-jersey/paterson/7052-Community-Charter-School-Of-Paterson/,4.0
Vineland Public Charter School,"1480 Pennsylvania Avenue, Vineland, NJ, 08361",https://www.greatschools.org/new-jersey/vineland/7054-Vineland-Public-Charter-School/,4.0
Cedar Creek High School,"1701 New York Avenue, Egg Harbor City, NJ, 08215",https://www.greatschools.org/new-jersey/egg-harbor-city/7086-Cedar-Creek-High-School/,4.0
Henry E. Harris No. 1 Elementary School,"135 Avenue C, Bayonne, NJ, 07002",https://www.greatschools.org/new-jersey/bayonne/71-Henry-E.-Harris-No.-1-Elementary-School/,4.0
Academy of Technology Design,"525 Montgomery Street, Jersey City, NJ, 07302",https://www.greatschools.org/new-jersey/jersey-city/7111-Academy-Of-Technology-Design/,4.0
Great Oaks Charter School,"909 Broad Street, Newark, NJ, 07102",https://www.greatschools.org/new-jersey/newark/7115-Great-Oaks-Charter-School/,4.0
Luis Munoz Marin Ele,"663 Broadway, Newark, NJ, 07104",https://www.greatschools.org/new-jersey/newark/7129-Luis-Munoz-Marin-Ele/,4.0
Bard Early College High School,"321 Bergen Street, Newark, NJ, 07103",https://www.greatschools.org/new-jersey/newark/7143-Bard-Early-College-High-School/,4.0
Dual Language School,"630 Amboy Avenue, Woodbridge Township, NJ, 08863",https://www.greatschools.org/new-jersey/fords/7144-Dual-Language-School/,4.0
Hackensack Middle School,"360 Union Street, Hackensack, NJ, 07601",https://www.greatschools.org/new-jersey/hackensack/7151-Middle-School/,4.0
Passaic Arts And Science Charter School,"7 St. Francis Way, Passaic, NJ, 07410",https://www.greatschools.org/new-jersey/passaic/7154-Passaic-Arts-And-Science-Charter-School/,4.0
Hainesport Elementary School,"211 BROAD STREET, Hainesport, NJ, 08036",https://www.greatschools.org/new-jersey/mount-holly/723-Hainesport-Elementary-School/,4.0
Haledon Public School,"91 Henry Street, Haledon, NJ, 07508",https://www.greatschools.org/new-jersey/haledon/724-Haledon-Public-School/,4.0
William Davies Middle School,"1876 DR DENNIS FOREMAN DRIVE, Hamilton, NJ, 08330",https://www.greatschools.org/new-jersey/hamilton-township/728-William-Davies-Middle-School/,4.0
Hamilton East-Steinert High School,"2900 KLOCKNER ROAD, Hamilton Township, NJ, 08690",https://www.greatschools.org/new-jersey/hamilton-township/729-Hamilton-East-Steinert-High-School/,4.0
Albert E Grice Middle School,"901 WHITEHORSE HAMILTON SQ, Hamilton Township, NJ, 08610",https://www.greatschools.org/new-jersey/hamilton-township/731-Albert-E-Grice-Middle-School/,4.0
Emily C Reynolds Middle School,"2145 YARDVILLE HAMILTON SQ, Hamilton Township, NJ, 08690",https://www.greatschools.org/new-jersey/trenton/732-Emily-C-Reynolds-Middle-School/,4.0
Mercerville Elementary School,"60 REGINA AVENUE, Hamilton Township, NJ, 08619",https://www.greatschools.org/new-jersey/hamilton-township/742-Mercerville-Elementary-School/,4.0
Logan Middle School,"110 School Lane, Logan Township, NJ, 08085",https://www.greatschools.org/new-jersey/logan-township/7433-Logan-Middle-School/,4.0
Richard C Crockett Middle School,"2631 KUSER ROAD, Hamilton Township, NJ, 08691",https://www.greatschools.org/new-jersey/hamilton-township/751-Richard-C-Crockett-Middle-School/,4.0
Hammonton High School,"566 Old Forks Road, Hammonton, NJ, 08037",https://www.greatschools.org/new-jersey/hammonton/752-Hammonton-High-School/,4.0
Warren E Sooy Jr Elementary School,"601 North 4th Street, Hammonton, NJ, 08037",https://www.greatschools.org/new-jersey/hammonton/753-Warren-E-Sooy-Jr-Elementary-School/,4.0
Hampton Elementary School,"32 41 SOUTH STREET, Hampton, NJ, 08827",https://www.greatschools.org/new-jersey/hampton/755-Hampton-Elementary-School/,4.0
Lincoln Middle School,"230 Hawthorne Avenue, Hawthorne, NJ, 07506",https://www.greatschools.org/new-jersey/hawthorne/776-Lincoln-Middle-School/,4.0
Washington Elementary School,"176 Mohawk Avenue, Hawthorne, NJ, 07506",https://www.greatschools.org/new-jersey/hawthorne/779-Washington-Elementary-School/,4.0
Henry Hudson Reg School,"1 Grand Tour, Highlands, NJ, 07732",https://www.greatschools.org/new-jersey/highlands/780-Henry-Hudson-Reg-School/,4.0
High Bridge Elementary School,"40 Fairview Avenue, High Bridge, NJ, 08829",https://www.greatschools.org/new-jersey/high-bridge/782-High-Bridge-Elementary-School/,4.0
Bartle School,"435 Mansfield Street, Highland Park, NJ, 08904",https://www.greatschools.org/new-jersey/highland-park/786-Bartle-School/,4.0
Highlands School,"360 Navesink Avenue, Highlands, NJ, 07732",https://www.greatschools.org/new-jersey/highlands/787-Highlands-School/,4.0
Ola Edwards Community School,"1530 Leslie Street, Hillside, NJ, 07205",https://www.greatschools.org/new-jersey/hillside/804-George-Washington-Elementary-School/,4.0
Hoboken High School,"NINTH & CLINTON STS, Hoboken, NJ, 07030",https://www.greatschools.org/new-jersey/hoboken/807-Hoboken-High-School/,4.0
Hopewell Crest Elementary School,"122 Sewall Road, Bridgeton, NJ, 08302",https://www.greatschools.org/new-jersey/bridgeton/823-Hopewell-Crest-Elementary-School/,4.0
Aldrich Elementary School,"615 ALDRICH ROAD, Howell Township, NJ, 07731",https://www.greatschools.org/new-jersey/howell-township/830-Aldrich-Elementary-School/,4.0
Newbury Elementary School,"179 NEWBURY ROAD, Howell Township, NJ, 07731",https://www.greatschools.org/new-jersey/howell-township/834-Newbury-Elementary-School/,4.0
Ramtown Elementary School,"216 RAMTOWN -GREENVILLE ROAD, Howell Township, NJ, 07731",https://www.greatschools.org/new-jersey/howell-township/835-Ramtown-Elementary-School/,4.0
Thurgood G. Marshall Elementary School,"141 181 MONTGOMERY AVENUE, Irvington, NJ, 07111",https://www.greatschools.org/new-jersey/irvington/843-Thurgood-G.-Marshall-Elementary-School/,4.0
Christa Mcauliffe Mid School,"35 South Hope Chapel Road, Jackson Township, NJ, 08527",https://www.greatschools.org/new-jersey/jackson-township/855-Christa-Mcauliffe-Mid-School/,4.0
Sylvia Rosenauer Elementary School,"60 Citadel Drive, Jackson Township, NJ, 08527",https://www.greatschools.org/new-jersey/jackson-township/857-Sylvia-Rosenauer-Elementary-School/,4.0
Howard C Johnson Elementary School,"1021 Larsen Road, Jackson Township, NJ, 08527",https://www.greatschools.org/new-jersey/jackson-township/858-Howard-C-Johnson-Elementary-School/,4.0
Carl W Goetz Middle School,"835 Patterson Road, Jackson Township, NJ, 08527",https://www.greatschools.org/new-jersey/jackson-township/861-Carl-W-Goetz-Middle-School/,4.0
Grace M. Breckwedel Middle School,"13 Augusta Street, Jamesburg, NJ, 08831",https://www.greatschools.org/new-jersey/jamesburg/862-Grace-M.-Breckwedel-Middle-School/,4.0
John F. Kennedy Elementary School,"28 Front Street, Jamesburg, NJ, 08831",https://www.greatschools.org/new-jersey/jamesburg/863-John-F.-Kennedy-Elementary-School/,4.0
Jefferson Twp High School,"1010 WELDON RD RD2, Jefferson, NJ, 07438",https://www.greatschools.org/new-jersey/jefferson/864-Jefferson-Twp-High-School/,4.0
Arthur Stanlick Elementary School,"121 B SHAWNEE TRAIL, Jefferson, NJ, 07885",https://www.greatschools.org/new-jersey/wharton/865-Arthur-Stanlick-Elementary-School/,4.0
Jefferson Twp Middle School,"1000 WELDON ROAD, Jefferson, NJ, 07438",https://www.greatschools.org/new-jersey/jefferson/869-Jefferson-Twp-Middle-School/,4.0
Innovation High School,"239 Bergen Avenue, Jersey City, NJ, 07305",https://www.greatschools.org/new-jersey/jersey-city/8720-Innovation-High-School/,4.0
Paterson Arts And Science Charter School,"225 Grand Street, Paterson, NJ, 07501",https://www.greatschools.org/new-jersey/paterson/8734-Paterson-Arts-And-Science-Charter-School/,4.0
Jerome Dunn Academy No 9,"125 3rd Street, Elizabeth, NJ, 07206",https://www.greatschools.org/new-jersey/elizabeth/8781-Jerome-Dunn-Academy-No-9/,4.0
South Hunterdon High School,"301 Mount Airy-Harbourton Road, Lambertville, NJ, 08530",https://www.greatschools.org/new-jersey/lambertville/8784-South-Hunterdon-High-School/,4.0
Kipp: Cooper Norcross A New Jersey Nonprofit Corporation,"525 Clinton Street, Camden, NJ, 08103",https://www.greatschools.org/new-jersey/camden/8831-Kipp-Cooper-Norcross-A-New-Jersey-Nonprofit-Corporation/,4.0
Camden Prep Inc.,"1575 Mount Ephraim Avenue, Camden, NJ, 08104",https://www.greatschools.org/new-jersey/camden/8832-Camden-Prep-Inc./,4.0
"Martin Luther King, Jr No. 11 Elementary School","886 Bergen Avenue, Jersey City, NJ, 07306",https://www.greatschools.org/new-jersey/jersey-city/884-Martin-Luther-King-Jr-No.-11-Elementary-School/,4.0
North Plainfield Middle School,"34 Wilson Avenue, North Plainfield, NJ, 07060",https://www.greatschools.org/new-jersey/north-plainfield/8840-North-Plainfield-Middle-School/,4.0
Community Middle School,"120 East 2nd Street, Bound Brook, NJ, 08805",https://www.greatschools.org/new-jersey/bound-brook/8843-Community-Middle-School/,4.0
Principle Academy Charter School,"6718 Black Horse Pike, Egg Harbor Township, NJ, 08234",https://www.greatschools.org/new-jersey/pleasantville/8853-International-Academy-Of-Atlantic-City-Charter-School/,4.0
Dr Hani Awadallah School,"515 Marshall Street, Paterson, NJ, 07503",https://www.greatschools.org/new-jersey/paterson/8859-Dr-Hani-Awadallah-School/,4.0
Hudson Arts and Sciences Charter,"131 Midland Avenue, Kearny, NJ, 07032",https://www.greatschools.org/new-jersey/kearny/8860-Hudson-Arts-And-Sciences-Charter/,4.0
Cresthaven Academy Charter School,"530 West 7th Street, Plainfield, NJ, 07060",https://www.greatschools.org/new-jersey/plainfield/8878-Cresthaven-Academy-Charter-School/,4.0
Number 20 Elementary School,"239 Ocean Avenue, Jersey City, NJ, 07305",https://www.greatschools.org/new-jersey/jersey-city/888-Number-20-Elementary-School/,4.0
Mercer County Technical School Culinary Arts Academy,"129 Bull Run Road, Pennington, NJ, 08534",https://www.greatschools.org/new-jersey/pennington/8891-Mercer-County-Technical-School-Culinary-Arts-Academy/,4.0
College Achieve Greater Asbury Park Charter School,"3455 West Bangs Avenue, Neptune City, NJ, 07753",https://www.greatschools.org/new-jersey/asbury-park/8895-College-Achieve-Greater-Asbury-Park-Charter-School/,4.0
Achievers Early College Prep Charter School,"544 Chestnut Avenue, Trenton, NJ, 08611",https://www.greatschools.org/new-jersey/trenton/8903-Achievers-Early-College-Prep-Charter-School/,4.0
Claremont Elementary School,"175 Claremont Road, Franklin Township, NJ, 08823",https://www.greatschools.org/new-jersey/franklin-park/8906-Claremont-Elementary-School/,4.0
Achieve Community Charter School,"534 Clinton Avenue, Newark, NJ, 07108",https://www.greatschools.org/new-jersey/newark/8907-Achieve-Community-Charter-School/,4.0
Gladys Nunery School,"123 Claremont Avenue, Jersey City, NJ, 07305",https://www.greatschools.org/new-jersey/jersey-city/895-Number-29-Elementary-School/,4.0
James F. Murray No. 38 Elementary School,"339 Stegman Parkway, Jersey City, NJ, 07305",https://www.greatschools.org/new-jersey/jersey-city/906-James-F.-Murray-School/,4.0
Joseph H. Brensinger No. 17 Elementary School,"600 Bergen Avenue, Jersey City, NJ, 07304",https://www.greatschools.org/new-jersey/jersey-city/907-Joseph-H.-Brensinger-No.-17-Elementary-School/,4.0
Ethel M. Burke Elementary School,"112 South Black Horse Pike, Bellmawr, NJ, 08031",https://www.greatschools.org/new-jersey/bellmawr/91-Ethel-M.-Burke-Elementary-School/,4.0
Franklin Elementary School,"100 Davis Avenue, Kearny, NJ, 07032",https://www.greatschools.org/new-jersey/kearny/915-Franklin-Elementary-School/,4.0
North Brunswick Twp. Middle School,"100 Renaissance Blvd, North Brunswick Township, NJ, 08902",https://www.greatschools.org/new-jersey/north-brunswick-township/9206-North-Brunswick-Twp.-Middle-School/,4.0
David Brearley High School,"401 Monroe Avenue, Kenilworth, NJ, 07033",https://www.greatschools.org/new-jersey/kenilworth/921-David-Brearley-High-School/,4.0
Endeavour Elementary School,"1 School Road, McGuire Air Force Base, NJ, 08641",https://www.greatschools.org/new-jersey/mcguire-air-force-base/9211-Endeavour-Elementary-School/,4.0
Woodland Intermediate School,"Fisher Avenue, Middlesex, NJ, 08846",https://www.greatschools.org/new-jersey/middlesex/9215-Woodland-Intermediate-School/,4.0
Creativity Colaboratory Charter School,"457 Shirley Road, Elmer, NJ, 08318",https://www.greatschools.org/new-jersey/elmer/9216-Creativity-Colaboratory-Charter-School/,4.0
Bogota Middle School,"131 East Fort Lee Road, Bogota, NJ, 07603",https://www.greatschools.org/new-jersey/bogota/9217-Bogota-Middle-School/,4.0
Central School,"335 Broad Street, Keyport, NJ, 07735",https://www.greatschools.org/new-jersey/keyport/924-Central-School/,4.0
Ellen Ochoa School Number 22,"95 Dayton Avenue, Passaic, NJ, 07055",https://www.greatschools.org/new-jersey/passaic/9241-Ellen-Ochoa-School-Number-22/,4.0
Hillside Innovation Academy,"195 Virginia St-1100 Woodruff Ave, Hillside, NJ, 07205",https://www.greatschools.org/new-jersey/hillside/9246-Hillside-Innovation-Academy/,4.0
Belvidere High School,"809 Oxford Street, Belvidere, NJ, 07823",https://www.greatschools.org/new-jersey/belvidere/93-Belvidere-High-School/,4.0
Kittatinny Reg High School,"77 Halsey Road, Newton, NJ, 07860",https://www.greatschools.org/new-jersey/newton/932-Kittatinny-Reg-High-School/,4.0
Knowlton Twp Elementary School,"80 Route 46, Delaware Township, NJ, 07833",https://www.greatschools.org/new-jersey/columbia/933-Knowlton-Twp-Elementary-School/,4.0
Forked River Elementary School,"110 LACEY ROAD, Lacey Township, NJ, 08731",https://www.greatschools.org/new-jersey/lacey-township/935-Forked-River-Elementary-School/,4.0
Lanoka Harbor Elementary School,"281 MANCHESTER AVE, Lacey Township, NJ, 08734",https://www.greatschools.org/new-jersey/lacey-township/936-Lanoka-Harbor-Elementary-School/,4.0
Lacey Twp High School,"73 HAINES STREET, Lacey Township, NJ, 08734",https://www.greatschools.org/new-jersey/lacey-township/938-Lacey-Twp-High-School/,4.0
Lakewood Middle School,"755 Somerset Avenue, Lakewood, NJ, 08701",https://www.greatschools.org/new-jersey/lakewood-township/946-Lakewood-Middle-School/,4.0
Myron L. Powell Elementary School,"225 MAIN STREET, Lawrence, NJ, 08311",https://www.greatschools.org/new-jersey/lawrence-township/953-Myron-L.-Powell-Elementary-School/,4.0
Lawrence Intermediate School,"66 EGGERTS CROSSING ROAD, Lawrence Township, NJ, 08648",https://www.greatschools.org/new-jersey/lawrenceville/957-Lawrence-Intermediate-School/,4.0
"Number 1, Elementary School","728 North Wood Avenue, Linden, NJ, 07036",https://www.greatschools.org/new-jersey/linden/976-Number-1-Elementary-School/,4.0
"Number 2, Elementary School","1700 South Wood Avenue, Linden, NJ, 07036",https://www.greatschools.org/new-jersey/linden/977-Number-2-Elementary-School/,4.0
"Number 6, Elementary School","19 East Morris Avenue, Linden, NJ, 07036",https://www.greatschools.org/new-jersey/linden/980-Number-6-Elementary-School/,4.0
Frog Pond Elementary School,"305 FROG POND ROAD, Little Egg Harbor Township, NJ, 08087",https://www.greatschools.org/new-jersey/little-egg-harbor-township/990-Frog-Pond-Elementary-School/,4.0
Washington Elementary School,"130 Liberty Street, Little Ferry, NJ, 07643",https://www.greatschools.org/new-jersey/little-ferry/994-Washington-Elementary-School/,4.0
Roosevelt Elementary School,"733 Kearny Avenue, Kearny, NJ, 07032",https://www.greatschools.org/new-jersey/kearny/918-Roosevelt-Elementary-School/,4.0
Long Branch Middle School,"350 Indiana Avenue, Long Branch, NJ, 07740",https://www.greatschools.org/new-jersey/long-branch/1017-Long-Branch-Middle-School/,3.0
Richard M Teitelman School,"687 U.S. 9, Cape May, NJ, 08204",https://www.greatschools.org/new-jersey/cape-may/1032-Richard-M-Teitelman-School/,3.0
Pennsville Memorial High School,"110 S BROADWAY, Pennsville Township, NJ, 08070",https://www.greatschools.org/new-jersey/pennsville/1033-Pennsville-Memorial-High-School/,3.0
Sandman Consolidated Elementary School,"838 Seashore Road, Cape May, NJ, 08204",https://www.greatschools.org/new-jersey/cape-may/1038-Sandman-Consolidated-Elementary-School/,3.0
Bobbys Run School,"32 Dimsdale Drive, Lumberton, NJ, 08048",https://www.greatschools.org/new-jersey/lumberton/1042-Bobbys-Run-School/,3.0
Manchester High School,"101 HAWKS WAY, Manchester Township, NJ, 08759",https://www.greatschools.org/new-jersey/manchester-township/1089-Manchester-High-School/,3.0
Maple Shade High School,"180 Frederick Avenue, Maple Shade, NJ, 08052",https://www.greatschools.org/new-jersey/maple-shade-township/1105-Maple-Shade-High-School/,3.0
Middle Twp High School,"300 EAST ATLANTIC AVENUE, Middle Township, NJ, 08210",https://www.greatschools.org/new-jersey/middle-township/1147-Middle-Twp-High-School/,3.0
Middle Township #4 Middle School,"300 E PACIFIC AVE, Middle Township, NJ, 08210",https://www.greatschools.org/new-jersey/middle-township/1149-Middle-Township-4-Middle-School/,3.0
Hazelwood Elementary School,"800 Hazelwood Avenue, Middlesex, NJ, 08846",https://www.greatschools.org/new-jersey/middlesex/1151-Hazelwood-Elementary-School/,3.0
Parker Elementary School,"South Lincoln Avenue, Middlesex, NJ, 08846",https://www.greatschools.org/new-jersey/middlesex/1152-Parker-Elementary-School/,3.0
Leonardo Elementary School,"14 HOSFORD AVENUE, Middletown Township, NJ, 07737",https://www.greatschools.org/new-jersey/middletown/1169-Leonardo-Elementary-School/,3.0
Milford Elementary School,"7 Hillside Avenue, Milford, NJ, 08848",https://www.greatschools.org/new-jersey/milford/1179-Milford-Elementary-School/,3.0
Williamstown Middle School,"561 CLAYTON RD, Monroe, NJ, 08094",https://www.greatschools.org/new-jersey/monroe-township/1203-Williamstown-Middle-School/,3.0
Holly Glen Elementary School,"900 NORTH MAIN STREET, Monroe, NJ, 08094",https://www.greatschools.org/new-jersey/monroe-township/1205-Holly-Glen-Elementary-School/,3.0
F.W. Holbein Middle School,"333 Levis Drive, Mount Holly, NJ, 08060",https://www.greatschools.org/new-jersey/mount-holly/1264-F.W.-Holbein-Middle-School/,3.0
Mullica Twp Middle School,"500 ELWOOD ROAD, Mullica, NJ, 08217",https://www.greatschools.org/new-jersey/hammonton/1283-Mullica-Twp-Middle-School/,3.0
National Park Elementary School,"516 Lakehurst Avenue, National Park, NJ, 08063",https://www.greatschools.org/new-jersey/national-park/1285-National-Park-Elementary-School/,3.0
Woodrow Wilson Elementary School,"210 West Sylvania Avenue, Neptune City, NJ, 07753",https://www.greatschools.org/new-jersey/neptune-city/1286-Woodrow-Wilson-Elementary-School/,3.0
Neptune Middle School,"2300 HECK AVENUE, Neptune Township, NJ, 07753",https://www.greatschools.org/new-jersey/neptune-city/1288-Neptune-Middle-School/,3.0
Midtown Community Elementary School,"1155 Corlies Ave, Neptune Township, NJ, 07753",https://www.greatschools.org/new-jersey/neptune-city/1291-Midtown-Community-Elementary-School/,3.0
Shark River Hills Elementary School,"312 BRIGHTON AVENUE, Neptune Township, NJ, 07753",https://www.greatschools.org/new-jersey/neptune-city/1292-Shark-River-Hills-Elementary-School/,3.0
Woodrow Wilson Elementary School,"133 Tunison Road, New Brunswick, NJ, 08901",https://www.greatschools.org/new-jersey/new-brunswick/1303-Woodrow-Wilson-Elementary-School/,3.0
Paul Robeson Community Elementary School,"199 Paul Robeson Boulevard, New Brunswick, NJ, 08901",https://www.greatschools.org/new-jersey/new-brunswick/1304-Paul-Robeson-Community-Elementary-School/,3.0
New Hanover Township Elementary School,"122 Fort Dix Street, Wrightstown, NJ, 08562",https://www.greatschools.org/new-jersey/wrightstown/1305-New-Hanover-Township-Elementary-School/,3.0
Rafael Hernandez Elementary School,"345 Broadway, Newark, NJ, 07104",https://www.greatschools.org/new-jersey/newark/1314-Rafael-Hernandez-Elementary-School/,3.0
Arts High School,"550 M L KING BLVD, Newark, NJ, 07102",https://www.greatschools.org/new-jersey/newark/1316-Arts-High-School/,3.0
Thomas B Conley Elementary School,"940 IRON BRIDGE RD, Franklin Township, NJ, 08802",https://www.greatschools.org/new-jersey/asbury/133-Thomas-B--Conley-Elementary-School/,3.0
Elliott Street Elementary School,"721 Summer Avenue, Newark, NJ, 07104",https://www.greatschools.org/new-jersey/newark/1347-Elliott-Street-Elementary-School/,3.0
Highland High School,"450 Erial Road, Gloucester Township, NJ, 08012",https://www.greatschools.org/new-jersey/blackwood/135-Highland-High-School/,3.0
Triton High School,"250 Schubert Avenue, Runnemede, NJ, 08078",https://www.greatschools.org/new-jersey/runnemede/136-Triton-High-School/,3.0
Speedway Academies,"701 South Orange Avenue, Newark, NJ, 07106",https://www.greatschools.org/new-jersey/newark/1377-Speedway-Academies/,3.0
Merriam Avenue Elementary School,"81 Merriam Avenue, Newton, NJ, 07860",https://www.greatschools.org/new-jersey/newton/1391-Merriam-Avenue-Elementary-School/,3.0
John F. Kennedy No. 7 Elementary School,"1210 11th Street, North Bergen, NJ, 07047",https://www.greatschools.org/new-jersey/north-bergen/1400-John-F.-Kennedy-No.-7-Elementary-School/,3.0
Livingston Park Elementary School,"1128 LIVINGSTON AVENUE, North Brunswick Township, NJ, 08902",https://www.greatschools.org/new-jersey/north-brunswick/1408-Livingston-Park-Elementary-School/,3.0
Memorial Elementary School,"201 Squaw Brook Road, North Haledon, NJ, 07508",https://www.greatschools.org/new-jersey/north-haledon/1413-Memorial-Elementary-School/,3.0
Somerset School,"303 Somerset Street, North Plainfield, NJ, 07060",https://www.greatschools.org/new-jersey/north-plainfield/1423-Somerset-School/,3.0
Stony Brook Elementary School,"269 Grove Street, North Plainfield, NJ, 07060",https://www.greatschools.org/new-jersey/north-plainfield/1424-Stony-Brook-Elementary-School/,3.0
Margaret Mace Elementary School,"1201 Atlantic Avenue, North Wildwood, NJ, 08260",https://www.greatschools.org/new-jersey/north-wildwood/1426-Margaret-Mace-Elementary-School/,3.0
Frederic A Priff Elementary School,"139 WELLS MILL ROAD, Ocean Township, NJ, 08758",https://www.greatschools.org/new-jersey/waretown/1464-Frederic-A--Priff-Elementary-School/,3.0
Cleveland Street Elementary School,"355 CLEVELAND ST, City of Orange, NJ, 07050",https://www.greatschools.org/new-jersey/city-of-orange/1478-Cleveland-Street-Elementary-School/,3.0
Palisades Park Jr Sr High School,"Veterans Plaza, Palisades Park, NJ, 07650",https://www.greatschools.org/new-jersey/palisades-park/1486-Palisades-Park-Jr--Sr-High-School/,3.0
Palmyra High School,"311 West 5th Street, Palmyra, NJ, 08065",https://www.greatschools.org/new-jersey/palmyra/1488-Palmyra-High-School/,3.0
"Number 8, Pulaski Elementary School","100 4th Street, Passaic, NJ, 07055",https://www.greatschools.org/new-jersey/passaic/1524-Number-8-Pulaski-Elementary-School/,3.0
"Number 10, Roosevelt Elementary School","151 Harrison Street, Passaic, NJ, 07055",https://www.greatschools.org/new-jersey/passaic/1526-Number-10-Roosevelt-Elementary-School/,3.0
"Number 11, Cruise Memorial Elementary School","390 Gregory Avenue, Passaic, NJ, 07055",https://www.greatschools.org/new-jersey/passaic/1527-Number-11-Cruise-Memorial-Elementary-School/,3.0
School 3,"448 Main Street, Paterson, NJ, 07501",https://www.greatschools.org/new-jersey/paterson/1541-Number-3-Elementary-School/,3.0
Rev. Dr. Frank Napier Jr. School,"55 Clinton Street, Paterson, NJ, 07522",https://www.greatschools.org/new-jersey/paterson/1542-Number-4-Elementary-School/,3.0
Charles J. Riley School 9,"6 Timothy Street, Paterson, NJ, 07503",https://www.greatschools.org/new-jersey/paterson/1547-Number-9-Elementary-School/,3.0
School 15,"98 Oak Street, Paterson, NJ, 07501",https://www.greatschools.org/new-jersey/paterson/1553-Number-15-Elementary-School/,3.0
School 20,"500 East 37th Street, Paterson, NJ, 07504",https://www.greatschools.org/new-jersey/paterson/1558-Number-20-Elementary-School/,3.0
School 24,"50 19th Avenue, Paterson, NJ, 07513",https://www.greatschools.org/new-jersey/paterson/1560-Number-24-Elementary-School/,3.0
School 25,"287 Trenton Avenue, Paterson, NJ, 07503",https://www.greatschools.org/new-jersey/paterson/1561-Number-25-Elementary-School/,3.0
School 27,"250 Richmond Avenue, Paterson, NJ, 07502",https://www.greatschools.org/new-jersey/paterson/1563-Number-27-Elementary-School/,3.0
Roberto Clemente Elementary School,"434 Rosa Parks Boulevard, Paterson, NJ, 07501",https://www.greatschools.org/new-jersey/paterson/1565-Roberto-Clemente-Elementary-School/,3.0
Loudenslager Elementary School,"100 Baird Avenue, Paulsboro, NJ, 08066",https://www.greatschools.org/new-jersey/paulsboro/1573-Loudenslager-Elementary-School/,3.0
Pemberton Twp High School,"148 Arneys Mount Road, Pemberton, NJ, 08068",https://www.greatschools.org/new-jersey/pemberton/1576-Pemberton-Twp-High-School/,3.0
Marcus W. Newcomb Middle School,"101 Fort Dix Road, Pemberton, NJ, 08068",https://www.greatschools.org/new-jersey/pemberton/1577-Marcus-W.-Newcomb-Middle-School/,3.0
Field Street Elementary School,"144 FIELD STREET, Carneys Point Township, NJ, 08069",https://www.greatschools.org/new-jersey/penns-grove/1588-Field-Street-Elementary-School/,3.0
Howard M Phifer Middle School,"8201 PARK AVE, Pennsauken Township, NJ, 08109",https://www.greatschools.org/new-jersey/pennsauken-township/1593-Howard-M-Phifer-Middle-School/,3.0
Benjamin Franklin Elementary School,"7201 IRVING AVENUE, Pennsauken Township, NJ, 08109",https://www.greatschools.org/new-jersey/pennsauken-township/1596-Benjamin-Franklin-Elementary-School/,3.0
G.H. Carson Elementary School,"4150 GARFIELD AVENUE, Pennsauken Township, NJ, 08109",https://www.greatschools.org/new-jersey/pennsauken-township/1599-G.H.-Carson-Elementary-School/,3.0
Samuel E Shull Middle School,"380 Hall Avenue, Perth Amboy, NJ, 08861",https://www.greatschools.org/new-jersey/perth-amboy/1616-Samuel-E-Shull-Middle-School/,3.0
Phillipsburg Middle School,"200 Hillcrest Boulevard, Phillipsburg, NJ, 08865",https://www.greatschools.org/new-jersey/phillipsburg/1622-Phillipsburg-Middle-School/,3.0
John Glenn Elementary School,"1005 Turnersville Road, Pine Hill, NJ, 08021",https://www.greatschools.org/new-jersey/pine-hill/1624-John-Glenn-Elementary-School/,3.0
Pinelands Reg Jr High School,"590 Nugentown Road, Little Egg Harbor Township, NJ, 08087",https://www.greatschools.org/new-jersey/tuckerton/1626-Pinelands-Reg-Jr-High-School/,3.0
Dwight D. Eisenhower Elementary School,"360 Stelton Road, Piscataway, NJ, 08854",https://www.greatschools.org/new-jersey/piscataway/1633-Dwight-D.-Eisenhower-Elementary-School/,3.0
Cedarbrook Elementary School,"1049 Central Avenue, Plainfield, NJ, 07060",https://www.greatschools.org/new-jersey/plainfield/1650-Cedarbrook-Elementary-School/,3.0
Clinton Elementary School,"WEST 4TH ST AND CLINTON AVE, Plainfield, NJ, 07063",https://www.greatschools.org/new-jersey/plainfield/1651-Clinton-Elementary-School/,3.0
Washington Elementary School,"427 Darrow Avenue, Plainfield, NJ, 07060",https://www.greatschools.org/new-jersey/plainfield/1657-Washington-Elementary-School/,3.0
Washington Avenue Elementary School,"225 West Washington Avenue, Pleasantville, NJ, 08232",https://www.greatschools.org/new-jersey/pleasantville/1660-Washington-Avenue-Elementary-School/,3.0
"Number 1, Prospect Park Elementary School","94 Brown Avenue, Prospect Park, NJ, 07508",https://www.greatschools.org/new-jersey/prospect-park/1686-Number-1-Prospect-Park-Elementary-School/,3.0
Hazlet Middle School,"1639 Union Avenue, Hazlet, NJ, 07730",https://www.greatschools.org/new-jersey/hazlet/1716-Hazlet-Middle-School/,3.0
Ridgefield Park Jr Sr High School,"1 Ozzie Nelson Drive, Ridgefield Park, NJ, 07660",https://www.greatschools.org/new-jersey/ridgefield-park/1727-Ridgefield-Park-Jr-Sr-High-School/,3.0
Riverside Middle School,"112 East Washington Street, Riverside, NJ, 08075",https://www.greatschools.org/new-jersey/riverside/1750-Riverside-Middle-School/,3.0
Roosevelt Elementary School,"SCHOOL LANE, Roosevelt, NJ, 08555",https://www.greatschools.org/new-jersey/roosevelt/1763-Roosevelt-Elementary-School/,3.0
Dr Charles C Polk School,"1100 Warren Street, Roselle, NJ, 07203",https://www.greatschools.org/new-jersey/roselle/1767-Dr-Charles-C--Polk-School/,3.0
Leonard V. Moore Middle School,"720 Locust Street, Roselle, NJ, 07203",https://www.greatschools.org/new-jersey/roselle/1768-Leonard-V.-Moore-Middle-School/,3.0
Roselle Park High School,"185 West Webster Avenue, Roselle Park, NJ, 07204",https://www.greatschools.org/new-jersey/roselle-park/1771-Roselle-Park-High-School/,3.0
Eisenhower Middle School,"47 EYLAND AVENUE, Roxbury Township, NJ, 07876",https://www.greatschools.org/new-jersey/roxbury-township/1777-Eisenhower-Middle-School/,3.0
Franklin Elementary School,"95 Caldwell Avenue, Saddle Brook, NJ, 07663",https://www.greatschools.org/new-jersey/saddle-brook/1797-Franklin-Elementary-School/,3.0
Salem High School,"219 Walnut Street, Salem, NJ, 08079",https://www.greatschools.org/new-jersey/salem/1801-Salem-High-School/,3.0
Veterans Mem Elementary School,"103 HENDRICKSON AVENUE, Brick Township, NJ, 08724",https://www.greatschools.org/new-jersey/brick-township/182-Veterans-Mem-Elementary-School/,3.0
Brick Twp Memorial High School,"2001 LANES MILL RD, Brick Township, NJ, 08724",https://www.greatschools.org/new-jersey/brick-township/184-Brick-Twp-Memorial-High-School/,3.0
Somerville Middle School,"51 West Cliff Street, Somerville, NJ, 08876",https://www.greatschools.org/new-jersey/somerville/1841-Somerville-Middle-School/,3.0
South Amboy High School,"200 GOVERNOR HAROLD G HOFFMAN, South Amboy, NJ, 08879",https://www.greatschools.org/new-jersey/south-amboy/1844-South-Amboy-High-School/,3.0
John F. Kennedy Elementary School,"2900 Norwood Avenue, South Plainfield, NJ, 07080",https://www.greatschools.org/new-jersey/south-plainfield/1874-John-F.-Kennedy-Elementary-School/,3.0
South River Elementary School,"81 Johnson Place, South River, NJ, 08882",https://www.greatschools.org/new-jersey/south-river/1879-South-River-Elementary-School/,3.0
South River High School,"11 Montgomery Street, South River, NJ, 08882",https://www.greatschools.org/new-jersey/south-river/1880-South-River-High-School/,3.0
South River Middle School,"3 Montgomery Street, South River, NJ, 08882",https://www.greatschools.org/new-jersey/south-river/1881-South-River-Middle-School/,3.0
Stone Harbor Elementary School,"275 93rd Street, Stone Harbor, NJ, 08247",https://www.greatschools.org/new-jersey/stone-harbor/1912-Stone-Harbor-Elementary-School/,3.0
Wantage Elementary School,"815 New Jersey 23, Wantage, NJ, 07461",https://www.greatschools.org/new-jersey/wantage/1925-Wantage-Elementary-School/,3.0
Kenneth R Olson Mid School,"132 New Road, Tabernacle, NJ, 08088",https://www.greatschools.org/new-jersey/tabernacle/1930-Kenneth-R--Olson-Mid-School/,3.0
Toms River High - North High School,"1245 Old Freehold Road, Toms River, NJ, 08753",https://www.greatschools.org/new-jersey/toms-river/1949-Toms-River-High---North-High-School/,3.0
East Dover Elementary School,"725 Vaughn Avenue, Toms River, NJ, 08753",https://www.greatschools.org/new-jersey/toms-river/1954-East-Dover-Elementary-School/,3.0
Pine Beach Elementary School,"101 Pennsylvania Avenue, Pine Beach, NJ, 08741",https://www.greatschools.org/new-jersey/pine-beach/1957-Pine-Beach-Elementary-School/,3.0
Silver Bay Elementary School,"100 Silver Bay Road, Toms River, NJ, 08753",https://www.greatschools.org/new-jersey/toms-river/1958-Silver-Bay-Elementary-School/,3.0
South Toms River Elementary School,"419 DOVER ROAD, South Toms River, NJ, 08757",https://www.greatschools.org/new-jersey/toms-river/1959-South-Toms-River-Elementary-School/,3.0
Beachwood Elementary School,"901 Berkeley Avenue, Beachwood, NJ, 08722",https://www.greatschools.org/new-jersey/beachwood/1964-Beachwood-Elementary-School/,3.0
Mott Elementary School,"45 Stokely Avenue, Trenton, NJ, 08611",https://www.greatschools.org/new-jersey/trenton/1982-Mott-Elementary-School/,3.0
Washington Elementary School,"331 Emory Avenue, Trenton, NJ, 08611",https://www.greatschools.org/new-jersey/trenton/1988-Washington-Elementary-School/,3.0
John F. Kennedy Elementary School,"255 Woodmere Street, Raritan, NJ, 08869",https://www.greatschools.org/new-jersey/raritan/199-John-F.-Kennedy-Elementary-School/,3.0
Tuckerton Elementary School,"Marine Street, Tuckerton, NJ, 08087",https://www.greatschools.org/new-jersey/tuckerton/1990-Tuckerton-Elementary-School/,3.0
Hannah Caldwell Elementary School,"1120 Commerce Avenue, Union, NJ, 07083",https://www.greatschools.org/new-jersey/union/2013-Hannah-Caldwell-Elementary-School/,3.0
Union Senior High School,"2350 North 3rd Street, Union, NJ, 07083",https://www.greatschools.org/new-jersey/union/2014-Union-Senior-High-School/,3.0
Woodruff School,"1385 Highway 77, Upper Deerfield Township, NJ, 08302",https://www.greatschools.org/new-jersey/bridgeton/2025-Woodruff-School/,3.0
Dane Barse Elementary School,"240 South Orchard Road, Vineland, NJ, 08360",https://www.greatschools.org/new-jersey/vineland/2056-Dane-Barse-Elementary-School/,3.0
Marie Durand Elementary School,"371 West Forest Grove Road, Vineland, NJ, 08360",https://www.greatschools.org/new-jersey/vineland/2060-Marie-Durand-Elementary-School/,3.0
Dr. William Mennies Elementary School,"361 East Grant Avenue, Vineland, NJ, 08360",https://www.greatschools.org/new-jersey/vineland/2065-Dr.-William-Mennies-Elementary-School/,3.0
Buena Middle School,"175 Weymouth Road, Buena, NJ, 08310",https://www.greatschools.org/new-jersey/buena/207-Buena-Middle-School/,3.0
Wedgwood School,"236 HURFFVILLE RD, Mantua Township, NJ, 08080",https://www.greatschools.org/new-jersey/washington-township/2104-Wedgwood-School/,3.0
Chestnut Ridge Middle School,"641 HURFFVILLE CROSSKEYS RD, Mantua Township, NJ, 08080",https://www.greatschools.org/new-jersey/washington-township/2108-Chestnut-Ridge-Middle-School/,3.0
Burlington City High School,"100 Blue Devil, Burlington, NJ, 08016",https://www.greatschools.org/new-jersey/burlington/212-Burlington-City-High-School/,3.0
West Deptford High School,"1600 OLD CROWN POINT RD, West Deptford, NJ, 08093",https://www.greatschools.org/new-jersey/west-deptford/2142-West-Deptford-High-School/,3.0
Green-Fields Elementary School,"15 Hill Lane, Woodbury, NJ, 08096",https://www.greatschools.org/new-jersey/woodbury/2143-Green-Fields-Elementary-School/,3.0
Apshawa Elementary School,"140 High Crest Drive, West Milford, NJ, 07480",https://www.greatschools.org/new-jersey/west-milford/2159-Apshawa-Elementary-School/,3.0
Wilbur Watts Intermediate School,"550 High Street, Burlington, NJ, 08016",https://www.greatschools.org/new-jersey/burlington/216-Wilbur-Watts-Intermediate-School/,3.0
MacOpin Middle School,"70 Highlander Drive, West Milford, NJ, 07480",https://www.greatschools.org/new-jersey/west-milford/2160-MacOpin-Middle-School/,3.0
Memorial High School,"5501 Park Avenue, West New York, NJ, 07093",https://www.greatschools.org/new-jersey/west-new-york/2168-Memorial-High-School/,3.0
Crest Memorial Elementary School,"9100 Pacific Avenue, Wildwood Crest, NJ, 08260",https://www.greatschools.org/new-jersey/wildwood-crest/2222-Crest-Memorial-Elementary-School/,3.0
Memorial Middle School,"451 Van Sciver Parkway, Willingboro, NJ, 08046",https://www.greatschools.org/new-jersey/willingboro/2231-Memorial-Middle-School/,3.0
Winslow Township School No. 1 Elementary School,"413 INSKIP ROAD, Hammonton, NJ, 08037",https://www.greatschools.org/new-jersey/hammonton/2236-Winslow-Township-School-No.-1-Elementary-School/,3.0
Winslow Township School No. 2 Elementary School,"125 FIRST AVENUE, Winslow Township, NJ, 08081",https://www.greatschools.org/new-jersey/sicklerville/2237-Winslow-Township-School-No.-2-Elementary-School/,3.0
Fords Middle School,"FANNING STREET, Woodbridge Township, NJ, 08863",https://www.greatschools.org/new-jersey/fords/2246-Fords-Middle-School/,3.0
Avenel Street Elementary School,"AVENEL STREET, Woodbridge Township, NJ, 07001",https://www.greatschools.org/new-jersey/avenel/2249-Avenel-Street-Elementary-School/,3.0
Matthew Jago Elementary School,"99 CENTRAL AVENUE, Woodbridge Township, NJ, 07077",https://www.greatschools.org/new-jersey/woodbridge-township/2253-Matthew-Jago-Elementary-School/,3.0
Port Reading Elementary School,"TURNER STREET, Woodbridge Township, NJ, 07064",https://www.greatschools.org/new-jersey/port-reading/2262-Port-Reading-Elementary-School/,3.0
Avenel Middle School,"WOODBINE AVENUE, Woodbridge Township, NJ, 07001",https://www.greatschools.org/new-jersey/avenel/2265-Avenel-Middle-School/,3.0
Woodbury Jr Sr High School,"25 North Broad Street, Woodbury, NJ, 08096",https://www.greatschools.org/new-jersey/woodbury/2266-Woodbury-Jr--Sr-High-School/,3.0
Chatsworth Elementary School,"2 John Bowker Jr. Blvd, Browns Mills, NJ, 08019",https://www.greatschools.org/new-jersey/woodland/2273-Chatsworth-Elementary-School/,3.0
Wood Ridge High School,"258 HACKENSACK ST, Wood-Ridge, NJ, 07075",https://www.greatschools.org/new-jersey/wood_ridge/2275-Wood--Ridge-High-School/,3.0
Central Regional High School,"509 FOREST HILLS PARKWAY, Berkeley Township, NJ, 08721",https://www.greatschools.org/new-jersey/berkeley-township/290-Central-Regional-High-School/,3.0
Cliffside Park High School,"64 Riverview Avenue, Cliffside Park, NJ, 07010",https://www.greatschools.org/new-jersey/cliffside-park/329-Cliffside-Park-High-School/,3.0
School #3,"397 Palisade Avenue, Cliffside Park, NJ, 07010",https://www.greatschools.org/new-jersey/cliffside-park/330-Number-3-Elementary-School/,3.0
Marion P. Thomas Charter School,"125 Sussex Avenue, Newark, NJ, 07103",https://www.greatschools.org/new-jersey/newark/3337-Marion-P.-Thomas-Charter-School/,3.0
New Horizons Community Charter School,"45 59 HAYES STREET, Newark, NJ, 07103",https://www.greatschools.org/new-jersey/newark/3338-New-Horizons-Community-Charter-School/,3.0
Jersey City Community Charter School,"128 Danforth Avenue, Jersey City, NJ, 07305",https://www.greatschools.org/new-jersey/jersey-city/3348-Jersey-City-Community-Charter-School/,3.0
Greater Brunswick Charter School,"429 Joyce Kilmer Avenue, New Brunswick, NJ, 08901",https://www.greatschools.org/new-jersey/new-brunswick/3362-Greater-Brunswick-Charter-School/,3.0
Red Bank Charter School,"58 Oakland Street, Red Bank, NJ, 07701",https://www.greatschools.org/new-jersey/red-bank/3364-Red-Bank-Charter-School/,3.0
Lakeside Middle School,"2 Sharp Street, Millville, NJ, 08332",https://www.greatschools.org/new-jersey/millville/3385-Lakeside-Middle-School/,3.0
Joseph A Citta Elementary School,"2050 Lakewood Road, Toms River, NJ, 08755",https://www.greatschools.org/new-jersey/toms-river/3396-Joseph-A--Citta-Elementary-School/,3.0
Oak Knoll Elementary School,"23 BODINE AVENUE, Monroe, NJ, 08094",https://www.greatschools.org/new-jersey/monroe-township/3419-Oak-Knoll-Elementary-School/,3.0
School #11,"147 Merselis Avenue, Clifton, NJ, 07011",https://www.greatschools.org/new-jersey/clifton/344-Number-11-Elementary-School/,3.0
Timber Creek High School,"501 JARVIS ROAD, Gloucester Township, NJ, 08081",https://www.greatschools.org/new-jersey/erial/3441-Timber-Creek-High-School/,3.0
School #12,"165 Clifton Avenue, Clifton, NJ, 07011",https://www.greatschools.org/new-jersey/clifton/345-Number-12-Elementary-School/,3.0
Overbrook High School,"1200 Turnersville Road, Pine Hill, NJ, 08021",https://www.greatschools.org/new-jersey/pine-hill/3462-Overbrook-High-School/,3.0
Winslow Twp High School,"10 Cooper Folly Road, Atco, NJ, 08004",https://www.greatschools.org/new-jersey/atco/3471-Winslow-Twp-High-School/,3.0
Winslow Twp Middle School,"30 Cooper Folly Road, Atco, NJ, 08004",https://www.greatschools.org/new-jersey/atco/3472-Winslow-Twp-Middle-School/,3.0
Pennsauken Intermediate School,"8125 PARK AVENUE, Pennsauken Township, NJ, 08109",https://www.greatschools.org/new-jersey/pennsauken-township/3501-Pennsauken-Intermediate-School/,3.0
Collingswood Sr High School,"424 Collings Avenue, Collingswood, NJ, 08108",https://www.greatschools.org/new-jersey/collingswood/356-Collingswood-Sr-High-School/,3.0
Deerfield Township Elementary School,"419 MORTON AVE, Deerfield, NJ, 08352",https://www.greatschools.org/new-jersey/millville/381-Deerfield-Township-Elementary-School/,3.0
M. Joan Pearson Elementary School,"1301 Burlington Avenue, Delanco, NJ, 08075",https://www.greatschools.org/new-jersey/delanco/382-M.-Joan-Pearson-Elementary-School/,3.0
Dover High School,"100 Grace Street, Dover, NJ, 07801",https://www.greatschools.org/new-jersey/dover/407-Dover-High-School/,3.0
Downe Twp Elementary School,"220 MAIN ST, Jersey City, NJ, 08345",https://www.greatschools.org/new-jersey/newport/412-Downe-Twp-Elementary-School/,3.0
Dr Joy Miller Elementary School,"2 Alder Avenue, Egg Harbor Township, NJ, 08234",https://www.greatschools.org/new-jersey/egg-harbor-township/4128-Dr--Joy-Miller-Elementary-School/,3.0
Lincoln Middle School,"400 Dunellen Avenue, Dunellen, NJ, 08812",https://www.greatschools.org/new-jersey/dunellen/418-Lincoln-Middle-School/,3.0
Dunellen High School,"411 1st Street, Dunellen, NJ, 08812",https://www.greatschools.org/new-jersey/dunellen/419-Dunellen-High-School/,3.0
BRIGHTON AVENUE SCHOOL,"30 North Brighton Avenue, Atlantic City, NJ, 08401",https://www.greatschools.org/new-jersey/atlantic-city/4201-BRIGHTON-AVENUE-SCHOOL/,3.0
Franklin L Williams Ms No7,"222 LAIDLAW AVENUE, Jersey City, NJ, 07306",https://www.greatschools.org/new-jersey/jersey-city/4241-Franklin-L.-Williams-School/,3.0
Highland Park Middle School,"330 Wayne Street, Highland Park, NJ, 08904",https://www.greatschools.org/new-jersey/highland-park/4258-Highland-Park-Middle-School/,3.0
Barnegat High School,"180 BENGAL BLVD, Barnegat Township, NJ, 08005",https://www.greatschools.org/new-jersey/barnegat-township/4283-Barnegat-High-School/,3.0
Sampson G Smith School,"1649 Amwell Road, Franklin Township, NJ, 08873",https://www.greatschools.org/new-jersey/franklin-township/4302-Sampson-G--Smith-School/,3.0
Shelia Y. Oliver Academy,"404 North Grove Street, East Orange, NJ, 07017",https://www.greatschools.org/new-jersey/east-orange/444-G-Washington-Carver-Inst/,3.0
Whitney E. Houston Academy Elementary School,"215 Dodd Street, East Orange, NJ, 07017",https://www.greatschools.org/new-jersey/east-orange/446-Whitney-E.-Houston-Academy-Elementary-School/,3.0
Mildred B. Garvin School,"1 Grove Place, East Orange, NJ, 07017",https://www.greatschools.org/new-jersey/east-orange/447-Mildred-B.-Garvin-School/,3.0
Jackson Liberty High School,"125 North Hope Chapel Road, Jackson Township, NJ, 08527",https://www.greatschools.org/new-jersey/jackson-township/4527-Jackson-Liberty-High-School/,3.0
J. Garfield Jackson Senior Academy Elementary School,"106 Prospect Street, East Orange, NJ, 07017",https://www.greatschools.org/new-jersey/east-orange/453-J.-Garfield-Jackson-Senior-Academy-Elementary-School/,3.0
International High School,"200 Grand Street, Paterson, NJ, 07501",https://www.greatschools.org/new-jersey/paterson/4533-International-High-School/,3.0
Union County Teams Charter School,"515 517 WEST FOURTH STREET, Plainfield, NJ, 07060",https://www.greatschools.org/new-jersey/plainfield/4537-Union-County-Teams-Charter-School/,3.0
John L Costley Middle School,"116 Hamilton Street, East Orange, NJ, 07017",https://www.greatschools.org/new-jersey/east-orange/454-John-L--Costley-Middle-School/,3.0
New Brunswick Middle School,"1125 Livingston Avenue, New Brunswick, NJ, 08901",https://www.greatschools.org/new-jersey/new-brunswick/4562-New-Brunswick-Middle-School/,3.0
E H Slaybaugh Elementary School,"11 Swift Drive, Egg Harbor Township, NJ, 08234",https://www.greatschools.org/new-jersey/egg-harbor-township/498-E-H-Slaybaugh-Elementary-School/,3.0
Uptown School Complex Elementary School,"323 Madison Avenue, Atlantic City, NJ, 08401",https://www.greatschools.org/new-jersey/atlantic-city/50-Uptown-School-Complex-Elementary-School/,3.0
Sonia Sotomayor School No 25,"525 1st Avenue, Elizabeth, NJ, 07206",https://www.greatschools.org/new-jersey/elizabeth/505-Number-25-Charles-J.-Hudson-Elementary-School/,3.0
Pennsylvania Ave School,"201 North Pennsylvania Avenue, Atlantic City, NJ, 08401",https://www.greatschools.org/new-jersey/atlantic-city/51-New-Jersey-Avenue-Elementary-School/,3.0
"Number 2, Winfield Scott Elementary School","125 Madison Avenue, Elizabeth, NJ, 07201",https://www.greatschools.org/new-jersey/elizabeth/514-Number-2-Winfield-Scott-Elementary-School/,3.0
"Number 6, Marquis Delafayette Elementary School","1071 Julia Street, Elizabeth, NJ, 07201",https://www.greatschools.org/new-jersey/elizabeth/515-Number-6-Marquis-Delafayette-Elementary-School/,3.0
"Number 23, N.M. Butler Elementary School","631 Westminster Avenue, Elizabeth, NJ, 07208",https://www.greatschools.org/new-jersey/elizabeth/527-Number-23-N.M.-Butler-Elementary-School/,3.0
Gantner Avenue Elementary School,"99 Roosevelt Avenue, Elmwood Park, NJ, 07407",https://www.greatschools.org/new-jersey/elmwood-park/533-Gantner-Avenue-Elementary-School/,3.0
Dr M L King Jr School Comp,"1700 Marmora Avenue, Atlantic City, NJ, 08401",https://www.greatschools.org/new-jersey/atlantic-city/54-Dr-M-L-King-Jr-School-Comp/,3.0
H.L. Beeler Elementary School,"60 CALDWELL AVE, Evesham, NJ, 08053",https://www.greatschools.org/new-jersey/evesham-township/557-H.L.-Beeler-Elementary-School/,3.0
Wl Antheil Elementary School,"339 EWINGVILLE ROAD, Ewing Township, NJ, 08638",https://www.greatschools.org/new-jersey/ewing-township/566-Wl-Antheil-Elementary-School/,3.0
Riverfront School,"500 East Front Street, Florence, NJ, 08518",https://www.greatschools.org/new-jersey/florence-township/593-Riverfront-School/,3.0
Franklin Twp High School,"500 Elizabeth Avenue, Franklin Township, NJ, 08873",https://www.greatschools.org/new-jersey/franklin-township/613-Franklin-Twp-High-School/,3.0
Elizabeth Avenue Elementary School,"363 Elizabeth Avenue, Franklin Township, NJ, 08873",https://www.greatschools.org/new-jersey/franklin-township/615-Elizabeth-Avenue-Elementary-School/,3.0
Hillcrest Elementary School,"500 Franklin Blvd, Franklin Township, NJ, 08873",https://www.greatschools.org/new-jersey/franklin-township/617-Hillcrest-Elementary-School/,3.0
Franklin Middle School,"415 Francis Street, Franklin Township, NJ, 08873",https://www.greatschools.org/new-jersey/franklin-township/620-Franklin-Middle-School/,3.0
Intermediate School,"280 Park Avenue, Freehold, NJ, 07728",https://www.greatschools.org/new-jersey/freehold/624-Intermediate-School/,3.0
Smithville Elementary School,"37 Old Port Republic Road, Galloway, NJ, 08205",https://www.greatschools.org/new-jersey/galloway/647-Smithville-Elementary-School/,3.0
Garfield High School,"500 Palisade Avenue, Garfield, NJ, 07026",https://www.greatschools.org/new-jersey/garfield/648-Garfield-High-School/,3.0
Garfield Middle School,"175 Lanza Avenue, Garfield, NJ, 07026",https://www.greatschools.org/new-jersey/garfield/650-Garfield-Middle-School/,3.0
Gateway Reg High School,"775 Tanyard Road, Woodbury Heights, NJ, 08096",https://www.greatschools.org/new-jersey/woodbury-heights/657-Gateway-Reg-High-School/,3.0
Thomas E. Bowe Elementary School,"7 Ruth H Mancuso Lane, Glassboro, NJ, 08028",https://www.greatschools.org/new-jersey/deptford-township/663-Thomas-E.-Bowe-Elementary-School/,3.0
Cold Springs School,"1194 Market Street, Gloucester City, NJ, 08030",https://www.greatschools.org/new-jersey/gloucester-city/673-Cold-Springs-School/,3.0
Gloucester City High School,"1300 Market Street, Gloucester City, NJ, 08030",https://www.greatschools.org/new-jersey/gloucester-city/674-Gloucester-City-Jr-Sr-High-School/,3.0
Ann A Mullen Middle School,"1400 SICKLERVILLE ROAD, Winslow Township, NJ, 08081",https://www.greatschools.org/new-jersey/sicklerville/676-Ann-A-Mullen-Middle-School/,3.0
Blackwood Elementary School,"260 BLENHEIM ERIAL RD, Gloucester Township, NJ, 08012",https://www.greatschools.org/new-jersey/gloucester-township/677-Blackwood-Elementary-School/,3.0
Bayonne High School,"669 Avenue A, Bayonne, NJ, 07002",https://www.greatschools.org/new-jersey/bayonne/68-Bayonne-High-School/,3.0
Erial Elementary School,"20 ESSEX AVENUE, Winslow Township, NJ, 08081",https://www.greatschools.org/new-jersey/sicklerville/680-Erial-Elementary-School/,3.0
James W. Lilley Elementary School,"1275 WILLIAMSTOWN ROAD, Gloucester Township, NJ, 08081",https://www.greatschools.org/new-jersey/sicklerville/686-James-W.-Lilley-Elementary-School/,3.0
Absegami High School,"201 South Wrangleboro Road, Galloway, NJ, 08205",https://www.greatschools.org/new-jersey/galloway/688-Absegami-High-School/,3.0
No. 28 Duarte-Marti School,"25 1st Street, Elizabeth, NJ, 07206",https://www.greatschools.org/new-jersey/elizabeth/6905-No.-28-Duarte-Marti-School/,3.0
Mount Vernon Avenue School,"54 Mount Vernon Avenue, Irvington, NJ, 07111",https://www.greatschools.org/new-jersey/irvington/6907-Mount-Vernon-Avenue-School/,3.0
Gloria M Sabater Elementary School,"301 Southeast Boulevard, Vineland, NJ, 08360",https://www.greatschools.org/new-jersey/buena/6912-Sabater/,3.0
Hackensack High School,"FIRST & BEECH STREETS, Hackensack, NJ, 07601",https://www.greatschools.org/new-jersey/hackensack/698-Hackensack-High-School/,3.0
Union City High School,"2500 John F. Kennedy Boulevard, Union City, NJ, 07087",https://www.greatschools.org/new-jersey/union-city/7046-Union-City-High-School/,3.0
Burch Charter School Of Excellence,"100 Linden Avenue, Irvington, NJ, 07111",https://www.greatschools.org/new-jersey/irvington/7058-Burch-Charter-School-Of-Excellence/,3.0
Foundation Academy Charter School,"363 West State Street, Trenton, NJ, 08608",https://www.greatschools.org/new-jersey/trenton/7060-Foundation-Academy-Charter-School/,3.0
Number 19 Daniel F Ryan,"320 Highland Avenue, Passaic, NJ, 07055",https://www.greatschools.org/new-jersey/passaic/7063-Number-19-Daniel-F-Ryan/,3.0
T Jefferson Arts Academy,"27 Martin Luther King Junior Boulevard, Elizabeth, NJ, 07201",https://www.greatschools.org/new-jersey/elizabeth/7071-T-Jefferson-Arts-Academy/,3.0
Haddon Heights Jr Sr High School,"301 2nd Avenue, Haddon Heights, NJ, 08035",https://www.greatschools.org/new-jersey/haddon-heights/708-Haddon-Heights-Jr--Sr-High-School/,3.0
Benjamin Banneker Prep Charter School,"11 South Sunset Road, Willingboro, NJ, 08046",https://www.greatschools.org/new-jersey/willingboro/7090-Benjamin-Banneker-Prep-Charter-School/,3.0
Dr Lena Edwards Academic,"509 Bramhall Avenue, Jersey City, NJ, 07304",https://www.greatschools.org/new-jersey/jersey-city/7092-Dr-Lena-Edwards-Academic/,3.0
The Ethical Community Charter School,"95 Broadway, Jersey City, NJ, 07306",https://www.greatschools.org/new-jersey/jersey-city/7110-The-Ethical-Community-Charter-School/,3.0
Roseville Community Charter School,"540 Orange Street, Newark, NJ, 07107",https://www.greatschools.org/new-jersey/newark/7153-Roseville-Community-Charter-School/,3.0
George L. Hess Elementary School,"700 BABCOCK ROAD, Hamilton, NJ, 08330",https://www.greatschools.org/new-jersey/hamilton-township/726-George-L.-Hess-Elementary-School/,3.0
Hamilton West-Watson High School,"2720 SOUTH CLINTON AVENUE, Hamilton Township, NJ, 08610",https://www.greatschools.org/new-jersey/hamilton-township/730-Hamilton-West-Watson-High-School/,3.0
Greenwood Elementary School,"2069 GREENWOOD AVENUE, Hamilton Township, NJ, 08609",https://www.greatschools.org/new-jersey/hamilton-township/735-Greenwood-Elementary-School/,3.0
Klockner Elementary School,"830 KLOCKNER AVENUE, Hamilton Township, NJ, 08619",https://www.greatschools.org/new-jersey/hamilton-township/737-Klockner-Elementary-School/,3.0
Kuser Elementary School,"70 NEWKIRK AVENUE, Hamilton Township, NJ, 08629",https://www.greatschools.org/new-jersey/hamilton-township/738-Kuser-Elementary-School/,3.0
McGalliard Elementary School,"1600 ARENA DRIVE, Hamilton Township, NJ, 08610",https://www.greatschools.org/new-jersey/trenton/741-McGalliard-Elementary-School/,3.0
Robinson Elementary School,"495 GROPP AVENUE, Hamilton Township, NJ, 08610",https://www.greatschools.org/new-jersey/trenton/744-Robinson-Elementary-School/,3.0
Sayen Elementary School,"3333 NOTTINGHAM WAY, Hamilton Township, NJ, 08690",https://www.greatschools.org/new-jersey/hamilton-township/745-Sayen-Elementary-School/,3.0
University Heights/H.D. Morrison Elementary School,"645 PAXSON AVENUE, Hamilton Township, NJ, 08690",https://www.greatschools.org/new-jersey/hamilton-township/747-University-Heights-H.D.-Morrison-Elementary-School/,3.0
Hamilton North-Nottingham High School,"1055 KLOCKNER ROAD, Hamilton Township, NJ, 08619",https://www.greatschools.org/new-jersey/hamilton-township/750-Hamilton-North-Nottingham-High-School/,3.0
Harrison High School,"401 Kingsland Avenue, Harrison, NJ, 07029",https://www.greatschools.org/new-jersey/harrison/767-Harrison-High-School/,3.0
Hawthorne High School,"160 Parmelee Avenue, Hawthorne, NJ, 07506",https://www.greatschools.org/new-jersey/hawthorne/775-Hawthorne-High-School/,3.0
Beach Haven Elementary School,"8th Street & Beach Avenue, Beach Haven, NJ, 08008",https://www.greatschools.org/new-jersey/beach-haven/78-Beach-Haven-Elementary-School/,3.0
Deanna G. Taylor Academy,"614 Tillman Street, Hillside, NJ, 07205",https://www.greatschools.org/new-jersey/hillside/800-Calvin-Coolidge-Elementary-School/,3.0
Hopatcong High School,"2A Windsor Ave, Hopatcong, NJ, 07843",https://www.greatschools.org/new-jersey/hopatcong/817-Hopatcong-High-School/,3.0
Belleville PS4,"30 Magnolia Street, Belleville, NJ, 07109",https://www.greatschools.org/new-jersey/belleville/83-Number-4-Elementary-School/,3.0
Berkeley Terrace,"787 Grove Street, Irvington, NJ, 07111",https://www.greatschools.org/new-jersey/irvington/846-Berkeley-Terrace/,3.0
Chancellor Avenue Elementary School,"844 Chancellor Avenue, Irvington, NJ, 07111",https://www.greatschools.org/new-jersey/irvington/847-Chancellor-Avenue-Elementary-School/,3.0
Belleville PS7,"20 Passaic Avenue, Belleville, NJ, 07109",https://www.greatschools.org/new-jersey/belleville/85-Number-7-Elementary-School/,3.0
Union Avenue Middle School,"427 Union Avenue, Irvington, NJ, 07111",https://www.greatschools.org/new-jersey/irvington/852-Union-Avenue-Middle-School/,3.0
Florence Avenue Elementary School,"1324 Springfield Avenue, Irvington, NJ, 07111",https://www.greatschools.org/new-jersey/irvington/853-Florence-Avenue-Elementary-School/,3.0
George L Catrambone,"240 Park Avenue, Long Branch, NJ, 07740",https://www.greatschools.org/new-jersey/long-branch/8783-George-L-Catrambone/,3.0
Young Mens Academy,"45 Smith Street, Paterson, NJ, 07501",https://www.greatschools.org/new-jersey/paterson/8799-Students-Transitioning-And-Achieving-Real-Success/,3.0
Smalley Elementary School,"163 Cherry Avenue, Bound Brook, NJ, 08805",https://www.greatschools.org/new-jersey/bound-brook/8839-Smalley-Elementary-School/,3.0
Blanquita B. Valenti Community School,"40 Van Dyke Avenue, New Brunswick, NJ, 08901",https://www.greatschools.org/new-jersey/new-brunswick/8861-Lincoln-Annex/,3.0
Camdens Promise Charter School,"879 Beideman Avenue, Camden, NJ, 08105",https://www.greatschools.org/new-jersey/camden/8862-Camdens-Promise-Charter-School/,3.0
School 16,"11 22nd Avenue, Paterson, NJ, 07513",https://www.greatschools.org/new-jersey/paterson/8864-School-16/,3.0
J. Christian Bollwage Finance Academy,"447 Richmond Street, Elizabeth, NJ, 07202",https://www.greatschools.org/new-jersey/elizabeth/8865-Academy-Of-Finance/,3.0
Academy For Environmental Science,"1010 Weldon Road, Jefferson, NJ, 07438",https://www.greatschools.org/new-jersey/sparta-township/8867-Academy-For-Environmental-Science/,3.0
Philip's Academy Charter School Of Paterson,"47 State Street, Paterson, NJ, 07501",https://www.greatschools.org/new-jersey/paterson/8877-Philips-Academy-Charter-School-Of-Paterson/,3.0
Salome Urena Elementary School,"284 First Avenue, Newark, NJ, 07104",https://www.greatschools.org/new-jersey/newark/8882-Salome-Urena-Elementary-School/,3.0
Gloucester City Middle School,"500 Market Street, Gloucester City, NJ, 08030",https://www.greatschools.org/new-jersey/gloucester-city/8893-Gloucester-City-Middle-School/,3.0
Patricia M. Noonan School Ps #26,"164 Laidlaw Avenue, Jersey City, NJ, 07306",https://www.greatschools.org/new-jersey/jersey-city/8898-Patricia-M.-Noonan-School-PS-26/,3.0
Passaic Preparatory Academy,"252 Boulevard, Passaic, NJ, 07055",https://www.greatschools.org/new-jersey/passaic/8900-Passaic-Preparatory-Academy/,3.0
Ocean Academy Charter School,"1650 Massachusetts Avenue, Lakewood, NJ, 08701",https://www.greatschools.org/new-jersey/lakewood/8908-Ocean-Academy-Charter-School/,3.0
Dr. Paul Rafalides School,"362 Union Street, Jersey City, NJ, 07304",https://www.greatschools.org/new-jersey/jersey-city/897-Number-33-Elementary-School/,3.0
Kearny High School,"336 Devon Street, Kearny, NJ, 07032",https://www.greatschools.org/new-jersey/kearny/914-Kearny-High-School/,3.0
Garfield Elementary School,"360 Belgrove Drive, Kearny, NJ, 07032",https://www.greatschools.org/new-jersey/kearny/916-Garfield-Elementary-School/,3.0
Lincoln Middle School,"121 Beech Street, Kearny, NJ, 07032",https://www.greatschools.org/new-jersey/kearny/917-Lincoln-Elementary-School/,3.0
Denbo Crichton School,"Two Learning Way, Pemberton Township, NJ, 08015",https://www.greatschools.org/new-jersey/pemberton-township/9212-Denbo-Crichton-School/,3.0
Rose M. Lopez Elementary School,"435 Seaman Avenue, Perth Amboy, NJ, 08861",https://www.greatschools.org/new-jersey/perth-amboy/9214-Rose-M.-Lopez-Elementary-School/,3.0
Kingsway Reg Middle School,"203 KINGS HIGHWAY, Woolwich Township, NJ, 08085",https://www.greatschools.org/new-jersey/woolwich-township/925-Kingsway-Reg-Middle-School/,3.0
Mill Pond Elementary School,"210 WESTERN BLVD, Lacey Township, NJ, 08734",https://www.greatschools.org/new-jersey/lacey-township/937-Mill-Pond-Elementary-School/,3.0
Belvidere Elementary School,"807 Oxford Street, Belvidere, NJ, 07823",https://www.greatschools.org/new-jersey/belvidere/94-Oxford-Street-Elementary-School/,3.0
Lakehurst Elementary School,"301 Union Avenue, Lakehurst, NJ, 08733",https://www.greatschools.org/new-jersey/lakehurst/941-Lakehurst-Elementary-School/,3.0
Lakewood High School,"855 Somerset Avenue, Lakewood, NJ, 08701",https://www.greatschools.org/new-jersey/lakewood-township/943-Lakewood-High-School/,3.0
Eldridge Park School,"55 LAWN PARK AVE, Lawrence Township, NJ, 08648",https://www.greatschools.org/new-jersey/lawrenceville/960-Eldridge-Park-School/,3.0
Myles J Mcmanus Middle School,"300 Edgewood Road, Linden, NJ, 07036",https://www.greatschools.org/new-jersey/linden/974-Myles-J-Mcmanus-Middle-School/,3.0
Joseph E Soehl Middle School,"300 East Henry Street, Linden, NJ, 07036",https://www.greatschools.org/new-jersey/linden/975-Joseph-E-Soehl-Middle-School/,3.0
"Number 4, Elementary School","1602 Dill Avenue, Linden, NJ, 07036",https://www.greatschools.org/new-jersey/linden/978-Number-4-Elementary-School/,3.0
Number 10,"2801 Highland Avenue, Linden, NJ, 07036",https://www.greatschools.org/new-jersey/linden/983-Number-10-Highland-Avenue-Elementary-School/,3.0
Lyndhurst Middle School,"625 Page Avenue, Lyndhurst, NJ, 07071",https://www.greatschools.org/new-jersey/lyndhurst/9199-Lyndhurst-Middle-School/,3.0
Palmyra Middle School,"311 West 5th Street, Palmyra, NJ, 08065",https://www.greatschools.org/new-jersey/palmyra/9200-Palmyra-Middle-School/,3.0
Long Branch High School,"404 Indiana Avenue, Long Branch, NJ, 07740",https://www.greatschools.org/new-jersey/long-branch/1016-Long-Branch-High-School/,2.0
Gregory Elementary School,"201 Monmouth Avenue, Long Branch, NJ, 07740",https://www.greatschools.org/new-jersey/long-branch/1021-Gregory-Elementary-School/,2.0
Roosevelt School,"410 Brooks Boulevard, Manville, NJ, 08835",https://www.greatschools.org/new-jersey/manville/1101-Roosevelt-School/,2.0
Manville High School,"1100 Brooks Boulevard, Manville, NJ, 08835",https://www.greatschools.org/new-jersey/manville/1102-Manville-High-School/,2.0
Alexander Batcho Intermediate School,"100 North 13th Avenue, Manville, NJ, 08835",https://www.greatschools.org/new-jersey/manville/1103-Alexander-Batcho-Intermediate-School/,2.0
Maude M. Wilkins Elementary School,"34 West Mill Road, Maple Shade, NJ, 08052",https://www.greatschools.org/new-jersey/maple-shade-township/1106-Maude-M.-Wilkins-Elementary-School/,2.0
Ralph J Steinhauer Elementary School,"25 North Fellowship Road, Maple Shade, NJ, 08052",https://www.greatschools.org/new-jersey/maple-shade-township/1108-Ralph-J-Steinhauer-Elementary-School/,2.0
Millville Senior High School,"200 South Wade Boulevard, Millville, NJ, 08332",https://www.greatschools.org/new-jersey/millville/1192-Millville-Senior-High-School/,2.0
Bacon Elementary School,"501 South 3rd Street, Millville, NJ, 08332",https://www.greatschools.org/new-jersey/millville/1194-Bacon-Elementary-School/,2.0
Holly Heights Elementary School,"2509 East Main Street, Millville, NJ, 08332",https://www.greatschools.org/new-jersey/millville/1196-Holly-Heights-Elementary-School/,2.0
Rieck Avenue Elementary School,"339 Rieck Avenue, Millville, NJ, 08332",https://www.greatschools.org/new-jersey/millville/1198-Rieck-Avenue-Elementary-School/,2.0
Clara B Worth Elementary School,"57 CENTRAL PARKWAY, Berkeley Township, NJ, 08721",https://www.greatschools.org/new-jersey/berkeley-township/122-Clara-B-Worth-Elementary-School/,2.0
John F. Kennedy Memorial Elementary School,"228 Mt Vernon Avenue, Berlin Township, NJ, 08091",https://www.greatschools.org/new-jersey/west-berlin/126-John-F.-Kennedy-Memorial-Elementary-School/,2.0
Neptune High School,"55 NEPTUNE BOULEVARD, Neptune Township, NJ, 07753",https://www.greatschools.org/new-jersey/neptune-city/1287-Neptune-High-School/,2.0
Green Grove Elementary School,"909 GREEN GROVE ROAD, Neptune Township, NJ, 07753",https://www.greatschools.org/new-jersey/neptune-city/1290-Green-Grove-Elementary-School/,2.0
New Brunswick High School,"1000 Somerset Street, New Brunswick, NJ, 08901",https://www.greatschools.org/new-jersey/new-brunswick/1295-New-Brunswick-High-School/,2.0
A. Chester Redshaw Elementary School,"216 Livingston Avenue, New Brunswick, NJ, 08901",https://www.greatschools.org/new-jersey/new-brunswick/1296-A.-Chester-Redshaw-Elementary-School/,2.0
Lincoln Elementary School,"66 Bartlett Street, New Brunswick, NJ, 08901",https://www.greatschools.org/new-jersey/new-brunswick/1298-Lincoln-Elementary-School/,2.0
Livingston Elementary School,"206 Delavan Street, New Brunswick, NJ, 08901",https://www.greatschools.org/new-jersey/new-brunswick/1299-Livingston-Elementary-School/,2.0
Roosevelt Elementary School,"83 Livingston Avenue, New Brunswick, NJ, 08901",https://www.greatschools.org/new-jersey/new-brunswick/1302-Roosevelt-Elementary-School/,2.0
East Side High School,"238 Van Buren Street, Newark, NJ, 07105",https://www.greatschools.org/new-jersey/newark/1319-East-Side-High-School/,2.0
Malcolm X Shabazz High School,"80 Johnson Avenue, Newark, NJ, 07108",https://www.greatschools.org/new-jersey/newark/1321-Malcolm-X-Shabazz-High-School/,2.0
Avon Avenue School,"219 Avon Avenue, Newark, NJ, 07108",https://www.greatschools.org/new-jersey/newark/1330-Avon-Avenue-Elementary-School/,2.0
Chancellor Avenue Elementary School,"321 Chancellor Avenue, Newark, NJ, 07112",https://www.greatschools.org/new-jersey/newark/1341-Chancellor-Avenue-Elementary-School/,2.0
Cleveland Elementary School,"388 BERGEN ST, Newark, NJ, 07103",https://www.greatschools.org/new-jersey/newark/1343-Cleveland-Elementary-School/,2.0
B.R.I.C.K. Peshine Academy,"433 Peshine Avenue, Newark, NJ, 07112",https://www.greatschools.org/new-jersey/newark/1345-Dayton-Street-Elementary-School/,2.0
Dr. William H. Horton Elementary School,"291 North 7th Street, Newark, NJ, 07107",https://www.greatschools.org/new-jersey/newark/1352-Dr.-William-H.-Horton-Elementary-School/,2.0
Harriet Tubman Elementary School,"504 South 10th Street, Newark, NJ, 07103",https://www.greatschools.org/new-jersey/newark/1353-Harriet-Tubman-Elementary-School/,2.0
Hawkins Street Elementary School,"8 Hawkins Street, Newark, NJ, 07105",https://www.greatschools.org/new-jersey/newark/1354-Hawkins-Street-Elementary-School/,2.0
Hawthorne Avenue Elementary School,"428 HAWTHORNE AVE, Newark, NJ, 07112",https://www.greatschools.org/new-jersey/newark/1355-Hawthorne-Avenue-Elementary-School/,2.0
McKinley Elementary School,"1 Colonnade Place, Newark, NJ, 07104",https://www.greatschools.org/new-jersey/newark/1364-McKinley-Elementary-School/,2.0
George Washington Carver Elementary School,"333 Clinton Place, Newark, NJ, 07112",https://www.greatschools.org/new-jersey/newark/1382-George-Washington-Carver-Elementary-School/,2.0
Dr. E. Alma Flagg Elementary School,"150 THIRD ST, Newark, NJ, 07104",https://www.greatschools.org/new-jersey/newark/1384-Dr.-E.-Alma-Flagg-Elementary-School/,2.0
North Bergen High School,"7417 John F. Kennedy Boulevard, North Bergen, NJ, 07047",https://www.greatschools.org/new-jersey/north-bergen/1397-North-Bergen-High-School/,2.0
Parsons Elementary School,"116 HOLLYWOOD STREET, North Brunswick Township, NJ, 08902",https://www.greatschools.org/new-jersey/north-brunswick-township/1409-Parsons-Elementary-School/,2.0
North Plainfield High School,"34 Wilson Avenue, North Plainfield, NJ, 07060",https://www.greatschools.org/new-jersey/north-plainfield/1421-North-Plainfield-High-School/,2.0
West End Elementary School,"447 Greenbrook Road, North Plainfield, NJ, 07060",https://www.greatschools.org/new-jersey/north-plainfield/1425-West-End-Elementary-School/,2.0
Orange High School,"400 LINCOLN AVE, City of Orange, NJ, 07050",https://www.greatschools.org/new-jersey/city-of-orange/1476-Orange-High-School/,2.0
Oakwood Avenue Elementary School,"135 OAKWOOD AVE, City of Orange, NJ, 07050",https://www.greatschools.org/new-jersey/city-of-orange/1482-Oakwood-Avenue-Elementary-School/,2.0
Park Avenue Elementary School,"231 PARK AVE, City of Orange, NJ, 07050",https://www.greatschools.org/new-jersey/city-of-orange/1484-Park-Avenue-Elementary-School/,2.0
"Number 1, Thomas Jefferson Elementary School","390 Van Houten Avenue, Passaic, NJ, 07055",https://www.greatschools.org/new-jersey/passaic/1519-Number-1-Thomas-Jefferson-Elementary-School/,2.0
Number 3 Mario J Drago,"155 Van Houten Avenue, Passaic, NJ, 07055",https://www.greatschools.org/new-jersey/passaic/1520-Number-3-Mario-J-Drago/,2.0
Manchester Reg High School,"70 Church Street, Haledon, NJ, 07508",https://www.greatschools.org/new-jersey/haledon/1531-Manchester-Reg-High-School/,2.0
School 7,"106 Ramsey Street, Paterson, NJ, 07501",https://www.greatschools.org/new-jersey/paterson/1545-Number-7-Elementary-School/,2.0
School 12,"121 North 2nd Street, Paterson, NJ, 07522",https://www.greatschools.org/new-jersey/paterson/1550-Number-12-Elementary-School/,2.0
School 13,"690 East 23rd Street, Paterson, NJ, 07504",https://www.greatschools.org/new-jersey/paterson/1551-Number-13-Elementary-School/,2.0
School 18,"51 East 18th Street, Paterson, NJ, 07524",https://www.greatschools.org/new-jersey/paterson/1556-Number-18-Elementary-School/,2.0
Martin Luther King Elementary School,"851 East 28th Street, Paterson, NJ, 07513",https://www.greatschools.org/new-jersey/paterson/1566-Martin-Luther-King-Elementary-School/,2.0
Helen A Fort Middle School,"101 Fort Dix Road, Pemberton, NJ, 08068",https://www.greatschools.org/new-jersey/pemberton/1575-Helen-A--Fort-Middle-School/,2.0
Samuel T. Busansky Elementary School,"16 Scrapetown Road, Pemberton, NJ, 08068",https://www.greatschools.org/new-jersey/pemberton/1584-Samuel-T.-Busansky-Elementary-School/,2.0
Penns Grove High School,"334 HARDING HIGHWAY, Carneys Point Township, NJ, 08069",https://www.greatschools.org/new-jersey/penns-grove/1586-Penns-Grove-High-School/,2.0
Pennsauken High School,"800 HYLTON ROAD, Pennsauken Township, NJ, 08110",https://www.greatschools.org/new-jersey/pennsauken-township/1592-Pennsauken-High-School/,2.0
Delair Elementary School,"850 DEROUSSE AVENUE, Pennsauken Township, NJ, 08110",https://www.greatschools.org/new-jersey/pennsauken-township/1598-Delair-Elementary-School/,2.0
Edward J Patten Elementary School,"500 Charles Street, Perth Amboy, NJ, 08861",https://www.greatschools.org/new-jersey/perth-amboy/1608-Edward-J--Patten-Elementary-School/,2.0
Perth Amboy High School,"300 Eagle Avenue, Perth Amboy, NJ, 08861",https://www.greatschools.org/new-jersey/perth-amboy/1609-Perth-Amboy-High-School/,2.0
Anthony V Ceres School,"445 State Street, Perth Amboy, NJ, 08861",https://www.greatschools.org/new-jersey/perth-amboy/1611-Anthony-V-Ceres-School/,2.0
Mc Ginnis Middle School,"271 State Street, Perth Amboy, NJ, 08861",https://www.greatschools.org/new-jersey/perth-amboy/1614-Mc-Ginnis-Middle-School/,2.0
James J. Flynn Elementary School,"850 Chamberlain Avenue, Perth Amboy, NJ, 08861",https://www.greatschools.org/new-jersey/perth-amboy/1615-James-J.-Flynn-Elementary-School/,2.0
Albert M. Bean Elementary School,"70 East 3rd Avenue, Pine Hill, NJ, 08021",https://www.greatschools.org/new-jersey/pine-hill/1623-Albert-M.-Bean-Elementary-School/,2.0
Maxson Middle School,"920 East 7th Street, Plainfield, NJ, 07062",https://www.greatschools.org/new-jersey/plainfield/1648-Maxson-Middle-School/,2.0
Dewitt D. Barlow Elementary School,"E FRONT ST & FARRAGUT RD, Plainfield, NJ, 07060",https://www.greatschools.org/new-jersey/plainfield/1649-Dewitt-D.-Barlow-Elementary-School/,2.0
Bound Brook High School,"111 West Union Avenue, Bound Brook, NJ, 08805",https://www.greatschools.org/new-jersey/bound-brook/165-Bound-Brook-High-School/,2.0
Evergreen Elementary School,"1033 Evergreen Avenue, Plainfield, NJ, 07060",https://www.greatschools.org/new-jersey/plainfield/1654-Evergreen-Elementary-School/,2.0
Jefferson Elementary School,"1700 West Front Street, Plainfield, NJ, 07063",https://www.greatschools.org/new-jersey/plainfield/1655-Jefferson-Elementary-School/,2.0
Pleasantville High School,"701 Mill Road, Pleasantville, NJ, 08232",https://www.greatschools.org/new-jersey/pleasantville/1659-Pleasantville-High-School/,2.0
Leeds Ave Elementary School,"100 West Leeds Avenue, Pleasantville, NJ, 08232",https://www.greatschools.org/new-jersey/pleasantville/1661-Leeds-Ave-Elementary-School/,2.0
South Main St Elementary School,"701 South Main Street, Pleasantville, NJ, 08232",https://www.greatschools.org/new-jersey/pleasantville/1663-South-Main-St-Elementary-School/,2.0
Pleasantville Middle School,"801 Mill Road, Pleasantville, NJ, 08232",https://www.greatschools.org/new-jersey/pleasantville/1664-Pleasantville-Middle-School/,2.0
Rahway High School,"1012 Madison Avenue, Rahway, NJ, 07065",https://www.greatschools.org/new-jersey/rahway/1688-Rahway-High-School/,2.0
Rahway Middle School,"1157 Kline Place, Rahway, NJ, 07065",https://www.greatschools.org/new-jersey/rahway/1689-Rahway-Middle-School/,2.0
Madison Elementary School,"944 Madison Avenue, Rahway, NJ, 07065",https://www.greatschools.org/new-jersey/rahway/1692-Madison-Elementary-School/,2.0
Franklin Elementary School,"8 MEEKER STREET, Roxbury Township, NJ, 07876",https://www.greatschools.org/new-jersey/roxbury-township/1778-Franklin-Elementary-School/,2.0
Dawes Ave Elementary School,"22 West Dawes Avenue, Somers Point, NJ, 08244",https://www.greatschools.org/new-jersey/somers-point/1837-Dawes-Ave-Elementary-School/,2.0
Broad Street Elementary School,"251 West Broad Street, Bridgeton, NJ, 08302",https://www.greatschools.org/new-jersey/bridgeton/186-Broad-Street-Elementary-School/,2.0
Indian Avenue Elementary School,"399 Indian Avenue, Bridgeton, NJ, 08302",https://www.greatschools.org/new-jersey/bridgeton/189-Indian-Avenue-Elementary-School/,2.0
Toms River High - South High School,"55 Hyers Street, Toms River, NJ, 08753",https://www.greatschools.org/new-jersey/toms-river/1950-Toms-River-High---South-High-School/,2.0
Walnut Street Elementary School,"60 Walnut Street, Toms River, NJ, 08753",https://www.greatschools.org/new-jersey/toms-river/1960-Walnut-Street-Elementary-School/,2.0
West Dover Elementary School,"50 BLUE JAY DRIVE, Toms River, NJ, 08753",https://www.greatschools.org/new-jersey/toms-river/1962-West-Dover-Elementary-School/,2.0
Grace A Dunn Middle School,"401 Dayton Street, Trenton, NJ, 08610",https://www.greatschools.org/new-jersey/trenton/1971-Grace-A-Dunn-Middle-School/,2.0
Franklin Elementary School,"200 William Street, Trenton, NJ, 08610",https://www.greatschools.org/new-jersey/trenton/1974-Franklin-Elementary-School/,2.0
Gregory Elementary School,"500 Rutherford Avenue, Trenton, NJ, 08618",https://www.greatschools.org/new-jersey/trenton/1976-Gregory-Elementary-School/,2.0
Battle Hill Elementary School,"2600 Killian Place, Union, NJ, 07083",https://www.greatschools.org/new-jersey/union/2017-Battle-Hill-Elementary-School/,2.0
Franklin Elementary School,"1500 Lindy Terrace, Union, NJ, 07083",https://www.greatschools.org/new-jersey/union/2020-Franklin-Elementary-School/,2.0
Elizabeth F Moore School,"1361 Highway 77, Upper Deerfield Township, NJ, 08302",https://www.greatschools.org/new-jersey/bridgeton/2024-Elizabeth-F-Moore-School/,2.0
Rolling Hills Elementary School,"60 SAMMIS ROAD, Vernon Township, NJ, 07462",https://www.greatschools.org/new-jersey/vernon-township/2038-Rolling-Hills-Elementary-School/,2.0
Veterans Memorial Int School,"424 South Main Road, Vineland, NJ, 08360",https://www.greatschools.org/new-jersey/vineland/2052-Veterans-Memorial-Int-School/,2.0
Buena Regional High School,"125 Weymouth Road, Buena, NJ, 08310",https://www.greatschools.org/new-jersey/buena/206-Buena-Regional-High-School/,2.0
Warren Hills Reg Midd School,"64 66 CARLTON AVENUE, Washington, NJ, 07882",https://www.greatschools.org/new-jersey/washington/2089-Warren-Hills-Reg-Midd-School/,2.0
Port Colden Elementary School,"30 Port Colden Road, Washington, NJ, 07882",https://www.greatschools.org/new-jersey/washington/2117-Port-Colden-Elementary-School/,2.0
Wildwood High School,"4300 Pacific Avenue, Wildwood, NJ, 08260",https://www.greatschools.org/new-jersey/wildwood/2219-Wildwood-High-School/,2.0
Wildwood Middle School,"4300 Pacific Avenue, Wildwood, NJ, 08260",https://www.greatschools.org/new-jersey/wildwood/2221-Wildwood-Middle-School/,2.0
W R James Sr Elementary School,"41 Pinetree Lane, Willingboro, NJ, 08046",https://www.greatschools.org/new-jersey/willingboro/2229-W--R--James-Sr-Elementary-School/,2.0
Winslow Township School No. 6 Elementary School,"617 SICKLER AVENUE, Winslow Township, NJ, 08081",https://www.greatschools.org/new-jersey/sicklerville/2235-Winslow-Township-School-No.-6-Elementary-School/,2.0
Winslow Township School No. 5 Elementary School,"130 Oak Leaf Road, Berlin, NJ, 08009",https://www.greatschools.org/new-jersey/berlin/2240-Winslow-Township-School-No.-5-Elementary-School/,2.0
Woodbridge High School,"25 SAMUEL LUPO PLACE, Woodbridge Township, NJ, 07095",https://www.greatschools.org/new-jersey/woodbridge-township/2244-Woodbridge-High-School/,2.0
Woodbridge Middle School,"525 BARRON AVENUE, Woodbridge Township, NJ, 07095",https://www.greatschools.org/new-jersey/woodbridge-township/2248-Woodbridge-Middle-School/,2.0
West End Memorial Elementary School,"215 Queen Street, Woodbury, NJ, 08096",https://www.greatschools.org/new-jersey/woodbury/2269-West-End-Memorial-Elementary-School/,2.0
Brimm Medical Arts High School,"1875 Park Boulevard, Camden, NJ, 08103",https://www.greatschools.org/new-jersey/camden/239-Brimm-Medical-Arts-High-School/,2.0
Davis Elementary School,"3425 Cramer Street, Camden, NJ, 08105",https://www.greatschools.org/new-jersey/camden/250-Davis-Elementary-School/,2.0
Creative Arts High School,"1875 Park Boulevard, Camden, NJ, 08103",https://www.greatschools.org/new-jersey/camden/256-Morgan-Village-Middle-School/,2.0
H. B. Wilson Elementary School,"2250 South 8th Street, Camden, NJ, 08104",https://www.greatschools.org/new-jersey/camden/265-H.-B.-Wilson-Elementary-School/,2.0
Carteret High School,"199 Washington Avenue, Carteret, NJ, 07008",https://www.greatschools.org/new-jersey/carteret/281-Carteret-High-School/,2.0
Sterling High School,"501 South Warwick Road, Somerdale, NJ, 08083",https://www.greatschools.org/new-jersey/somerdale/289-Sterling-High-School/,2.0
Charter-Tech High School,"413 New Road, Somers Point, NJ, 08244",https://www.greatschools.org/new-jersey/somers-point/3334-Charter-Tech-High-School/,2.0
Clifton High School,"333 Colfax Avenue, Clifton, NJ, 07013",https://www.greatschools.org/new-jersey/clifton/334-Clifton-High-School/,2.0
Benjamin Banneker Academy,"500 South Clinton Street, East Orange, NJ, 07018",https://www.greatschools.org/new-jersey/east-orange/3377-Fourth-Avenue-Elementary-School/,2.0
School #4,"194 West 2nd Street, Clifton, NJ, 07011",https://www.greatschools.org/new-jersey/clifton/340-Number-4-Elementary-School/,2.0
Leap Academy University Charter School,"130 North Broadway, Camden, NJ, 08102",https://www.greatschools.org/new-jersey/camden/3440-Leap-Academy-University-Charter-School/,2.0
Nathan Hale School,"678 Roosevelt Avenue, Carteret, NJ, 07008",https://www.greatschools.org/new-jersey/carteret/3442-Nathan-Hale-School/,2.0
Lindenwold High School,"801 Egg Harbor Road, Lindenwold, NJ, 08021",https://www.greatschools.org/new-jersey/lindenwold/3449-Lindenwold-High-School/,2.0
Lindenwold Middle School,"40 White Horse Avenue, Lindenwold, NJ, 08021",https://www.greatschools.org/new-jersey/lindenwold/3450-Lindenwold-Middle-School/,2.0
Alexander Hamilton Academy,"11-27 16TH AVENUE, Paterson, NJ, 07501",https://www.greatschools.org/new-jersey/paterson/3459-Alexander-Hamilton-Academy/,2.0
University Academy Charter School,"275 West Side Avenue, Jersey City, NJ, 07305",https://www.greatschools.org/new-jersey/jersey-city/3482-University-Academy-Charter-School/,2.0
Cumberland Reg High School,"90 Silver Lake Road, Bridgeton, NJ, 08302",https://www.greatschools.org/new-jersey/bridgeton/379-Cumberland-Reg-High-School/,2.0
Walnut Street Middle School,"411 Walnut Street, Delanco, NJ, 08075",https://www.greatschools.org/new-jersey/delanco/383-Walnut-Street-Middle-School/,2.0
Deptford Twp High School,"575 Fox Run Road, Deptford, NJ, 08096",https://www.greatschools.org/new-jersey/deptford-township/397-Deptford-Twp-High-School/,2.0
East Newark Public Elementary School,"501 11 NORTH THIRD STREET, Newark, NJ, 07029",https://www.greatschools.org/new-jersey/east-newark/439-East-Newark-Public-Elementary-School/,2.0
Atlantic City High School,"1400 North Albany Avenue, Atlantic City, NJ, 08401",https://www.greatschools.org/new-jersey/atlantic-city/44-Atlantic-City-High-School/,2.0
Edward T. Bowser Sr Elementary School,"180 Lincoln Street, East Orange, NJ, 07017",https://www.greatschools.org/new-jersey/east-orange/443-Edward-T.-Bowser-Sr-Elementary-School/,2.0
Ecole T Loverture School,"330 Central Avenue, East Orange, NJ, 07018",https://www.greatschools.org/new-jersey/east-orange/449-Ecole-T--Loverture-School/,2.0
Cicely Tyson Com Elementary School,"45 North Arlington Avenue, East Orange, NJ, 07017",https://www.greatschools.org/new-jersey/east-orange/451-Cicely-Tyson-Com-Elementary-School/,2.0
Catto Community School,"3100 Westfield Avenue, Camden, NJ, 08105",https://www.greatschools.org/new-jersey/camden/4516-Catto-Community-School/,2.0
T W Wallace Middle School,"688 North Mill Road, Vineland, NJ, 08360",https://www.greatschools.org/new-jersey/vineland/4541-T-W--Wallace-Middle-School/,2.0
Samuel M Ridgway School,"300 Delanco Road, Edgewater Park, NJ, 08010",https://www.greatschools.org/new-jersey/beverly/476-Samuel-M-Ridgway-School/,2.0
Texas Avenue Elementary School,"2523 Arctic Avenue, Atlantic City, NJ, 08401",https://www.greatschools.org/new-jersey/atlantic-city/48-Texas-Avenue-Elementary-School/,2.0
Clayton J Davenport Elementary School,"2499 Spruce Avenue, Egg Harbor Township, NJ, 08234",https://www.greatschools.org/new-jersey/egg-harbor-township/499-Clayton-J--Davenport-Elementary-School/,2.0
No 5 Mabel Holmes Middle School,"650 Bayway, Elizabeth, NJ, 07202",https://www.greatschools.org/new-jersey/elizabeth/503-No-5-Mabel-Holmes-Middle-School/,2.0
"Number 13, Benjamin Franklin Elementary School","248 Ripley Place, Elizabeth, NJ, 07206",https://www.greatschools.org/new-jersey/elizabeth/517-Number-13-Benjamin-Franklin-Elementary-School/,2.0
Memorial Sr High School,"375 River Drive, Elmwood Park, NJ, 07407",https://www.greatschools.org/new-jersey/elmwood-park/532-Memorial-Sr--High-School/,2.0
Ewing High School,"900 PARKWAY AVE, Ewing Township, NJ, 08618",https://www.greatschools.org/new-jersey/trenton/562-Ewing-High-School/,2.0
Parkway Elementary School,"446 PARKWAY AVENUE, Ewing Township, NJ, 08618",https://www.greatschools.org/new-jersey/trenton/565-Parkway-Elementary-School/,2.0
Glassboro High School,"560 Joseph L Bowe Boulevard, Glassboro, NJ, 08028",https://www.greatschools.org/new-jersey/glassboro/660-Glassboro-High-School/,2.0
Gloucester Township Elementary School,"270 SOUTH BLACK HORSE PIKE, Gloucester Township, NJ, 08012",https://www.greatschools.org/new-jersey/gloucester-township/683-Gloucester-Township-Elementary-School/,2.0
Oakcrest High School,"1824 DR DENNIS FOREMAN DRIVE, Hamilton, NJ, 08330",https://www.greatschools.org/new-jersey/hamilton-township/689-Oakcrest-High-School/,2.0
Camden Big Picture Learning Academy,"1875 Park Boulevard, Camden, NJ, 08103",https://www.greatschools.org/new-jersey/camden/6914-Met-East-High-School/,2.0
University Elementary School,"1 University Place, Irvington, NJ, 07111",https://www.greatschools.org/new-jersey/irvington/6921-University-Elementary-School/,2.0
T A Edison Career Tech Academy,"625 Summer Street, Elizabeth, NJ, 07202",https://www.greatschools.org/new-jersey/elizabeth/7070-T-A-Edison-Career-Tech-Academy/,2.0
Paterson P-Tech,"201 Memorial Drive, Paterson, NJ, 07505",https://www.greatschools.org/new-jersey/paterson/7075-Panther/,2.0
The Barack Obama Green Charter High School,"35 Watchung Avenue, Plainfield, NJ, 07060",https://www.greatschools.org/new-jersey/plainfield/7101-The-Barack-Obama-Green-Charter-High-School/,2.0
Millville Public Charter School,"1101 Wheaton Avenue, Millville, NJ, 08332",https://www.greatschools.org/new-jersey/millville/7124-Millville-Public-Charter-School/,2.0
Dr. J.P. Cleary Elementary School,"1501 CENTRAL AVE, Buena, NJ, 08341",https://www.greatschools.org/new-jersey/buena/7134-Dr.-J.P.-Cleary-Elementary-School/,2.0
George E. Wilson Elementary School,"600 Park Avenue, Hamilton Township, NJ, 08610",https://www.greatschools.org/new-jersey/trenton/734-George-E.-Wilson-Elementary-School/,2.0
Kisthardt Elementary School,"215 HARCOURT DRIVE, Hamilton Township, NJ, 08610",https://www.greatschools.org/new-jersey/trenton/736-Kisthardt-Elementary-School/,2.0
Lalor Elementary School,"25 BARNT DEKLYN ROAD, Hamilton Township, NJ, 08610",https://www.greatschools.org/new-jersey/hamilton-township/739-Lalor-Elementary-School/,2.0
Hillside High School,"1085 Liberty Avenue, Hillside, NJ, 07205",https://www.greatschools.org/new-jersey/hillside/799-Hillside-High-School/,2.0
Belleville Sr High School,"100 Passaic Avenue, Belleville, NJ, 07109",https://www.greatschools.org/new-jersey/belleville/80-Belleville-Sr--High-School/,2.0
Walter O. Krumbiegel Middle School,"145 Hillside Avenue, Hillside, NJ, 07205",https://www.greatschools.org/new-jersey/hillside/802-Walter-O.-Krumbiegel-Elementary-School/,2.0
Belleville Middle School,"279 Washington Avenue, Belleville, NJ, 07109",https://www.greatschools.org/new-jersey/belleville/81-Belleville-Middle-School/,2.0
Hopatcong Middle School,"1 David Road, Hopatcong, NJ, 07843",https://www.greatschools.org/new-jersey/stanhope/821-Hopatcong-Middle-School/,2.0
Grove Street Elementary School,"602 Grove Street, Irvington, NJ, 07111",https://www.greatschools.org/new-jersey/irvington/848-Grove-Street-Elementary-School/,2.0
Madison Avenue Elementary School,"173 Madison Avenue, Irvington, NJ, 07111",https://www.greatschools.org/new-jersey/irvington/849-Madison-Avenue-Elementary-School/,2.0
University Middle School,"255 Myrtle Avenue, Irvington, NJ, 07111",https://www.greatschools.org/new-jersey/irvington/851-University-Middle-School/,2.0
Belleville PS8,"183 Union Avenue, Belleville, NJ, 07109",https://www.greatschools.org/new-jersey/belleville/86-Number-8-Elementary-School/,2.0
Joseph A. Taub School,"202 Union Avenue, Paterson, NJ, 07502",https://www.greatschools.org/new-jersey/paterson/8733-DON-BOSCO-ACADEMY/,2.0
James J. Ferris High School,"35 Colgate Street, Jersey City, NJ, 07302",https://www.greatschools.org/new-jersey/jersey-city/876-James-J.-Ferris-High-School/,2.0
Trenton Stem-To-Civics Charter School,"1555 Pennington Raod, Ewing Township, NJ, 08618",https://www.greatschools.org/new-jersey/ewing-township/8775-Trenton-Stem-To-Civics-Charter-School/,2.0
COMPASS ACADEMY CHARTER SCHOOL,"23 West Chestnut Avenue, Vineland, NJ, 08360",https://www.greatschools.org/new-jersey/vineland/8779-COMPASS-ACADEMY-CHARTER-SCHOOL/,2.0
Mastery Schools Of Camden Inc.,"1001 North 17th Street, Camden, NJ, 08105",https://www.greatschools.org/new-jersey/camden/8789-Mastery-Schools-Of-Camden-Inc./,2.0
William L. Dickinson High School,"2 Palisade Avenue, Jersey City, NJ, 07306",https://www.greatschools.org/new-jersey/jersey-city/879-William-L.-Dickinson-High-School/,2.0
Bridgeton Public Charter School,"790 East Commerce Street, Bridgeton, NJ, 08302",https://www.greatschools.org/new-jersey/bridgeton/8876-Bridgeton-Public-Charter-School/,2.0
Mahatma K. Gandhi School,"143 Romaine Avenue, Jersey City, NJ, 07306",https://www.greatschools.org/new-jersey/jersey-city/890-Number-23-Elementary-School/,2.0
Sgt. Dominick Pilla Middle School,"3133 South Lincoln Avenue, Vineland, NJ, 08361",https://www.greatschools.org/new-jersey/vineland/8901-Lincoln-Avenue-Middle-School/,2.0
Levitt Intermediate School,"80 Martin Luther King Jr. Boulevard, Willingboro, NJ, 08046",https://www.greatschools.org/new-jersey/willingboro/8902-Levitt-Intermediate-School/,2.0
Number 34 Elementary School,"1830 KENNEDY BLVD, Jersey City, NJ, 07305",https://www.greatschools.org/new-jersey/jersey-city/898-Number-34-Elementary-School/,2.0
Alexander D. Sullivan No. 30 Elementary School,"171 Seaview Avenue, Jersey City, NJ, 07305",https://www.greatschools.org/new-jersey/jersey-city/900-Alexander-D.-Sullivan-No.-30-Elementary-School/,2.0
Dr. Charles P. Defuccio No. 39 Elementary School,"214 Plainfield Avenue, Jersey City, NJ, 07306",https://www.greatschools.org/new-jersey/jersey-city/901-Dr.-Charles-P.-Defuccio-No.-39-Elementary-School/,2.0
Joseph R Bolger Mid School,"100 Palmer Place, Keansburg, NJ, 07734",https://www.greatschools.org/new-jersey/keansburg/910-Joseph-R--Bolger-Mid-School/,2.0
Keansburg High School,"140 Port Monmouth Road, Keansburg, NJ, 07734",https://www.greatschools.org/new-jersey/keansburg/911-Keansburg-High-School/,2.0
Sonia Sotomayor School 21,"225 Madison Street, Passaic, NJ, 07055",https://www.greatschools.org/new-jersey/passaic/9207-Sonia-Sotomayor-School-21/,2.0
Polk Street School,"7111 Polk Street, North Bergen, NJ, 07047",https://www.greatschools.org/new-jersey/north-bergen/9213-Polk-Street-School/,2.0
Keyport High School,"351 Broad Street, Keyport, NJ, 07735",https://www.greatschools.org/new-jersey/keyport/923-Keyport-High-School/,2.0
Joyce Kilmer Elementary School,"1300 Stuyvesant Avenue, Trenton, NJ, 08618",https://www.greatschools.org/new-jersey/trenton/9239-Joyce-Kilmer-Elementary-School/,2.0
Dr. Martin Luther King Middle School,"401-411 Brunswick Ave, Trenton, NJ, 08638",https://www.greatschools.org/new-jersey/trenton/9242-Dr.-Martin-Luther-King-Middle-School/,2.0
Holland Middle School,"1001 West State Street, Trenton, NJ, 08618",https://www.greatschools.org/new-jersey/trenton/9243-Holland-Middle-School/,2.0
Muhammad Ali School Number 23,"63 Dayton Avenue, Passaic, NJ, 07055",https://www.greatschools.org/new-jersey/passaic/9245-Muhammad-Ali-School-Number-23/,2.0
Lawnside Public Elementary School,"426 East Charleston Avenue, Lawnside, NJ, 08045",https://www.greatschools.org/new-jersey/lawnside/952-Lawnside-Public-Elementary-School/,2.0
Linden High School,"121 West Saint Georges Avenue, Linden, NJ, 07036",https://www.greatschools.org/new-jersey/linden/973-Linden-High-School/,2.0
Lindenwold Number 4 Elementary School,"900 East Gibbsboro Road, Lindenwold, NJ, 08021",https://www.greatschools.org/new-jersey/lindenwold/985-Lindenwold-Number-4-Elementary-School/,2.0
Morgan Village Middle School,"990 Morgan Boulevard, Camden, NJ, 08104",https://www.greatschools.org/new-jersey/camden/9201-Morgan-Village-Middle-School/,2.0
Silver Run School,"301 Silver Run Road, Millville, NJ, 08332",https://www.greatschools.org/new-jersey/millville/1191-Silver-Run-School/,1.0
Barringer High School,"90 Parker Street, Newark, NJ, 07104",https://www.greatschools.org/new-jersey/newark/1317-Barringer-High-School/,1.0
Central High School,"250 18th Avenue, Newark, NJ, 07103",https://www.greatschools.org/new-jersey/newark/1318-Central-High-School/,1.0
Newark Vocational High School,"301 West Kinney Street, Newark, NJ, 07103",https://www.greatschools.org/new-jersey/newark/1320-Newark-Vocational-High-School/,1.0
Weequahic High School,"279 Chancellor Avenue, Newark, NJ, 07112",https://www.greatschools.org/new-jersey/newark/1324-Weequahic-High-School/,1.0
West Side High School,"403 South Orange Avenue, Newark, NJ, 07103",https://www.greatschools.org/new-jersey/newark/1325-West-Side-High-School/,1.0
Belmont-Runyon Elementary School,"1 Belmont Runyon Way, Newark, NJ, 07108",https://www.greatschools.org/new-jersey/newark/1331-Belmont-Runyon-Elementary-School/,1.0
Camden Street Elementary School,"281 Camden Street, Newark, NJ, 07103",https://www.greatschools.org/new-jersey/newark/1339-Camden-Street-Elementary-School/,1.0
Lincoln Elementary School,"87 Richelieu Terrace, Newark, NJ, 07106",https://www.greatschools.org/new-jersey/newark/1358-Lincoln-Elementary-School/,1.0
Quitman Street School,"21 Quitman Street, Newark, NJ, 07103",https://www.greatschools.org/new-jersey/newark/1372-Quitman-Community-School/,1.0
Sussex Avenue Elementary School,"307 Sussex Avenue, Newark, NJ, 07107",https://www.greatschools.org/new-jersey/newark/1378-Sussex-Avenue-Elementary-School/,1.0
Thirteenth Avenue Elementary School,"359 13th Avenue, Newark, NJ, 07103",https://www.greatschools.org/new-jersey/newark/1379-Thirteenth-Avenue-Elementary-School/,1.0
Passaic High School,"170 Paulison Avenue, Passaic, NJ, 07055",https://www.greatschools.org/new-jersey/passaic/1518-Passaic-High-School/,1.0
Number 6 Martin L King,"85 Hamilton Avenue, Passaic, NJ, 07055",https://www.greatschools.org/new-jersey/passaic/1522-Number-6-Martin-L-King/,1.0
Etta Gero No 9 Elementary School,"140 1st Street, Passaic, NJ, 07055",https://www.greatschools.org/new-jersey/passaic/1525-Etta-Gero-No-9-Elementary-School/,1.0
Edward W. Kilpatrick Elementary School,"295-315 ELLISON STREET, Paterson, NJ, 07501",https://www.greatschools.org/new-jersey/paterson/1539-Edward-W.-Kilpatrick-Elementary-School/,1.0
Senator Frank Lautenberg School,"137 Carroll Street, Paterson, NJ, 07501",https://www.greatschools.org/new-jersey/paterson/1544-Number-6-Elementary-School/,1.0
School 10,"48 Mercer Street, Paterson, NJ, 07524",https://www.greatschools.org/new-jersey/paterson/1548-Number-10-Elementary-School/,1.0
School 21,"322 10th Avenue, Paterson, NJ, 07514",https://www.greatschools.org/new-jersey/paterson/1559-Number-21-Elementary-School/,1.0
School 26,"1 East 32nd Street, Paterson, NJ, 07514",https://www.greatschools.org/new-jersey/paterson/1562-Number-26-Elementary-School/,1.0
Rosa Parks Arts High School,"413 12th Avenue, Paterson, NJ, 07514",https://www.greatschools.org/new-jersey/paterson/1568-Rosa-Parks-Arts-High-School/,1.0
Paulsboro High School,"670 North Delaware Street, Paulsboro, NJ, 08066",https://www.greatschools.org/new-jersey/paulsboro/1571-Paulsboro-High-School/,1.0
Paul W. Carleton Elementary School,"251 East Maple Avenue, Penns Grove, NJ, 08069",https://www.greatschools.org/new-jersey/penns-grove/1587-Paul-W.-Carleton-Elementary-School/,1.0
Penns Grove Middle School,"351 East Maple Avenue, Penns Grove, NJ, 08069",https://www.greatschools.org/new-jersey/penns-grove/1590-Penns-Grove-Middle-School/,1.0
Hn Richardson 21 Cent School,"318 Stockton Street, Perth Amboy, NJ, 08861",https://www.greatschools.org/new-jersey/perth-amboy/1613-Hn-Richardson-21-Cent-School/,1.0
Plainfield High School,"950 Park Avenue, Plainfield, NJ, 07060",https://www.greatschools.org/new-jersey/plainfield/1646-Plainfield-High-School/,1.0
Charles H. Stillman Elementary School,"201 W FOURTH ST, Plainfield, NJ, 07062",https://www.greatschools.org/new-jersey/plainfield/1656-Charles-H.-Stillman-Elementary-School/,1.0
Riverside High School,"112 East Washington Street, Riverside, NJ, 08075",https://www.greatschools.org/new-jersey/riverside/1751-Riverside-High-School/,1.0
Abraham Clark High School,"122 East 6th Avenue, Roselle, NJ, 07203",https://www.greatschools.org/new-jersey/roselle/1765-Abraham-Clark-High-School/,1.0
Salem Middle School,"51 New Market Street, Salem, NJ, 08079",https://www.greatschools.org/new-jersey/salem/1803-Salem-Middle-School/,1.0
Bridgeton High School,"111 West Avenue North, Bridgeton, NJ, 08302",https://www.greatschools.org/new-jersey/bridgeton/185-Bridgeton-High-School/,1.0
Buckshutem Road Elementary School,"550 Buckshutem Road, Bridgeton, NJ, 08302",https://www.greatschools.org/new-jersey/bridgeton/187-Buckshutem-Road-Elementary-School/,1.0
Cherry Street Elementary School,"11 Cherry Street, Bridgeton, NJ, 08302",https://www.greatschools.org/new-jersey/bridgeton/188-Cherry-Street-Elementary-School/,1.0
Quarter Mile Lane Elementary School,"300 Quarter Mile Lane, Bridgeton, NJ, 08302",https://www.greatschools.org/new-jersey/bridgeton/190-Quarter-Mile-Lane-Elementary-School/,1.0
West Avenue Elementary School,"51 West Avenue North, Bridgeton, NJ, 08302",https://www.greatschools.org/new-jersey/bridgeton/191-West-Avenue-Elementary-School/,1.0
Trenton Central High School,"400 Chambers Street, Trenton, NJ, 08611",https://www.greatschools.org/new-jersey/trenton/1967-Trenton-Central-High-School/,1.0
Columbus Elementary School,"1200 Brunswick Avenue, Trenton, NJ, 08638",https://www.greatschools.org/new-jersey/trenton/1973-Columbus-Elementary-School/,1.0
Grant Elementary School,"159 North Clinton Avenue, Trenton, NJ, 08609",https://www.greatschools.org/new-jersey/trenton/1975-Grant-Elementary-School/,1.0
Harrison Elementary School,"461 Genesee Street, Trenton, NJ, 08611",https://www.greatschools.org/new-jersey/trenton/1977-Harrison-Elementary-School/,1.0
Monument Elementary School,"145 Pennington Avenue, Trenton, NJ, 08618",https://www.greatschools.org/new-jersey/trenton/1981-Monument-Elementary-School/,1.0
P. J. Hill Elementary School,"1010 East State Street, Trenton, NJ, 08609",https://www.greatschools.org/new-jersey/trenton/1983-P.-J.-Hill-Elementary-School/,1.0
Parker Elementary School,"820 South Warren Street, Trenton, NJ, 08611",https://www.greatschools.org/new-jersey/trenton/1984-Parker-Elementary-School/,1.0
Robbins Elementary School,"283 Tyler Street, Trenton, NJ, 08609",https://www.greatschools.org/new-jersey/trenton/1986-Robbins-Elementary-School/,1.0
Woodrow Wilson Elementary School,"175 Girard Avenue, Trenton, NJ, 08638",https://www.greatschools.org/new-jersey/trenton/1989-Woodrow-Wilson-Elementary-School/,1.0
Vineland High,"2880 E CHESTNUT AVE, Vineland, NJ, 08360",https://www.greatschools.org/new-jersey/vineland/2049-Vineland-High/,1.0
Glenwood Ave Elementary School,"2900 New York Avenue, Wildwood, NJ, 08260",https://www.greatschools.org/new-jersey/wildwood/2220-Glenwood-Ave-Elementary-School/,1.0
Willingboro High School,"20 South John F Kennedy Way, Willingboro, NJ, 08046",https://www.greatschools.org/new-jersey/willingboro/2223-Willingboro-High-School/,1.0
Ross Street Elementary School,"ROSS STREET, Woodbridge Township, NJ, 07095",https://www.greatschools.org/new-jersey/woodbridge/2263-Ross-Street-Elementary-School/,1.0
Camden High School,"1700 Park Boulevard, Camden, NJ, 08103",https://www.greatschools.org/new-jersey/camden/241-Camden-High-School/,1.0
East Side High School,"3100 Federal Street, Camden, NJ, 08105",https://www.greatschools.org/new-jersey/camden/242-Woodrow-Wilson-High-School/,1.0
Veterans Memorial Middle School,"800 North 26th Street, Camden, NJ, 08105",https://www.greatschools.org/new-jersey/camden/245-Veterans-Memorial-Middle-School/,1.0
Cooper's Poynt Elementary School,"201 State Street, Camden, NJ, 08102",https://www.greatschools.org/new-jersey/camden/248-Coopers-Poynt-Elementary-School/,1.0
Thomas H. Dudley Family School,"2250 Berwick Street, Camden, NJ, 08105",https://www.greatschools.org/new-jersey/camden/251-Dudley-Es/,1.0
Forest Hill Elementary School,"1625 Wildwood Avenue, Camden, NJ, 08103",https://www.greatschools.org/new-jersey/camden/252-Forest-Hill-Elementary-School/,1.0
Yorkship Elementary School,"1251 Collings Road, Camden, NJ, 08104",https://www.greatschools.org/new-jersey/camden/266-Yorkship-Elementary-School/,1.0
Academy Charter High School,"1725 Main Street, Lake Como, NJ, 07719",https://www.greatschools.org/new-jersey/lake-como/3363-Academy-Charter-High-School/,1.0
Daylight Twilight High School,"1001 West State Street, Trenton, NJ, 08618",https://www.greatschools.org/new-jersey/trenton/3466-Daylight--Twilight-High-School/,1.0
East Orange Campus High School,"344 Prospect Street, East Orange, NJ, 07017",https://www.greatschools.org/new-jersey/east-orange/3485-East-Orange-Campus-High-School/,1.0
Commerical Township School,"1308 NORTH AVENUE, Commercial Township, NJ, 08349",https://www.greatschools.org/new-jersey/commercial-township/365-Haleyville-Mauricetown-Elementary-School/,1.0
Thurgood Marshall Primary School,"600 Monroe Avenue, Asbury Park, NJ, 07712",https://www.greatschools.org/new-jersey/asbury-park/38-Thurgood-Marshall-Primary-School/,1.0
Asbury Park High School,"1001 Sunset Avenue, Asbury Park, NJ, 07712",https://www.greatschools.org/new-jersey/asbury-park/39-Asbury-Park-High-School/,1.0
Bradley Elementary School,"1100 3rd Avenue, Asbury Park, NJ, 07712",https://www.greatschools.org/new-jersey/asbury-park/41-Bradley-Elementary-School/,1.0
Dr. Martin Luther King Middle School,"1200 Bangs Avenue, Asbury Park, NJ, 07712",https://www.greatschools.org/new-jersey/asbury-park/42-Asbury-Park-Middle-School/,1.0
Acc. Eve. High School and Community Education,"669 Avenue A, Bayonne, NJ, 07002",https://www.greatschools.org/new-jersey/bayonne/4236-Bayonne-Alternative-High-School/,1.0
Freedom Prep Charter School,"1000 Atlantic Avenue, Camden, NJ, 08104",https://www.greatschools.org/new-jersey/camden/4320-Freedom-Prep-Charter-School/,1.0
Fairfield Township School,"375 Gouldtown Woodruff Road, Bridgeton, NJ, 08302",https://www.greatschools.org/new-jersey/bridgeton/4524-Fairfield-Township-School/,1.0
American History High School,"74 Montgomery Street, Newark, NJ, 07103",https://www.greatschools.org/new-jersey/newark/4531-American-History-High-School/,1.0
Sojourner Truth Middle School,"116 Hamilton Street, East Orange, NJ, 07017",https://www.greatschools.org/new-jersey/east-orange/456-Sojourner-Truth-Middle-School/,1.0
New York Avenue School,"411 North New York Avenue, Atlantic City, NJ, 08401",https://www.greatschools.org/new-jersey/atlantic-city/49-New-York-Avenue-School/,1.0
Charles L Spragg Elementary School,"601 Buffalo Avenue, Egg Harbor City, NJ, 08215",https://www.greatschools.org/new-jersey/egg-harbor-city/494-Charles-L--Spragg-Elementary-School/,1.0
Egg Harbor Community School,"730 Havana Avenue, Egg Harbor City, NJ, 08215",https://www.greatschools.org/new-jersey/egg-harbor-city/495-Egg-Harbor-Community-School/,1.0
Number Three School,"403 Cliff Street, Fairview, NJ, 07022",https://www.greatschools.org/new-jersey/fairview/583-Number-3-Elementary-School/,1.0
New Roberto Clemente,"482-506 MARKET STREET, Paterson, NJ, 07501",https://www.greatschools.org/new-jersey/paterson/6910-New-Roberto-Clemente/,1.0
Adm W F Halsey Leadership Academy,"641 South Street, Elizabeth, NJ, 07202",https://www.greatschools.org/new-jersey/elizabeth/7072-Adm--W-F-Halsey-Leadership-Academy/,1.0
John E Dwyer Tech Academy,"123 Pearl Street, Elizabeth, NJ, 07202",https://www.greatschools.org/new-jersey/elizabeth/7073-John-E-Dwyer-Tech-Academy/,1.0
Paterson STEAM High School,"764 11th Avenue, Paterson, NJ, 07514",https://www.greatschools.org/new-jersey/paterson/7076-Harp-Health-Related-Prof-Academy/,1.0
Eagle Academy for Young Men of Newark,"279 Chancellor Avenue, Newark, NJ, 07112",https://www.greatschools.org/new-jersey/newark/7120-Eagle-Academy/,1.0
John F. Kennedy High School,"61-127 PREAKNESS AVENUE, Paterson, NJ, 07502",https://www.greatschools.org/new-jersey/paterson/7123-School-Of-Archit-Construction-Trades/,1.0
Academy For Urban Leadership Charter School,"612 Amboy Avenue, Perth Amboy, NJ, 08861",https://www.greatschools.org/new-jersey/perth-amboy/7140-Academy-For-Urban-Leadership-Cs/,1.0
Irvington High School,"1253 Clinton Avenue, Irvington, NJ, 07111",https://www.greatschools.org/new-jersey/irvington/844-Irvington-High-School/,1.0
East Ward Elementary School,"104 Oliver Street, Newark, NJ, 07105",https://www.greatschools.org/new-jersey/newark/8694-New-Oliver-Street-School/,1.0
HEDGEPETH WILLIAM MIDDLE SCHOOL,"301 Gladstone Avenue, Trenton, NJ, 08629",https://www.greatschools.org/new-jersey/trenton/8737-HEDGEPETH-WILLIAM-MIDDLE-SCHOOL/,1.0
Henry Snyder High School,"239 Bergen Avenue, Jersey City, NJ, 07305",https://www.greatschools.org/new-jersey/jersey-city/875-Henry-Snyder-High-School/,1.0
Lincoln High School,"60 Crescent Avenue, Jersey City, NJ, 07304",https://www.greatschools.org/new-jersey/jersey-city/877-Lincoln-High-School/,1.0
Paulsboro Junior High School,"670 North Delaware Street, Paulsboro, NJ, 08066",https://www.greatschools.org/new-jersey/paulsboro/8787-Paulsboro-Junior-High-School/,1.0
Hope Community Charter School,"836 South 4th Street, Camden, NJ, 08103",https://www.greatschools.org/new-jersey/camden/8794-Hope-Community-Charter-School/,1.0
Trenton Central High School-9th Grade Academy,"500 Perry Street, Trenton, NJ, 08609",https://www.greatschools.org/new-jersey/trenton/8834-Trenton-Central-High-School-9th-Grade-Academy/,1.0
Ollie Culbreth Jr. School,"153 Union Street, Jersey City, NJ, 07304",https://www.greatschools.org/new-jersey/jersey-city/886-Number-14-Elementary-School/,1.0
Whitney M Young,"135 Stegman Street, Jersey City, NJ, 07305",https://www.greatschools.org/new-jersey/jersey-city/887-Whitney-M-Young/,1.0
Lead Charter School,"201 Bergen Street, Newark, NJ, 07103",https://www.greatschools.org/new-jersey/newark/8894-LEAD-Charter-School/,1.0
Chaplain Charles Watters School,"220 Virginia Avenue, Jersey City, NJ, 07304",https://www.greatschools.org/new-jersey/jersey-city/891-Chaplain-Charles-Watters-School/,1.0
Ezra L. Nolan No. 40 Middle School,"88 Gates Avenue, Jersey City, NJ, 07305",https://www.greatschools.org/new-jersey/jersey-city/903-Ezra-L.-Nolan-No.-40-Middle-School/,1.0
Center For The Arts,"59 Wilkinson Avenue, Jersey City, NJ, 07305",https://www.greatschools.org/new-jersey/jersey-city/904-Center-For-The-Arts/,1.0
Joseph C Caruso School,"81 Frances Place, Keansburg, NJ, 07734",https://www.greatschools.org/new-jersey/keansburg/913-Joseph-C-Caruso-School/,1.0
Jefferson Elementary,"1 Whittlesey Road, Trenton, NJ, 08618",https://www.greatschools.org/new-jersey/trenton/9240-Jefferson-Elementary/,1.0
Ethel A Jacobsen Elementary School,"200 South Barnegat Avenue, Surf City, NJ, 08008",https://www.greatschools.org/new-jersey/surf-city/1014-Ethel-A-Jacobsen-Elementary-School/,
Morris Avenue School,"318 Morris Avenue, Long Branch, NJ, 07740",https://www.greatschools.org/new-jersey/long-branch/1019-Morris-Avenue-School/,
Lenna W Conrow School,"335 Long Branch Avenue, Long Branch, NJ, 07740",https://www.greatschools.org/new-jersey/long-branch/1022-Lenna-W--Conrow-School/,
Valley Park Elementary School,"63 Mahoney Road, Pennsville Township, NJ, 08070",https://www.greatschools.org/new-jersey/pennsville/1037-Valley-Park-Elementary-School/,
David C. Douglass Memorial School,"2600 BAYSHORE RD, Lower Township, NJ, 08251",https://www.greatschools.org/new-jersey/villas/1040-Memorial-School/,
Carl T Mitnick School,"905 Seashore Road, Cape May, NJ, 08204",https://www.greatschools.org/new-jersey/cape-may/1041-Carl-T--Mitnick-School/,
Florence L. Walther Elementary School,"56 Chestnut Street, Lumberton, NJ, 08048",https://www.greatschools.org/new-jersey/lumberton/1043-Florence-L.-Walther-Elementary-School/,
Columbus Elementary School,"640 Lake Avenue, Lyndhurst, NJ, 07071",https://www.greatschools.org/new-jersey/lyndhurst/1046-Columbus-Elementary-School/,
Franklin Elementary School,"360 Stuyvesant Avenue, Lyndhurst, NJ, 07071",https://www.greatschools.org/new-jersey/lyndhurst/1047-Franklin-Elementary-School/,
Lincoln Elementary School,"281 Ridge Road, Lyndhurst, NJ, 07071",https://www.greatschools.org/new-jersey/lyndhurst/1049-Lincoln-Elementary-School/,
Washington Elementary School,"709 Ridge Road, Lyndhurst, NJ, 07071",https://www.greatschools.org/new-jersey/lyndhurst/1051-Washington-Elementary-School/,
Cheesequake Elementary School,"111 New Jersey 34, Matawan, NJ, 07747",https://www.greatschools.org/new-jersey/matawan/1061-Cheesequake-Elementary-School/,
Technical School Paramus,"E.285 Pascack Road, Paramus, NJ, 07652",https://www.greatschools.org/new-jersey/paramus/107-Technical-School--Paramus/,
George Washington Elementary School,"39 Fardale Avenue, Mahwah, NJ, 07430",https://www.greatschools.org/new-jersey/mahwah/1078-George-Washington-Elementary-School/,
John Hydock Elementary School,"19 LOCUST AVE, Mansfield, NJ, 08022",https://www.greatschools.org/new-jersey/mansfield/1095-John-Hydock-Elementary-School/,
Sewell Elementary School,"40 MCANALLY DR, Mantua Township, NJ, 08080",https://www.greatschools.org/new-jersey/mantua-township/1100-Sewell-Elementary-School/,
Weston Elementary School,"600 Newark Avenue, Manville, NJ, 08835",https://www.greatschools.org/new-jersey/manville/1104-Weston-Elementary-School/,
Howard R Yocum School,"748 North Forklanding Road, Maple Shade, NJ, 08052",https://www.greatschools.org/new-jersey/maple-shade-township/1107-Howard-R--Yocum-School/,
Nokomis Elementary School,"135 Mudjekeewis Trail, Medford Lakes, NJ, 08055",https://www.greatschools.org/new-jersey/medford/1127-Nokomis-Elementary-School/,
McVs Assunpink Vocational School,"1085 Old Trenton Road, Trenton, NJ, 08690",https://www.greatschools.org/new-jersey/trenton/1138-McVs-Assunpink-Vocational-School/,
McVs Sypek Center Vocational School,"129 Bull Run Road, Pennington, NJ, 08534",https://www.greatschools.org/new-jersey/pennington/1139-McVs-Sypek-Center-Vocational-School/,
Mildred B. Moss Elementary School,"16 Simpson Place, Metuchen, NJ, 08840",https://www.greatschools.org/new-jersey/metuchen/1145-Mildred-B.-Moss-Elementary-School/,
Middle Township #1 Elementary School,"215 ELDREDGE ROAD, Middle Township, NJ, 08210",https://www.greatschools.org/new-jersey/middle-township/1148-Middle-Township-1-Elementary-School/,
Mcmillin Early Child Center,"651 Mountain Avenue, Berkeley Heights, NJ, 07922",https://www.greatschools.org/new-jersey/berkeley-heights/116-Mcmillin-Early-Child-Center/,
Memorial High School,"504 East Broad Street, Millville, NJ, 08332",https://www.greatschools.org/new-jersey/millville/1193-Memorial-High-School/,
Child Family Center,"1100 Coombs Road, Millville, NJ, 08332",https://www.greatschools.org/new-jersey/millville/1195-Child-Family-Center/,
R.D. Wood Elementary School,"700 Archer Street, Millville, NJ, 08332",https://www.greatschools.org/new-jersey/millville/1199-R.D.-Wood-Elementary-School/,
William Woodruff Elementary School,"Briarwood Drive West, Berkeley Heights, NJ, 07922",https://www.greatschools.org/new-jersey/berkeley-heights/120-William-Woodruff-Elementary-School/,
Barclay Brook Elementary School,"358 BUCKELEW AVENUE, Monroe Township, NJ, 08831",https://www.greatschools.org/new-jersey/monroe-township/1209-Barclay-Brook-Elementary-School/,
Nishuane Elementary School,"32 Cedar Avenue, Montclair, NJ, 07042",https://www.greatschools.org/new-jersey/montclair/1222-Nishuane-Elementary-School/,
Orchard Hill Elementary School,"244 Orchard Road, Montgomery, NJ, 08558",https://www.greatschools.org/new-jersey/montgomery/1227-Orchard-Hill-Elementary-School/,
George C. Baker Elementary School,"139 West Maple Avenue, Moorestown, NJ, 08057",https://www.greatschools.org/new-jersey/moorestown/1240-George-C.-Baker-Elementary-School/,
South Valley Elementary School,"210 South Stanwick Road, Moorestown, NJ, 08057",https://www.greatschools.org/new-jersey/moorestown/1243-South-Valley-Elementary-School/,
Mountain Way Elementary School,"205 Mountain Way, Morris Plains, NJ, 07950",https://www.greatschools.org/new-jersey/morris-plains/1248-Mountain-Way-Elementary-School/,
Alfred Vail Elementary School,"125 Speedwell Avenue, Morris Plains, NJ, 07950",https://www.greatschools.org/new-jersey/morris-plains/1251-Alfred-Vail-Elementary-School/,
Hillcrest Elementary School,"160 Hillcrest Avenue, Morristown, NJ, 07960",https://www.greatschools.org/new-jersey/morristown/1254-Hillcrest-Elementary-School/,
Woodland School,"51 Johnston Drive, Morristown, NJ, 07950",https://www.greatschools.org/new-jersey/watchung/1257-Woodland-Avenue-Elementary-School/,
Edith M. Decker Elementary School,"446 HOWARD BOULEVARD, Mount Arlington, NJ, 07856",https://www.greatschools.org/new-jersey/mount-arlington/1258-Edith-M.-Decker-Elementary-School/,
John Brainerd Elementary School,"100 Wollner Drive, Mount Holly, NJ, 08060",https://www.greatschools.org/new-jersey/mount-holly/1262-John-Brainerd-Elementary-School/,
Branch Brook School,"228 Ridge Street, Newark, NJ, 07104",https://www.greatschools.org/new-jersey/newark/1335-Branch-Brook-School/,
Fourteenth Avenue Elementary School,"26 Speedway Avenue, Newark, NJ, 07106",https://www.greatschools.org/new-jersey/newark/1350-Fourteenth-Avenue-Elementary-School/,
Miller Street Elementary School,"66 Muhammad Ali Avenue, Newark, NJ, 07108",https://www.greatschools.org/new-jersey/newark/1365-Miller-Street-Elementary-School/,
Grandview School,"35 Hamilton Drive East, North Caldwell, NJ, 07006",https://www.greatschools.org/new-jersey/north-caldwell/1411-Grandview-School/,
Discovery Elementary School,"2 SCHOOL ROAD, Joint Base MDL, NJ, 08641",https://www.greatschools.org/new-jersey/joint-base-mcguire_dix_lakehurst/1415-Discovery-Elementary-School/,
Atlantis School,"3 SCHOOL ROAD, Joint Base MDL, NJ, 08641",https://www.greatschools.org/new-jersey/joint-base-mcguire_dix_lakehurst/1418-Atlantis-School/,
Ocvts Navy Lakehrst Center,"Hangar One, Lakehurst, NJ, 08733",https://www.greatschools.org/new-jersey/lakehurst/1453-Ocvts--Navy-Lakehrst-Center/,
Brick Center Vocational School,"350 CHAMBERS BRIDGE ROAD, Brick Township, NJ, 08723",https://www.greatschools.org/new-jersey/brick-township/1454-Brick-Center-Vocational-School/,
Jackson Center Vocational School,"850 TOMS RIVER ROAD, Jackson Township, NJ, 08527",https://www.greatschools.org/new-jersey/jackson-township/1455-Jackson-Center-Vocational-School/,
Toms River Center Vocational School,"1299 Old Freehold Road, Toms River, NJ, 08753",https://www.greatschools.org/new-jersey/toms-river/1456-Toms-River-Center-Vocational-School/,
Waretown Elementary School,"64 RAILROAD AVENUE, Ocean Township, NJ, 08758",https://www.greatschools.org/new-jersey/ocean-township/1465-Waretown-Elementary-School/,
Martha B Day School,"225 Rafkind Road, Bloomingdale, NJ, 07403",https://www.greatschools.org/new-jersey/bloomingdale/149-Martha-B--Day-School/,
School No. 5,"168 Monroe Street, Passaic, NJ, 07055",https://www.greatschools.org/new-jersey/passaic/1516-Number-5-Middle-School/,
"Number 4, Lincoln Middle School","291 Lafayette Avenue, Passaic, NJ, 07055",https://www.greatschools.org/new-jersey/passaic/1521-Number-4-Lincoln-Middle-School/,
Ulysses S. Grant School No. 7,"155 Summer Street, Passaic, NJ, 07055",https://www.greatschools.org/new-jersey/passaic/1523-Number-7-Grant-Elementary-School/,
George Washington School No. 2,"48 Bergen Street, Passaic, NJ, 07055",https://www.greatschools.org/new-jersey/passaic/1528-Number-2-Elementary-School/,
Gillette Elementary School,"759 Valley Road, Harding Township, NJ, 07933",https://www.greatschools.org/new-jersey/gillette/1534-Gillette-Elementary-School/,
Eastside High School,"150 Park Avenue, Paterson, NJ, 07501",https://www.greatschools.org/new-jersey/paterson/1537-Eastside-High-School/,
Dale Avenue Elementary School,"21 Dale Ave, Paterson, NJ, 07501",https://www.greatschools.org/new-jersey/paterson/1538-Dale-Avenue-Elementary-School/,
School 11 (Newcomers),"482-506 MARKET STREET, Paterson, NJ, 07501",https://www.greatschools.org/new-jersey/paterson/1549-School-11-Newcomers/,
School 14,"522 Union Avenue, Paterson, NJ, 07522",https://www.greatschools.org/new-jersey/paterson/1552-Number-14-Elementary-School/,
Billingsport Elementary School,"441 Nassau Avenue, Paulsboro, NJ, 08066",https://www.greatschools.org/new-jersey/paulsboro/1572-Billingsport-Elementary-School/,
Howard L. Emmons Elementary School,"14 Scrapetown Road, Pemberton, NJ, 08068",https://www.greatschools.org/new-jersey/pemberton/1578-Howard-L.-Emmons-Elementary-School/,
Harker Wylie Haines Elementary School,"125C TRENTON ROAD, Pemberton Township, NJ, 08015",https://www.greatschools.org/new-jersey/browns-mills/1579-Harker-Wylie-Haines-Elementary-School/,
Alexander Denbo Elementary School,"ONE LEARNING WAY, Pemberton Township, NJ, 08015",https://www.greatschools.org/new-jersey/browns-mills/1583-Alexander-Denbo-Elementary-School/,
Joseph S. Stackhouse Elementary School,"125A TRENTON ROAD, Pemberton Township, NJ, 08015",https://www.greatschools.org/new-jersey/fort-dix/1585-Joseph-S.-Stackhouse-Elementary-School/,
Lafayette-Pershing Elementary School,"237 SHELL ROAD, Carneys Point Township, NJ, 08069",https://www.greatschools.org/new-jersey/carneys-point-township/1589-Lafayette-Pershing-Elementary-School/,
School Street Elementary School,"720 Birch Street, Boonton, NJ, 07005",https://www.greatschools.org/new-jersey/boonton/159-School-Street-Elementary-School/,
Baldwin School,"41ST & SHARON TERRACE, Pennsauken Township, NJ, 08110",https://www.greatschools.org/new-jersey/pennsauken/1595-Baldwin-School/,
Longfellow Elementary School,"Gross & Forrest Ave, Pennsauken, NJ, 08110",https://www.greatschools.org/new-jersey/pennsauken/1601-Longfellow-Elementary-School/,
Philipsburg Primary School,"1000 Green Street, Phillipsburg, NJ, 08865",https://www.greatschools.org/new-jersey/phillipsburg/1619-Barber-Elementary-School/,
Clara Barton Elementary School,"100 Crosswicks Street, Bordentown, NJ, 08505",https://www.greatschools.org/new-jersey/bordentown/162-Clara-Barton-Elementary-School/,
Memorial Elementary School,"400 Hudson Avenue, Pitman, NJ, 08071",https://www.greatschools.org/new-jersey/pitman/1640-Memorial-Elementary-School/,
Norma Elementary School,"873 Gershal Avenue, Pittsgrove, NJ, 08318",https://www.greatschools.org/new-jersey/elmer/1643-Norma-School/,
Woodland Elementary School,"730 Central Street, Plainfield, NJ, 07062",https://www.greatschools.org/new-jersey/plainfield/1658-Woodland-Elementary-School/,
Mary A. Hubbard Elementary School,"10 Hubbard Lane, Ramsey, NJ, 07446",https://www.greatschools.org/new-jersey/ramsey/1699-Mary-A.-Hubbard-Elementary-School/,
Sycamoe Dr Ec Learn Center,"37 Sycamore Drive, Hazlet, NJ, 07730",https://www.greatschools.org/new-jersey/hazlet/1715-Sycamoe-Dr-Ec-Learn-Center/,
Bergen Blvd School,"635 Bergen Boulevard, Ridgefield, NJ, 07657",https://www.greatschools.org/new-jersey/ridgefield/1726-Bergen-Blvd-School/,
Warren H. Wolf Elementary School,"224 CHAMBERS BRIDGE RD, Brick Township, NJ, 08723",https://www.greatschools.org/new-jersey/brick-township/173-Brick-Community-Prim-Learn-Center/,
Robert Erskine Elementary School,"88 Erskine Road, Ringwood, NJ, 07456",https://www.greatschools.org/new-jersey/ringwood/1743-Robert-Erskine-Elementary-School/,
Herbertsville Elementary School,"2282 LANES MILL RD, Brick Township, NJ, 08724",https://www.greatschools.org/new-jersey/brick-township/177-Herbertsville-Elementary-School/,
Deane-Porter Elementary School,"50 Black Point Road, Rumson, NJ, 07760",https://www.greatschools.org/new-jersey/rumson/1783-Deane-Porter-Elementary-School/,
Liberty Twp Elementary School,"334 MOUNTAIN LAKE ROAD, GREAT MEADOWS, NJ, 07838",https://www.greatschools.org/new-jersey/liberty/18-Liberty-Twp-Elementary-School/,
John Fenwick Elementary School,"183 Smith Street, Salem, NJ, 08079",https://www.greatschools.org/new-jersey/salem/1802-John-Fenwick-Elementary-School/,
Marshall Elementary School,"262 Grove Road, South Orange, NJ, 07079",https://www.greatschools.org/new-jersey/south-orange/1868-Marshall-Elementary-School/,
Southampton Twp School No 1,"26 PLEASANT STREET, Southampton Township, NJ, 08088",https://www.greatschools.org/new-jersey/southampton-township/1883-Southampton-Twp-School-No-1/,
Sparta Alpine Elementary School,"151 Andover Road, Sparta, NJ, 07871",https://www.greatschools.org/new-jersey/sparta-township/1892-Sparta-Alpine-Elementary-School/,
G. Austin Schoenly Elementary School,"80 Kane Avenue, Spotswood, NJ, 08884",https://www.greatschools.org/new-jersey/spotswood/1896-G.-Austin-Schoenly-Elementary-School/,
Edward V. Walton Elementary School,"601 Mountain Avenue, Springfield, NJ, 07081",https://www.greatschools.org/new-jersey/springfield-township/1903-Edward-V.-Walton-Elementary-School/,
Oxycocus Elementary School,"250 North Main Street, Stafford Township, NJ, 08050",https://www.greatschools.org/new-jersey/stafford-township/1905-Oxycocus-Elementary-School/,
Clifton E. Lawrence Elementary School,"31 RYAN ROAD, Wantage, NJ, 07461",https://www.greatschools.org/new-jersey/wantage/1926-Clifton-E.-Lawrence-Elementary-School/,
Margaret C Clifford School,"601 Auburn Avenue, Swedesboro, NJ, 08085",https://www.greatschools.org/new-jersey/swedesboro/1927-Margaret-C-Clifford-School/,
Bryant Elementary School,"1 West Tryon Avenue, Teaneck, NJ, 07666",https://www.greatschools.org/new-jersey/teaneck/1934-Bryant-Elementary-School/,
Mahala F. Atchinson Elementary School,"961 Sycamore Avenue, Tinton Falls, NJ, 07724",https://www.greatschools.org/new-jersey/tinton-falls/1946-Mahala-F.-Atchinson-Elementary-School/,
Paul S. Robeson Elementary School,"350 Cuyler Avenue, Trenton, NJ, 08629",https://www.greatschools.org/new-jersey/trenton/1969-Hedgepeth--Williams-School/,
Cadwalader Elementary School,"501 Edgewood Avenue, Trenton, NJ, 08618",https://www.greatschools.org/new-jersey/trenton/1972-Cadwalader-Elementary-School/,
Jefferson Elementary School,"1 Whittlesey Road, Trenton, NJ, 08618",https://www.greatschools.org/new-jersey/trenton/1978-Jefferson-Elementary-School/,
Joyce Kilmer Middle School,"1300 Stuyvesant Avenue, Trenton, NJ, 08618",https://www.greatschools.org/new-jersey/trenton/1979-Joyce-Kilmer-Middle-School/,
Luis Munoz Rivera Elementary School,"400 North Montgomery Street, Trenton, NJ, 08618",https://www.greatschools.org/new-jersey/trenton/1980-Luis-Munoz--Rivera-Elementary-School/,
Hillcrest Academy North,"2630 Plainfield Avenue, Scotch Plains, NJ, 07076",https://www.greatschools.org/new-jersey/scotch-plains/2007-Hillcrest-Academy--North/,
Lillian M Dunfee Elementary School,"128 BARNEGAT BLVD, Barnegat Township, NJ, 08005",https://www.greatschools.org/new-jersey/barnegat-township/2009-Lillian-M-Dunfee-Elementary-School/,
Cecil S Collins Elementary School,"570 BARNEGAT BLVD NORTH, Barnegat Township, NJ, 08005",https://www.greatschools.org/new-jersey/barnegat-township/2011-Cecil-S--Collins-Elementary-School/,
Charles F Seabrook School,"1373 Highway 77, Upper Deerfield Township, NJ, 08302",https://www.greatschools.org/new-jersey/bridgeton/2023-Charles-F-Seabrook-School/,
Brigantine Elementary School,"301 East Evans Boulevard, Brigantine, NJ, 08203",https://www.greatschools.org/new-jersey/brigantine/203-Brigantine-Elementary-School/,
Robert D. Reynolds Elementary School,"391 West Saddle River Road, Upper Saddle River, NJ, 07458",https://www.greatschools.org/new-jersey/upper-saddle-river/2031-Robert-D.-Reynolds-Elementary-School/,
Upper Tw Primary School,"130 North Old Tuckahoe Road, Marmora, NJ, 08223",https://www.greatschools.org/new-jersey/marmora/2034-Upper-Tw-Primary-School/,
Walnut Ridge Elementary School,"625 ROUTE 517, Vernon Township, NJ, 07462",https://www.greatschools.org/new-jersey/sussex/2039-Walnut-Ridge-Elementary-School/,
Brigantine North School,"301 East Evans Boulevard, Brigantine, NJ, 08203",https://www.greatschools.org/new-jersey/brigantine/204-Brigantine-North-School/,
Cedar Mountain School,"17 SAMMIS ROAD, Vernon Township, NJ, 07462",https://www.greatschools.org/new-jersey/vernon-township/2041-Cedar-Mountain-School/,
Nash Education Center Casimer Dallago Jr. Ecc,"240 South 6th Street, Vineland, NJ, 08360",https://www.greatschools.org/new-jersey/vineland/2048-Nash-Education-Center-Casimer-Dallago-Jr.-Ecc/,
Landis Middle School,"61 West Landis Avenue, Vineland, NJ, 08360",https://www.greatschools.org/new-jersey/vineland/2051-Landis-Middle-School/,
Max Leuchter Elementary School,"519 Northwest Avenue, Vineland, NJ, 08360",https://www.greatschools.org/new-jersey/vineland/2062-Max-Leuchter-Elementary-School/,
Collings Lake Elementary School,"620 CAINS MILL RD & LAKE GEOR, Monroe, NJ, 08094",https://www.greatschools.org/new-jersey/buena-vista-township/208-Collings-Lake-Elementary-School/,
Jefferson Elementary School,"6 Bond Street, Wallington, NJ, 07057",https://www.greatschools.org/new-jersey/wallington/2085-Jefferson-Elementary-School/,
Taylor Street Elementary School,"16 24 TAYLOR STREET, Washington, NJ, 07882",https://www.greatschools.org/new-jersey/washington/2097-Taylor-Street-Elementary-School/,
Grenloch Terr Early Child,"251 WOODBURY TURNERSVILLE RD, Mantua Township, NJ, 08080",https://www.greatschools.org/new-jersey/washington-township/2107-Grenloch-Terr-Early-Child/,
John C Milanesi Elementary School,"880 Harding Highway, Buena, NJ, 08310",https://www.greatschools.org/new-jersey/buena/211-John-C--Milanesi-Elementary-School/,
Atco Elementary School,"2162 Cooper Road, Atco, NJ, 08004",https://www.greatschools.org/new-jersey/atco/2121-Atco-Elementary-School/,
Thomas Richards Elementary School,"934 Lincoln Avenue, Atco, NJ, 08004",https://www.greatschools.org/new-jersey/atco/2122-Thomas-Richards-Elementary-School/,
Captain James Lawrence Elementary School,"315 Barclay Street, Burlington, NJ, 08016",https://www.greatschools.org/new-jersey/burlington/213-Captain-James-Lawrence-Elementary-School/,
Daniel Webster No. 2 Elementary School,"2700 Palisade Avenue, Weehawken, NJ, 07086",https://www.greatschools.org/new-jersey/weehawken/2137-Daniel-Webster-No.-2-Elementary-School/,
Elias Boudinot Elementary School,"West Pearl & Ellis Streets, Burlington, NJ, 08016",https://www.greatschools.org/new-jersey/burlington/214-Elias-Boudinot-Elementary-School/,
Oakview Elementary School,"350 Dubois Avenue, West Deptford, NJ, 08096",https://www.greatschools.org/new-jersey/west-deptford/2144-Oakview-Elementary-School/,
Red Bank Elementary School,"192 Philadelphia Avenue, West Deptford, NJ, 08086",https://www.greatschools.org/new-jersey/west-deptford/2145-Red-Bank-Elementary-School/,
Samuel Smith Elementary School,"250 Farner Avenue, Burlington, NJ, 08016",https://www.greatschools.org/new-jersey/burlington/215-Samuel-Smith-Elementary-School/,
Class Academy,"537 Tinton Avenue, Tinton Falls, NJ, 07724",https://www.greatschools.org/new-jersey/tinton-falls/2151-Class-Academy/,
Monmouth Cty Voc Tech High School,"417 Middle Road, Hazlet, NJ, 07730",https://www.greatschools.org/new-jersey/hazlet/2153-Monmouth-Cty-Voc-Tech-High-School/,
Charles Olbon Elementary School,"50 Lincoln Lane, Woodland Park, NJ, 07424",https://www.greatschools.org/new-jersey/woodland-park/2186-Charles-Olbon-Elementary-School/,
Dutch Neck Elementary School,"392 VILLAGE ROAD EAST, West Windsor Township, NJ, 08550",https://www.greatschools.org/new-jersey/west-windsor-township/2191-Dutch-Neck-Elementary-School/,
John V B Wicoff Elementary School,"510 PLAINSBORO ROAD, Plainsboro Township, NJ, 08536",https://www.greatschools.org/new-jersey/plainsboro-center/2193-John-V-B-Wicoff-Elementary-School/,
B Bernice Young Elementary School,"1203 Neck Road, Burlington, NJ, 08016",https://www.greatschools.org/new-jersey/burlington/222-B--Bernice-Young-Elementary-School/,
Garfield East Elementary School,"150 Evergreen Drive, Willingboro, NJ, 08046",https://www.greatschools.org/new-jersey/willingboro/2225-Garfield-East-Elementary-School/,
Kennedy Park Elementary School,"GOODRICH AVENUE, Woodbridge Township, NJ, 08830",https://www.greatschools.org/new-jersey/iselin/2255-Kennedy-Park-Elementary-School/,
Regional Achievement Academy,"100 Tornillo Way, Tinton Falls, NJ, 07712",https://www.greatschools.org/new-jersey/tinton-falls/2297-Regional-Alternative-School/,
Hunterdon County Vocational School,"10 Junction Road, Flemington, NJ, 08822",https://www.greatschools.org/new-jersey/flemington/23-Hunterdon-County-Vocational-School/,
Somerset Elementary Academy,"7 Finderne Avenue, Bridgewater, NJ, 08807",https://www.greatschools.org/new-jersey/bridgewater/2301-Somerset-Elementary-Academy/,
Somerset Secondary Academy,"7 Finderne Avenue, Bridgewater, NJ, 08807",https://www.greatschools.org/new-jersey/bridgewater/2302-Somerset-Secondary-Academy/,
St John The Apostle School,"571 Valley Road, Clark, NJ, 07066",https://www.greatschools.org/new-jersey/clark/2319-St-John-The-Apostle-School/,
Mother Seton Regional High School,"1 Valley Road, Clark, NJ, 07066",https://www.greatschools.org/new-jersey/clark/2320-Mother-Seton-Regional-High-School/,
Trinity Academy,"235 Bloomfield Avenue, Caldwell, NJ, 07006",https://www.greatschools.org/new-jersey/caldwell/2321-Trinity-Academy/,
Academy Of Our Lady At St Catharine,"180 Rodney Street, Glen Rock, NJ, 07452",https://www.greatschools.org/new-jersey/glen-rock/2323-Academy-Of-Our-Lady-At-St-Catharine/,
St Anne School,"1-30 SUMMIT AVE, Fair Lawn, NJ, 07410",https://www.greatschools.org/new-jersey/fair-lawn/2324-St-Anne-School/,
St. Leo Elementary School,"300 Market St, Elmwood Park, NJ, 07407",https://www.greatschools.org/new-jersey/elmwood-park/2325-St.-Leo-Elementary-School/,
St Patrick High School & Academy,"227 Court Street, Elizabeth, NJ, 07206",https://www.greatschools.org/new-jersey/elizabeth/2326-St-Patrick-High-School--Academy/,
St Mary Of The Assumption High School,"247 South Broad Street, Elizabeth, NJ, 07202",https://www.greatschools.org/new-jersey/elizabeth/2327-St-Mary-Of-The-Assumption-High-School/,
Benedictine Academy,"840 North Broad Street, Elizabeth, NJ, 07208",https://www.greatschools.org/new-jersey/elizabeth/2332-Benedictine-Academy/,
Our Lady Help Christians School,"23 North Clinton Street, East Orange, NJ, 07017",https://www.greatschools.org/new-jersey/east-orange/2334-Our-Lady-Help-Christians-School/,
Marist High School,"1241 John F. Kennedy Boulevard, Bayonne, NJ, 07002",https://www.greatschools.org/new-jersey/bayonne/2338-Marist-High-School/,
St. Vincent Academy,"228 West Market Street, Newark, NJ, 07103",https://www.greatschools.org/new-jersey/newark/2339-St.-Vincent-Academy/,
The Academy of Our Lady of Peace,"99 South Street, New Providence, NJ, 07974",https://www.greatschools.org/new-jersey/new-providence/2340-The-Academy-Of-Our-Lady-Of-Peace/,
Queen of Peace High School,"191 Rutherford Pl, North Arlington, NJ, 07031",https://www.greatschools.org/new-jersey/north-arlington/2341-Queen-Of-Peace-High-School/,
Good Shepherd Academy,"24 Brookline Avenue, Nutley, NJ, 07110",https://www.greatschools.org/new-jersey/nutley/2342-Good-Shepherd-Academy/,
Bergen Catholic High School,"1040 Oradell Avenue, Oradell, NJ, 07649",https://www.greatschools.org/new-jersey/oradell/2343-Bergen-Catholic-High-School/,
St. Joseph Elementary School,"305 Elm Street, Oradell, NJ, 07649",https://www.greatschools.org/new-jersey/oradell/2344-St.-Joseph-Elementary-School/,
Our Lady Of Mercy Academy,"25 Fremont Avenue, Park Ridge, NJ, 07656",https://www.greatschools.org/new-jersey/park-ridge/2346-Our-Lady-Of-Mercy-Academy/,
Academy of Saint Paul,"187 Wyckoff Avenue, Ramsey, NJ, 07446",https://www.greatschools.org/new-jersey/ramsey/2347-St-Paul-Interparochial-School/,
St Joseph The Carpenter School,"140 East 3rd Avenue, Roselle, NJ, 07203",https://www.greatschools.org/new-jersey/roselle/2348-St-Joseph-The-Carpenter-School/,
The Academy at Saint Mary,"72 Chestnut Street, Rutherford, NJ, 07070",https://www.greatschools.org/new-jersey/rutherford/2349-St.-Mary-Elementary-School/,
St Mary High School,"64 Chestnut Street, Rutherford, NJ, 07070",https://www.greatschools.org/new-jersey/rutherford/2350-St-Mary-High-School/,
Marylawn of the Oranges Academy,"445 Scotland Road, South Orange, NJ, 07079",https://www.greatschools.org/new-jersey/south-orange/2351-Marylawn-Of-The-Oranges-Academy/,
St. Cassian Elementary School,"190 LORRAINE AVE, Montclair, NJ, 07043",https://www.greatschools.org/new-jersey/montclair/2353-St.-Cassian-Elementary-School/,
Holy Trinity Interparochial School,"336 1st Street, Westfield, NJ, 07090",https://www.greatschools.org/new-jersey/westfield/2355-Holy-Trinity-Interparochial-School/,
St Joseph Regional High School,"40 Chestnut Ridge Road, Montvale, NJ, 07645",https://www.greatschools.org/new-jersey/montvale/2359-St-Joseph-Regional-High-School/,
St. Michael the Archangel School,"624 Page Avenue, Lyndhurst, NJ, 07071",https://www.greatschools.org/new-jersey/lyndhurst/2361-St.-Michael-The-Archangel-School/,
Aquinas Academy,"388 South Livingston Avenue, Livingston, NJ, 07039",https://www.greatschools.org/new-jersey/livingston/2362-Aquinas-Academy/,
St. Theresa Grade School,"540 Washington Avenue, Kenilworth, NJ, 07033",https://www.greatschools.org/new-jersey/kenilworth/2364-St.-Theresa-Grade-School/,
St. Stephen School,"131 Midland Avenue, Kearny, NJ, 07032",https://www.greatschools.org/new-jersey/kearny/2365-St.-Stephen-School/,
St Peters Preparatory School,"144 Grand Street, Jersey City, NJ, 07302",https://www.greatschools.org/new-jersey/jersey-city/2366-St-Peters-Preparatory-School/,
St Anne's Elementary School,"255 Congress Street, Jersey City, NJ, 07307",https://www.greatschools.org/new-jersey/jersey-city/2371-St-Annes-Elementary-School/,
St. Aloysius Elementary School,"721 West Side Avenue, Jersey City, NJ, 07306",https://www.greatschools.org/new-jersey/jersey-city/2372-St.-Aloysius-Elementary-School/,
Our Lady Of Mercy School,"254 Bartholdi Avenue, Jersey City, NJ, 07305",https://www.greatschools.org/new-jersey/jersey-city/2375-Our-Lady-Of-Mercy-School/,
Our Lady Of Czestochowa,"248 Marin Boulevard, Jersey City, NJ, 07302",https://www.greatschools.org/new-jersey/jersey-city/2376-Our-Lady-Of-Czestochowa/,
Hudson Catholic Regional High School,"790 Bergen Avenue, Jersey City, NJ, 07306",https://www.greatschools.org/new-jersey/jersey-city/2377-Hudson-Catholic-Regional-High-School/,
St Elizabeth School,"Greenwood Avenue, Wyckoff, NJ, 07481",https://www.greatschools.org/new-jersey/wyckoff/2379-St-Elizabeth-School/,
Our Lady of Sorrows School,"172 Academy Street, South Orange, NJ, 07079",https://www.greatschools.org/new-jersey/south-orange/2380-Our-Lady-Of-Sorrows-School/,
St Anthony High School,"175 8th Street, Jersey City, NJ, 07302",https://www.greatschools.org/new-jersey/jersey-city/2384-St-Anthony-High-School/,
St Dominic Academy,"2572 JOHN F KENNEDY BLVD, Jersey City, NJ, 07304",https://www.greatschools.org/new-jersey/jersey-city/2387-St-Dominic-Academy/,
Lacordaire Academy,"155 Lorraine Avenue, Montclair, NJ, 07043",https://www.greatschools.org/new-jersey/montclair/2389-Lacordaire-Academy/,
St Bartholomew Academy,"2032 Westfield Avenue, Scotch Plains, NJ, 07076",https://www.greatschools.org/new-jersey/scotch-plains/2390-St-Bartholomew-Academy/,
Immaculate Conception High School,"258 South Main Street, Lodi, NJ, 07644",https://www.greatschools.org/new-jersey/lodi/2392-Immaculate-Conception-High-School/,
St Joseph Elementary School,"509 Pavonia Avenue, Jersey City, NJ, 07306",https://www.greatschools.org/new-jersey/jersey-city/2393-St-Joseph-Elementary-School/,
Mount St. Dominic Academy,"3 Ryerson Avenue, Caldwell, NJ, 07006",https://www.greatschools.org/new-jersey/caldwell/2394-Mount-Saint-Dominic-Academy/,
Hoboken Catholic Academy,"555 7th Street, Hoboken, NJ, 07030",https://www.greatschools.org/new-jersey/hoboken/2397-Hoboken-Catholic-Academy/,
Early Childhood Devel Cnt,"1602 Pine Street, Camden, NJ, 08103",https://www.greatschools.org/new-jersey/camden/240-Early-Childhood-Devel-Cnt/,
St Catherine Of Siena School,"39 East Bradford Avenue, Cedar Grove, NJ, 07009",https://www.greatschools.org/new-jersey/cedar-grove/2400-St-Catherine-Of-Siena-School/,
St Michael School,"100 Alden Street, Cranford, NJ, 07016",https://www.greatschools.org/new-jersey/cranford/2403-St-Michael-School/,
Academy of St. Therese,"220 Jefferson Avenue, Cresskill, NJ, 07626",https://www.greatschools.org/new-jersey/cresskill/2404-Academy-Of-St.-Therese/,
St Joseph Elementary School,"115 Telford Street, East Orange, NJ, 07018",https://www.greatschools.org/new-jersey/east-orange/2406-St-Joseph-Elementary-School/,
St Genevieve School,"209 Princeton Road, Elizabeth, NJ, 07208",https://www.greatschools.org/new-jersey/elizabeth/2409-St-Genevieve-School/,
Assumption Academy,"35 Jefferson Avenue, Emerson, NJ, 07630",https://www.greatschools.org/new-jersey/emerson/2411-Assumption-Academy/,
Our Lady Of Grace School,"400 Kamena Street, Fairview, NJ, 07022",https://www.greatschools.org/new-jersey/fairview/2413-Our-Lady-Of-Grace-School/,
Padre Pio Academy,"100 South Main Street, Hackensack, NJ, 07601",https://www.greatschools.org/new-jersey/hackensack/2415-Padre-Pio-Academy/,
Corpus Christi School,"215 Kipp Avenue, Hasbrouck Heights, NJ, 07604",https://www.greatschools.org/new-jersey/hasbrouck-heights/2417-Corpus-Christi-School/,
St. John's Academy,"460 Hillsdale Avenue, Hillsdale, NJ, 07642",https://www.greatschools.org/new-jersey/hillsdale/2419-St.-Johns-Academy/,
Good Shepherd Academy,"285 Nesbit Terrace, Irvington, NJ, 07111",https://www.greatschools.org/new-jersey/irvington/2422-Good-Shepherd-Academy/,
St Thomas The Apostle School,"50 Byrd Avenue, Bloomfield, NJ, 07003",https://www.greatschools.org/new-jersey/bloomfield/2424-St-Thomas-The-Apostle-School/,
St. Peter Elementary School,"152 William Street, Belleville, NJ, 07109",https://www.greatschools.org/new-jersey/belleville/2426-St.-Peter-Elementary-School/,
St John Grammar School,"455 White Street, City of Orange, NJ, 07050",https://www.greatschools.org/new-jersey/city-of-orange/2429-St-John-Grammar-School/,
Paramus Catholic High School,"425 Paramus Road, Paramus, NJ, 07652",https://www.greatschools.org/new-jersey/paramus/2430-Paramus-Catholic-High-School/,
Don Bosco Prep School,"492 North Franklin Turnpike, Ramsey, NJ, 07446",https://www.greatschools.org/new-jersey/ramsey/2431-Don-Bosco-Prep-School/,
St Peter Academy,"431 Fifth Avenue, River Edge, NJ, 07661",https://www.greatschools.org/new-jersey/river-edge/2432-St-Peter-Academy/,
Roselle Catholic High School,"350 Raritan Road, Roselle, NJ, 07203",https://www.greatschools.org/new-jersey/roselle/2433-Roselle-Catholic-High-School/,
Union Catholic Regional High School,"1600 Martine Avenue, Scotch Plains, NJ, 07076",https://www.greatschools.org/new-jersey/scotch-plains/2435-Union-Catholic-Regional-High-School/,
St James The Apostle School,"41 South Springfield Avenue, Springfield, NJ, 07081",https://www.greatschools.org/new-jersey/springfield-township/2436-St-James-The-Apostle-School/,
Oratory Preparatory School,"1 Beverly Road, Summit, NJ, 07901",https://www.greatschools.org/new-jersey/summit/2437-Oratory-Preparatory-School/,
Academy of Our Lady Of Mount Carmel,"10 County Road, Tenafly, NJ, 07670",https://www.greatschools.org/new-jersey/tenafly/2438-Our-Lady-Of-Mount-Carmel/,
Holy Spirit School,"970 Suburban Road, Union, NJ, 07083",https://www.greatschools.org/new-jersey/union/2439-Holy-Spirit-School/,
St Michael Parish School,"1212 Kelly Street, Union, NJ, 07083",https://www.greatschools.org/new-jersey/union/2440-St-Michael-Parish-School/,
St Francis Academy,"1601 Central Avenue, Union City, NJ, 07087",https://www.greatschools.org/new-jersey/union-city/2442-St-Francis-Academy/,
Lacordaire Academy,"155 LORRAINE AVE, Montclair, NJ, 07043",https://www.greatschools.org/new-jersey/upper-montclair/2443-Lacordaire-Academy/,
Our Lady Of The Lake School,"26 Lakeside Avenue, Verona, NJ, 07044",https://www.greatschools.org/new-jersey/verona/2444-Our-Lady-Of-The-Lake-School/,
Academy of St. Joseph of the Palisades,"6408 Palisade Avenue, West New York, NJ, 07093",https://www.greatschools.org/new-jersey/west-new-york/2447-Academy-Of-St.-Joseph-Of-The-Palisades/,
Immaculate Heart Academy,"500 Van Emburgh Avenue, Township of Washington, NJ, 07676",https://www.greatschools.org/new-jersey/washington-township/2449-Immaculate-Heart-Academy/,
Queen Of Peace Elementary School,"21 Church Place, North Arlington, NJ, 07031",https://www.greatschools.org/new-jersey/north-arlington/2451-Queen-Of-Peace-Elementary-School/,
St Michael School,"27 Crittenden Street, Newark, NJ, 07104",https://www.greatschools.org/new-jersey/newark/2454-St-Michael-School/,
St. John the Baptist Ukraini,"746 Sandford Avenue, Newark, NJ, 07106",https://www.greatschools.org/new-jersey/newark/2455-St.-John-The-Baptist-Ukraini/,
St. Benedict's Preparatory School,"520 Doctor Martin Luther King Junior Boulevard, Newark, NJ, 07102",https://www.greatschools.org/new-jersey/newark/2456-St.-Benedicts-Preparatory-School/,
St. Francis Xavier School,"594 North 7th Street, Newark, NJ, 07107",https://www.greatschools.org/new-jersey/newark/2458-St.-Francis-Xavier-School/,
St.Nicholas School,"118 Ferry Street, Jersey City, NJ, 07307",https://www.greatschools.org/new-jersey/jersey-city/2459-St.Nicholas-School/,
St John The Evangelist School,"260 Harrison Street, Leonia, NJ, 07605",https://www.greatschools.org/new-jersey/leonia/2462-St-John-The-Evangelist-School/,
St. Mary Elementary School,"180 William Street, Newark, NJ, 07103",https://www.greatschools.org/new-jersey/newark/2469-St.-Mary-Elementary-School/,
St. Rose of Lima School,"52 SHORT HILLS AVE, Millburn, NJ, 07078",https://www.greatschools.org/new-jersey/millburn/2470-St.-Rose-Of-Lima-School/,
Holy Family Academy,"239 Avenue A, Bayonne, NJ, 07002",https://www.greatschools.org/new-jersey/bayonne/2471-Holy-Family-Academy/,
Immaculate Conception High School,"33 Cottage Place, Montclair, NJ, 07042",https://www.greatschools.org/new-jersey/montclair/2473-Immaculate-Conception-High-School/,
Sacred Heart School,"620 Valley Brook Avenue, Lyndhurst, NJ, 07071",https://www.greatschools.org/new-jersey/lyndhurst/2475-Sacred-Heart-School/,
Sacred Heart School,"183 Bayview Avenue, Jersey City, NJ, 07305",https://www.greatschools.org/new-jersey/jersey-city/2476-Sacred-Heart-School/,
Seton Hall Preparatory School,"120 Northfield Avenue, West Orange, NJ, 07052",https://www.greatschools.org/new-jersey/west-orange/2482-Seton-Hall-Preparatory-School/,
Academy Of The Holy Angels,"315 Hillside Avenue, Demarest, NJ, 07627",https://www.greatschools.org/new-jersey/demarest/2485-Academy-Of-The-Holy-Angels/,
Academy of the Most Blessed Sacrament,"785 Franklin Lake Road, Franklin Lakes, NJ, 07417",https://www.greatschools.org/new-jersey/franklin-lakes/2487-Academy-Of-The-Most-Blessed-Sacrament/,
Paul VI High School,"901 Hopkins Road, Haddonfield, NJ, 08033",https://www.greatschools.org/new-jersey/haddonfield/2488-Paul-Vi-High-School/,
Alfred Cramer College Preparatory Lab School,"2800 Mickle Street, Camden, NJ, 08105",https://www.greatschools.org/new-jersey/camden/249-Cramer-Elementary-School/,
St Augustine Preparatory School,"611 Cedar Avenue, Buena Vista Township, NJ, 08350",https://www.greatschools.org/new-jersey/atlantic-county/2490-St-Augustine-Preparatory-School/,
Wildwood Catholic High School,"1500 Central Avenue, North Wildwood, NJ, 08260",https://www.greatschools.org/new-jersey/north-wildwood/2491-Wildwood-Catholic-High-School/,
St Cecilia Elementary School,"4851 CAMDEN AVE, Pennsauken Township, NJ, 08110",https://www.greatschools.org/new-jersey/pennsauken-township/2493-St-Cecilia-Elementary-School/,
St Stephen School,"6300 Browning Road, Pennsauken Township, NJ, 08109",https://www.greatschools.org/new-jersey/pennsauken-township/2494-St-Stephen-School/,
St. Peter Elementary School,"Chestnut and Decatur Ave, Pleasantville, NJ, 08232",https://www.greatschools.org/new-jersey/pleasantville/2495-St.-Peter-Elementary-School/,
Assumption Regional Catholic School,"146 South Pitney Road, Absecon, NJ, 08205",https://www.greatschools.org/new-jersey/absecon/2496-Assumption-Regional-Catholic-School/,
John Paul II Regional School,"55 Warwick Road, Stratford, NJ, 08084",https://www.greatschools.org/new-jersey/stratford/2499-John-Paul-Ii-Regional-School/,
Bishop Schad Regional School,"922 East Landis Avenue, Vineland, NJ, 08360",https://www.greatschools.org/new-jersey/vineland/2501-Bishop-Schad-Regional-School/,
St Marys Regional School,"735 Union Road, Vineland, NJ, 08360",https://www.greatschools.org/new-jersey/vineland/2502-St-Marys-Regional-School/,
St. Matthew Regional School,"1210 Hessian Avenue, Westville, NJ, 08093",https://www.greatschools.org/new-jersey/westville/2503-St.-Matthew-Regional-School/,
St Margaret Regional School,"773 3rd Street, Woodbury Heights, NJ, 08097",https://www.greatschools.org/new-jersey/woodbury-heights/2504-St-Margaret-Regional-School/,
Saint Mary Magdalen Regional School,"7 West Powell Street, Millville, NJ, 08332",https://www.greatschools.org/new-jersey/millville/2505-Saint-Mary-Magdalen-Regional-School/,
St Vincent De Paul,"5809 MAIN ST, Hamilton, NJ, 08330",https://www.greatschools.org/new-jersey/hamilton-township/2506-St-Vincent-De-Paul/,
Blessed Sacrament Regional School,"14 N Jerome Ave, Margate City, NJ, 08402",https://www.greatschools.org/new-jersey/margate-city/2507-Blessed-Sacrament-Regional-School/,
Christ the King Regional School,"164 Hopkins Avenue, Haddonfield, NJ, 08033",https://www.greatschools.org/new-jersey/haddonfield/2510-Christ-The-King-Regional-School/,
St Rose Of Lima Elementary School,"300 Kings Highway East, Haddonfield, NJ, 08033",https://www.greatschools.org/new-jersey/haddon-heights/2511-St-Rose-Of-Lima-Elementary-School/,
St Michael The Archangel Regional School,"51 West North Street, Clayton, NJ, 08312",https://www.greatschools.org/new-jersey/clayton/2512-St-Michael-The-Archangel-Regional-School/,
St. Nicholas Academy,"526 Chicago Ave, Egg Harbor City, NJ, 08215",https://www.greatschools.org/new-jersey/egg-harbor-city/2513-St.-Nicholas-Academy/,
Resurrection Catholic School & Preschool,"402 Kings Highway North, Cherry Hill, NJ, 08034",https://www.greatschools.org/new-jersey/cherry-hill/2514-Resurrection-Catholic-School--Preschool/,
Camden Catholic High School,"300 Cuthbert Boulevard, Cherry Hill, NJ, 08002",https://www.greatschools.org/new-jersey/cherry-hill/2516-Camden-Catholic-High-School/,
Our Lady Star of Sea School,"520 Lafayette St, Cape May, NJ, 08204",https://www.greatschools.org/new-jersey/cape-may/2518-Our-Lady-Star-Of-Sea-School/,
St Anthony Of Padua School,"2824 River Road, Camden, NJ, 08105",https://www.greatschools.org/new-jersey/camden/2520-St-Anthony-Of-Padua-School/,
Immaculate Conception School,"398 N Pearl Street, Bridgeton, NJ, 08302",https://www.greatschools.org/new-jersey/bridgeton/2522-Immaculate-Conception-School/,
Our Lady Of Hope Regional School,"420 South Black Horse Pike, Gloucester Township, NJ, 08012",https://www.greatschools.org/new-jersey/gloucester-township/2523-Our-Lady-Of-Hope-Regional-School/,
St. Agnes School,"117 W Church St, Blackwood, NJ, 08012",https://www.greatschools.org/new-jersey/blackwood/2524-St.-Agnes-School/,
Our Lady Of Mt Carmel School,"1 North Cedar Avenue, Berlin, NJ, 08009",https://www.greatschools.org/new-jersey/berlin/2525-Our-Lady-Of-Mt-Carmel-School/,
Annunciation Regional School,"605 W Browning Rd, Bellmawr, NJ, 08031",https://www.greatschools.org/new-jersey/bellmawr/2526-Annunciation-Regional-School/,
Our Lady Star Of The Sea Regional,"15 North California Avenue, Atlantic City, NJ, 08401",https://www.greatschools.org/new-jersey/atlantic-city/2527-Our-Lady-Star-Of-The-Sea-Regional/,
Assumption School,"2122 Cooper Road, Atco, NJ, 08004",https://www.greatschools.org/new-jersey/atco/2528-Assumption-School/,
Holy Spirit High School,"500 South New Road, Absecon, NJ, 08201",https://www.greatschools.org/new-jersey/absecon/2529-Holy-Spirit-High-School/,
St. Francis of Assisi School,"23 West Chestnut Ave, Vineland, NJ, 08360",https://www.greatschools.org/new-jersey/vineland/2530-St.-Francis-Of-Assisi-School/,
St. James Elementary School,"30 S Portland Ave, Ventnor City, NJ, 08406",https://www.greatschools.org/new-jersey/ventnor-city/2531-St.-James-Elementary-School/,
St. Joseph Regional School,"11 Harbor Lane, Somers Point, NJ, 08244",https://www.greatschools.org/new-jersey/somers-point/2532-St.-Joseph-Regional-School/,
St. Augustine Regional School,"1337 Asbury Ave, Ocean City, NJ, 08226",https://www.greatschools.org/new-jersey/ocean-city/2533-St.-Augustine-Regional-School/,
St Peter Elementary School,"51 West Maple Avenue, Merchantville, NJ, 08109",https://www.greatschools.org/new-jersey/merchantville/2534-St-Peter-Elementary-School/,
St Joseph Pro-Cathedral School,"2907 Federal Street, Camden, NJ, 08105",https://www.greatschools.org/new-jersey/camden/2535-St-Joseph-Pro-Cathedral-School/,
St. Patrick Elementary School,"211 Cooper Street, Woodbury, NJ, 08096",https://www.greatschools.org/new-jersey/woodbury/2536-St.-Patrick-Elementary-School/,
St Mary School,"32A CARROLL AVE, Monroe, NJ, 08094",https://www.greatschools.org/new-jersey/monroe-township/2537-St-Mary-School/,
Cape Trinity Catholic School,"1500 CENTRAL AVE STE 300, North Wildwood, NJ, 08260",https://www.greatschools.org/new-jersey/north-wildwood/2538-Cape-Trinity-Catholic-School/,
Holy Angels Catholic School,"211 Cooper Street, Woodbury, NJ, 08096",https://www.greatschools.org/new-jersey/westville/2539-Holy-Trinity-Regional/,
Holy Saviour Regional School,"15 Virginia Ave, Haddon Township, NJ, 08108",https://www.greatschools.org/new-jersey/haddon-township/2540-Holy-Saviour-Regional-School/,
Bishop Eustace Prep School,"5552 MARLTON PIKE, Pennsauken Township, NJ, 08109",https://www.greatschools.org/new-jersey/pennsauken-township/2543-Bishop-Eustace-Prep-School/,
St. Mary School,"340 Cumberland St, Gloucester City, NJ, 08030",https://www.greatschools.org/new-jersey/gloucester-city/2544-St.-Mary-School/,
Gloucester Catholic High School,"333 Ridgeway Street, Gloucester City, NJ, 08030",https://www.greatschools.org/new-jersey/gloucester-city/2545-Gloucester-Catholic-High-School/,
Sacred Heart High School,"15 North East Avenue, Vineland, NJ, 08360",https://www.greatschools.org/new-jersey/vineland/2547-Sacred-Heart-High-School/,
Holy Name School,"700 North 5th Street, Camden, NJ, 08102",https://www.greatschools.org/new-jersey/camden/2548-Holy-Name-School/,
Notre Dame Regional School,"108 Church Street, Newfield, NJ, 08344",https://www.greatschools.org/new-jersey/newfield/2551-Notre-Dame-Regional-School/,
Academy Of Saint Elizabeth,"Po Box 297, Morristown, NJ, 07961",https://www.greatschools.org/new-jersey/morristown/2552-Academy-Of-Saint-Elizabeth/,
Rev George A Brown School,"294 Sparta Avenue, Sparta, NJ, 07871",https://www.greatschools.org/new-jersey/sparta-township/2553-Rev-George-A-Brown-School/,
Passaic Catholic Regional School,"212 Market St, Passaic, NJ, 07055",https://www.greatschools.org/new-jersey/passaic/2554-Passaic-Catholic-Regional-School/,
Paterson Catholic High School,"764 11th Ave, Paterson, NJ, 07514",https://www.greatschools.org/new-jersey/paterson/2555-Paterson-Catholic-High-School/,
Sacred Heart Elementary School,"30 N Essex St, Dover, NJ, 07801",https://www.greatschools.org/new-jersey/dover/2557-Sacred-Heart-Elementary-School/,
Sacred Heart,"40 E Main St, Rockaway, NJ, 07866",https://www.greatschools.org/new-jersey/rockaway/2558-Sacred-Heart/,
Sacred Heart School,"43 Clifton Ave, Clifton, NJ, 07011",https://www.greatschools.org/new-jersey/clifton/2559-Sacred-Heart-School/,
St. Anthony Elementary School,"144 Beech Street, Paterson, NJ, 07501",https://www.greatschools.org/new-jersey/paterson/2560-St.-Anthony-Elementary-School/,
St. Anthony of Padua School,"40 Tulip St, Passaic, NJ, 07055",https://www.greatschools.org/new-jersey/passaic/2561-St.-Anthony-Of-Padua-School/,
St. Christopher School,"1050 Littleton Rd, Parsippany, NJ, 07054",https://www.greatschools.org/new-jersey/parsippany/2562-St.-Christopher-School/,
St Clare Elementary School,"39 Allwood Road, Clifton, NJ, 07014",https://www.greatschools.org/new-jersey/clifton/2563-St-Clare-Elementary-School/,
St. George Elementary School,"30 Michigan Avenue, Paterson, NJ, 07503",https://www.greatschools.org/new-jersey/paterson/2564-St.-George-Elementary-School/,
St. John Kanty Elementary School,"37 Speer Ave, Clifton, NJ, 07013",https://www.greatschools.org/new-jersey/clifton/2565-St.-John-Kanty-Elementary-School/,
St. Joseph School,"484 Germantown Road, West Milford, NJ, 07480",https://www.greatschools.org/new-jersey/west-milford/2566-St.-Joseph-School/,
St. Mary's School,"345 S Main St, Wharton, NJ, 07885",https://www.greatschools.org/new-jersey/wharton/2567-St.-Marys-School/,
St Michael Elementary School,"10 Church Street, Netcong, NJ, 07857",https://www.greatschools.org/new-jersey/netcong/2568-St-Michael-Elementary-School/,
Noble Leadership Academy,"123 Jefferson Street, Passaic, NJ, 07055",https://www.greatschools.org/new-jersey/passaic/2569-Noble-Leadership-Academy/,
St. Patrick School,"45 Chatham St, Chatham, NJ, 07928",https://www.greatschools.org/new-jersey/chatham/2570-St.-Patrick-School/,
St. Paul Elementary School,"1255 Main Avenue, Clifton, NJ, 07011",https://www.greatschools.org/new-jersey/clifton/2571-St.-Paul-Elementary-School/,
All Saints Academy,"189 BALDWIN RD, Parsippany-Troy Hills, NJ, 07054",https://www.greatschools.org/new-jersey/parsippany_troy-hills/2572-St.-Peter-The-Apostle-School/,
St Andrew Elementary School,"418 Mount Prospect Avenue, Clifton, NJ, 07012",https://www.greatschools.org/new-jersey/clifton/2573-St-Andrew-Elementary-School/,
St Francis Of Assisi School,"1 Father Hayes Dr, Haskell, NJ, 07420",https://www.greatschools.org/new-jersey/haskell/2574-St-Francis-Of-Assisi-School/,
St Brendan Catholic School,"154 East 1st Street, Clifton, NJ, 07011",https://www.greatschools.org/new-jersey/clifton/2575-St-Brendan-Catholic-School/,
St Catherine Of Bologna School,"112 Erskine Road, Ringwood, NJ, 07456",https://www.greatschools.org/new-jersey/ringwood/2576-St-Catherine-Of-Bologna-School/,
Divine Mercy Academy,"87 Halsey Avenue, Rockaway, NJ, 07866",https://www.greatschools.org/new-jersey/rockaway/2577-Divine-Mercy-Academy/,
St Gerard Majella School,"10 Carrelton Drive, Paterson, NJ, 07522",https://www.greatschools.org/new-jersey/paterson/2578-St-Gerard-Majella-School/,
Academy Of St Francis Of Assisi,"400 Totowa Road, Totowa, NJ, 07512",https://www.greatschools.org/new-jersey/totowa/2579-Academy-Of-St-Francis-Of-Assisi/,
St Joseph Regional School,"20 Jefferson Street, Newton, NJ, 07860",https://www.greatschools.org/new-jersey/newton/2580-St-Joseph-Regional-School/,
St Joseph Elementary School,"8 West Main Street, Mendham, NJ, 07945",https://www.greatschools.org/new-jersey/mendham/2581-St-Joseph-Elementary-School/,
St. Mary School,"95 Sherman Ave, Paterson, NJ, 07502",https://www.greatschools.org/new-jersey/paterson/2582-St.-Mary-School/,
St Mary's Prep,"100 U.S. 46, Denville, NJ, 07834",https://www.greatschools.org/new-jersey/denville/2583-St-Marys-Prep/,
St. Nicholas Ukrainian School,"223 President St, Passaic, NJ, 07055",https://www.greatschools.org/new-jersey/passaic/2585-St.-Nicholas-Ukrainian-School/,
St Pius X Elementary School,"24 Changebridge Road, Montville, NJ, 07045",https://www.greatschools.org/new-jersey/montville/2587-St-Pius-X-Elementary-School/,
St Rose Of Lima Academy,"316 Ridgedale Avenue, East Hanover, NJ, 07936",https://www.greatschools.org/new-jersey/east-hanover/2588-St-Rose-Of-Lima-Academy/,
St. Therese Elementary School,"765 14th Ave, Paterson, NJ, 07504",https://www.greatschools.org/new-jersey/paterson/2589-St.-Therese-Elementary-School/,
St Therese School,"135 MAIN ST, Roxbury Township, NJ, 07876",https://www.greatschools.org/new-jersey/roxbury-township/2590-St-Therese-School/,
St. Vincent De Paul School,"249 Bebout Ave, Stirling, NJ, 07980",https://www.greatschools.org/new-jersey/stirling/2591-St.-Vincent-De-Paul-School/,
St Virgil Elementary School,"238 Speedwell Avenue, Morris Plains, NJ, 07950",https://www.greatschools.org/new-jersey/morris-plains/2592-St-Virgil-Elementary-School/,
St Vincent Martyr School,"26 Green Village Road, Madison, NJ, 07940",https://www.greatschools.org/new-jersey/madison/2593-St-Vincent-Martyr-School/,
Our Lady Queen of Peace School,"1905 Union Valley Rd, Hewitt, NJ, 07421",https://www.greatschools.org/new-jersey/hewitt/2594-Our-Lady-Queen-Of-Peace-School/,
Our Lady of the Valley School,"620 Valley Rd, Wayne, NJ, 07470",https://www.greatschools.org/new-jersey/wayne/2595-Our-Lady-Of-The-Valley-School/,
Our Lady of the Magnificat School,"2 Miller Rd, Kinnelon, NJ, 07405",https://www.greatschools.org/new-jersey/kinnelon/2596-Our-Lady-Of-The-Magnificat-School/,
Our Lady of Holy Angels School,"471 Main Street, Little Falls, NJ, 07424",https://www.greatschools.org/new-jersey/little-falls/2597-Our-Lady-Of-Holy-Angels-School/,
Our Lady of Mount Carmel School,"205 Oak Street, Boonton, NJ, 07005",https://www.greatschools.org/new-jersey/boonton/2598-Our-Lady-Of-Mount-Carmel-School/,
Our Lady of Mercy School,"90 Whippany Road, Whippany, NJ, 07981",https://www.greatschools.org/new-jersey/whippany/2599-Our-Lady-Of-Mercy-School/,
Sharp Elementary School,"928 North 32nd Street, Camden, NJ, 08105",https://www.greatschools.org/new-jersey/camden/260-Sharp-Elementary-School/,
Our Lady of Lourdes School,"186 Butler Street, Paterson, NJ, 07524",https://www.greatschools.org/new-jersey/paterson/2600-Our-Lady-Of-Lourdes-School/,
St Elizabeth Ann Seton Academy,"1799 Hamburg Turnpike, Wayne, NJ, 07470",https://www.greatschools.org/new-jersey/wayne/2601-St-Elizabeth-Ann-Seton-Academy/,
Morris Catholic High School,"200 Morris Avenue, Denville, NJ, 07834",https://www.greatschools.org/new-jersey/denville/2602-Morris-Catholic-High-School/,
Mary Help of Christians Academy,"659 Belmont Avenue, North Haledon, NJ, 07508",https://www.greatschools.org/new-jersey/north-haledon/2603-Mary-Help-Of-Christians-Academy/,
Immaculate Conception Regional School,"65 North Church Road, Franklin, NJ, 07416",https://www.greatschools.org/new-jersey/franklin/2605-Immaculate-Conception-Regional-School/,
Holy Spirit School,"330 NEWARK POMPTON TPKE, Pequannock Township, NJ, 07440",https://www.greatschools.org/new-jersey/pequannock-township/2607-Holy-Spirit-School/,
Holy Family Elementary School,"17 Lloyd Avenue, Florham Park, NJ, 07932",https://www.greatschools.org/new-jersey/florham-park/2608-Holy-Family-Elementary-School/,
De Paul Catholic High School,"1512 Alps Road, Wayne, NJ, 07470",https://www.greatschools.org/new-jersey/wayne/2609-De-Paul-Catholic-High-School/,
Sumner Elementary School,"1600 South 8th Street, Camden, NJ, 08104",https://www.greatschools.org/new-jersey/camden/261-Sumner-Elementary-School/,
Blessed Sacrament School,"277 6th Avenue, Paterson, NJ, 07524",https://www.greatschools.org/new-jersey/paterson/2610-Blessed-Sacrament-School/,
Pope John Paul II Elementary School,"775 Valley Rd, Clifton, NJ, 07013",https://www.greatschools.org/new-jersey/clifton/2611-Pope-John-Paul-II-Elementary-School/,
Assumption Of The Bvm School,"63 Macculloch Avenue, Morristown, NJ, 07960",https://www.greatschools.org/new-jersey/morristown/2612-Assumption-Of-The-Bvm-School/,
St Anthony Of Padua,"57 Bartholdi Avenue, Butler, NJ, 07405",https://www.greatschools.org/new-jersey/butler/2613-St-Anthony-Of-Padua/,
Our Lady of Mount Virgin School,"450 Drake Ave, Middlesex, NJ, 08846",https://www.greatschools.org/new-jersey/middlesex/2614-Our-Lady-Of-Mount-Virgin-School/,
Our Lady Perpetual Help School,"121 Miller Street, Highlands, NJ, 07732",https://www.greatschools.org/new-jersey/highlands/2615-Our-Lady-Perpetual-Help-School/,
St Benedict School,"165 Bethany Road, Holmdel, NJ, 07733",https://www.greatschools.org/new-jersey/holmdel/2616-St-Benedict-School/,
St. John Vianney Regional High School,"540 Line Road, Holmdel, NJ, 07733",https://www.greatschools.org/new-jersey/holmdel/2617-St.-John-Vianney-Regional-High-School/,
Mother Seton Academy,"4219 US HIGHWAY 9, Howell Township, NJ, 07731",https://www.greatschools.org/new-jersey/howell/2618-St-Veronica-School/,
St Cecelia School,"45 Wilus Way, Woodbridge Township, NJ, 08830",https://www.greatschools.org/new-jersey/woodbridge-township/2619-St-Cecelia-School/,
U.S. Wiggins Elementary School,"400 Mount Vernon Street, Camden, NJ, 08103",https://www.greatschools.org/new-jersey/camden/262-U.S.-Wiggins-Elementary-School/,
St. Ann School,"285 Carr Ave, Keansburg, NJ, 07734",https://www.greatschools.org/new-jersey/keansburg/2620-St.-Ann-School/,
St. Augustine of Canterbury School,"45 Henderson Rd, Kendall Park, NJ, 08824",https://www.greatschools.org/new-jersey/kendall-park/2621-St.-Augustine-Of-Canterbury-School/,
St. Joseph Elementary School,"376 Maple Pl, Keyport, NJ, 07735",https://www.greatschools.org/new-jersey/keyport/2622-St.-Joseph-Elementary-School/,
Holy Family School,"1141 E County Line Rd, Lakewood, NJ, 08701",https://www.greatschools.org/new-jersey/lakewood/2623-Holy-Family-School/,
Notre Dame High School,"601 Lawrence Road, Lawrence Township, NJ, 08648",https://www.greatschools.org/new-jersey/lawrenceville/2624-Notre-Dame-High-School/,
St Ann Elementary School,"34 ROSSA AVE, Lawrence Township, NJ, 08648",https://www.greatschools.org/new-jersey/lawrence/2625-St-Ann-Elementary-School/,
Christian Brothers Academy,"850 NEWMAN SPRINGS RD, Middletown Township, NJ, 07738",https://www.greatschools.org/new-jersey/middletown/2626-Christian-Brothers-Academy/,
St Leo The Great School,"550 Newman Springs Road, Middletown Township, NJ, 07738",https://www.greatschools.org/new-jersey/middletown/2627-St-Leo-The-Great-School/,
St Denis Elementary School,"119 Virginia Avenue, Manasquan, NJ, 08736",https://www.greatschools.org/new-jersey/manasquan/2628-St-Denis-Elementary-School/,
Christ The King Elementary School,"99 North 13th Avenue, Manville, NJ, 08835",https://www.greatschools.org/new-jersey/manville/2629-Christ-The-King-Elementary-School/,
Our Lady Of Perpetual Help School,"236 East Main Street, Maple Shade, NJ, 08052",https://www.greatschools.org/new-jersey/maple-shade-township/2630-Our-Lady-Of-Perpetual-Help-School/,
St Joan Of Arc Elementary School,"101 EVANS RD, Evesham, NJ, 08053",https://www.greatschools.org/new-jersey/evesham-township/2631-St-Joan-Of-Arc-Elementary-School/,
Holy Family Elementary School,"910 Hwy 36, Hazlet, NJ, 07730",https://www.greatschools.org/new-jersey/hazlet/2632-Holy-Family-Elementary-School/,
St Gregory The Great,"4680 Nottingham Way, Hamilton Township, NJ, 08690",https://www.greatschools.org/new-jersey/hamilton-township/2633-St-Gregory-The-Great/,
St Mary's School,"159 Liberty Street, Hackettstown, NJ, 07840",https://www.greatschools.org/new-jersey/hackettstown/2634-St-Marys-School/,
St. Rose of Lima School,"51 Lincoln Place, Freehold, NJ, 07728",https://www.greatschools.org/new-jersey/freehold/2635-St.-Rose-Of-Lima-School/,
Our Lady Of Peace School,"Po Box 69 Amboy Ave, Woodbridge Township, NJ, 08863",https://www.greatschools.org/new-jersey/woodbridge-township/2636-Our-Lady-Of-Peace-School/,
Bishop George Ahr High School,"1 Tingley Lane, Edison, NJ, 08820",https://www.greatschools.org/new-jersey/edison/2637-Bishop-George-Ahr-High-School/,
St. Matthew School,"100 Seymour Avenue, Edison, NJ, 08817",https://www.greatschools.org/new-jersey/edison/2638-St.-Matthew-School/,
St Helena School,"930 Grove Avenue, Edison, NJ, 08820",https://www.greatschools.org/new-jersey/edison/2639-St-Helena-School/,
St. Bartholomew School,"470 Ryders Lane, East Brunswick, NJ, 08816",https://www.greatschools.org/new-jersey/east-brunswick/2640-St.-Bartholomew-School/,
Mother Teresa Regional School,"55 South Avenue, Atlantic Highlands, NJ, 07716",https://www.greatschools.org/new-jersey/atlantic-highlands/2641-Mother-Teresa-Regional-School/,
Our Lady Of Mt Carmel School,"1220 1st Avenue, Asbury Park, NJ, 07712",https://www.greatschools.org/new-jersey/asbury-park/2642-Our-Lady-Of-Mt-Carmel-School/,
St Mary School,"30 Elizabeth Street, Bordentown, NJ, 08505",https://www.greatschools.org/new-jersey/bordentown/2643-St-Mary-School/,
St Rose High School,"607 7th Avenue, Belmar, NJ, 07719",https://www.greatschools.org/new-jersey/belmar/2646-St-Rose-High-School/,
St Rose Grammar School,"605 6th Avenue, Belmar, NJ, 07719",https://www.greatschools.org/new-jersey/belmar/2647-St-Rose-Grammar-School/,
St James School,"PO BOX 310, Bernards, NJ, 07920",https://www.greatschools.org/new-jersey/basking-ridge/2648-St-James-School/,
St John Vianney Elementary School,"420 Inman Avenue, Woodbridge Township, NJ, 07067",https://www.greatschools.org/new-jersey/woodbridge-township/2649-St-John-Vianney-Elementary-School/,
St Charles Borromeo,"2500 Branch Pike, Cinnaminson, NJ, 08077",https://www.greatschools.org/new-jersey/cinnaminson/2650-St-Charles-Borromeo/,
St Joseph Elementary School,"865 Roosevelt Avenue, Carteret, NJ, 07008",https://www.greatschools.org/new-jersey/carteret/2651-St-Joseph-Elementary-School/,
Holy Family Elementary School,"132 Emerson Street, Carteret, NJ, 07008",https://www.greatschools.org/new-jersey/carteret/2652-Holy-Family-Elementary-School/,
St Paul Elementary School,"250 James Street, Burlington, NJ, 08016",https://www.greatschools.org/new-jersey/burlington/2653-St-Paul-Elementary-School/,
All Sts. Elementary School,"510 High School, Burlington, NJ, 08016",https://www.greatschools.org/new-jersey/burlington/2654-All-Sts.-Elementary-School/,
St Dominic School,"250 Old Squan Road, Brick, NJ, 08724",https://www.greatschools.org/new-jersey/brick/2655-St-Dominic-School/,
Assumption Catholic School,"380 Meredith Street, Perth Amboy, NJ, 08861",https://www.greatschools.org/new-jersey/perth-amboy/2656-Assumption-Catholic-School/,
Sts Philip & James School,"137 Roseberry Street, Phillipsburg, NJ, 08865",https://www.greatschools.org/new-jersey/phillipsburg/2657-Sts-Philip--James-School/,
Our Lady of Fatima School,"499 New Market Rd, Piscataway, NJ, 08854",https://www.greatschools.org/new-jersey/piscataway/2658-Our-Lady-Of-Fatima-School/,
St. Frances Cabrini School,"2300 Cooper Street, Piscataway, NJ, 08854",https://www.greatschools.org/new-jersey/piscataway/2659-St.-Frances-Cabrini-School/,
Mount St. Mary Academy High School,"1645 ROUTE 22 W, Watchung, NJ, 07069",https://www.greatschools.org/new-jersey/watchung/2660-Mount-St.-Mary-Academy-High-School/,
St Peter School,"415 Atlantic Avenue, Point Pleasant Beach, NJ, 08742",https://www.greatschools.org/new-jersey/point-pleasant-beach/2661-St-Peter-School/,
St Paul School,"218 Nassau Street, Princeton, NJ, 08542",https://www.greatschools.org/new-jersey/princeton/2662-St-Paul-School/,
St. Ann Elementary School,"29 Second Avenue, Raritan, NJ, 08869",https://www.greatschools.org/new-jersey/raritan/2663-St.-Ann-Elementary-School/,
St James Elementary School,"30 Peters Place, Red Bank, NJ, 07701",https://www.greatschools.org/new-jersey/red-bank/2665-St-James-Elementary-School/,
Holy Cross Academy,"5035 ROUTE 130 S, Delran, NJ, 08075",https://www.greatschools.org/new-jersey/delran/2666-Holy-Cross-Academy/,
St. Casimir Elementary School,"500 New Jersey Avenue, Riverside, NJ, 08075",https://www.greatschools.org/new-jersey/riverside/2667-St.-Casimir-Elementary-School/,
St. Peter Elementary School,"101 Middleton Street, Riverside, NJ, 08075",https://www.greatschools.org/new-jersey/riverside/2668-St.-Peter-Elementary-School/,
Holy Cross Academy,"40 Rumson Road, Rumson, NJ, 07760",https://www.greatschools.org/new-jersey/rumson/2670-Holy-Cross-Elementary-School/,
St. Stanislaus Kostka School,"221 MacArthur Ave, Sayreville, NJ, 08872",https://www.greatschools.org/new-jersey/sayreville/2672-St.-Stanislaus-Kostka-School/,
St Matthias Elementary School,"170 John F Kennedy Boulevard, Franklin Township, NJ, 08873",https://www.greatschools.org/new-jersey/franklin-township/2673-St-Matthias-Elementary-School/,
Sacred Heart Elementary School,"P.O. Box 728, South Amboy, NJ, 08879",https://www.greatschools.org/new-jersey/south-amboy/2674-Sacred-Heart-Elementary-School/,
Cardinal Mccarrick High School,"310 Augusta Street, South Amboy, NJ, 08879",https://www.greatschools.org/new-jersey/south-amboy/2676-Cardinal-Mccarrick-High-School/,
Sacred Heart Elementary School,"1 Sacred Heart Dr, South Plainfield, NJ, 07080",https://www.greatschools.org/new-jersey/south-plainfield/2677-Sacred-Heart-Elementary-School/,
Corpus Christi Elementary School,"80 David Street, South River, NJ, 08882",https://www.greatschools.org/new-jersey/south-river/2678-Corpus-Christi-Elementary-School/,
St. Marys of Ostrabrama,"22 Holmes Avenue, South River, NJ, 08882",https://www.greatschools.org/new-jersey/south-river/2679-St.-Marys-Of-Ostrabrama/,
Immaculate Conception School,"23 Manalapan Road, Spotswood, NJ, 08884",https://www.greatschools.org/new-jersey/spotswood/2680-Immaculate-Conception-School/,
St Joseph Grade School,"711 Hooper Avenue, Toms River, NJ, 08753",https://www.greatschools.org/new-jersey/toms-river/2682-St-Joseph-Grade-School/,
Monsignor Donovan High School,"711 Hooper Avenue, Toms River, NJ, 08753",https://www.greatschools.org/new-jersey/toms-river/2683-Monsignor-Donovan-High-School/,
Holy Angels School,"10 New Cedar Lane, Trenton, NJ, 08610",https://www.greatschools.org/new-jersey/trenton/2686-Holy-Angels-School/,
Incarnation-St James Elementary School,"1555 Pennington Road, Ewing Township, NJ, 08638",https://www.greatschools.org/new-jersey/ewing-township/2687-Incarnation-St-James-Elementary-School/,
Our Lady Of Sorrows School,"3800 East State Street, Hamilton Township, NJ, 08619",https://www.greatschools.org/new-jersey/mercerville/2688-Our-Lady-Of-Sorrows-School/,
Riletta Cream Elementary School,"1875 Mulford Street, Camden, NJ, 08104",https://www.greatschools.org/new-jersey/camden/269-Riletta-Cream-Elementary-School/,
Trenton Catholic Academy Lower School,"177 Leonard Avenue, Trenton, NJ, 08610",https://www.greatschools.org/new-jersey/trenton/2690-Trenton-Catholic-Academy-Lower-School/,
Trenton Catholic Upper School,"175 LEONARD AVE, Hamilton Township, NJ, 08610",https://www.greatschools.org/new-jersey/hamilton-township/2691-Trenton-Catholic-Upper-School/,
St Raphael School,"151 GROPP AVE, Hamilton Township, NJ, 08610",https://www.greatschools.org/new-jersey/hamilton-township/2694-St-Raphael-School/,
St. Mary of the Assumption School,"73 Wickapecko Drive, Ocean, NJ, 07712",https://www.greatschools.org/new-jersey/ocean/2695-St.-Mary-Of-The-Assumption-School/,
St Jerome Elementary School,"250 Wall Street, West Long Branch, NJ, 07764",https://www.greatschools.org/new-jersey/west-long-branch/2696-St-Jerome-Elementary-School/,
Corpus Christi School,"11 S Sunset Road, Willingboro, NJ, 08046",https://www.greatschools.org/new-jersey/willingboro/2697-Corpus-Christi-School/,
St James School-Woodbridge,"341 Amboy Avenue, Woodbridge Township, NJ, 07095",https://www.greatschools.org/new-jersey/woodbridge-township/2698-St-James-School-Woodbridge/,
St Thomas The Apostle School,"333 New Jersey 18, Old Bridge, NJ, 08857",https://www.greatschools.org/new-jersey/old-bridge-township/2699-St-Thomas-The-Apostle-School/,
St. Ambrose School,"81 Throckmorton Lane, Old Bridge, NJ, 08857",https://www.greatschools.org/new-jersey/old-bridge/2700-St.-Ambrose-School/,
Mater Dei Prep High School,"538 CHURCH ST, Middletown Township, NJ, 07748",https://www.greatschools.org/new-jersey/middletown/2702-Mater-Dei-Prep-High-School/,
St. Peter the Apostle High School,"175 Somerset Street, New Brunswick, NJ, 08901",https://www.greatschools.org/new-jersey/new-brunswick/2703-St.-Peter-The-Apostle-High-School/,
St. Mary of Mount Virgin School,"192 Sandford St, New Brunswick, NJ, 08901",https://www.greatschools.org/new-jersey/new-brunswick/2704-St.-Mary-Of-Mount-Virgin-School/,
Holy Innocents Elementary School,"3455 W BANGS AVE, Neptune Township, NJ, 07753",https://www.greatschools.org/new-jersey/neptune/2705-Holy-Innocents-Elementary-School/,
Sacred Heart Elementary School,"250 High Street, Mount Holly, NJ, 08060",https://www.greatschools.org/new-jersey/mount-holly/2706-Sacred-Heart-Elementary-School/,
Our Lady Of Good Counsel School,"23 West Prospect Avenue, Moorestown, NJ, 08057",https://www.greatschools.org/new-jersey/moorestown/2707-Our-Lady-Of-Good-Counsel-School/,
Our Lady of Lourdes School,"44 Cleveland Ave, Milltown, NJ, 08850",https://www.greatschools.org/new-jersey/milltown/2708-Our-Lady-Of-Lourdes-School/,
St Joseph High School,"145 PLAINFIELD RD, Metuchen, NJ, 08840",https://www.greatschools.org/new-jersey/metuchen/2709-St-Joseph-High-School/,
Holy Cross School,"22 Grand St, Trenton, NJ, 08611",https://www.greatschools.org/new-jersey/trenton/2710-Holy-Cross-School/,
Haddonfield Friends School,"47 North Haddon Avenue, Haddonfield, NJ, 08033",https://www.greatschools.org/new-jersey/haddonfield/2711-Haddonfield-Friends-School/,
Friends School Mullica Hill,"15 High Street, Harrison Township, NJ, 08062",https://www.greatschools.org/new-jersey/mullica-hill/2712-Friends-School-Mullica-Hill/,
Trinity Cathedral Academy,"801 West Streetate Street, Trenton, NJ, 08618",https://www.greatschools.org/new-jersey/trenton/2713-Trinity-Cathedral-Academy/,
The Red Oaks School,"21 Cutler Street, Morristown, NJ, 07960",https://www.greatschools.org/new-jersey/morristown/2714-The-Red-Oaks-School/,
Westfield Friends School,"2201 Riverton Road, Cinnaminson, NJ, 08077",https://www.greatschools.org/new-jersey/cinnaminson/2715-Westfield-Friends-School/,
Zion Lutheran School,"64 1st Avenue, Westwood, NJ, 07675",https://www.greatschools.org/new-jersey/westwood/2719-Zion-Lutheran-School/,
The Chad School/The Black Yout,"308 S 9th Street, Newark, NJ, 07103",https://www.greatschools.org/new-jersey/newark/2720-The-Chad-School-The-Black-Yout/,
Collegiate School,"22 Kent Court, Passaic, NJ, 07055",https://www.greatschools.org/new-jersey/passaic/2721-Collegiate-School/,
Bonnie Brae School,"3415 VALLEY RD, Bernards, NJ, 07938",https://www.greatschools.org/new-jersey/bernards/2722-Bonnie-Brae-School/,
Gottesman RTW Academy,"146 Dover Chester Road, Randolph, NJ, 07869",https://www.greatschools.org/new-jersey/randolph/2723-Gottesman-RTW-Academy/,
Kellman Brown Academy,"1007 Laurel Oak Road, Voorhees Township, NJ, 08043",https://www.greatschools.org/new-jersey/voorhees-township/2724-Kellman-Brown-Academy/,
Solomon Schechter Academy,"395 Kent Rd, Howell, NJ, 07731",https://www.greatschools.org/new-jersey/howell/2725-Solomon-Schechter-Academy/,
Solomon Schechter Day School,"721 Orange Avenue, Cranford, NJ, 07016",https://www.greatschools.org/new-jersey/cranford/2726-Solomon-Schechter-Day-School/,
The Frisch School,"120 West Century Road, Paramus, NJ, 07652",https://www.greatschools.org/new-jersey/paramus/2728-The-Frisch-School/,
Ybh Of Passaic-Hillel,"270 Passaic Avenue, Passaic, NJ, 07055",https://www.greatschools.org/new-jersey/passaic/2729-Ybh-Of-Passaic-Hillel/,
Martin Luther Christian School,"4106 TER AVE, Pennsauken Township, NJ, 08109",https://www.greatschools.org/new-jersey/pennsauken-township/2730-Martin-Luther-Christian-School/,
Ranch Hope Strang School,"45 Sawmill Road, Alloway Township, NJ, 08001",https://www.greatschools.org/new-jersey/alloway-township/2735-Ranch-Hope-Strang-School/,
Hilltop Country Day School,"32 LAFAYETTE RD, Sparta Township, NJ, 07871",https://www.greatschools.org/new-jersey/sparta-township/2737-Hilltop-Country-Day-School/,
Doane Academy,"350 Riverbank, Burlington, NJ, 08016",https://www.greatschools.org/new-jersey/burlington/2738-Doane-Academy/,
Newark Academy,"91 South Orange Avenue, Livingston, NJ, 07039",https://www.greatschools.org/new-jersey/livingston/2739-Newark-Academy/,
Northwest Christian School,"92 County Road 519, Newton, NJ, 07860",https://www.greatschools.org/new-jersey/newton/2740-Northwest-Christian-School/,
Trocki Jewish Community Day School,"6814 Black Horse Pike, Egg Harbor Township, NJ, 08234",https://www.greatschools.org/new-jersey/egg-harbor-township/2744-Trocki-Jewish-Community-Day-School/,
Joseph Kushner Hebrew Academy,"110 South Orange Avenue, Livingston Township, NJ, 07039",https://www.greatschools.org/new-jersey/livingston/2745-Joseph-Kushner-Hebrew-Academy/,
Rutgers Preparatory School,"1345 EASTON AVE, Franklin Township, NJ, 08873",https://www.greatschools.org/new-jersey/somerset/2746-Rutgers-Preparatory-School/,
Peddie School,"201 South Main Street, Hightstown, NJ, 08520",https://www.greatschools.org/new-jersey/hightstown/2747-Peddie-School/,
The Peck School,"247 South Street, Morristown, NJ, 07960",https://www.greatschools.org/new-jersey/morristown/2748-The-Peck-School/,
Saddle River Day School,"147 Chestnut Ridge Road, Saddle River, NJ, 07458",https://www.greatschools.org/new-jersey/saddle-river/2749-Saddle-River-Day-School/,
Monmouth Academy,"152 Lanes Mill Rd, Howell, NJ, 07731",https://www.greatschools.org/new-jersey/howell/2752-Monmouth-Academy/,
Ranney School,"235 Hope Rd, Tinton Falls, NJ, 07724",https://www.greatschools.org/new-jersey/tinton-falls/2753-Ranney-School/,
The Ellison School,"1017 South Spring Road, Vineland, NJ, 08361",https://www.greatschools.org/new-jersey/vineland/2754-The-Ellison-School/,
Dawn Treader Christian School,"1 Market Street, Paterson, NJ, 07501",https://www.greatschools.org/new-jersey/paterson/2755-Dawn-Treader-Christian-School/,
Sussex Christian School,"51 Unionville Avenue, Sussex, NJ, 07461",https://www.greatschools.org/new-jersey/sussex/2756-Sussex-Christian-School/,
Netherlands Reformed Christian School,"164 JACKSONVILLE RD, Pequannock Township, NJ, 07444",https://www.greatschools.org/new-jersey/pequannock-township/2758-Netherlands-Reformed-Christian-School/,
Dwight-Englewood School,"315 East Palisade Avenue, Englewood, NJ, 07631",https://www.greatschools.org/new-jersey/englewood/2759-Dwight-Englewood-School/,
Morristown Beard School,"70 Whippany Road, Morristown, NJ, 07960",https://www.greatschools.org/new-jersey/morristown/2760-The-Morristown-Beard-School/,
Chapin School,"4101 Princeton Pike, Princeton, NJ, 08540",https://www.greatschools.org/new-jersey/princeton/2761-Chapin-School/,
Gill St. Bernard's School,"PO BOX 604, Peapack and Gladstone, NJ, 07934",https://www.greatschools.org/new-jersey/gladstone/2762-Gill-St.-Bernards-School/,
The Elisabeth Morrow School,"435 Lydecker Street, Englewood, NJ, 07631",https://www.greatschools.org/new-jersey/englewood/2763-The-Elisabeth-Morrow-School/,
Blair Academy,"PO BOX 600, Blairstown, NJ, 07825",https://www.greatschools.org/new-jersey/blairstown/2764-Blair-Academy/,
Far Hills Country Day School,"PO BOX 8, Far Hills, NJ, 07931",https://www.greatschools.org/new-jersey/far-hills/2767-Far-Hills-Country-Day-School/,
Kent Place School,"42 Norwood Avenue, Summit, NJ, 07901",https://www.greatschools.org/new-jersey/summit/2768-Kent-Place-School/,
The Pennington School,"112 West Delaware Avenue, Pennington, NJ, 08534",https://www.greatschools.org/new-jersey/pennington/2769-The-Pennington-School/,
Independence High School,"P.O. Box 369, Irvington, NJ, 07111",https://www.greatschools.org/new-jersey/irvington/2770-Independence-High-School/,
The Moriah School,"53 South Woodland Street, Englewood, NJ, 07631",https://www.greatschools.org/new-jersey/englewood/2771-The-Moriah-School/,
Rabbi Pesach Raymon Yeshiva,"2 Harrison Street, Edison, NJ, 08817",https://www.greatschools.org/new-jersey/edison/2772-Rabbi-Pesach-Raymon-Yeshiva/,
Oakhurst Country Day School Ca,"128 Monmouth Road, Oakhurst, NJ, 07758",https://www.greatschools.org/new-jersey/oakhurst/2773-Oakhurst-Country-Day-School-Ca/,
Parsippany Christian School,"PO BOX 5365, Parsippany-Troy Hills, NJ, 07054",https://www.greatschools.org/new-jersey/parsippany_troy-hills/2774-Parsippany-Christian-School/,
Ringwood Christian School,"30 Carletondale Road, Ringwood, NJ, 07456",https://www.greatschools.org/new-jersey/ringwood/2775-Ringwood-Christian-School/,
The Milton School,"240 Franklin Avenue, Maplewood, NJ, 07040",https://www.greatschools.org/new-jersey/maplewood/2778-The-Milton-School/,
The Pilgrim Academy,"PO BOX 322, Egg Harbor City, NJ, 08215",https://www.greatschools.org/new-jersey/egg-harbor-city/2779-The-Pilgrim-Academy/,
Timothy Christian School,"2008 Ethel Road, Piscataway, NJ, 08854",https://www.greatschools.org/new-jersey/piscataway-township/2781-Timothy-Christian-School/,
Christopher Academy,"1390 Terrill Road, Scotch Plains, NJ, 07076",https://www.greatschools.org/new-jersey/scotch-plains/2782-Christopher-Academy/,
Calvary Christian School,"17 Lyons Avenue, Newark, NJ, 07112",https://www.greatschools.org/new-jersey/newark/2783-Calvary-Christian-School/,
Bruriah High School For Girls,"35 North Avenue, Elizabeth, NJ, 07208",https://www.greatschools.org/new-jersey/elizabeth/2784-Bruriah-High-School-For-Girls/,
The Brookside School,"2135 New Jersey 35, Sea Girt, NJ, 08750",https://www.greatschools.org/new-jersey/sea-girt/2785-The-Brookside-School/,
Baptist Regional School,"300 Station Avenue, Haddon Heights, NJ, 08035",https://www.greatschools.org/new-jersey/haddon-heights/2786-Baptist-Regional-School/,
Bais Kaila Torah Preparatory High School For Girls,"183 Spruce Street, Lakewood, NJ, 08701",https://www.greatschools.org/new-jersey/lakewood-township/2788-Bais-Kaila-Torah-Preparatory-High-School-For-Girls/,
Hovnanian School,"817 River Road, New Milford, NJ, 07646",https://www.greatschools.org/new-jersey/new-milford/2789-Hovnanian-School/,
Clark School,"671 Park Avenue, East Orange, NJ, 07017",https://www.greatschools.org/new-jersey/east-orange/2790-Clark-School/,
Far Brook School,"52 GREAT HILLS RD, Millburn, NJ, 07078",https://www.greatschools.org/new-jersey/millburn/2791-Far-Brook-School/,
Gloucester County Christian School,"151 Golf Club RD, Sewell, NJ, 08080",https://www.greatschools.org/new-jersey/sewell/2792-Gloucester-County-Christian-School/,
Cumberland Christian School,"1100 West Sherman Avenue, Vineland, NJ, 08360",https://www.greatschools.org/new-jersey/vineland/2793-Cumberland-Christian-School/,
American Christian School,"126 S HILLSIDE AVE, Roxbury Township, NJ, 07876",https://www.greatschools.org/new-jersey/roxbury-township/2795-American-Christian-School/,
Cohansey Christian School,"256 Pecks Corner Cohansey Road, Bridgeton, NJ, 08302",https://www.greatschools.org/new-jersey/bridgeton/2796-Cohansey-Christian-School/,
Delaware Valley Jr Academy,"240 Sickle Lane, Woodbury, NJ, 08096",https://www.greatschools.org/new-jersey/woodbury/2797-Delaware-Valley-Jr-Academy/,
Garden State Academy,"P.O. Box 520, Tranquility, NJ, 07879",https://www.greatschools.org/new-jersey/tranquility/2798-Garden-State-Academy/,
Grace Lutheran School,"1200 River Road, Teaneck, NJ, 07666",https://www.greatschools.org/new-jersey/teaneck/2799-Grace-Lutheran-School/,
The Spring School,"67 North Summit Street, Tenafly, NJ, 07670",https://www.greatschools.org/new-jersey/tenafly/2800-The-Spring-School/,
Trinity Temple Academy,"1500 Maple Avenue, Hillside, NJ, 07205",https://www.greatschools.org/new-jersey/hillside/2801-Trinity-Temple-Academy/,
Waldwick Seventh-Day Adventist School,"70 Wyckoff Avenue, Waldwick, NJ, 07463",https://www.greatschools.org/new-jersey/waldwick/2802-Waldwick-Seventh-Day-Adventist-School/,
Lake Nelson SDA School,"555 South Randolphville Road, Piscataway, NJ, 08854",https://www.greatschools.org/new-jersey/piscataway-township/2803-Lake-Nelson-SDA-School/,
Our Lady of Mount Carmel School,"7 St Francis Way, Passaic, NJ, 07055",https://www.greatschools.org/new-jersey/passaic/2804-Our-Lady-Of-Mount-Carmel-School/,
St Philip The Apostle School,"797 Valley Road, Clifton, NJ, 07013",https://www.greatschools.org/new-jersey/clifton/2805-St-Philip-The-Apostle-School/,
Immaculate Conception School,"41 Mountain Avenue, Somerville, NJ, 08876",https://www.greatschools.org/new-jersey/somerville/2806-Immaculate-Conception-School/,
St. Mary of the Lakes School,"196 New Jersey 70, Medford, NJ, 08055",https://www.greatschools.org/new-jersey/medford/2808-St.-Mary-Of-The-Lakes-School/,
Immaculata High School,"240 MOUNTAIN AVE, Somerville, NJ, 08876",https://www.greatschools.org/new-jersey/somerville/2810-Immaculata-High-School/,
Victory Christian School,"1073 New Brooklyn Road, Monroe Township, NJ, 08094",https://www.greatschools.org/new-jersey/monroe-township/2811-Victory-Christian-School/,
Lighthouse Christian Academy,"400 BEACH AVE STE B, Stafford Township, NJ, 08050",https://www.greatschools.org/new-jersey/stafford-township/2812-Lighthouse-Christian-Academy/,
Ambassador Christian Academy,"190 LAMBS RD, Mantua Township, NJ, 08080",https://www.greatschools.org/new-jersey/glassboro/2814-Ambassador-Christian-Academy/,
Mary A Dobbins School,"243 Pine Street, Mount Holly, NJ, 08060",https://www.greatschools.org/new-jersey/mount-holly/2815-Mary-A-Dobbins-School/,
Hunterdon Learning Center,"11 SPENCER LN, Clinton Township, NJ, 08801",https://www.greatschools.org/new-jersey/califon/2817-Hunterdon-Learning-Center/,
Villa Walsh Academy,"455 Western Avenue, Morristown, NJ, 07960",https://www.greatschools.org/new-jersey/morristown/2821-Villa-Walsh-Academy/,
Life Center Academy,"2045 Columbus Road, Burlington, NJ, 08016",https://www.greatschools.org/new-jersey/burlington/2822-Life-Center-Academy/,
Barnstable Academy,"8 Wright Way, Oakland, NJ, 07436",https://www.greatschools.org/new-jersey/oakland/2823-Barnstable-Academy/,
Collier High School,"PO BOX 300, Marlboro, NJ, 07765",https://www.greatschools.org/new-jersey/marlboro-township/2824-Collier-High-School/,
Eastern Christian Middle School,"518 Sicomac Avenue, Wyckoff, NJ, 07481",https://www.greatschools.org/new-jersey/wyckoff/2826-Eastern-Christian-Middle-School/,
The Forum School,"107 Wyckoff Ave, Waldwick, NJ, 07463",https://www.greatschools.org/new-jersey/waldwick/2827-The-Forum-School/,
Palisades Regional Academy,"304 East Midland Avenue, Paramus, NJ, 07652",https://www.greatschools.org/new-jersey/paramus/2828-Palisades-Regional-Academy/,
Yavneh Academy,"155 North Farview Avenue, Paramus, NJ, 07652",https://www.greatschools.org/new-jersey/paramus/2829-Yavneh-Academy/,
Meadow View Junior Academy,"241 Bordentown Chesterfield Road, Chesterfield Township, NJ, 08515",https://www.greatschools.org/new-jersey/chesterfield-township/2831-Meadow-View-Junior-Academy/,
Holy Light Christian Academy,"133 East Union Street, Burlington, NJ, 08016",https://www.greatschools.org/new-jersey/burlington/2833-Holy-Light-Christian-Academy/,
Atlantic Christian School,"391 Zion Road, Egg Harbor Township, NJ, 08234",https://www.greatschools.org/new-jersey/egg-harbor-township/2835-Atlantic-Christian-School/,
Maranatha Baptist School,"1524 Bridgeton-Millville Pike, Millville, NJ, 08332",https://www.greatschools.org/new-jersey/millville/2836-Maranatha-Baptist-School/,
Faith Temple New Hope Christia,"30 Morton Place, East Orange, NJ, 07017",https://www.greatschools.org/new-jersey/east-orange/2837-Faith-Temple-New-Hope-Christia/,
Newark Boys Chorus School,"1016 Broad Street, Newark, NJ, 07102",https://www.greatschools.org/new-jersey/newark/2838-Newark-Boys-Chorus-School/,
Montclair Cooperative School,"65 Chestnut Street, Montclair, NJ, 07042",https://www.greatschools.org/new-jersey/montclair/2839-Montclair-Cooperative-School/,
The Pingry School,"131 MARTINSVILLE RD, Bernards, NJ, 07920",https://www.greatschools.org/new-jersey/martinsville/2840-The-Pingry-School/,
Solomon Schechter Day Elementary School,"122 Gregory Ave, West Orange, NJ, 07052",https://www.greatschools.org/new-jersey/west-orange/2845-Solomon-Schechter-Day-Elementary-School/,
The Hudson School,"601 Park Avenue, Hoboken, NJ, 07030",https://www.greatschools.org/new-jersey/hoboken/2847-The-Hudson-School/,
Stevens Cooperative School,"301 Garden Street, Hoboken, NJ, 07030",https://www.greatschools.org/new-jersey/hoboken/2848-Stevens-Cooperative-School/,
Afrikan People's Action School,"27 E Paul Ave, Trenton, NJ, 08638",https://www.greatschools.org/new-jersey/trenton/2852-Afrikan-Peoples-Action-School/,
Our Redeemer Lutheran School,"28 S 4TH ST, Woodbridge Township, NJ, 08863",https://www.greatschools.org/new-jersey/woodbridge-township/2853-Our-Redeemer-Lutheran-School/,
Solomon Schechter Day School,"511 Ryders Ln, East Brunswick, NJ, 08816",https://www.greatschools.org/new-jersey/east-brunswick/2855-Solomon-Schechter-Day-School/,
Hillel Yeshiva School,"1025 DEAL RD, Ocean Township, NJ, 07712",https://www.greatschools.org/new-jersey/ocean-township/2856-Hillel-Yeshiva-School/,
The Rugby School,"P.O. Box 1403, Wall, NJ, 07719",https://www.greatschools.org/new-jersey/wall/2857-The-Rugby-School/,
Solomon Schechter Day School,"22 School Road, Marlboro, NJ, 07746",https://www.greatschools.org/new-jersey/marlboro/2858-Solomon-Schechter-Day-School/,
Calais School,"45 HIGHLAND AVE, Hanover, NJ, 07981",https://www.greatschools.org/new-jersey/hanover/2859-Calais-School/,
Ocean Day School,"617 Hope Chapel Rd, Lakewood, NJ, 08701",https://www.greatschools.org/new-jersey/lakewood/2860-Ocean-Day-School/,
Ambassador Christian Academy,"4041 Squankum Allenwood Road, Wall Township, NJ, 08720",https://www.greatschools.org/new-jersey/toms-river/2861-Ambassador-Christian-Academy/,
Madison Avenue Baptist Academy,"900 Madison Avenue, Paterson, NJ, 07501",https://www.greatschools.org/new-jersey/paterson/2862-Madison-Avenue-Baptist-Academy/,
Eastern Christian High School,"50 Oakwood Avenue, North Haledon, NJ, 07508",https://www.greatschools.org/new-jersey/north-haledon/2863-Eastern-Christian-High-School/,
The New Bairn School,"66 Mount Prospect Avenue, Clifton, NJ, 07013",https://www.greatschools.org/new-jersey/clifton/2865-The-New-Bairn-School/,
Hawthorne Christian Academy,"2000 STATE ROUTE 208, Hawthorne, NJ, 07506",https://www.greatschools.org/new-jersey/hawthorne/2866-Hawthorne-Christian-Academy/,
Salem County Christian Academy,"104 SPARKS AVE, Pennsville Township, NJ, 08070",https://www.greatschools.org/new-jersey/pennsville/2867-Salem-County-Christian-Academy/,
Messiah Lutheran School,"630 E Front Street, Plainfield, NJ, 07060",https://www.greatschools.org/new-jersey/plainfield/2868-Messiah-Lutheran-School/,
Tranquility Adventist School,"3 ACADEMY LN, Andover Township, NJ, 07821",https://www.greatschools.org/new-jersey/andover/2869-Tranquility-Adventist-School/,
Rabbi Jacob Joseph Yeshiva,"1 Plainfield Avenue, Edison, NJ, 08817",https://www.greatschools.org/new-jersey/edison/2870-Rabbi-Jacob-Joseph-Yeshiva/,
Princeton Junior School,"3270 Lawrenceville Road, Princeton, NJ, 08540",https://www.greatschools.org/new-jersey/lawrenceville/2872-Princeton-Junior-School/,
Oak Knoll School of the Holy Child,"44 Blackburn Road, Summit, NJ, 07901",https://www.greatschools.org/new-jersey/summit/2873-Oak-Knoll-School-Of-The-Holy-Child/,
ABC Elementary School,"228 Bidwell Ave, Jersey City, NJ, 07305",https://www.greatschools.org/new-jersey/jersey-city/2875-ABC-Elementary-School/,
Al Ghazaly School,"17 Park Street, Jersey City, NJ, 07304",https://www.greatschools.org/new-jersey/jersey-city/2877-Al-Ghazaly-School/,
All Saints Episcopal Day School,"707 Washington Street, Hoboken, NJ, 07030",https://www.greatschools.org/new-jersey/hoboken/2878-All-Saints-Episcopal-Day-School/,
Apple Montessori Schools - Wayne Nevins,"25 Nevins Road, Wayne, NJ, 07470",https://www.greatschools.org/new-jersey/wayne/2881-Apple-Montessori-Schools---Wayne-Nevins/,
Shore Christian Academy,"P.O. Box 515, Allenwood, NJ, 08720",https://www.greatschools.org/new-jersey/allenwood/2885-Shore-Christian-Academy/,
Benway School,"620 Valley Road, Wayne, NJ, 07470",https://www.greatschools.org/new-jersey/wayne/2886-Benway-School/,
Bethany Christian Academy,"Box 90 Fox Road, Pennsville, NJ, 08070",https://www.greatschools.org/new-jersey/pennsville/2887-Bethany-Christian-Academy/,
Bethel Christian Academy,"580 Mount Prospect Ave, Newark, NJ, 07104",https://www.greatschools.org/new-jersey/newark/2888-Bethel-Christian-Academy/,
Bais Rivka Rochel School,"285 River Avenue, Lakewood Township, NJ, 08701",https://www.greatschools.org/new-jersey/lakewood-township/2889-Bais-Rivka-Rochel-School/,
Brighten Academy,"315 FRIES MILL RD, Mantua Township, NJ, 08080",https://www.greatschools.org/new-jersey/washington-township/2890-Brighten-Academy/,
Happy Day Learning Center,"1111 Preakness Avenue, Wayne, NJ, 07470",https://www.greatschools.org/new-jersey/wayne/2892-Calvary-Christian-Academy/,
Chancellor Academy,"157 West Parkway, Pequannock Township, NJ, 07444",https://www.greatschools.org/new-jersey/pompton-plains/2893-Chancellor-Academy/,
Community High School,"1135 Teaneck Road, Teaneck, NJ, 07666",https://www.greatschools.org/new-jersey/teaneck/2898-Community-High-School/,
Lester D Wilson Elementary School,"525 County Road 513, Franklin Township, NJ, 08867",https://www.greatschools.org/new-jersey/alexandria/29-Lester-D-Wilson-Elementary-School/,
Lakeview School,"10 Oak Drive, Edison, NJ, 08837",https://www.greatschools.org/new-jersey/edison/2901-Lakeview-School/,
Delaware Valley School For Exceptional Children,"87 Pearson Drive, Trenton, NJ, 08610",https://www.greatschools.org/new-jersey/hamilton-township/2903-Delaware-Valley-School-For-Exceptional-Children/,
Emmanuel Day School,"3448 Oak Rd, Vineland, NJ, 08360",https://www.greatschools.org/new-jersey/vineland/2908-Emmanuel-Day-School/,
Essex Valley School,"1 Henderson Drive, West Caldwell, NJ, 07006",https://www.greatschools.org/new-jersey/west-caldwell/2909-Essex-Valley-School/,
Featherbed Lane School Of Clark,"Po Box 918, Clark, NJ, 07066",https://www.greatschools.org/new-jersey/clark/2910-Featherbed-Lane-School-Of-Clark/,
Christian Academy of Merchantville,"113 N Centre St, Merchantville, NJ, 08109",https://www.greatschools.org/new-jersey/merchantville/2911-Christian-Academy-Of-Merchantville/,
Gateway School,"60 High Street, Carteret, NJ, 07008",https://www.greatschools.org/new-jersey/carteret/2912-Gateway-School/,
Good Shepherd Christian Academy,"490 STATE ROUTE 57 W, Washington, NJ, 07882",https://www.greatschools.org/new-jersey/washington/2914-Good-Shepherd-Christian-Academy/,
Badr School,"539 Bergen Avenue, Jersey City, NJ, 07304",https://www.greatschools.org/new-jersey/jersey-city/2917-Badr-School/,
Kenmare Alternative High School,"89 York St, Jersey City, NJ, 07302",https://www.greatschools.org/new-jersey/jersey-city/2920-Kenmare-Alternative-High-School/,
Kings Kids Academy,"315 State Street, Hackensack, NJ, 07601",https://www.greatschools.org/new-jersey/hackensack/2921-Kings-Kids-Academy/,
King's Academy,"131 E Main St, Wrightstown, NJ, 08562",https://www.greatschools.org/new-jersey/wrightstown/2922-Kings-Academy/,
Koinonia Academy,"1040 Plainfield Avenue, Plainfield, NJ, 07060",https://www.greatschools.org/new-jersey/plainfield/2923-Koinonia-Academy/,
Lakewood Cheder School Boys,"PO BOX 838, Lakewood, NJ, 08701",https://www.greatschools.org/new-jersey/lakewood/2925-Lakewood-Cheder-School-Boys/,
Lambs Road Academy,"190 Lambs Rd, Sewell, NJ, 08080",https://www.greatschools.org/new-jersey/sewell/2926-Lambs-Road-Academy/,
Larc School,"1089 Creek Rd, Bellmawr, NJ, 08031",https://www.greatschools.org/new-jersey/bellmawr/2927-Larc-School/,
Lighthouse Christian School,"716 Main Street, Mount Holly, NJ, 08060",https://www.greatschools.org/new-jersey/mount-holly/2928-Lighthouse-Christian-School/,
Metuchen Christian Academy,"130 Whitman Avenue, Edison, NJ, 08837",https://www.greatschools.org/new-jersey/edison/2930-Metuchen-Christian-Academy/,
Pg Chambers School,"15 HALKO DR, Hanover, NJ, 07927",https://www.greatschools.org/new-jersey/hanover/2931-Pg-Chambers-School/,
Mount Pisgah School,"577 Bergen Ave, Jersey City, NJ, 07304",https://www.greatschools.org/new-jersey/jersey-city/2933-Mount-Pisgah-School/,
Newark Christian School,"275 Sussex Avenue, Newark, NJ, 07107",https://www.greatschools.org/new-jersey/newark/2935-Newark-Christian-School/,
Abundant Life Academy,"390 Washington Avenue, Nutley, NJ, 07110",https://www.greatschools.org/new-jersey/nutley/2937-Abundant-Life-Academy/,
Oak Hill Academy,"347 MIDDLETOWN LINCROFT RD, Middletown Township, NJ, 07738",https://www.greatschools.org/new-jersey/lincroft/2938-Oak-Hill-Academy/,
Oakwood School,"62 Hance Avenue, Tinton Falls, NJ, 07724",https://www.greatschools.org/new-jersey/tinton-falls/2939-Oakwood-School/,
Ocean Academy,"160 Atlantic City Boulevard, Berkeley Township, NJ, 08721",https://www.greatschools.org/new-jersey/berkeley-township/2940-Ocean-Academy/,
Our Lady of Mercy Academy,"1001 Main Road, Newfield, NJ, 08344",https://www.greatschools.org/new-jersey/newfield/2941-Our-Lady-Of-Mercy-Academy/,
Paterson Come-Unity,"535 Martin Luther King's Way, Paterson, NJ, 07514",https://www.greatschools.org/new-jersey/paterson/2942-Paterson-Come-Unity/,
Perth Amboy Catholic School,"500 State Street, Perth Amboy, NJ, 08861",https://www.greatschools.org/new-jersey/perth-amboy/2943-Perth-Amboy-Catholic-School/,
Phillipsburg Christian Academy,"300 Cromwell Street, Phillipsburg, NJ, 08865",https://www.greatschools.org/new-jersey/phillipsburg/2945-Phillipsburg-Christian-Academy/,
Refuge of Hope,"239 Central Ave, Newark, NJ, 07018",https://www.greatschools.org/new-jersey/newark/2947-Refuge-Of-Hope/,
Shalom Torah Academy,"70 AMBOY RD, Marlboro, NJ, 07751",https://www.greatschools.org/new-jersey/marlboro-township/2949-Shalom-Torah-Academy/,
Sprout House,"200 Main Street, Chatham, NJ, 07928",https://www.greatschools.org/new-jersey/chatham/2950-Sprout-House/,
St Paul's Christian School,"714 Herbertsville Road, Brick, NJ, 08724",https://www.greatschools.org/new-jersey/brick/2953-St-Pauls-Christian-School/,
Temple Beth Sholom Pre-School,"1901 Kresson Road, Cherry Hill, NJ, 08003",https://www.greatschools.org/new-jersey/cherry-hill/2958-Temple-Beth-Sholom-Pre-School/,
Tet Christian Academy,"695 Ocean Ave, Jersey City, NJ, 07305",https://www.greatschools.org/new-jersey/jersey-city/2959-Tet-Christian-Academy/,
The Hun School Of Princeton,"176 Edgerstoune Road, Princeton, NJ, 08540",https://www.greatschools.org/new-jersey/princeton/2962-The-Hun-School-Of-Princeton/,
The Young School & Elementary,"1041 Maple Ave, Ridgefield, NJ, 07657",https://www.greatschools.org/new-jersey/ridgefield/2965-The-Young-School--Elementary/,
Trinity Lutheran School,"167 Palisade Avenue, Bogota, NJ, 07603",https://www.greatschools.org/new-jersey/bogota/2966-Trinity-Lutheran-School/,
Vincent S Mastro Montessori Academy,"35 White Road, Shrewsbury, NJ, 07702",https://www.greatschools.org/new-jersey/little-silver/2968-Vincent-S-Mastro-Montessori-Academy/,
Winding Brook School,"1044 Sycamore Avenue, Tinton Falls, NJ, 07724",https://www.greatschools.org/new-jersey/tinton-falls/2971-Winding-Brook-School/,
Windsor Learning Center,"230-234 Wanaque Ave, Pompton Lakes, NJ, 07442",https://www.greatschools.org/new-jersey/pompton-lakes/2972-Windsor-Learning-Center/,
Yale School Williamstown Campus,"300 North Black Horse Pike, Monroe Township, NJ, 08094",https://www.greatschools.org/new-jersey/monroe-township/2974-Yale-School-Williamstown-Campus/,
Yeshiva Gedolah of Bayonne,"735 Ave C, Bayonne, NJ, 07002",https://www.greatschools.org/new-jersey/bayonne/2975-Yeshiva-Gedolah-Of-Bayonne/,
Ohr Chodosh High School,"1015 Park Avenue, Lakewood, NJ, 08701",https://www.greatschools.org/new-jersey/lakewood/2977-Ohr-Chodosh-High-School/,
The Power of Christ's Gospel Academy,"P.O. Box 565 344 Joline Ave, Long Branch, NJ, 07740",https://www.greatschools.org/new-jersey/long-branch/2978-The-Power-Of-Christs-Gospel-Academy/,
JDT Christian Academy,"3600 EARL AVE, Pennsauken Township, NJ, 08110",https://www.greatschools.org/new-jersey/pennsauken/2980-JDT-Christian-Academy/,
Mesivta Pe'Er Hatorah,"501 Prospect St, Lakewood, NJ, 08701",https://www.greatschools.org/new-jersey/lakewood/2981-Mesivta-PeEr-Hatorah/,
Villa Victoria Academy,"376 W UPPER FERRY RD, Ewing Township, NJ, 08628",https://www.greatschools.org/new-jersey/ewing/2982-Villa-Victoria-Academy/,
First Christian Pentecostal,"441 Jersey Avenue, Jersey City, NJ, 07302",https://www.greatschools.org/new-jersey/jersey-city/2984-First-Christian-Pentecostal/,
Mesivta High School of Bradley,"P.O. Box 6, Lakewood, NJ, 08701",https://www.greatschools.org/new-jersey/lakewood/2986-Mesivta-High-School-Of-Bradley/,
St. Thomas Christian Academy,"135 Salmon St, Brick, NJ, 08723",https://www.greatschools.org/new-jersey/brick/2987-St.-Thomas-Christian-Academy/,
St Teresa Regional School,"27 East Evesham Road, Runnemede, NJ, 08078",https://www.greatschools.org/new-jersey/runnemede/2988-St-Teresa-Regional-School/,
Kearny Christian Academy,"22 Wilson Ave, Kearny, NJ, 07032",https://www.greatschools.org/new-jersey/kearny/2992-Kearny-Christian-Academy/,
Mother Seton School,"1501 New York Avenue, Union City, NJ, 07087",https://www.greatschools.org/new-jersey/union-city/2993-Mother-Seton-School/,
Holy Family Academy,"120 E 2nd St, Bound Brook, NJ, 08805",https://www.greatschools.org/new-jersey/bound-brook/2995-Holy-Family-Academy/,
Yeshiva Tiferes Torah,"873 Vine Avenue, Lakewood, NJ, 08701",https://www.greatschools.org/new-jersey/lakewood/2996-Yeshiva-Tiferes-Torah/,
Full Gospel Christian Academy,"531 S Orange Ave, Newark, NJ, 07103",https://www.greatschools.org/new-jersey/newark/2997-Full-Gospel-Christian-Academy/,
Sinai School,"1485 Teaneck Rd Ste 304, Teaneck, NJ, 07666",https://www.greatschools.org/new-jersey/teaneck/2998-Sinai-School/,
St Anthony School,"270 Diamond Bridge Avenue, Hawthorne, NJ, 07506",https://www.greatschools.org/new-jersey/hawthorne/2999-St-Anthony-School/,
Green Brook Academy,"152 Vosseller Avenue, Bound Brook, NJ, 08805",https://www.greatschools.org/new-jersey/bound-brook/3000-Green-Brook-Academy/,
Solomon Schechter Day School,"1418 Pleasant Valley Way, West Orange, NJ, 07052",https://www.greatschools.org/new-jersey/west-orange/3002-Solomon-Schechter-Day-School/,
Solomon Schechter Day School,"275 McKinley Ave, New Milford, NJ, 07646",https://www.greatschools.org/new-jersey/new-milford/3003-Solomon-Schechter-Day-School/,
The Education Academy,"505 US HIGHWAY 9, Lacey Township, NJ, 08734",https://www.greatschools.org/new-jersey/lacey-township/3006-The-Education-Academy/,
Tashbar Of Lakewood,"82 Oak Street, Lakewood, NJ, 08701",https://www.greatschools.org/new-jersey/lakewood-township/3007-Tashbar-Of-Lakewood/,
Stuart Country Day School,"1200 Stuart Road, Princeton, NJ, 08540",https://www.greatschools.org/new-jersey/princeton/3008-Stuart-Country-Day-School/,
St. Elizabeth Seton Interparoc,"Fourth - Walker Sts, Fairview, NJ, 07022",https://www.greatschools.org/new-jersey/fairview/3010-St.-Elizabeth-Seton-Interparoc/,
Somerset Hills Montessori School,"PO BOX 109, Bernards, NJ, 07920",https://www.greatschools.org/new-jersey/basking-ridge/3011-Somerset-Hills-Montessori-School/,
Ycs-Virginia Harkness Sawtelle,"208 S Mountain Ave, Montclair, NJ, 07042",https://www.greatschools.org/new-jersey/montclair/3012-Ycs-Virginia-Harkness-Sawtelle/,
Beacon Christian Academy,"30 Prospect Avenue, Bayonne, NJ, 07002",https://www.greatschools.org/new-jersey/bayonne/3017-Beacon-Christian-Academy/,
Githens Center Burlington Coun,"40 Cedar Street, Mount Holly, NJ, 08060",https://www.greatschools.org/new-jersey/mount-holly/3018-Githens-Center-Burlington-Coun/,
First Children School,"1030-1108 Plainfield Avenue, Plainfield, NJ, 07060",https://www.greatschools.org/new-jersey/fanwood/3022-First-Children-School/,
Creative Achievement Academy-Wood St,"Po Box 865, Vineland, NJ, 08362",https://www.greatschools.org/new-jersey/vineland/3027-Creative-Achievement-Academy-Wood-St/,
Timothy Christian Academy,"1341 Woodlane Road, Mount Holly, NJ, 08060",https://www.greatschools.org/new-jersey/mount-holly/3028-Timothy-Christian-Academy/,
Lakeview Learning Center,"PO BOX 4500, Wayne, NJ, 07474",https://www.greatschools.org/new-jersey/wayne/3029-Lakeview-Learning-Center/,
Delbarton School,"230 Mendham Road, Morristown, NJ, 07960",https://www.greatschools.org/new-jersey/morristown/3030-Delbarton-School/,
Notre Dame Academy,"312 1st Street, Palisades Park, NJ, 07650",https://www.greatschools.org/new-jersey/palisades-park/3033-Notre-Dame-Interparochial-School/,
Japanese Childrens Society,"8 West Bayview Avenue, Englewood Cliffs, NJ, 07632",https://www.greatschools.org/new-jersey/englewood-cliffs/3035-Japanese-Childrens-Society/,
Madrasatu Ahlis Sunnah,"215 North Oraton Parkway, East Orange, NJ, 07017",https://www.greatschools.org/new-jersey/east-orange/3036-Madrasatu-Ahlis-Sunnah/,
Great Commission Christian Academy,"53-57 Marshall Street, Paterson, NJ, 07501",https://www.greatschools.org/new-jersey/paterson/3039-Great-Commission-Christian-Academy/,
Heritage Christian School,"41 Marsellus Place, Garfield, NJ, 07026",https://www.greatschools.org/new-jersey/garfield/3040-Heritage-Christian-School/,
A Child's Place School,"1409 West Front Street, Middletown Township, NJ, 07738",https://www.greatschools.org/new-jersey/middletown/3042-A-Child-S-Place-School/,
Bais Shaindel High School for Girls,"685 River Avenue, Lakewood, NJ, 08701",https://www.greatschools.org/new-jersey/lakewood/3044-Bais-Shaindel-High-School-For-Girls/,
Cathedral Of Love Christian School,"139 Beverly Rancocas Road, Willingboro, NJ, 08046",https://www.greatschools.org/new-jersey/willingboro/3046-Cathedral-Of-Love-Christian-School/,
Njedda Elementary School,"1481 Main Avenue, Clifton, NJ, 07011",https://www.greatschools.org/new-jersey/clifton/3047-Passaic-County-Elks-Cp-Center--High-School/,
Chad Science Academy,"370 S 7th St, Newark, NJ, 07103",https://www.greatschools.org/new-jersey/newark/3048-Chad-Science-Academy/,
The Childrens Academy,"24 Central Avenue, Newark, NJ, 07102",https://www.greatschools.org/new-jersey/newark/3049-The-Childrens-Academy/,
Collingwood Park SDA School,"276 Shark River Rd, Tinton Falls, NJ, 07753",https://www.greatschools.org/new-jersey/tinton-falls/3051-Collingwood-Park-SDA-School/,
Deal Yeshiva - Boys Division,"1515 Logan Rd, Ocean, NJ, 07712",https://www.greatschools.org/new-jersey/ocean/3053-Deal-Yeshiva---Boys-Division/,
Y C S Fort Lee Education Center,"2300 3rd Street, Fort Lee, NJ, 07024",https://www.greatschools.org/new-jersey/fort-lee/3056-Y-C-S-Fort-Lee-Education-Center/,
Gerrard Berman Day School,"45 Spruce Street, Oakland, NJ, 07436",https://www.greatschools.org/new-jersey/oakland/3057-Gerrard-Berman-Day-School/,
Gilmore Memorial Christian Academy,"131 Haledon Avenue, Paterson, NJ, 07522",https://www.greatschools.org/new-jersey/paterson/3058-Gilmore-Memorial-Christian-Academy/,
Heirs of Promise Chrisitian School,"147 North Avenue, Plainfield, NJ, 07060",https://www.greatschools.org/new-jersey/plainfield/3060-Heirs-Of-Promise-Chrisitian-School/,
Kinderland Learning Center,"123 South Main Street, Marlboro Township, NJ, 07746",https://www.greatschools.org/new-jersey/marlboro-township/3063-Kinderland-Learning-Center/,
Marlboro Montessori Academy,"PO BOX 272, Marlboro, NJ, 07765",https://www.greatschools.org/new-jersey/marlboro-township/3065-Marlboro-Montessori-Academy/,
The New Jersey Japanese School,"117 Franklin Avenue, Oakland, NJ, 07436",https://www.greatschools.org/new-jersey/oakland/3066-The-New-Jersey-Japanese-School/,
Noor-Ul-Iman School,"4137 US HIGHWAY 1, South Brunswick Township, NJ, 08852",https://www.greatschools.org/new-jersey/south-brunswick-township/3068-Noor-Ul-Iman-School/,
Northeast Christian Academy,"Po Box 206, Garfield, NJ, 07026",https://www.greatschools.org/new-jersey/garfield/3069-Northeast-Christian-Academy/,
Primary Prep Elementary School,"41 Tuers Avenue, Jersey City, NJ, 07306",https://www.greatschools.org/new-jersey/jersey-city/3070-Primary-Prep-Elementary-School/,
Red Oak School,"94 Tindall Road, Middletown, NJ, 07748",https://www.greatschools.org/new-jersey/middletown/3072-Red-Oak-School/,
St. Aloysius School,"935 Bennetts Mills Rd, Jackson, NJ, 08527",https://www.greatschools.org/new-jersey/jackson/3073-St.-Aloysius-School/,
Seashore School,"345 2nd Ave, Long Branch, NJ, 07740",https://www.greatschools.org/new-jersey/long-branch/3075-Seashore-School/,
Cathedral Preparatory Academy,"205 Smith Street, Perth Amboy, NJ, 08862",https://www.greatschools.org/new-jersey/perth-amboy/3076-Cathedral-Preparatory-Academy/,
South Orange Country Day School,"461 Vose Avenue, South Orange, NJ, 07079",https://www.greatschools.org/new-jersey/south-orange/3077-South-Orange-Country-Day-School/,
Garfield Park Academy,"P.O. Box 189, Willingboro, NJ, 08046",https://www.greatschools.org/new-jersey/willingboro/3080-Garfield-Park-Academy/,
United Academy,"1177 Broad St, Newark, NJ, 07114",https://www.greatschools.org/new-jersey/newark/3081-United-Academy/,
World Harvest Christian Academy,"7201 Westfield Avenue, Pennsauken, NJ, 08110",https://www.greatschools.org/new-jersey/pennsauken/3083-World-Harvest-Christian-Academy/,
Talmud Torah Bais Avrohom,"915 New Hampshire Avenue, Lakewood, NJ, 08701",https://www.greatschools.org/new-jersey/lakewood-township/3085-Talmud-Torah-Bais-Avrohom/,
Yeshiva Shaarei Tzion Girls School,"51 Park Avenue, Piscataway, NJ, 08854",https://www.greatschools.org/new-jersey/piscataway-township/3086-Yeshiva-Shaarei-Tzion-Girls-School/,
Bais Yaakov High School Of Lakewood,"277 James Street, Lakewood, NJ, 08701",https://www.greatschools.org/new-jersey/lakewood-township/3088-Bais-Yaakov-High-School-Of-Lakewood/,
Community Baptist Christian Academy,"211 DEMOTT LN, Franklin Township, NJ, 08873",https://www.greatschools.org/new-jersey/franklin-township/3089-Community-Baptist-Christian-Academy/,
Holmstead School,"14 Hope Street, Ridgewood, NJ, 07450",https://www.greatschools.org/new-jersey/ridgewood/3093-Holmstead-School/,
Ilan High School,"1200 ROSELD AVE, Ocean Township, NJ, 07712",https://www.greatschools.org/new-jersey/ocean-township/3094-Ilan-High-School/,
Kiddie College,"674 New Brunswick Avenue, Rahway, NJ, 07065",https://www.greatschools.org/new-jersey/rahway/3095-Kiddie-College/,
The Learning Center For Exceptional Children,"199 Scoles Avenue, Clifton, NJ, 07012",https://www.greatschools.org/new-jersey/clifton/3096-The-Learning-Center-For-Exceptional-Children/,
Maayanot Yeshiva High School For Girls,"1650 Palisade Avenue, Teaneck, NJ, 07666",https://www.greatschools.org/new-jersey/teaneck/3098-Maayanot-Yeshiva-High-School-For-Girls/,
Nicholas Montessori School,"817 Chimney Rock Road, Bridgewater, NJ, 08836",https://www.greatschools.org/new-jersey/bridgewater/3099-Nicholas-Montessori-School/,
Crestwood Montessori School,"92 Cortelyous Lane, Somerset, NJ, 08873",https://www.greatschools.org/new-jersey/somerset/3100-Crestwood-Montessori-School/,
Search Day Program,"73 Wickapecko Dr., Ocean, NJ, 07712",https://www.greatschools.org/new-jersey/ocean/3104-Search-Day-Program/,
St. Judes Annex,"420 S Black Horse Pike, Blackwood, NJ, 08012",https://www.greatschools.org/new-jersey/blackwood/3105-St.-Judes-Annex/,
Tiferes Bais Yaakov,"613 Oak Street, Lakewood, NJ, 08701",https://www.greatschools.org/new-jersey/lakewood-township/3108-Tiferes-Bais-Yaakov/,
Ycs May Academy,"36 Emory Street, Jersey City, NJ, 07304",https://www.greatschools.org/new-jersey/jersey-city/3111-Ycs-May-Academy/,
Yeshiva K'tana Of Lakewood,"120 2nd Street, Lakewood Township, NJ, 08701",https://www.greatschools.org/new-jersey/lakewood-township/3112-Yeshiva-Ktana-Of-Lakewood/,
Bais Yaakov of Lakewood,"350 Courtney Rd, Lakewood, NJ, 08701",https://www.greatschools.org/new-jersey/lakewood/3113-Bais-Yaakov-Of-Lakewood/,
Cape Christian Academy,"10 OYSTER RD, Middle Township, NJ, 08210",https://www.greatschools.org/new-jersey/middle-township/3114-Cape-Christian-Academy/,
Parkway South SDA Christian School,"18 Sunset Dr, Petersburg, NJ, 08270",https://www.greatschools.org/new-jersey/petersburg/3115-Parkway-South-SDA-Christian-School/,
The Craig School,"10 Tower Hill Road, Mountain Lakes, NJ, 07046",https://www.greatschools.org/new-jersey/mountain-lakes/3116-The-Craig-School/,
Holy Cross Lutheran School,"280 Crosswicks Road, Bordentown, NJ, 08505",https://www.greatschools.org/new-jersey/bordentown/3117-Holy-Cross-Lutheran-School/,
New Jersey Center for Judaic St.,"801 W Kennedy Blvd, Lakewood, NJ, 08701",https://www.greatschools.org/new-jersey/lakewood/3118-New-Jersey-Center-For-Judaic-St./,
Mount Sinai SDA School,"35 Arlington Avenue, Trenton, NJ, 08618",https://www.greatschools.org/new-jersey/trenton/3119-Mount-Sinai-SDA-School/,
Friends Academy Of Westampton,"315 Bridge Street, Westampton, NJ, 08060",https://www.greatschools.org/new-jersey/westampton/3122-Friends-Academy-Of-Westampton/,
Torah Academy Of Bergen County,"1600 Queen Anne Road, Teaneck, NJ, 07666",https://www.greatschools.org/new-jersey/teaneck/3124-Torah-Academy-Of-Bergen-County/,
Bnos Yaakon Elementary School,"2 Kent Road, Lakewood, NJ, 08701",https://www.greatschools.org/new-jersey/lakewood/3125-Bnos-Yaakon-Elementary-School/,
Brookfield Schools,"1009 Haddonfield-Berlin Road, Cherry Hill, NJ, 08034",https://www.greatschools.org/new-jersey/cherry-hill/3126-Brookfield-Schools/,
East Mountain School,"252 COUNTY ROAD 601, Montgomery, NJ, 08502",https://www.greatschools.org/new-jersey/montgomery/3127-East-Mountain-School/,
Cheder Lubavitch,"226 Sussex Avenue, Morristown, NJ, 07960",https://www.greatschools.org/new-jersey/morristown/3128-Cheder-Lubavitch/,
Dickerson Elementary School,"250 Route 24, Chester, NJ, 07930",https://www.greatschools.org/new-jersey/chester/313-Dickerson-Elementary-School/,
Agapeland Child Care Center,"2707 Main St, Sayreville, NJ, 08872",https://www.greatschools.org/new-jersey/sayreville/3130-Agapeland-Child-Care-Center/,
Erial Community Church Christian School,"1725 New Brooklyn Erial Road, Gloucester Township, NJ, 08081",https://www.greatschools.org/new-jersey/gloucester-township/3132-Erial-Community-Church-Christian-School/,
Harvest Christian Academy,"5-7 Mill St, Paterson, NJ, 07501",https://www.greatschools.org/new-jersey/paterson/3133-Harvest-Christian-Academy/,
Hillel Yeshiva High School,"1027 Deal Road, Ocean, NJ, 07712",https://www.greatschools.org/new-jersey/ocean/3135-Hillel-Yeshiva-High-School/,
Morris Namias Shalom Torah Academy,"639 Abbington Drive, Hightstown, NJ, 08520",https://www.greatschools.org/new-jersey/hightstown/3136-Morris-Namias-Shalom-Torah-Academy/,
Politz Day School,"720 Cooper Landing Road, Cherry Hill, NJ, 08002",https://www.greatschools.org/new-jersey/cherry-hill/3137-Politz-Day-School/,
Princeton Friends School,"470 Quaker Road, Princeton, NJ, 08540",https://www.greatschools.org/new-jersey/princeton/3138-Princeton-Friends-School/,
The American Boychoir School,"19 Lambert Drive, Princeton, NJ, 08540",https://www.greatschools.org/new-jersey/princeton/3139-The-American-Boychoir-School/,
Yeshiva Ktana Of Passaic Girls,"181 Pennington Avenue, Passaic, NJ, 07055",https://www.greatschools.org/new-jersey/passaic/3140-Yeshiva-Ktana-Of-Passaic-Girls/,
Christ The Teacher Interparochial School,"359 Whiteman Street, Fort Lee, NJ, 07024",https://www.greatschools.org/new-jersey/fort-lee/3141-Christ-The-Teacher-Interparochial-School/,
All Saints Catholic Academy,"19 W 13th St, Bayonne, NJ, 07002",https://www.greatschools.org/new-jersey/bayonne/3142-All-Saints-Catholic-Academy/,
Young World Day School,"585 Wyckoff Avenue, Mahwah, NJ, 07430",https://www.greatschools.org/new-jersey/mahwah/3144-Young-World-Day-School/,
Rosenbaum Yeshiva Of North Jersey,"666 Kinderkamack Road, River Edge, NJ, 07661",https://www.greatschools.org/new-jersey/river-edge/3145-Rosenbaum-Yeshiva-Of-North-Jersey/,
Church Street KinderCare,"641 S Church St, Mount Laurel, NJ, 08054",https://www.greatschools.org/new-jersey/mount-laurel/3147-Church-Street-KinderCare/,
Waldorf School of Princeton,"1062 Cherry Hill Road, Princeton, NJ, 08540",https://www.greatschools.org/new-jersey/princeton/3149-Waldorf-School-Of-Princeton/,
St Paul Christian School,"201 Route 31, Flemington, NJ, 08822",https://www.greatschools.org/new-jersey/flemington/3151-St-Paul-Christian-School/,
Peppermint Tree Child Care Center,"165 Fieldcrest Avenue, Edison, NJ, 08837",https://www.greatschools.org/new-jersey/edison/3152-Peppermint-Tree-Child-Care-Center/,
Pat's Day Care Center,"253 Central Ave, Rahway, NJ, 07065",https://www.greatschools.org/new-jersey/rahway/3154-Pats-Day-Care-Center/,
Vailsburg Christian Academy,"962 S Orange Ave 970, Newark, NJ, 07106",https://www.greatschools.org/new-jersey/newark/3155-Vailsburg-Christian-Academy/,
The Montclair Kimberley Academy,"201 Valley Road, Montclair, NJ, 07042",https://www.greatschools.org/new-jersey/montclair/3156-The-Montclair-Kimberley-Academy/,
The Wardlaw-Hartridge School,"1295 Inman Avenue, Edison, NJ, 08820",https://www.greatschools.org/new-jersey/edison/3157-The-Wardlaw-Hartridge-School/,
St. Francis De Sales Regional School,"102 W Gloucester Pike, Barrington, NJ, 08007",https://www.greatschools.org/new-jersey/barrington/3160-St.-Francis-De-Sales-Regional-School/,
Holy Trinity School,"375 Exchange Place, Long Branch, NJ, 07740",https://www.greatschools.org/new-jersey/long-branch/3161-Holy-Trinity-School/,
St Marys School,"538 CHURCH ST, Middletown Township, NJ, 07748",https://www.greatschools.org/new-jersey/middletown/3162-St-Marys-School/,
St. Peter the Apostle Elementary School,"175 Somerset St, New Brunswick, NJ, 08901",https://www.greatschools.org/new-jersey/new-brunswick/3163-St.-Peter-The-Apostle-Elementary-School/,
Bergen County Christian Academy,"15 Conklin Place, Hackensack, NJ, 07601",https://www.greatschools.org/new-jersey/hackensack/3164-Bergen-County-Christian-Academy/,
The Rumson Country Day School,"35 BELLEVUE AVE, Rumson, NJ, 07760",https://www.greatschools.org/new-jersey/rumson/3165-The-Rumson-Country-Day-School/,
Learning Institute Of Union City,"324 34th Street, Union City, NJ, 07087",https://www.greatschools.org/new-jersey/union-city/3166-Learning-Institute-Of-Union-City/,
Faith Christian School,"2111 KUSER RD, Hamilton Township, NJ, 08690",https://www.greatschools.org/new-jersey/hamilton-township/3167-Faith-Christian-School/,
Woodland Country Day School,"1216 Roadstown Road, Bridgeton, NJ, 08302",https://www.greatschools.org/new-jersey/bridgeton/3168-Woodland-Country-Day-School/,
Calvary Christian School,"594 Beverly Rancocas Road, Willingboro, NJ, 08046",https://www.greatschools.org/new-jersey/willingboro/3169-Calvary-Christian-School/,
New Albany Elementary School,"2701 New Albany Road, Cinnaminson, NJ, 08077",https://www.greatschools.org/new-jersey/cinnaminson/317-New-Albany-Elementary-School/,
Bethel Baptist Christian School,"1704 Springdale Rd, Cherry Hill, NJ, 08003",https://www.greatschools.org/new-jersey/cherry-hill/3170-Bethel-Baptist-Christian-School/,
Ability School,"75 Knickerbocker Road, Englewood, NJ, 07631",https://www.greatschools.org/new-jersey/englewood/3171-Ability-School/,
Bais Rochel,"115 Carey Street, Lakewood, NJ, 08701",https://www.greatschools.org/new-jersey/lakewood-township/3173-Bais-Rochel/,
Broad St. Children's Academy,"810 Broad St, Clifton, NJ, 07013",https://www.greatschools.org/new-jersey/clifton/3174-Broad-St.-Childrens-Academy/,
Kathy Dunn Cultural Center,"167 Kipp Avenue, Hasbrouck Heights, NJ, 07604",https://www.greatschools.org/new-jersey/hasbrouck-heights/3176-Kathy-Dunn-Cultural-Center/,
Apple Montessori Schools Edgewater,"8 Adelaide Place, Edgewater, NJ, 07020",https://www.greatschools.org/new-jersey/edgewater/3177-Apple-Montessori-Schools-Edgewater/,
The King's Christian School,"5 Carnegie Plaza, Cherry Hill, NJ, 08003",https://www.greatschools.org/new-jersey/cherry-hill/3180-The-Kings-Christian-School/,
Tower Hill School,"255 Harding Road, Red Bank, NJ, 07701",https://www.greatschools.org/new-jersey/red-bank/3181-Tower-Hill-School/,
Trinity Christian School,"160 Changebridge Road, Montville, NJ, 07045",https://www.greatschools.org/new-jersey/montville/3182-Trinity-Christian-School/,
Calvary Academy,"1133 East County Line Road, Lakewood, NJ, 08701",https://www.greatschools.org/new-jersey/lakewood/3183-Calvary-Academy/,
Jamas Children's University,"141 Hoffman Boulevard, East Orange, NJ, 07017",https://www.greatschools.org/new-jersey/east-orange/3185-Jamas-Childrens-University/,
Cherry Hill Montessori School,"1825 Garden Avenue, Cherry Hill, NJ, 08003",https://www.greatschools.org/new-jersey/cherry-hill/3186-Cherry--Hill---Montessori--School/,
Everitt Academy,"P.O. Box 440, Peapack, NJ, 07977",https://www.greatschools.org/new-jersey/peapack/3187-Everitt-Academy/,
Sinai School,"110 S Orange Ave, Livingston, NJ, 07039",https://www.greatschools.org/new-jersey/livingston/3189-Sinai-School/,
Al-Hikmah Elementary School,"278 North 8th Street, Prospect Park, NJ, 07508",https://www.greatschools.org/new-jersey/prospect-park/3190-Al-Hikmah-Elementary-School/,
St. Mary Academy,"400 Doc Cramer Boulevard, Stafford Township, NJ, 08050",https://www.greatschools.org/new-jersey/stafford-township/3192-All-Saints-Regional-Catholic-School/,
Bais Yaakov of Passaic High School,"181 Pennington Avenue, Passaic, NJ, 07055",https://www.greatschools.org/new-jersey/passaic/3193-Bais-Yaakov-Of-Passaic-High-School/,
Learning Institute of Union City,"3300 New York Ave, Union City, NJ, 07087",https://www.greatschools.org/new-jersey/union-city/3195-Learning-Institute-Of-Union-City/,
Cedar Cliff Academy,"1 Brooks Plz, Newton, NJ, 07860",https://www.greatschools.org/new-jersey/newton/3196-Cedar-Cliff-Academy/,
Children of the King Academy,"167 Cedar Ave, Long Branch, NJ, 07740",https://www.greatschools.org/new-jersey/long-branch/3197-Children-Of-The-King-Academy/,
Creative Achievement Academy 3,"P.O. Box 865, Vineland, NJ, 08362",https://www.greatschools.org/new-jersey/vineland/3199-Creative-Achievement-Academy-3/,
Hillside Elementary School,"89 Hillside Avenue, Allendale, NJ, 07401",https://www.greatschools.org/new-jersey/allendale/32-Hillside-Elementary-School/,
Perth Amboy Catholic Primary School,"Brace & Carlock Avenues, Perth Amboy, NJ, 08861",https://www.greatschools.org/new-jersey/perth-amboy/3202-Perth-Amboy-Catholic-Primary-School/,
Islamic Day School,,https://www.greatschools.org/new-jersey/asbury-park/3205-Islamic-Day-School/,
Jin-A Child Care Center,"77 Jay Street, Clifton, NJ, 07013",https://www.greatschools.org/new-jersey/clifton/3207-Jin-A-Child-Care-Center/,
Living Word Christian Academy,"81 Hwy 35, Neptune City, NJ, 07753",https://www.greatschools.org/new-jersey/neptune-city/3208-Living-Word-Christian-Academy/,
Messiah Christian High School,"100 East 22nd St, Bayonne, NJ, 07002",https://www.greatschools.org/new-jersey/bayonne/3209-Messiah-Christian-High-School/,
Moorestown Children's School,"760 Garwood Road, Moorestown, NJ, 08057",https://www.greatschools.org/new-jersey/moorestown/3210-Moorestown-Childrens-School/,
Moshe Aaron Yeshiva High School,"34 Charles St, South River, NJ, 08882",https://www.greatschools.org/new-jersey/south-river/3211-Moshe-Aaron-Yeshiva-High-School/,
New Life Christian School,"201 Whittier Avenue, Dunellen, NJ, 08812",https://www.greatschools.org/new-jersey/dunellen/3212-New-Life-Christian-School/,
Provision of Promise Academy,"33 Littleton Ave, Newark, NJ, 07107",https://www.greatschools.org/new-jersey/newark/3215-Provision-Of-Promise-Academy/,
Sage Day at Rochelle Park,"295 Rochelle Avenue, Rochelle Park, NJ, 07662",https://www.greatschools.org/new-jersey/rochelle-park/3216-Sage-Day-At-Rochelle-Park/,
St. Mary Elementary School,"301 2nd Street, South Amboy, NJ, 08879",https://www.greatschools.org/new-jersey/south-amboy/3217-St.-Mary-Elementary-School/,
Perth Amboy Catholic Intermedi,"500 State St., Perth Amboy, NJ, 08861",https://www.greatschools.org/new-jersey/perth-amboy/3219-Perth-Amboy-Catholic-Intermedi/,
Star Bright Christian Learning Center,"145 Park Avenue, Plainfield, NJ, 07060",https://www.greatschools.org/new-jersey/plainfield/3220-Star-Bright-Christian-Learning-Center/,
The Studio for Experiential,"2 Fiddlers Creek Rd, Titusville, NJ, 08560",https://www.greatschools.org/new-jersey/titusville/3221-The-Studio-For-Experiential/,
The San Miguel School,"836 S 4th St, Camden, NJ, 08103",https://www.greatschools.org/new-jersey/camden/3222-The-San-Miguel-School/,
Theodore Brown Christian Acade,"P.O. Box 5419, Hillside, NJ, 07205",https://www.greatschools.org/new-jersey/hillside/3223-Theodore-Brown-Christian-Acade/,
United Talmudical Academy,"225 Hudson St, Lakewood, NJ, 08701",https://www.greatschools.org/new-jersey/lakewood/3224-United-Talmudical-Academy/,
Victory Christian Academy,"2301 Grier Ave, Linden, NJ, 07036",https://www.greatschools.org/new-jersey/linden/3225-Victory-Christian-Academy/,
Yeshiva Bais Aharon,"1430 14th Street, Lakewood, NJ, 08701",https://www.greatschools.org/new-jersey/lakewood/3226-Yeshiva-Bais-Aharon/,
Yeshiva Ktana Of Passaic Boys,"1 Main Avenue, Passaic, NJ, 07055",https://www.greatschools.org/new-jersey/passaic/3227-Yeshiva-Ktana-Of-Passaic-Boys/,
Yeshiva Ohr Hatalmud Of Englewood,"101 West Forest Avenue, Englewood, NJ, 07631",https://www.greatschools.org/new-jersey/englewood/3228-Yeshiva-Ohr-Hatalmud-Of-Englewood/,
Yeshiva Shaarei Tzion Boys,"71 Ethel Road West, Piscataway, NJ, 08854",https://www.greatschools.org/new-jersey/piscataway-township/3229-Yeshiva-Shaarei-Tzion-Boys/,
Faith Christian Academy,"101 High St E, Glassboro, NJ, 08028",https://www.greatschools.org/new-jersey/glassboro/3230-Faith-Christian-Academy/,
Mustard Seed Montessori School,"117 Boonton Avenue, Boonton Township, NJ, 07005",https://www.greatschools.org/new-jersey/boonton-township/3232-Mustard-Seed-Montessori-School/,
Growing Tree Childrens Academy,"12 Hillcrest Road, Holmdel, NJ, 07733",https://www.greatschools.org/new-jersey/holmdel/3234-Growing-Tree-Childrens-Academy/,
Little Acres Learning Center,"2384 E Landis Ave, Vineland, NJ, 08361",https://www.greatschools.org/new-jersey/vineland/3235-Little-Acres-Learning-Center/,
Acorn Montessori School,"1222 STATE ROUTE 31, Lebanon, NJ, 08833",https://www.greatschools.org/new-jersey/lebanon/3237-Acorn-Montessori-School/,
Marlton Christian Academy,"625 E MAIN ST, Evesham, NJ, 08053",https://www.greatschools.org/new-jersey/evesham-township/3239-Marlton-Christian-Academy/,
Immaculate Conception School,"520 Chestnut Avenue, Trenton, NJ, 08611",https://www.greatschools.org/new-jersey/trenton/3286-Immaculate-Conception-School/,
Atlantis Prep School,"1904 Atlantic Avenue, Manasquan, NJ, 08736",https://www.greatschools.org/new-jersey/manasquan/3319-Atlantis-Prep-School/,
Barclay Early Childhood Center,"1220 Winston Way, Cherry Hill, NJ, 08034",https://www.greatschools.org/new-jersey/cherry-hill/3374-Barclay-School/,
Althea Gibson E C E Acd,"490 William Street, East Orange, NJ, 07017",https://www.greatschools.org/new-jersey/east-orange/3378-Althea-Gibson-E-C-E-Acd/,
The Annex Elementary School,"130 Hamilton Avenue, Fairview, NJ, 07022",https://www.greatschools.org/new-jersey/fairview/3379-The-Annex-Elementary-School/,
Joseph M Ferraina Lrn Cnt,"80 Avenel Boulevard, Long Branch, NJ, 07740",https://www.greatschools.org/new-jersey/long-branch/3383-Joseph-M-Ferraina-Lrn-Cnt/,
Number 15 Vincent Capuana,"374 Broadway, Passaic, NJ, 07055",https://www.greatschools.org/new-jersey/passaic/3389-Number-15--Vincent-Capuana/,
Ocean Acres Elementary School,"489 Nautilus Drive, Stafford Township, NJ, 08050",https://www.greatschools.org/new-jersey/stafford-township/3395-Ocean-Acres-Elementary-School/,
Wahlstrom Early Chld Academy,"340 Prospect Street, East Orange, NJ, 07017",https://www.greatschools.org/new-jersey/east-orange/3410-Wahlstrom-Early-Chld-Academy/,
Garfield Public Preschool Annex,"464 Outwater Lane, Garfield, NJ, 07026",https://www.greatschools.org/new-jersey/garfield/3413-Garfield-Public-Preschool-Annex/,
Number 16,"657 Main Avenue, Passaic, NJ, 07055",https://www.greatschools.org/new-jersey/passaic/3424-Number-16/,
J C Stuart Elementary School,"70 Sunset Road, Willingboro, NJ, 08046",https://www.greatschools.org/new-jersey/willingboro/3430-J--C--Stuart-Elementary-School/,
No 50 Frances E Smith Ecc,"1000 South Elmora Avenue, Elizabeth, NJ, 07202",https://www.greatschools.org/new-jersey/elizabeth/3443-No-50-Frances-E-Smith-Ecc/,
The Francis E Donnelly Early Childhood Learning Center,"100 Peachwood Drive, Logan Township, NJ, 08085",https://www.greatschools.org/new-jersey/logan-township/3451-Center-Square-School/,
David C Abbott Early Learning Center,"171 TENNENT ROAD, Marlboro, NJ, 07751",https://www.greatschools.org/new-jersey/marlboro-township/3453-Marlboro-Early-Lrn-Center/,
Early Childhood Center,"11 MEMORIAL DRIVE, Neptune Township, NJ, 07753",https://www.greatschools.org/new-jersey/neptune-city/3458-Early-Childhood-Center/,
West New York Childhood Ed School,"5204 Hudson Avenue, West New York, NJ, 07093",https://www.greatschools.org/new-jersey/west-new-york/3469-West-New-York-Childhood-Ed-School/,
Al- Hikmah Elementary School,"278n 8th Street, Prospect Park, NJ, 07508",https://www.greatschools.org/new-jersey/prospect-park/3477-Al--Hikmah-Elementary-School/,
Conover Road Primary School,"56 Conover Road, Colts Neck, NJ, 07722",https://www.greatschools.org/new-jersey/colts-neck/3484-Conover-Road-Primary-School/,
Lenape Meadows School,"160 Ridge Road, Mahwah, NJ, 07430",https://www.greatschools.org/new-jersey/mahwah/3494-Lenape-Meadows-School/,
Law & Public Safety,"38 Bartholdi Avenue, Butler, NJ, 07405",https://www.greatschools.org/new-jersey/butler/3496-Law--Public-Safety/,
Town Center Es Plainsboro,"700 WYNDHURST DRIVE, Plainsboro Township, NJ, 08536",https://www.greatschools.org/new-jersey/princeton-meadows/3504-Town-Center-Es--Plainsboro/,
Central Park School,"5 Jean Street, Morristown, NJ, 07960",https://www.greatschools.org/new-jersey/morristown/3506-Regional-Day-School/,
Children's Corner At Bridgewater Umc,"651 Country Club Road, Bridgewater, NJ, 08807",https://www.greatschools.org/new-jersey/bridgewater/3507-Childrens-Corner-At-Bridgewater-Umc/,
Evangel Day School,"656 North Broad Street, Elizabeth, NJ, 07208",https://www.greatschools.org/new-jersey/elizabeth/3508-Evangel-Day-School/,
Mae J Strong Child Development Center,"Po Box 1167, New Brunswick, NJ, 08903",https://www.greatschools.org/new-jersey/new-brunswick/3509-Mae-J-Strong-Child-Development-Center/,
Kingsway Learning Center Haddonfield Campus,"144 Kings Highway West, Haddonfield, NJ, 08033",https://www.greatschools.org/new-jersey/haddonfield/3510-Kingsway-Learning-Center-Haddonfield-Campus/,
Johnson & Johnson Child Development Center,"1 Johnson And Johnson Plaza, New Brunswick, NJ, 08901",https://www.greatschools.org/new-jersey/new-brunswick/3511-Johnson--Johnson-Child-Development-Center/,
Just Children Child Development Center,"14000 Commerce Parkway, Mount Laurel, NJ, 08054",https://www.greatschools.org/new-jersey/mount-laurel/3513-Just-Children-Child-Development-Center/,
Centenary Early Learning Center,"200 Hillside Avenue, Metuchen, NJ, 08840",https://www.greatschools.org/new-jersey/metuchen/3515-Centenary-Early-Learning-Center/,
Mount Saint Joseph Childrens Center,"124 Shepherd Lane, Totowa, NJ, 07512",https://www.greatschools.org/new-jersey/totowa/3516-Mount-Saint-Joseph-Childrens-Center/,
Sweet Dreams Day Care,"7000 Kennedy Blvd E, Guttenberg, NJ, 07093",https://www.greatschools.org/new-jersey/guttenberg/3517-Sweet-Dreams-Day-Care/,
Rainbow Montessori,"1293 Broad Street, Bloomfield, NJ, 07003",https://www.greatschools.org/new-jersey/bloomfield/3519-Rainbow-Montessori/,
Robbin's Nest Academy,"12 Bc World's Fair Drive, Somerset, NJ, 08873",https://www.greatschools.org/new-jersey/somerset/3520-Robbins-Nest-Academy/,
Academy360 Lower School (Formerly The Children's Institute),"One Sunset Avenue, Verona, NJ, 07044",https://www.greatschools.org/new-jersey/verona/3521-Academy360-Lower-School-Formerly-The-Childrens-Institute/,
Start Rite Nursery School & Kn,"9 Stelton Road, Piscataway Township, NJ, 08854",https://www.greatschools.org/new-jersey/piscataway-township/3522-Start-Rite-Nursery-School--Kn/,
Tender Care,"146 Delancy St, Newark, NJ, 07105",https://www.greatschools.org/new-jersey/newark/3523-Tender-Care/,
Cpc Weekday Nursery School & Kindergarten,"70 Maple Street, Summit, NJ, 07901",https://www.greatschools.org/new-jersey/summit/3524-Cpc-Weekday-Nursery-School--Kindergarten/,
Horizon School,"51 Old Road, Livingston, NJ, 07039",https://www.greatschools.org/new-jersey/livingston/3525-Horizon-School/,
High Point School Of Bergen County,"46 Spring Street, Lodi, NJ, 07644",https://www.greatschools.org/new-jersey/lodi/3526-High-Point-School-Of-Bergen-County/,
Temple B'Nai Shalom,"P.O. Box 957, East Brunswick, NJ, 08816",https://www.greatschools.org/new-jersey/east-brunswick/3527-Temple-BNai-Shalom/,
Bancroft School,"Po Box 20, Haddonfield, NJ, 08033",https://www.greatschools.org/new-jersey/haddonfield/3528-Bancroft-School/,
Windsor Academy,"665 McBride Avenue, Woodland Park, NJ, 07424",https://www.greatschools.org/new-jersey/woodland-park/3529-Windsor-Academy/,
Patrick McGaheran Elementary School,"63 Allerton Road, Lebanon, NJ, 08833",https://www.greatschools.org/new-jersey/lebanon/353-Patrick-McGaheran-Elementary-School/,
Wee Care Child Care Center,"303 Maplewood Road, Clifton, NJ, 07013",https://www.greatschools.org/new-jersey/clifton/3530-Wee-Care-Child-Care-Center/,
Monmouth Montesori Academy,"2307 Railroad Avenue, Spring Lake, NJ, 07762",https://www.greatschools.org/new-jersey/wall-township/3531-Willow-Tree-Nursery-School/,
World of Wonder,"145 Paulison Ave, Passaic, NJ, 07055",https://www.greatschools.org/new-jersey/passaic/3532-World-Of-Wonder/,
Up and Growing,"215 N Washington Ave, Bergenfield, NJ, 07621",https://www.greatschools.org/new-jersey/bergenfield/3533-Up-And-Growing/,
Urban Promise Academy,"PO BOX 1479, Camden, NJ, 08105",https://www.greatschools.org/new-jersey/camden/3535-Urban-Promise-Academy/,
Chesterbrook Academy Marlton,"108 Evesboro Medford Road, Evesham Township, NJ, 08053",https://www.greatschools.org/new-jersey/evesham-township/3537-Chesterbrook-Academy-Marlton/,
Vly Settlement House Day Care,"33 Tompkins Street #41, West Orange, NJ, 07052",https://www.greatschools.org/new-jersey/west-orange/3538-Vly-Settlement-House-Day-Care/,
Felician School for Exceptional Children,"260 South Main Street, Lodi, NJ, 07644",https://www.greatschools.org/new-jersey/lodi/3540-The-Felician-School/,
Van Riper Ellis Christian School,"7-20 Bellair Avenue, Fair Lawn, NJ, 07410",https://www.greatschools.org/new-jersey/fair-lawn/3541-Van-Riper-Ellis-Christian-School/,
Chesterbrook Academy Voorhees,"9000 Centennial Boulevard, Voorhees Township, NJ, 08043",https://www.greatschools.org/new-jersey/voorhees-township/3542-Chesterbrook-Academy-Voorhees/,
Anita Metzger Memorial School-Ventnor Comm Church,"2 S Victoria Avenue, Ventnor City, NJ, 08406",https://www.greatschools.org/new-jersey/ventnor-city/3543-Anita-Metzger-Memorial-School-Ventnor-Comm-Church/,
Toms River Nursery School & Kindergarten,"1404 Old Freehold Road, Toms River, NJ, 08753",https://www.greatschools.org/new-jersey/toms-river/3545-Toms-River-Nursery-School--Kindergarten/,
Bnos Bina Girls School,"1 East 13th Street, Lakewood, NJ, 08701",https://www.greatschools.org/new-jersey/lakewood-township/3547-Bnos-Bina-Girls-School/,
Tra-Cee Kindergarten Academy,"77 Oak St, Woodbury, NJ, 08096",https://www.greatschools.org/new-jersey/woodbury/3550-Tra-Cee-Kindergarten-Academy/,
True Vine Fellowship Ministry,"60 Market Street, Paterson, NJ, 07505",https://www.greatschools.org/new-jersey/paterson/3551-True-Vine-Fellowship-Ministry/,
St. Anthonys School,"100 Linden Ave, Irvington, NJ, 07111",https://www.greatschools.org/new-jersey/irvington/3552-St.-Anthonys-School/,
Trust-N-Us Christian Academy,"185 Carroll Street, Paterson, NJ, 07501",https://www.greatschools.org/new-jersey/paterson/3555-Trust-N-Us-Christian-Academy/,
Shepard High School,"8 Columba Street, Morristown, NJ, 07960",https://www.greatschools.org/new-jersey/morristown/3556-Shepard-High-School/,
Taylor's Learning Center,"624 Somerset Street, North Plainfield, NJ, 07060",https://www.greatschools.org/new-jersey/north-plainfield/3558-Taylors-Learning-Center/,
Precious Gems Montessori,"10 Jersey Avenue, Metuchen, NJ, 08840",https://www.greatschools.org/new-jersey/metuchen/3559-Precious-Gems-Montessori/,
Wee Love,"26 North Poplar Avenue, Maple Shade Township, NJ, 08052",https://www.greatschools.org/new-jersey/maple-shade-township/3560-Wee-Love/,
Children First Montessori School,"10 Jersey Ave, Metuchen, NJ, 08840",https://www.greatschools.org/new-jersey/metuchen/3561-Children-First-Montessori-School/,
Weequahic Day Nursery School,"428 Chancellor Ave, Newark, NJ, 07112",https://www.greatschools.org/new-jersey/newark/3562-Weequahic-Day-Nursery-School/,
Tell Me Why Nursery School,"381 N Midland Ave, Saddle Brook, NJ, 07663",https://www.greatschools.org/new-jersey/saddle-brook/3563-Tell-Me-Why-Nursery-School/,
Congregation Sons of Israel Nursery School,"P.O. Box 369, Manalapan, NJ, 07726",https://www.greatschools.org/new-jersey/manalapan/3564-Congregation-Sons-Of-Israel-Nursery-School/,
1st Cerebral Palsy Of Nj,"7 Sanford Avenue, Belleville, NJ, 07109",https://www.greatschools.org/new-jersey/belleville/3565-1st-Cerebral-Palsy-Of-Nj/,
Children's Corner,"34 West Clinton Avenue, Tenafly, NJ, 07670",https://www.greatschools.org/new-jersey/tenafly/3566-Childrens-Corner/,
Children's Corner,"324 East High Street, Glassboro, NJ, 08028",https://www.greatschools.org/new-jersey/glassboro/3567-Childrens-Corner/,
Temple Beth El School,"67 Disabled American Veterans Highway, Hillsborough Township, NJ, 08844",https://www.greatschools.org/new-jersey/hillsborough-township/3568-Temple-Beth-El-School/,
Children's Day Nursery-Passaic,"104 Jefferson Street, Passaic, NJ, 07055",https://www.greatschools.org/new-jersey/passaic/3569-Childrens-Day-Nursery-Passaic/,
The Lewis School & Clinic for Educational Therapy,"53 Bayard Lane, Princeton, NJ, 08540",https://www.greatschools.org/new-jersey/princeton/3574-The-Lewis-School--Clinic-For-Educational-Therapy/,
World of Wonder,"145 Paulison Avenue, Passaic, NJ, 07055",https://www.greatschools.org/new-jersey/passaic/3575-World-Of-Wonder/,
The Academy Preschool,"P.O. Box 285, Middletown, NJ, 07748",https://www.greatschools.org/new-jersey/middletown/3576-The-Academy-Preschool/,
Yale School Southeast,"10A JENNINGS RD, Medford, NJ, 08055",https://www.greatschools.org/new-jersey/voorhees/3577-Yale-School-Southeast/,
Children's House,"P.O. Box 111, Caldwell, NJ, 07006",https://www.greatschools.org/new-jersey/caldwell/3579-Childrens-House/,
The Apple Tree Child Development Center,"545 Goffle Road, Wyckoff, NJ, 07481",https://www.greatschools.org/new-jersey/wyckoff/3580-The-Apple-Tree-Child-Development-Center/,
Jesus Harvest Time Academy,"404 FREEHOLD RD, Jackson Township, NJ, 08527",https://www.greatschools.org/new-jersey/jackson/3581-Jesus-Harvest-Time-Academy/,
The Beanstalk Academy,"153 LAKESIDE BLVD, Roxbury Township, NJ, 07850",https://www.greatschools.org/new-jersey/roxbury-township/3582-The-Beanstalk-Academy/,
The Beechwood School,"P.O. Box 73, Haddonfield, NJ, 08033",https://www.greatschools.org/new-jersey/haddonfield/3584-The-Beechwood-School/,
Stokes Road KinderCare,"411 Stokes Road, Medford, NJ, 08055",https://www.greatschools.org/new-jersey/medford/3585-Stokes-Road-KinderCare/,
Yeshiva Masoras Avos,"23 Congress Street, Lakewood, NJ, 08701",https://www.greatschools.org/new-jersey/lakewood-township/3586-Yeshiva-Masoras-Avos/,
Blessed Beginnings Preschool & Kindergarten,"32 Main Street, Sparta Township, NJ, 07871",https://www.greatschools.org/new-jersey/sparta-township/3587-Blessed-Beginnings-Preschool--Kindergarten/,
Ym-Ywha of Raritan Valley,"P.O. Box 1359, Highland Park, NJ, 08904",https://www.greatschools.org/new-jersey/highland-park/3588-Ym-Ywha-Of-Raritan-Valley/,
Yellow Duck Nursery School,"139 PINEBROOK RD, Manalapan Township, NJ, 07726",https://www.greatschools.org/new-jersey/manalapan-township/3589-Yellow-Duck-Nursery-School/,
Bright Beginning Child Care,"1440 How Lane, New Brunswick, NJ, 08901",https://www.greatschools.org/new-jersey/new-brunswick/3590-Bright-Beginning-Child-Care/,
The Caring Center for Children,"P.O. Box 534, Chester, NJ, 07930",https://www.greatschools.org/new-jersey/chester/3591-The-Caring-Center-For-Children/,
A Pleasant Day Nursery School,"8 Academy Road, Caldwell, NJ, 07006",https://www.greatschools.org/new-jersey/caldwell/3592-A-Pleasant-Day-Nursery-School/,
Cranford Child Care Center,"7 Cherry St, Cranford, NJ, 07016",https://www.greatschools.org/new-jersey/cranford/3593-Cranford-Child-Care-Center/,
Titusville Child Development Center,"1125 BEAR TAVERN RD, Hopewell Township, NJ, 08560",https://www.greatschools.org/new-jersey/hopewell-township/3594-Titusville-Child-Development-Center/,
Long Hill Montessori School,"158 CENTRAL AVE, Long Hill, NJ, 07980",https://www.greatschools.org/new-jersey/stirling/3595-Long-Hill-Montessori-School/,
Christian Children Institute,"P.O. Box 2852 350 Leland Ave, Plainfield, NJ, 07062",https://www.greatschools.org/new-jersey/plainfield/3596-Christian-Children-Institute/,
Child Development Center At Bristol-Myers Squibb,"777 Scudders Mill Road, Princeton, NJ, 08540",https://www.greatschools.org/new-jersey/princeton/3597-Child-Development-Center-At-Bristol-Myers-Squibb/,
Jewish Community Child Care Center,"1775 Oak Tree Road, Edison, NJ, 08820",https://www.greatschools.org/new-jersey/edison/3598-Jewish-Community-Child-Care-Center/,
Child Development Center At Bristol Myers Squibb,"PO BOX 4000, Princeton, NJ, 08543",https://www.greatschools.org/new-jersey/princeton/3599-Child-Development-Center-At-Bristol-Myers-Squibb/,
Zion Learning Center,"17 Alexander Street, Newark, NJ, 07106",https://www.greatschools.org/new-jersey/newark/3600-Zion-Learning-Center/,
Johnson & Johnson Child Development Center At Skillman,"199 Grandview Road, Montgomery, NJ, 08558",https://www.greatschools.org/new-jersey/montgomery/3601-Johnson--Johnson-Child-Development-Center-At-Skillman/,
Johnson & Johnson Child Development Center Of Somerset Cnty,"1000 U.S. 202, Raritan, NJ, 08869",https://www.greatschools.org/new-jersey/raritan/3603-Johnson--Johnson-Child-Development-Center-Of-Somerset-Cnty/,
Abc Growing Tree,"1 Corporate Way, Mine Hill Township, NJ, 07803",https://www.greatschools.org/new-jersey/mine-hill-township/3604-Abc-Growing-Tree/,
The Children's Center,"39 Morris Street, New Brunswick, NJ, 08901",https://www.greatschools.org/new-jersey/new-brunswick/3605-The-Childrens-Center/,
Agape Academy,"1328 River Ave/P.O. Box 233, Lakewood, NJ, 08701",https://www.greatschools.org/new-jersey/lakewood/3606-Agape-Academy/,
Joyful Noise Christian School,"55 East Main Street, Evesham, NJ, 08053",https://www.greatschools.org/new-jersey/evesham-township/3608-Joyful-Noise-Christian-School/,
Cooperative Nurs School of Glen R,"354 Rock Road, Glen Rock, NJ, 07452",https://www.greatschools.org/new-jersey/glen-rock/3610-Cooperative-Nurs-School-Of-Glen-R/,
The Children's Circle Child Development Center,"58 James Street, Bergenfield, NJ, 07621",https://www.greatschools.org/new-jersey/bergenfield/3611-The-Childrens-Circle-Child-Development-Center/,
Cradles To Crayons Learning Center,"4 Countryside Ln, Ringwood, NJ, 07456",https://www.greatschools.org/new-jersey/ringwood/3612-Cradles-To-Crayons-Learning-Center/,
Giggles III,"45 Glenwood Place, East Orange, NJ, 07017",https://www.greatschools.org/new-jersey/east-orange/3613-Giggles-III/,
Just Us Kids Day Care Center,"177 Central Ave, Newark, NJ, 07103",https://www.greatschools.org/new-jersey/newark/3614-Just-Us-Kids-Day-Care-Center/,
Kids Learning Center,"158 W White Horse Pike, Berlin, NJ, 08009",https://www.greatschools.org/new-jersey/berlin/3615-Kids-Learning-Center/,
Creative Learning Center,"160 Avenue at the commons, Shrewsbury, NJ, 07702",https://www.greatschools.org/new-jersey/shrewsbury/3617-Creative-Learning-Center/,
Chatham Day School,"700 SHUNPIKE RD, Chatham, NJ, 07928",https://www.greatschools.org/new-jersey/chatham-township/3618-Chatham-Day-School/,
The Dow Jones Family Center,"890 Ridge Road, Monmouth Junction, NJ, 08852",https://www.greatschools.org/new-jersey/monmouth-junction/3619-The-Dow-Jones-Family-Center/,
Ethicon Family Center,"Us Highway 22 W, Somerville, NJ, 08876",https://www.greatschools.org/new-jersey/somerville/3620-Ethicon-Family-Center/,
The Giving Nest Preschool,"PO BOX 7106, Green Brook Township, NJ, 08812",https://www.greatschools.org/new-jersey/north-plainfield/3621-The-Giving-Nest-Preschool/,
Crossroads Early Learning Center,"114 Old Stage Road, East Brunswick, NJ, 08816",https://www.greatschools.org/new-jersey/east-brunswick/3622-Crossroads-Early-Learning-Center/,
Employees Center,"P.O. Box 2000-Ry 125, Rahway, NJ, 07065",https://www.greatschools.org/new-jersey/rahway/3623-Employees-Center/,
Unitarian Montessori School,"176 Tices Lane, East Brunswick, NJ, 08816",https://www.greatschools.org/new-jersey/east-brunswick/3624-Unitarian-Montessori-School/,
Rutherford Child Care Center,"251 Union Avenue, Rutherford, NJ, 07070",https://www.greatschools.org/new-jersey/rutherford/3625-Rutherford-Child-Care-Center/,
Helping Hands Learning Center,"165 Fieldcrest Avenue, Edison, NJ, 08837",https://www.greatschools.org/new-jersey/edison/3626-Helping-Hands-Learning-Center/,
Coastal Learning Center,"38 ARNOLD BLVD, Howell Township, NJ, 07731",https://www.greatschools.org/new-jersey/howell/3627-Coastal-Learning-Center/,
Keith Wold Johnson Child Center,"2050 Oak Tree Road, Edison, NJ, 08820",https://www.greatschools.org/new-jersey/edison/3628-Keith-Wold-Johnson-Child-Center/,
Kiddie Academy,"100 BIRCHFIELD DR, Mount Laurel Township, NJ, 08054",https://www.greatschools.org/new-jersey/mount-laurel-township/3629-Kiddie-Academy/,
Kiddie Academy of Branchburg,"1005 Route 202 North, Branchburg, NJ, 08876",https://www.greatschools.org/new-jersey/branchburg/3630-Kiddie-Academy-Of-Branchburg/,
Brighthorizons At Hillsborough,"133 Stryker Lane, Hillsborough Township, NJ, 08844",https://www.greatschools.org/new-jersey/hillsborough-township/3631-Brighthorizons-At-Hillsborough/,
Curiosity Corner,"8 Cherrywood Drive, Clementon, NJ, 08021",https://www.greatschools.org/new-jersey/clementon/3632-Curiosity-Corner/,
Kindercare Learning Center,"293 Gordons Corner Road, Manalapan Township, NJ, 07726",https://www.greatschools.org/new-jersey/manalapan-township/3633-Kindercare-Learning-Center/,
Kindercare Learning Center,"756 Disabled American Veterans Highway, Hillsborough Township, NJ, 08844",https://www.greatschools.org/new-jersey/hillsborough-township/3634-Kindercare-Learning-Center/,
Alpine Learning Group,"777 Paramus Road, Paramus, NJ, 07652",https://www.greatschools.org/new-jersey/paramus/3635-Alpine-Learning-Group/,
John Kenney Child Care Center at Heller Parl,"211 Mill Road, Edison, NJ, 08837",https://www.greatschools.org/new-jersey/edison/3636-John-Kenney-Child-Care-Center-At-Heller-Parl/,
Plaza Child Care,"4 Progress Street, Edison, NJ, 08820",https://www.greatschools.org/new-jersey/edison/3637-Plaza-Child-Care/,
St Pauls Day School,"414 East Broad Street, Westfield, NJ, 07090",https://www.greatschools.org/new-jersey/westfield/3638-St-Pauls-Day-School/,
Presbyterian Nursery And Kindergarte,"140 Mountain Avenue, Westfield, NJ, 07090",https://www.greatschools.org/new-jersey/westfield/3639-Presbyterian-Nursery-And-Kindergarte/,
Westfield Area Y Early Learning Center,"170 Elm Street, Westfield, NJ, 07090",https://www.greatschools.org/new-jersey/westfield/3640-Westfield-Area-Y-Early-Learning-Center/,
Little Learner Academy,"25 Green Pond Road, Rockaway, NJ, 07866",https://www.greatschools.org/new-jersey/rockaway/3641-Little-Learner-Academy/,
Alpha and Omega,"4 Fleming Avenue, Newark, NJ, 07105",https://www.greatschools.org/new-jersey/newark/3642-Alpha-And-Omega/,
Kangaroo Kids Childcare & Learning Center,"1047 New Jersey 28, Somerville, NJ, 08876",https://www.greatschools.org/new-jersey/branchburg/3643-Kangaroo-Kids-Childcare--Learning-Center/,
Kelob Childrens Academy,"P.O. Box 788, Orange, NJ, 07050",https://www.greatschools.org/new-jersey/orange/3644-Kelob-Childrens-Academy/,
Discovery Child Care Center,"1 Commerce Drive, Cranford, NJ, 07016",https://www.greatschools.org/new-jersey/cranford/3645-Discovery-Child-Care-Center/,
Discovery Child Care Learning Center,"391 Valley Street, South Orange, NJ, 07079",https://www.greatschools.org/new-jersey/south-orange/3646-Discovery-Child-Care-Learning-Center/,
Banyan School,"12 Hollywood Avenue, Fairfield, NJ, 07004",https://www.greatschools.org/new-jersey/fairfield/3647-Banyan-School/,
Valley Brook Country Day School,"73 East Valley Brook Road, Washington Township, NJ, 07853",https://www.greatschools.org/new-jersey/washington-township/3648-Valley-Brook-Country-Day-School/,
Prince Of Peace Early Learning Center,"3320 State Route 94, Hamburg, NJ, 07419",https://www.greatschools.org/new-jersey/hamburg/3649-Prince-Of-Peace-Early-Learning-Center/,
Childrens House Montessori School,"417 Montgomery Street, Highland Park, NJ, 08904",https://www.greatschools.org/new-jersey/highland-park/3650-Childrens-House-Montessori-School/,
Little Scholar Nursery School,"444 Union Avenue, Belleville, NJ, 07109",https://www.greatschools.org/new-jersey/belleville/3652-Little-Scholar-Nursery-School/,
Keyboard Kids International,"610 Towne Centre Drive, North Brunswick, NJ, 08902",https://www.greatschools.org/new-jersey/north-brunswick/3653-Keyboard-Kids-International/,
Kiddie Academy,"3297 Highway 66, Neptune, NJ, 07753",https://www.greatschools.org/new-jersey/neptune/3654-Kiddie-Academy/,
Kiddie Academy,"45 Gibson Place, Freehold, NJ, 07728",https://www.greatschools.org/new-jersey/freehold/3655-Kiddie-Academy/,
Little Smiles Child Care Center,"540-542 Union Ave., Belleville, NJ, 07109",https://www.greatschools.org/new-jersey/belleville/3656-Little-Smiles-Child-Care-Center/,
Kiddie Academy Child Care Center,"133 Stryker La, Hillsborough, NJ, 08844",https://www.greatschools.org/new-jersey/hillsborough/3657-Kiddie-Academy-Child-Care-Center/,
Dover Country Day School,"1172 Church Road, Toms River, NJ, 08755",https://www.greatschools.org/new-jersey/toms-river/3658-Dover-Country-Day-School/,
Kiddie Academy Child Care Learning Center,"233 Sparta Avenue, Sparta, NJ, 07871",https://www.greatschools.org/new-jersey/sparta-township/3659-Kiddie-Academy-Child-Care-Learning-Center/,
Port Norris Elementary School,"6812 BROWN STREET, Commercial Township, NJ, 08349",https://www.greatschools.org/new-jersey/commercial-township/366-Port-Norris-Elementary-School/,
Environmental Montessori School,"190 Lord Stirling Rd, Basking Ridge, NJ, 07920",https://www.greatschools.org/new-jersey/basking-ridge/3660-Environmental-Montessori-School/,
Kiddie Academy Branchburg,"1005 Rte 202 N, Branchburg, NJ, 08876",https://www.greatschools.org/new-jersey/branchburg/3661-Kiddie-Academy-Branchburg/,
Bright Horizons-Chester,"245 Main Street, Chester, NJ, 07930",https://www.greatschools.org/new-jersey/chester/3663-Bright-Horizons-Chester/,
