county_name,district_name,school_name,county_district_school_code,school_address,name_enc,address_enc,gs_school_name,gs_school_address,gs_school_link,fuzzy_name_score,fuzzy_address_score
Middlesex,Edison Township School District,Edison High School,23-1290-050,"50 BOULEVARD OF THE EAGLES, EDISON, NJ, 08817",EDISONHIGHSCHOOL,50BOULEVARDOFTHEEAGLESEDISONNJ08817,Edison High School,"50 Boulevard of the Eagles, Edison, NJ, 08817",https://www.greatschools.org/new-jersey/edison/477-Edison-High-School/,100.0,100.0
Essex,Fairfield Public Schools School District,Stevenson,13-1465-005,"15 KNOLL ROAD, FAIRFIELD, NJ, 07004",ADLAIESTEVENSONELEMENTARYSCHOOL,15KNOLLROADFAIRFIELDNJ07004,Adlai E. Stevenson Elementary School,"15 Knoll Road, Fairfield, NJ, 07004",https://www.greatschools.org/new-jersey/fairfield/578-Adlai-E.-Stevenson-Elementary-School/,100.0,100.0
Middlesex,Metuchen Public School District,Mildred B. Moss Elementary School,23-3120-090,"16 SIMPSON PLACE, METUCHEN, NJ, 08840",MILDREDBMOSSELEMENTARYSCHOOL,16SIMPSONPLACEMETUCHENNJ08840,Mildred B. Moss Elementary School,"16 Simpson Place, Metuchen, NJ, 08840",https://www.greatschools.org/new-jersey/metuchen/1145-Mildred-B.-Moss-Elementary-School/,100.0,100.0
Passaic,Wayne Township Public School District,Pines Lake Elementary School,31-5570-120,"511 PINES LAKE DRIVE, WAYNE, NJ, 07470",PINESLAKEELEMENTARYSCHOOL,511PINESLAKEDRIVEWAYNENJ07470,Pines Lake Elementary School,"511 Pines Lake Drive, Wayne, NJ, 07470",https://www.greatschools.org/new-jersey/wayne/2131-Pines-Lake-Elementary-School/,100.0,100.0
Bergen,Waldwick School District,Crescent Elementary School,03-5410-040,"165 CRESCENT AVENUE, WALDWICK, NJ, 07463",CRESCENTELEMENTARYSCHOOL,165CRESCENTAVENUEWALDWICKNJ07463,Crescent Elementary School,"165 Crescent Avenue, Waldwick, NJ, 07463",https://www.greatschools.org/new-jersey/waldwick/2073-Crescent-Elementary-School/,100.0,100.0
Monmouth,Red Bank Borough Public School District,Red Bank Primary School,25-4360-075,"222 RIVER STREET, RED  BANK, NJ, 07701",REDBANKPRIMARYSCHOOL,222RIVERSTREETREDBANKNJ07701,Red Bank Primary School,"222 RIVER STREET, Red Bank, NJ, 07701",https://www.greatschools.org/new-jersey/red-bank/1721-Red-Bank-Primary-School/,100.0,100.0
Salem,Pittsgrove Township School District,Elmer Elementary School,33-4150-080,"207 Front Street, Elmer, NJ, 08318",ELMERELEMENTARYSCHOOL,207FRONTSTREETELMERNJ08318,Elmer Elementary School,"207 Front Street, Elmer, NJ, 08318",https://www.greatschools.org/new-jersey/elmer/7102-Elmer-Elementary-School/,100.0,100.0
Burlington,Shamong Township School District,Indian Mills Elementary School,05-4740-050,"112 INDIAN MILLS ROAD, SHAMONG, NJ, 08088",INDIANMILLSELEMENTARYSCHOOL,112INDIANMILLSROADSHAMONGNJ08088,Indian Mills Elementary School,"112 Indian Mills Road, Shamong, NJ, 08088",https://www.greatschools.org/new-jersey/shamong/1831-Indian-Mills-Elementary-School/,100.0,100.0
Bergen,Closter Public School District,Tenakill Middle School,03-0930-060,"275 High Street, CLOSTER, NJ, 07624",TENAKILLMIDDLESCHOOL,275HIGHSTREETCLOSTERNJ07624,Tenakill Middle School,"275 High Street, Closter, NJ, 07624",https://www.greatschools.org/new-jersey/closter/355-Tenakill-Middle-School/,100.0,100.0
Hudson,Weehawken Public School District,Weehawken High School,17-5580-050,"53 LIBERTY PLACE, WEEHAWKEN, NJ, 07086",WEEHAWKENHIGHSCHOOL,53LIBERTYPLACEWEEHAWKENNJ07086,Weehawken High School,"53 Liberty Place, Weehawken, NJ, 07086",https://www.greatschools.org/new-jersey/weehawken/2136-Weehawken-High-School/,100.0,100.0
Camden,Gloucester City Public School District,Cold Springs School,07-1770-160,"1194 MARKET STREET, GLOUCESTER CITY, NJ, 08030",COLDSPRINGSSCHOOL,1194MARKETSTREETGLOUCESTERCITYNJ08030,Cold Springs School,"1194 Market Street, Gloucester City, NJ, 08030",https://www.greatschools.org/new-jersey/gloucester-city/673-Cold-Springs-School/,100.0,100.0
Morris,Denville Township K-8 School District,Lakeview Elementary School,27-1090-050,"44 COOPER ROAD, DENVILLE, NJ, 07834",LAKEVIEWELEMENTARYSCHOOL,44COOPERROADDENVILLENJ07834,Lakeview Elementary School,"44 Cooper Road, Denville, NJ, 07834",https://www.greatschools.org/new-jersey/denville/394-Lakeview-Elementary-School/,100.0,100.0
Monmouth,Wall Township Public School District,Old Mill Elementary School,25-5420-077,"2119 OLD MILL ROAD, SEA GIRT, NJ, 08750",OLDMILLELEMENTARYSCHOOL,2119OLDMILLROADSEAGIRTNJ08750,Old Mill Elementary School,"2119 Old Mill Road, Sea Girt, NJ, 08750",https://www.greatschools.org/new-jersey/sea-girt/2081-Old-Mill-Elementary-School/,100.0,100.0
Union,Township of Union School District,Hannah Caldwell Elementary,39-5290-083,"1120 COMMERCE AVENUE, UNION, NJ, 07083",HANNAHCALDWELLELEMENTARYSCHOOL,1120COMMERCEAVENUEUNIONNJ07083,Hannah Caldwell Elementary School,"1120 Commerce Avenue, Union, NJ, 07083",https://www.greatschools.org/new-jersey/union/2013-Hannah-Caldwell-Elementary-School/,100.0,100.0
Union,Township of Union School District,Connecticut Farms Elementary,39-5290-090,"875 STUYVESANT AVENUE, UNION, NJ, 07083",CONNECTICUTFARMSELEMENTARYSCHOOL,875STUYVESANTAVENUEUNIONNJ07083,Connecticut Farms Elementary School,"875 Stuyvesant Avenue, Union, NJ, 07083",https://www.greatschools.org/new-jersey/union/2019-Connecticut-Farms-Elementary-School/,100.0,100.0
Union,Roselle Public Schools,Kindergarten Success Academy,39-4540-300,"150 EAST 3RD AVENUE, ROSELLE, NJ, 07203",KINDERGARTENSUCCESSACADEMY,150EAST3RDAVENUEROSELLENJ07203,Kindergarten Success Academy,"150 East 3rd Avenue, Roselle, NJ, 07203",https://www.greatschools.org/new-jersey/roselle/7098-Kindergarten-Success-Academy/,100.0,100.0
Passaic,Clifton Public School District,Clifton Early Learner Academies,31-0900-301,"290 Brighton Road, Clifton, NJ, 07012",CLIFTONEARLYLEARNERACADEMIES,290BRIGHTONROADCLIFTONNJ07012,Clifton Early Learner Academies,"290 Brighton Road, Clifton, NJ, 07012",https://www.greatschools.org/new-jersey/clifton/8917-Clifton-Early-Learner-Academies/,100.0,100.0
Camden,Camden City School District,Harry C. Sharp Elementary School,07-0680-300,"928 North 32nd Street, CAMDEN, NJ, 08105",SHARPELEMENTARYSCHOOL,928NORTH32NDSTREETCAMDENNJ08105,Sharp Elementary School,"928 North 32nd Street, Camden, NJ, 08105",https://www.greatschools.org/new-jersey/camden/260-Sharp-Elementary-School/,100.0,100.0
Essex,East Orange School District,East Orange STEM Academy High School,13-1210-030,"129 RENSHAW AVENUE, EAST ORANGE, NJ, 07017",EASTORANGESTEMACADEMY,129RENSHAWAVENUEEASTORANGENJ07017,East Orange STEM Academy,"129 Renshaw Avenue, East Orange, NJ, 07017",https://www.greatschools.org/new-jersey/east-orange/441-East-Orange-Campus-9/,100.0,100.0
Middlesex,Perth Amboy Public School District,Edward J. Patten Elementary School,23-4090-065,"500 CHARLES STREET, PERTH AMBOY, NJ, 08861",EDWARDJPATTENELEMENTARYSCHOOL,500CHARLESSTREETPERTHAMBOYNJ08861,Edward J Patten Elementary School,"500 Charles Street, Perth Amboy, NJ, 08861",https://www.greatschools.org/new-jersey/perth-amboy/1608-Edward-J--Patten-Elementary-School/,100.0,100.0
Charters,Robert Treat Academy Charter School,Robert Treat Academy Charter School,80-7730-970,"443 CLIFTON AVENUE, NEWARK, NJ, 07104",ROBERTTREATACADEMYCHARTERSCHOOL,443CLIFTONAVENUENEWARKNJ07104,Robert Treat Academy Charter School,"443 Clifton Avenue, Newark, NJ, 07104",https://www.greatschools.org/new-jersey/newark/3340-Robert-Treat-Academy-Charter-School/,100.0,100.0
Essex,Newark Public School District,Newark innovation Academy,13-3570-003,"190 MUHAMMAD ALI AVENUE, NEWARK, NJ, 07108",NEWARKINNOVATIONACADEMY,190MUHAMMADALIAVENUENEWARKNJ07108,Newark Innovation Academy,"190 Muhammad Ali Avenue, Newark, NJ, 07108",https://www.greatschools.org/new-jersey/newark/7081-Newark-Innovation-Academy/,100.0,100.0
Bergen,Demarest School District,Luther Lee Emerson School,03-1070-050,"15 COLUMBUS ROAD, DEMAREST, NJ, 07627",LUTHERLEEEMERSONSCHOOL,15COLUMBUSROADDEMARESTNJ07627,Luther Lee Emerson School,"15 Columbus Road, Demarest, NJ, 07627",https://www.greatschools.org/new-jersey/demarest/392-Luther-Lee-Emerson-School/,100.0,100.0
Essex,Newark Public School District,Arts High School,13-3570-010,"550 M  L  KING BLVD, NEWARK, NJ, 07102",ARTSHIGHSCHOOL,550MLKINGBLVDNEWARKNJ07102,Arts High School,"550 M L KING BLVD, Newark, NJ, 07102",https://www.greatschools.org/new-jersey/newark/1316-Arts-High-School/,100.0,100.0
Bergen,Palisades Park School District,Palisades Park Jr-Sr High School,03-3910-050,"VETERANS PLAZA, PALISADES PARK, NJ, 07650",PALISADESPARKJRSRHIGHSCHOOL,VETERANSPLAZAPALISADESPARKNJ07650,Palisades Park Jr Sr High School,"Veterans Plaza, Palisades Park, NJ, 07650",https://www.greatschools.org/new-jersey/palisades-park/1486-Palisades-Park-Jr--Sr-High-School/,100.0,100.0
Union,Union County Educational Services Commission,Crossroads School,39-5245-050,"45 CARDINAL DRIVE, WESTFIELD, NJ, 07090",CROSSROADSSCHOOL,45CARDINALDRIVEWESTFIELDNJ07090,Crossroads School,"45 Cardinal Drive, Westfield, NJ, 07090",https://www.greatschools.org/new-jersey/westfield/4166-Crossroads-School/,100.0,100.0
Bergen,Fair Lawn Public School District,Lyncrest Elementary School,03-1450-100,"9-04 MORLOT AVE, FAIR LAWN, NJ, 07410",LYNCRESTELEMENTARYSCHOOL,904MORLOTAVEFAIRLAWNNJ07410,Lyncrest Elementary School,"9-04 MORLOT AVE, Fair Lawn, NJ, 07410",https://www.greatschools.org/new-jersey/fair-lawn/574-Lyncrest-Elementary-School/,100.0,100.0
Charters,Creativity CoLaboratory Charter School,Creativity CoLaboratory Charter School,80-7897-923,"457 Shirley Road, Elmer, NJ, 08318",CREATIVITYCOLABORATORYCHARTERSCHOOL,457SHIRLEYROADELMERNJ08318,Creativity Colaboratory Charter School,"457 Shirley Road, Elmer, NJ, 08318",https://www.greatschools.org/new-jersey/elmer/9216-Creativity-Colaboratory-Charter-School/,100.0,100.0
Passaic,Clifton Public School District,School #2,31-0900-090,"1270 VAN HOUTEN AVENUE, CLIFTON, NJ, 07013",SCHOOL#2,1270VANHOUTENAVENUECLIFTONNJ07013,School #2,"1270 Van Houten Avenue, Clifton, NJ, 07013",https://www.greatschools.org/new-jersey/clifton/338-Number-2-Elementary-School/,100.0,100.0
Bergen,East Rutherford School District,McKenzie School,03-1230-080,"125 CARLTON AVENUE, EAST RUTHERFORD, NJ, 07073",MCKENZIESCHOOL,125CARLTONAVENUEEASTRUTHERFORDNJ07073,Mckenzie School,"125 Carlton Avenue, East Rutherford, NJ, 07073",https://www.greatschools.org/new-jersey/east-rutherford/3486-Mckenzie-School/,100.0,100.0
Charters,Elysian Charter School,Elysian Charter School of Hoboken,80-6420-925,"1460 GARDEN STREET, HOBOKEN, NJ, 07030",ELYSIANCHARTERSCHOOLOFHOBOKEN,1460GARDENSTREETHOBOKENNJ07030,Elysian Charter School Of Hoboken,"1460 Garden Street, Hoboken, NJ, 07030",https://www.greatschools.org/new-jersey/hoboken/3344-Elysian-Cs-Of-Hoboken/,100.0,100.0
Morris,Boonton Town School District,Boonton High School,27-0450-020,"306 LATHROP AVENUE, BOONTON, NJ, 07005",BOONTONHIGHSCHOOL,306LATHROPAVENUEBOONTONNJ07005,Boonton High School,"306 Lathrop Avenue, Boonton, NJ, 07005",https://www.greatschools.org/new-jersey/boonton/157-Boonton-High-School/,100.0,100.0
Charters,Soaraing Heights Charter School,Soaring Heights Charter School,80-7830-980,"1 ROMAR AVENUE, JERSEY CITY, NJ, 07305",SOARINGHEIGHTSCHARTERSCHOOL,1ROMARAVENUEJERSEYCITYNJ07305,Soaring Heights Charter School,"1 Romar Avenue, Jersey City, NJ, 07305",https://www.greatschools.org/new-jersey/jersey-city/3351-Soaring-Heights-Charter-School/,100.0,100.0
Passaic,Paterson Public School District,International High School,31-4010-035,"200 Grand Street, PATERSON, NJ, 07501",INTERNATIONALHIGHSCHOOL,200GRANDSTREETPATERSONNJ07501,International High School,"200 Grand Street, Paterson, NJ, 07501",https://www.greatschools.org/new-jersey/paterson/4533-International-High-School/,100.0,100.0
Monmouth,Holmdel Township School District,Holmdel High School,25-2230-020,"36 CRAWFORDS CORNER ROAD, HOLMDEL, NJ, 07733",HOLMDELHIGHSCHOOL,36CRAWFORDSCORNERROADHOLMDELNJ07733,Holmdel High School,"36 Crawfords Corner Road, Holmdel, NJ, 07733",https://www.greatschools.org/new-jersey/holmdel/813-Holmdel-High-School/,100.0,100.0
Sussex,Hopatcong Borough School District,Durban Avenue Elementary School,37-2240-035,"616 Durban Avenue, Hopatcong, NJ, 07843",DURBANAVENUEELEMENTARYSCHOOL,616DURBANAVENUEHOPATCONGNJ07843,Durban Avenue Elementary School,"616 Durban Avenue, Hopatcong, NJ, 07843",https://www.greatschools.org/new-jersey/hopatcong/818-Durban-Avenue-Elementary-School/,100.0,100.0
Burlington,Medford Township School District,Milton H. Allen Elementary School,05-3080-060,"24 ALLEN AVENUE, MEDFORD, NJ, 08055",MILTONHALLENELEMENTARYSCHOOL,24ALLENAVENUEMEDFORDNJ08055,Milton H. Allen Elementary School,"24 Allen Avenue, Medford, NJ, 08055",https://www.greatschools.org/new-jersey/medford/1131-Milton-H.-Allen-Elementary-School/,100.0,100.0
Sussex,Newton Public School District,Newton High School,37-3590-050,"44 RYERSON AVENUE, NEWTON, NJ, 07860",NEWTONHIGHSCHOOL,44RYERSONAVENUENEWTONNJ07860,Newton High School,"44 Ryerson Avenue, Newton, NJ, 07860",https://www.greatschools.org/new-jersey/newton/1389-Newton-High-School/,100.0,100.0
Monmouth,Rumson-Fair Haven Regional High School District,Rumson-Fair Haven Regional High School,25-4580-050,"74 RIDGE ROAD, RUMSON, NJ, 07760",RUMSONFAIRHAVENREGIONALHIGHSCHOOL,74RIDGEROADRUMSONNJ07760,Rumson Fair Haven Regional High School,"74 Ridge Road, Rumson, NJ, 07760",https://www.greatschools.org/new-jersey/rumson/1785-Rumson-Fair-Haven-Reg-High-School/,100.0,100.0
Hudson,Union City School District,Colin Powell Elementary School,17-5240-300,"1500 New York Avenue, Union City, NJ, 07087",COLINPOWELLELEMENTARYSCHOOL,1500NEWYORKAVENUEUNIONCITYNJ07087,Colin Powell Elementary School,"1500 New York Avenue, Union City, NJ, 07087",https://www.greatschools.org/new-jersey/union-city/7125-Colin-Powell-Elementary-School/,100.0,100.0
Somerset,Bound Brook School District,Bound Brook High School,35-0490-020,"111 West Union Avenue, Bound Brook, NJ, 08805",BOUNDBROOKHIGHSCHOOL,111WESTUNIONAVENUEBOUNDBROOKNJ08805,Bound Brook High School,"111 West Union Avenue, Bound Brook, NJ, 08805",https://www.greatschools.org/new-jersey/bound-brook/165-Bound-Brook-High-School/,100.0,100.0
Passaic,Wayne Township Public School District,Packanack Elementary School,31-5570-110,"190 OAKWOOD DRIVE, WAYNE, NJ, 07470",PACKANACKELEMENTARYSCHOOL,190OAKWOODDRIVEWAYNENJ07470,Packanack Elementary School,"190 Oakwood Drive, Wayne, NJ, 07470",https://www.greatschools.org/new-jersey/wayne/2130-Packanack-Elementary-School/,100.0,100.0
Atlantic,Buena Regional School District,John C. Milanesi Elementary School,01-0590-055,"880 HARDING HIGHWAY, BUENA, NJ, 08310",JOHNCMILANESIELEMENTARYSCHOOL,880HARDINGHIGHWAYBUENANJ08310,John C Milanesi Elementary School,"880 Harding Highway, Buena, NJ, 08310",https://www.greatschools.org/new-jersey/buena/211-John-C--Milanesi-Elementary-School/,100.0,100.0
Union,Scotch Plains-Fanwood School District,Evergreen Elementary School,39-4670-090,"2280 EVERGREEN AVENUE, SCOTCH PLAINS, NJ, 07076",EVERGREENELEMENTARYSCHOOL,2280EVERGREENAVENUESCOTCHPLAINSNJ07076,Evergreen Elementary School,"2280 Evergreen Avenue, Scotch Plains, NJ, 07076",https://www.greatschools.org/new-jersey/scotch-plains/1821-Evergreen-Elementary-School/,100.0,100.0
Bergen,Carlstadt PublicSchool District,Carlstadt Public School,03-0740-050,"550 WASHINGTON STREET, CARLSTADT, NJ, 07072",CARLSTADTPUBLICSCHOOL,550WASHINGTONSTREETCARLSTADTNJ07072,Carlstadt Public School,"550 Washington Street, Carlstadt, NJ, 07072",https://www.greatschools.org/new-jersey/carlstadt/4517-Carlstadt-Public-School/,100.0,100.0
Camden,Waterford Township School District,Atco Elementary School,07-5560-040,"2162 Cooper Road, Atco, NJ, 08004",ATCOELEMENTARYSCHOOL,2162COOPERROADATCONJ08004,Atco Elementary School,"2162 Cooper Road, Atco, NJ, 08004",https://www.greatschools.org/new-jersey/atco/2121-Atco-Elementary-School/,100.0,100.0
Salem,Elsinboro Township School District,Elsinboro Township School,33-1350-050,"631 SALEM  FORT ELFSBORG ROAD, SALEM, NJ, 08079",ELSINBOROTOWNSHIPSCHOOL,631SALEMFORTELFSBORGROADSALEMNJ08079,Elsinboro Township School,"631 Salem Fort Elfsborg Road, Salem, NJ, 08079",https://www.greatschools.org/new-jersey/salem/536-Elsinboro-Elementary-School/,100.0,100.0
Essex,Cedar Grove Township School District,Cedar Grove High School,13-0760-050,"90 Rugby Road, Cedar Grove, NJ, 07009",CEDARGROVEHIGHSCHOOL,90RUGBYROADCEDARGROVENJ07009,Cedar Grove High School,"90 Rugby Road, Cedar Grove, NJ, 07009",https://www.greatschools.org/new-jersey/cedar-grove/285-Cedar-Grove-High-School/,100.0,100.0
Salem,Salem County Special Services School District,Cumberland Campus,33-4635-300,"13 Ramah Road, Bridgeton, NJ, 08302",CUMBERLANDCAMPUS,13RAMAHROADBRIDGETONNJ08302,Cumberland Campus,"13 Ramah Road, Bridgeton, NJ, 08302",https://www.greatschools.org/new-jersey/bridgeton/7104-Cumberland-Campus/,100.0,100.0
Cape May,Avalon School District,Avalon Elementary School,09-0170-010,"235 32ND STREET, AVALON, NJ, 08202",AVALONELEMENTARYSCHOOL,23532NDSTREETAVALONNJ08202,Avalon Elementary School,"235 32nd Street, Avalon, NJ, 08202",https://www.greatschools.org/new-jersey/avalon/60-Avalon-Elementary-School/,100.0,100.0
Hudson,Jersey City Public Schools,Infinity Institute,17-2390-002,"193 Old Bergen Road, Jersey City, NJ, 07305",INFINITYINSTITUTE,193OLDBERGENROADJERSEYCITYNJ07305,Infinity Institute,"193 Old Bergen Road, Jersey City, NJ, 07305",https://www.greatschools.org/new-jersey/jersey-city/7066-Infinity-Institute/,100.0,100.0
Warren,Belvidere School District,Belvidere High School,41-0280-020,"809 OXFORD STREET, BELVIDERE, NJ, 07823",BELVIDEREHIGHSCHOOL,809OXFORDSTREETBELVIDERENJ07823,Belvidere High School,"809 Oxford Street, Belvidere, NJ, 07823",https://www.greatschools.org/new-jersey/belvidere/93-Belvidere-High-School/,100.0,100.0
Mercer,Trenton Public Schools,Monument Elementary School,21-5210-250,"145 Pennington Avenue, Trenton, NJ, 08618",MONUMENTELEMENTARYSCHOOL,145PENNINGTONAVENUETRENTONNJ08618,Monument Elementary School,"145 Pennington Avenue, Trenton, NJ, 08618",https://www.greatschools.org/new-jersey/trenton/1981-Monument-Elementary-School/,100.0,100.0
Charters,Ridge and Valley Charter School,Ridge and Valley Charter School,80-7727-900,"1234 STATE ROUTE 94, Frelinghuysen, NJ, 07825",RIDGEANDVALLEYCHARTERSCHOOL,1234STATEROUTE94FRELINGHUYSENNJ07825,Ridge and Valley Charter School,"1234 STATE ROUTE 94, Frelinghuysen, NJ, 07825",https://www.greatschools.org/new-jersey/blairstown/4535-Ridge-And-Valley-Charter-School/,100.0,100.0
Gloucester,Clayton Public School District,Herma S. Simmons Elementary School,15-0860-040,"300 WEST CHESTNUT STREET, CLAYTON, NJ, 08312",HERMASSIMMONSELEMENTARYSCHOOL,300WESTCHESTNUTSTREETCLAYTONNJ08312,Herma S Simmons Elementary School,"300 West Chestnut Street, Clayton, NJ, 08312",https://www.greatschools.org/new-jersey/clayton/324-Herma-S--Simmons-Elementary-School/,100.0,100.0
Burlington,North Hanover Township School District,North Hanover Township Upper Elementary School,05-3650-036,"351 MONMOUTH ROAD, WRIGHTSTOWN, NJ, 08652",NORTHHANOVERTOWNSHIPUPPERELEMENTARYSCHOOL,351MONMOUTHROADWRIGHTSTOWNNJ08652,North Hanover Township Upper Elementary School,"351 MONMOUTH ROAD, Wrightstown, NJ, 08652",https://www.greatschools.org/new-jersey/wrightstown/4563-North-Hanover-Township-Upper-Elementary-School/,100.0,100.0
Sussex,Sparta Township Public School District,Sparta High School,37-4960-050,"70 WEST MOUNTAIN ROAD, SPARTA, NJ, 07871",SPARTAHIGHSCHOOL,70WESTMOUNTAINROADSPARTANJ07871,Sparta High School,"70 West Mountain Road, Sparta, NJ, 07871",https://www.greatschools.org/new-jersey/sparta-township/1889-Sparta-High-School/,100.0,100.0
Morris,Chester School District,Bragg Elementary School,27-0820-030,"250 Route 24, Chester, NJ, 07930",BRAGGELEMENTARYSCHOOL,250ROUTE24CHESTERNJ07930,Bragg Elementary School,"250 Route 24, Chester, NJ, 07930",https://www.greatschools.org/new-jersey/chester/312-Bragg-Elementary-School/,100.0,100.0
Monmouth,Middletown Township Public School District,Navesink Elementary School,25-3160-140,"151 MONMOUTH AVENUE, ATLANTIC HIGHLANDS, NJ, 07716",NAVESINKELEMENTARYSCHOOL,151MONMOUTHAVENUEATLANTICHIGHLANDSNJ07716,Navesink Elementary School,"151 Monmouth Avenue, Atlantic Highlands, NJ, 07716",https://www.greatschools.org/new-jersey/atlantic-highlands/1172-Navesink-Elementary-School/,100.0,100.0
Monmouth,LONG BRANCH PUBLIC SCHOOL District,Long Branch High School,25-2770-050,"404 Indiana Avenue, LONG BRANCH, NJ, 07740",LONGBRANCHHIGHSCHOOL,404INDIANAAVENUELONGBRANCHNJ07740,Long Branch High School,"404 Indiana Avenue, Long Branch, NJ, 07740",https://www.greatschools.org/new-jersey/long-branch/1016-Long-Branch-High-School/,100.0,100.0
Essex,Bloomfield Township School District,Watsessing Elementary School,13-0410-150,"71 Prospect Street, Bloomfield, NJ, 07003",WATSESSINGELEMENTARYSCHOOL,71PROSPECTSTREETBLOOMFIELDNJ07003,Watsessing Elementary School,"71 Prospect Street, Bloomfield, NJ, 07003",https://www.greatschools.org/new-jersey/bloomfield/148-Watsessing-Elementary-School/,100.0,100.0
Charters,Bergen Arts and Science Charter School,Bergen Arts and Sciences Charter School,80-6013-900,"200 MACARTHUR AVENUE, GARFIELD, NJ, 07026",BERGENARTSANDSCIENCESCHARTERSCHOOL,200MACARTHURAVENUEGARFIELDNJ07026,Bergen Arts And Sciences Charter School,"200 Macarthur Avenue, Garfield, NJ, 07026",https://www.greatschools.org/new-jersey/garfield/7062-Bergen-Arts-And-Sciences-Charter-School/,100.0,100.0
Gloucester,Woodbury City Public School District,Evergreen Avenue Elementary School,15-5860-090,"160 North Evergreen Avenue, Woodbury, NJ, 08096",EVERGREENAVENUEELEMENTARYSCHOOL,160NORTHEVERGREENAVENUEWOODBURYNJ08096,Evergreen Avenue Elementary School,"160 North Evergreen Avenue, Woodbury, NJ, 08096",https://www.greatschools.org/new-jersey/woodbury/2267-Evergreen-Avenue-Elementary-School/,100.0,100.0
Bergen,Teaneck School District,Nathaniel Hawthorne Elementary School,03-5150-110,"201 FYCKE LANE, TEANECK, NJ, 07666",HAWTHORNEELEMENTARYSCHOOL,201FYCKELANETEANECKNJ07666,Hawthorne Elementary School,"201 Fycke Lane, Teaneck, NJ, 07666",https://www.greatschools.org/new-jersey/teaneck/1935-Hawthorne-Elementary-School/,100.0,100.0
Bergen,Ridgewood Public School District,Somerville Elementary School,03-4390-100,"45 SOUTH PLEASANT AVE, RIDGEWOOD, NJ, 07451",SOMERVILLEELEMENTARYSCHOOL,45SOUTHPLEASANTAVERIDGEWOODNJ07451,Somerville Elementary School,"45 SOUTH PLEASANT AVE, Ridgewood, NJ, 07451",https://www.greatschools.org/new-jersey/ridgewood/1736-Somerville-Elementary-School/,100.0,100.0
Union,Hillside Public School District,Hillside Innovation Academy,39-2190-300,"195 Virginia St-1100 Woodruff Ave, Hillside, NJ, 07205",HILLSIDEINNOVATIONACADEMY,195VIRGINIAST1100WOODRUFFAVEHILLSIDENJ07205,Hillside Innovation Academy,"195 Virginia St-1100 Woodruff Ave, Hillside, NJ, 07205",https://www.greatschools.org/new-jersey/hillside/9246-Hillside-Innovation-Academy/,100.0,100.0
Mercer,East Windsor Regional School District,Walter C. Black Elementary School,21-1245-080,"371 STOCKTON STREET, HIGHTSTOWN, NJ, 08520",WALTERCBLACKELEMENTARYSCHOOL,371STOCKTONSTREETHIGHTSTOWNNJ08520,Walter C. Black Elementary School,"371 Stockton Street, Hightstown, NJ, 08520",https://www.greatschools.org/new-jersey/hightstown/465-Walter-C.-Black-Elementary-School/,100.0,100.0
Morris,Parsippany-Troy Hills Township School District,Intervale Elementary School,27-3950-064,"60 Pitt Road, Boonton, NJ, 07005",INTERVALEELEMENTARYSCHOOL,60PITTROADBOONTONNJ07005,Intervale Elementary School,"60 Pitt Road, Boonton, NJ, 07005",https://www.greatschools.org/new-jersey/boonton/1507-Intervale-Elementary-School/,100.0,100.0
Hudson,Hudson County Schools of Technology School District,Bayonne Academy,17-2295-305,"669 Avenue A, Bayonne, NJ, 07094",BAYONNEACADEMY,669AVENUEABAYONNENJ07094,Bayonne Academy,"669 Avenue A, Bayonne, NJ, 07094",https://www.greatschools.org/new-jersey/bayonne/8795-Bayonne-Academy/,100.0,100.0
Middlesex,Woodbridge Township School District,Menlo Park Terrace Elementary School,23-5850-230,"19 MARYKNOLL ROAD, METUCHEN, NJ, 08840",MENLOPARKTERRACEELEMENTARYSCHOOL,19MARYKNOLLROADMETUCHENNJ08840,Menlo Park Terrace Elementary School,"19 Maryknoll Road, Metuchen, NJ, 08840",https://www.greatschools.org/new-jersey/metuchen/2259-Menlo-Park-Terrace-Elementary-School/,100.0,100.0
Hunterdon,Clinton-Glen Gardner School District,Clinton Public School,19-0910-030,"10 SCHOOL STREET, CLINTON, NJ, 08809",CLINTONPUBLICSCHOOL,10SCHOOLSTREETCLINTONNJ08809,Clinton Public School,"10 School Street, Clinton, NJ, 08809",https://www.greatschools.org/new-jersey/clinton/350-Clinton-Public-School/,100.0,100.0
Monmouth,Freehold Regional High School District,Marlboro High School,25-1650-080,"95 NORTH MAIN STREET, MARLBORO, NJ, 07746",MARLBOROHIGHSCHOOL,95NORTHMAINSTREETMARLBORONJ07746,Marlboro High School,"95 North Main Street, Marlboro, NJ, 07746",https://www.greatschools.org/new-jersey/marlboro/631-Marlboro-High-School/,100.0,100.0
Camden,Camden City School District,Alfred Cramer College Preparatory Lab School,07-0680-170,"2800 MICKLE STREET, CAMDEN, NJ, 08105",ALFREDCRAMERCOLLEGEPREPARATORYLABSCHOOL,2800MICKLESTREETCAMDENNJ08105,Alfred Cramer College Preparatory Lab School,"2800 Mickle Street, Camden, NJ, 08105",https://www.greatschools.org/new-jersey/camden/249-Cramer-Elementary-School/,100.0,100.0
Passaic,Paterson Public School District,New Roberto Clemente,31-4010-316,"482-506 MARKET STREET, PATERSON, NJ, 07501",NEWROBERTOCLEMENTE,482506MARKETSTREETPATERSONNJ07501,New Roberto Clemente,"482-506 MARKET STREET, Paterson, NJ, 07501",https://www.greatschools.org/new-jersey/paterson/6910-New-Roberto-Clemente/,100.0,100.0
Essex,Newark Public School District,West Side High School,13-3570-080,"403 South Orange Avenue, Newark, NJ, 07103",WESTSIDEHIGHSCHOOL,403SOUTHORANGEAVENUENEWARKNJ07103,West Side High School,"403 South Orange Avenue, Newark, NJ, 07103",https://www.greatschools.org/new-jersey/newark/1325-West-Side-High-School/,100.0,100.0
Passaic,Passaic City School District,Passaic Academy for Science and Engineering,31-3970-301,"291 Lafayette Avenue, Passaic, NJ, 07055",PASSAICACADEMYFORSCIENCEANDENGINEERING,291LAFAYETTEAVENUEPASSAICNJ07055,Passaic Academy For Science And Engineering,"291 Lafayette Avenue, Passaic, NJ, 07055",https://www.greatschools.org/new-jersey/passaic/8899-Passaic-Academy-For-Science-And-Engineering/,100.0,100.0
Middlesex,East Brunswick Township School District,Irwin Elementary School,23-1170-090,"71 RACETRACK ROAD, EAST BRUNSWICK, NJ, 08816",IRWINELEMENTARYSCHOOL,71RACETRACKROADEASTBRUNSWICKNJ08816,Irwin Elementary School,"71 Racetrack Road, East Brunswick, NJ, 08816",https://www.greatschools.org/new-jersey/east-brunswick/433-Irwin-School/,100.0,100.0
Union,Westfield Public School District,Westfield Senior High School,39-5730-050,"550 Dorian Road, Westfield, NJ, 07090",WESTFIELDSENIORHIGHSCHOOL,550DORIANROADWESTFIELDNJ07090,Westfield Senior High School,"550 Dorian Road, Westfield, NJ, 07090",https://www.greatschools.org/new-jersey/westfield/2198-Westfield-Senior-High-School/,100.0,100.0
Union,Berkeley Heights School District,Governor Livingston High School,39-0310-005,"175 WATCHUNG BOULEVARD, BERKELEY HEIGHTS, NJ, 07922",GOVERNORLIVINGSTONHIGHSCHOOL,175WATCHUNGBOULEVARDBERKELEYHEIGHTSNJ07922,Governor Livingston High School,"175 WATCHUNG BOULEVARD, Berkeley Heights, NJ, 07922",https://www.greatschools.org/new-jersey/new-providence/115-Governor-Livingston-High-School/,100.0,100.0
Passaic,Paterson Public School District,Alexander Hamilton Academy,31-4010-043,"11  27 16TH AVENUE, PATERSON, NJ, 07501",ALEXANDERHAMILTONACADEMY,112716THAVENUEPATERSONNJ07501,Alexander Hamilton Academy,"11-27 16TH AVENUE, Paterson, NJ, 07501",https://www.greatschools.org/new-jersey/paterson/3459-Alexander-Hamilton-Academy/,100.0,100.0
Bergen,Teaneck School District,James Russell Lowell Elementary School,03-5150-130,"1025 LINCOLN PLACE, TEANECK, NJ, 07666",LOWELLELEMENTARYSCHOOL,1025LINCOLNPLACETEANECKNJ07666,Lowell Elementary School,"1025 Lincoln Place, Teaneck, NJ, 07666",https://www.greatschools.org/new-jersey/teaneck/1936-Lowell-Elementary-School/,100.0,100.0
Passaic,Paterson Public School District,Edward W. Kilpatrick,31-4010-047,"295-315 ELLISON STREET, PATERSON, NJ, 07501",EDWARDWKILPATRICKELEMENTARYSCHOOL,295315ELLISONSTREETPATERSONNJ07501,Edward W. Kilpatrick Elementary School,"295-315 ELLISON STREET, Paterson, NJ, 07501",https://www.greatschools.org/new-jersey/paterson/1539-Edward-W.-Kilpatrick-Elementary-School/,100.0,100.0
Burlington,Lenape Regional High School District,Seneca High School,05-2610-070,"110 CARRANZA ROAD, TABERNACLE, NJ, 08088",SENECAHIGHSCHOOL,110CARRANZAROADTABERNACLENJ08088,Seneca High School,"110 Carranza Road, Tabernacle, NJ, 08088",https://www.greatschools.org/new-jersey/tabernacle/4138-Seneca-High-School/,100.0,100.0
Essex,Newark Public School District,Louise A. Spencer Elementary School,13-3570-495,"66 MUHAMMAD ALI AVENUE, NEWARK, NJ, 07108",LOUISEASPENCERELEMENTARYSCHOOL,66MUHAMMADALIAVENUENEWARKNJ07108,Louise A. Spencer Elementary School,"66 Muhammad Ali Avenue, Newark, NJ, 07108",https://www.greatschools.org/new-jersey/newark/1359-Louise-A.-Spencer-Elementary-School/,100.0,100.0
Union,Union County Educational Services Commission,Hillcrest Academy-North,39-5245-020,"2630 PLAINFIELD AVENUE, SCOTCH PLAINS, NJ, 07076",HILLCRESTACADEMYNORTH,2630PLAINFIELDAVENUESCOTCHPLAINSNJ07076,Hillcrest Academy North,"2630 Plainfield Avenue, Scotch Plains, NJ, 07076",https://www.greatschools.org/new-jersey/scotch-plains/2007-Hillcrest-Academy--North/,100.0,100.0
Monmouth,Colts Neck Township School District,Cedar Drive Middle School,25-0945-030,"73 CEDAR DRIVE, COLTS NECK, NJ, 07722",CEDARDRIVEMIDDLESCHOOL,73CEDARDRIVECOLTSNECKNJ07722,Cedar Drive Middle School,"73 Cedar Drive, Colts Neck, NJ, 07722",https://www.greatschools.org/new-jersey/colts-neck/363-Cedar-Drive-Middle-School/,100.0,100.0
Camden,Haddon Township School District,Van Sciver Elementary School,07-1890-100,"625 RHOADS AVENUE, HADDONFIELD, NJ, 08033",VANSCIVERELEMENTARYSCHOOL,625RHOADSAVENUEHADDONFIELDNJ08033,Van Sciver Elementary School,"625 RHOADS AVENUE, Haddonfield, NJ, 08033",https://www.greatschools.org/new-jersey/haddon-township/717-Van-Sciver-Elementary-School/,100.0,100.0
Ocean,Toms River Regional School District,North Dover Elementary School,29-5190-080,"1759 NEW HAMPSHIRE AVENUE, TOMS RIVER, NJ, 08753",NORTHDOVERELEMENTARYSCHOOL,1759NEWHAMPSHIREAVENUETOMSRIVERNJ08753,North Dover Elementary School,"1759 NEW HAMPSHIRE AVENUE, Toms River, NJ, 08753",https://www.greatschools.org/new-jersey/toms-river/1956-North-Dover-Elementary-School/,100.0,100.0
Ocean,Tuckerton Borough School District,Tuckerton Elementary School,29-5220-050,"MARINE STREET, TUCKERTON, NJ, 08087",TUCKERTONELEMENTARYSCHOOL,MARINESTREETTUCKERTONNJ08087,Tuckerton Elementary School,"Marine Street, Tuckerton, NJ, 08087",https://www.greatschools.org/new-jersey/tuckerton/1990-Tuckerton-Elementary-School/,100.0,100.0
Monmouth,Hazlet Township Public School District,Lillian Drive School,25-2105-085,"28 LILLIAN DRIVE, HAZLET, NJ, 07730",LILLIANDRIVESCHOOL,28LILLIANDRIVEHAZLETNJ07730,Lillian Drive School,"28 Lillian Drive, Hazlet, NJ, 07730",https://www.greatschools.org/new-jersey/hazlet/1712-Lillian-Drive-School/,100.0,100.0
Passaic,Little Falls Township Public School District,Little Falls Township Public School # 3,31-2700-070,"Little Falls School # 3, LITTLE FALLS, NJ, 07424",LITTLEFALLSTOWNSHIPPUBLICSCHOOL#3,LITTLEFALLSSCHOOL#3LITTLEFALLSNJ07424,Little Falls Township Public School # 3,"Little Falls School # 3, Little Falls, NJ, 07424",https://www.greatschools.org/new-jersey/little-falls/3493-Number-3/,100.0,100.0
Mercer,Hopewell Valley Regional School District,Stony Brook Elementary School,21-2280-065,"20 STEPHENSON ROAD, PENNINGTON, NJ, 08534",STONYBROOKELEMENTARYSCHOOL,20STEPHENSONROADPENNINGTONNJ08534,Stony Brook Elementary School,"20 Stephenson Road, Pennington, NJ, 08534",https://www.greatschools.org/new-jersey/pennington/3491-Stony-Brook-Elementary-School/,100.0,100.0
Camden,"KIPP: Cooper Norcross, A New Jersey Nonprofit Corporation","KIPP: Cooper Norcross, A New Jersey Nonprofit Corporation",07-1799-111,"525 Clinton Street, Camden, NJ, 08103",KIPP:COOPERNORCROSSANEWJERSEYNONPROFITCORPORATION,525CLINTONSTREETCAMDENNJ08103,Kipp: Cooper Norcross A New Jersey Nonprofit Corporation,"525 Clinton Street, Camden, NJ, 08103",https://www.greatschools.org/new-jersey/camden/8831-Kipp-Cooper-Norcross-A-New-Jersey-Nonprofit-Corporation/,100.0,100.0
Bergen,Ramsey School District,Mary A. Hubbard Elementary School,03-4310-070,"10 HUBBARD LANE, RAMSEY, NJ, 07446",MARYAHUBBARDELEMENTARYSCHOOL,10HUBBARDLANERAMSEYNJ07446,Mary A. Hubbard Elementary School,"10 Hubbard Lane, Ramsey, NJ, 07446",https://www.greatschools.org/new-jersey/ramsey/1699-Mary-A.-Hubbard-Elementary-School/,100.0,100.0
Hudson,Jersey City Public Schools,Rev. Dr. Ercel F. Webb School,17-2390-200,"264 VAN HORNE STREET, JERSEY CITY, NJ, 07304",REVDRERCELFWEBBSCHOOL,264VANHORNESTREETJERSEYCITYNJ07304,Rev. Dr. Ercel F. Webb School,"264 Van Horne Street, Jersey City, NJ, 07304",https://www.greatschools.org/new-jersey/jersey-city/889-Number-22-Elementary-School/,100.0,100.0
Camden,Camden City School District,Yorkship Elementary School,07-0680-360,"1251 Collings Road, CAMDEN, NJ, 08104",YORKSHIPELEMENTARYSCHOOL,1251COLLINGSROADCAMDENNJ08104,Yorkship Elementary School,"1251 Collings Road, Camden, NJ, 08104",https://www.greatschools.org/new-jersey/camden/266-Yorkship-Elementary-School/,100.0,100.0
Hudson,Bayonne School District,Bayonne High School,17-0220-020,"669 AVENUE A, BAYONNE, NJ, 07002",BAYONNEHIGHSCHOOL,669AVENUEABAYONNENJ07002,Bayonne High School,"669 Avenue A, Bayonne, NJ, 07002",https://www.greatschools.org/new-jersey/bayonne/68-Bayonne-High-School/,100.0,100.0
Bergen,Franklin Lakes School District,Colonial Road School,03-1580-040,"749 Colonial Road, Franklin Lakes, NJ, 07417",COLONIALROADSCHOOL,749COLONIALROADFRANKLINLAKESNJ07417,Colonial Road School,"749 Colonial Road, Franklin Lakes, NJ, 07417",https://www.greatschools.org/new-jersey/franklin-lakes/4205-Colonial-Road-School/,100.0,100.0
Monmouth,Belmar Elementary School District,Belmar Elementary,25-0270-020,"1101 MAIN STREET, BELMAR, NJ, 07719",BELMARELEMENTARYSCHOOL,1101MAINSTREETBELMARNJ07719,Belmar Elementary School,"1101 Main Street, Belmar, NJ, 07719",https://www.greatschools.org/new-jersey/belmar/92-Belmar-Elementary-School/,100.0,100.0
Warren,Blairstown Elementary Township School District,Blairstown Elementary School,41-0400-030,"1 SUNSET HILL ROAD, BLAIRSTOWN, NJ, 07825",BLAIRSTOWNELEMENTARYSCHOOL,1SUNSETHILLROADBLAIRSTOWNNJ07825,Blairstown Elementary School,"1 Sunset Hill Road, Blairstown, NJ, 07825",https://www.greatschools.org/new-jersey/blairstown/137-Blairstown-Elementary-School/,100.0,100.0
Monmouth,Deal Boro School District,Deal Elementary School,25-1000-040,"201 ROSELD AVENUE, DEAL, NJ, 07723",DEALELEMENTARYSCHOOL,201ROSELDAVENUEDEALNJ07723,Deal Elementary School,"201 Roseld Avenue, Deal, NJ, 07723",https://www.greatschools.org/new-jersey/deal/380-Deal-Elementary-School/,100.0,100.0
Morris,Morris County Vocational School District,Morris County School of Technology,27-3365-050,"400 EAST MAIN STREET, DENVILLE, NJ, 07834",MORRISCOUNTYSCHOOLOFTECHNOLOGY,400EASTMAINSTREETDENVILLENJ07834,Morris County School Of Technology,"400 East Main Street, Denville, NJ, 07834",https://www.greatschools.org/new-jersey/denville/1244-Morris-Co-School-Of-Tech/,100.0,100.0
Monmouth,Asbury Park School District,Asbury Park High School,25-0100-010,"1001 SUNSET AVENUE, ASBURY PARK, NJ, 07712",ASBURYPARKHIGHSCHOOL,1001SUNSETAVENUEASBURYPARKNJ07712,Asbury Park High School,"1001 Sunset Avenue, Asbury Park, NJ, 07712",https://www.greatschools.org/new-jersey/asbury-park/39-Asbury-Park-High-School/,100.0,100.0
Bergen,Alpine School District,Alpine Elementary School,03-0080-010,"500 HILLSIDE AVENUE, ALPINE, NJ, 07620",ALPINEELEMENTARYSCHOOL,500HILLSIDEAVENUEALPINENJ07620,Alpine Elementary School,"500 Hillside Avenue, Alpine, NJ, 07620",https://www.greatschools.org/new-jersey/alpine/35-Alpine-Elementary-School/,100.0,100.0
Monmouth,Monmouth County Vocational School District,Academy of Law & Public Safety,25-3260-301,"255 West End Avenue, Long Branch, NJ, 07740",ACADEMYOFLAW&PUBLICSAFETY,255WESTENDAVENUELONGBRANCHNJ07740,Academy Of Law & Public Safety,"255 West End Avenue, Long Branch, NJ, 07740",https://www.greatschools.org/new-jersey/long-branch/7432-Academy-Of-Law--Public-Safety/,100.0,100.0
Ocean,Toms River Regional School District,West Dover Elementary School,29-5190-120,"50 BLUE JAY DRIVE, TOMS RIVER, NJ, 08753",WESTDOVERELEMENTARYSCHOOL,50BLUEJAYDRIVETOMSRIVERNJ08753,West Dover Elementary School,"50 BLUE JAY DRIVE, Toms River, NJ, 08753",https://www.greatschools.org/new-jersey/toms-river/1962-West-Dover-Elementary-School/,100.0,100.0
Warren,Franklin Township School District,Franklin Township School,41-1620-050,"52 ASBURY  BROADWAY ROAD, WASHINGTON, NJ, 07882",FRANKLINTOWNSHIPSCHOOL,52ASBURYBROADWAYROADWASHINGTONNJ07882,Franklin Township School,"52 Asbury Broadway Road, Washington, NJ, 07882",https://www.greatschools.org/new-jersey/washington/621-Franklin-Township-School/,100.0,100.0
Bergen,Fair Lawn Public School District,Westmoreland Elementary School,03-1450-160,"16-50 Parmelee Ave., FAIR LAWN, NJ, 07410",WESTMORELANDELEMENTARYSCHOOL,1650PARMELEEAVEFAIRLAWNNJ07410,Westmoreland Elementary School,"16-50 Parmelee Ave., Fair Lawn, NJ, 07410",https://www.greatschools.org/new-jersey/fair-lawn/577-Westmoreland-Elementary-School/,100.0,100.0
Morris,Randolph Township School District,Center Grove School,27-4330-057,"25 SCHOOL HOUSE ROAD, RANDOLPH, NJ, 07869",CENTERGROVESCHOOL,25SCHOOLHOUSEROADRANDOLPHNJ07869,Center Grove School,"25 Schoolhouse Road, Randolph, NJ, 07869",https://www.greatschools.org/new-jersey/randolph/1704-Center-Grove-Elementary-School/,100.0,100.0
Camden,Stratford School District,Samuel S. Yellin Elementary School,07-5080-060,"111 WARWICK ROAD, STRATFORD, NJ, 08084",SAMUELSYELLINELEMENTARYSCHOOL,111WARWICKROADSTRATFORDNJ08084,Samuel S. Yellin Elementary School,"111 Warwick Road, Stratford, NJ, 08084",https://www.greatschools.org/new-jersey/stratford/1915-Samuel-S.-Yellin-Elementary-School/,100.0,100.0
Mercer,Hopewell Valley Regional School District,Hopewell Elementary School,21-2280-055,"35 PRINCETON AVENUE, HOPEWELL, NJ, 08525",HOPEWELLELEMENTARYSCHOOL,35PRINCETONAVENUEHOPEWELLNJ08525,Hopewell Elementary School,"35 Princeton Avenue, Hopewell, NJ, 08525",https://www.greatschools.org/new-jersey/hopewell/827-Hopewell-Elementary-School/,100.0,100.0
Bergen,Bergenfield Borough School District,Jefferson Elementary School,03-0300-060,"200 HICKORY AVENUE, BERGENFIELD, NJ, 07621",JEFFERSONELEMENTARYSCHOOL,200HICKORYAVENUEBERGENFIELDNJ07621,Jefferson Elementary School,"200 Hickory Avenue, Bergenfield, NJ, 07621",https://www.greatschools.org/new-jersey/bergenfield/111-Jefferson-Elementary-School/,100.0,100.0
Essex,Millburn Township School District,Millburn Middle School,13-3190-060,"25 OLD SHORT HILLS RD, MILLBURN, NJ, 07041",MILLBURNMIDDLESCHOOL,25OLDSHORTHILLSRDMILLBURNNJ07041,Millburn Middle School,"25 OLD SHORT HILLS RD, Millburn, NJ, 07041",https://www.greatschools.org/new-jersey/millburn/1182-Millburn-Middle-School/,100.0,100.0
Burlington,Burlington Township School District,Fountain Woods Elementary School,05-0620-037,"601 FOUNTAIN AVENUE, BURLINGTON, NJ, 08016",FOUNTAINWOODSELEMENTARYSCHOOL,601FOUNTAINAVENUEBURLINGTONNJ08016,Fountain Woods Elementary School,"601 Fountain Avenue, Burlington, NJ, 08016",https://www.greatschools.org/new-jersey/burlington/3372-Fountain-Woods-Elementary-School/,100.0,100.0
Somerset,Manville School District,Manville High School,35-3000-050,"1100 Brooks Boulevard, Manville, NJ, 08835",MANVILLEHIGHSCHOOL,1100BROOKSBOULEVARDMANVILLENJ08835,Manville High School,"1100 Brooks Boulevard, Manville, NJ, 08835",https://www.greatschools.org/new-jersey/manville/1102-Manville-High-School/,100.0,100.0
Middlesex,Old Bridge Township School District,Walter M. Schirra Elementary School,23-3845-165,"ONE AWN ST, OLD BRIDGE, NJ, 08857",WALTERMSCHIRRAELEMENTARYSCHOOL,ONEAWNSTOLDBRIDGENJ08857,Walter M. Schirra Elementary School,"ONE AWN ST, Old Bridge, NJ, 08857",https://www.greatschools.org/new-jersey/old-bridge-township/1071-Walter-M.-Schirra-Elementary-School/,100.0,100.0
Morris,East Hanover Township School District,Frank J Smith Elementary,27-1190-035,"27 GREEN DRIVE, EAST HANOVER, NJ, 07936",FRANKJSMITHELEMENTARYSCHOOL,27GREENDRIVEEASTHANOVERNJ07936,Frank J. Smith Elementary School,"27 Green Drive, East Hanover, NJ, 07936",https://www.greatschools.org/new-jersey/east-hanover/437-Frank-J.-Smith-Elementary-School/,100.0,100.0
Burlington,Moorestown Township Public School District,Mary E. Roberts Elementary School,05-3360-100,"290 CRESCENT AVENUE, MOORESTOWN, NJ, 08057",MARYEROBERTSELEMENTARYSCHOOL,290CRESCENTAVENUEMOORESTOWNNJ08057,Mary E. Roberts Elementary School,"290 Crescent Avenue, Moorestown, NJ, 08057",https://www.greatschools.org/new-jersey/moorestown/1241-Mary-E.-Roberts-Elementary-School/,100.0,100.0
Sussex,Byram Township School District,Byram Lakes Elementary School,37-0640-010,"11 MANSFIELD DRIVE, STANHOPE, NJ, 07874",BYRAMLAKESELEMENTARYSCHOOL,11MANSFIELDDRIVESTANHOPENJ07874,Byram Lakes Elementary School,"11 Mansfield Drive, Stanhope, NJ, 07874",https://www.greatschools.org/new-jersey/stanhope/4121-Byram-Lakes-Elementary-School/,100.0,100.0
Burlington,Medford Township School District,Chairville Elementary School,05-3080-030,"36 CHAIRVILLE ROAD, MEDFORD, NJ, 08055",CHAIRVILLEELEMENTARYSCHOOL,36CHAIRVILLEROADMEDFORDNJ08055,Chairville Elementary School,"36 Chairville Road, Medford, NJ, 08055",https://www.greatschools.org/new-jersey/medford/4211-Chairville-Elementary-School/,100.0,100.0
Salem,Woodstown-Pilesgrove Regional School District,Woodstown High School,33-5910-050,"WOODSTOWN HIGH SCHOOL, WOODSTOWN, NJ, 08098",WOODSTOWNHIGHSCHOOL,WOODSTOWNHIGHSCHOOLWOODSTOWNNJ08098,Woodstown High School,"WOODSTOWN HIGH SCHOOL, Woodstown, NJ, 08098",https://www.greatschools.org/new-jersey/woodstown/2278-Woodstown-High-School/,100.0,100.0
Union,Elizabeth Public Schools,iPrep Academy School No 8,39-1320-301,"221-227 Court Street, Elizabeth, NJ, 07206",REPACADEMYSCHOOLNO8,221227COURTSTREETELIZABETHNJ07206,REP ACADEMY SCHOOL NO.8,"221-227 Court Street, Elizabeth, NJ, 07206",https://www.greatschools.org/new-jersey/elizabeth/8730-REP-ACADEMY-SCHOOL-NO.8/,100.0,100.0
Union,Linden Public School District,Number 5,39-2660-120,"1014 BOWER STREET, LINDEN, NJ, 07036",NUMBER5ELEMENTARYSCHOOL,1014BOWERSTREETLINDENNJ07036,"Number 5, Elementary School","1014 Bower Street, Linden, NJ, 07036",https://www.greatschools.org/new-jersey/linden/979-Number-5-Elementary-School/,100.0,100.0
Burlington,Medford Township School District,Taunton Forge Elementary School,05-3080-070,"32 EVERGREEN TRAIL, MEDFORD, NJ, 08055",TAUNTONFORGEELEMENTARYSCHOOL,32EVERGREENTRAILMEDFORDNJ08055,Taunton Forge Elementary School,"32 Evergreen Trail, Medford, NJ, 08055",https://www.greatschools.org/new-jersey/medford/1132-Taunton-Forge-Elementary-School/,100.0,100.0
Bergen,Tenafly Public School District,Tenafly Middle School,03-5160-095,"10 SUNSET LANE, TENAFLY, NJ, 07670",TENAFLYMIDDLESCHOOL,10SUNSETLANETENAFLYNJ07670,Tenafly Middle School,"10 Sunset Lane, Tenafly, NJ, 07670",https://www.greatschools.org/new-jersey/tenafly/1942-Tenafly-Middle-School/,100.0,100.0
Warren,Washington Borough School District,Taylor Street Elementary School,41-5480-060,"16  24 TAYLOR STREET, WASHINGTON, NJ, 07882",TAYLORSTREETELEMENTARYSCHOOL,1624TAYLORSTREETWASHINGTONNJ07882,Taylor Street Elementary School,"16 24 TAYLOR STREET, Washington, NJ, 07882",https://www.greatschools.org/new-jersey/washington/2097-Taylor-Street-Elementary-School/,100.0,100.0
Passaic,Wayne Township Public School District,Randall Carter Elementary School,31-5570-135,"531 ALPS ROAD, WAYNE, NJ, 07470",RANDALLCARTERELEMENTARYSCHOOL,531ALPSROADWAYNENJ07470,Randall Carter Elementary School,"531 Alps Road, Wayne, NJ, 07470",https://www.greatschools.org/new-jersey/wayne/2132-Randall-Carter-Elementary-School/,100.0,100.0
Bergen,Leonia Public School District,Leonia High School,03-2620-050,"100 Christie Heights Street, Leonia, NJ, 07605",LEONIAHIGHSCHOOL,100CHRISTIEHEIGHTSSTREETLEONIANJ07605,Leonia High School,"100 Christie Heights Street, Leonia, NJ, 07605",https://www.greatschools.org/new-jersey/leonia/968-Leonia-High-School/,100.0,100.0
Bergen,Pascack Valley Regional High School District,Pascack Valley High School,03-3960-050,"200 Piermont Avenue, Hillsdale, NJ, 07642",PASCACKVALLEYHIGHSCHOOL,200PIERMONTAVENUEHILLSDALENJ07642,Pascack Valley High School,"200 Piermont Avenue, Hillsdale, NJ, 07642",https://www.greatschools.org/new-jersey/hillsdale/1515-Pascack-Valley-High-School/,100.0,100.0
Charters,Millville Public Charter School,Millville Public Charter School,80-6069-952,"1101 Wheaton Avenue, Millville, NJ, 08332",MILLVILLEPUBLICCHARTERSCHOOL,1101WHEATONAVENUEMILLVILLENJ08332,Millville Public Charter School,"1101 Wheaton Avenue, Millville, NJ, 08332",https://www.greatschools.org/new-jersey/millville/7124-Millville-Public-Charter-School/,100.0,100.0
Burlington,Moorestown Township Public School District,Moorestown Upper Elementary School,05-3360-115,"325 BORTON LANDING ROAD, MOORESTOWN, NJ, 08057",MOORESTOWNUPPERELEMENTARYSCHOOL,325BORTONLANDINGROADMOORESTOWNNJ08057,Moorestown Upper Elementary School,"325 Borton Landing Road, Moorestown, NJ, 08057",https://www.greatschools.org/new-jersey/moorestown/3455-Moorestown-Upper-Elementary-School/,100.0,100.0
Passaic,Passaic City School District,Passaic Preparatory Academy,31-3970-302,"252 Boulevard, Passaic, NJ, 07055",PASSAICPREPARATORYACADEMY,252BOULEVARDPASSAICNJ07055,Passaic Preparatory Academy,"252 Boulevard, Passaic, NJ, 07055",https://www.greatschools.org/new-jersey/passaic/8900-Passaic-Preparatory-Academy/,100.0,100.0
Charters,Jersey City Global Charter School,Jersey City Global Charter School,80-6093-981,"255 Congress Street, Jersey City, NJ, 07307",JERSEYCITYGLOBALCHARTERSCHOOL,255CONGRESSSTREETJERSEYCITYNJ07307,Jersey City Global Charter School,"255 Congress Street, Jersey City, NJ, 07307",https://www.greatschools.org/new-jersey/jersey-city/8778-Jersey-City-Global-Charter-School/,100.0,100.0
Ocean,Bay Head Borough School District,Bay Head Elementary,29-0210-020,"145 GROVE STREET, BAY HEAD, NJ, 08742",BAYHEADELEMENTARYSCHOOL,145GROVESTREETBAYHEADNJ08742,Bay Head Elementary School,"145 Grove Street, Bay Head, NJ, 08742",https://www.greatschools.org/new-jersey/bay-head/65-Bay-Head-Elementary-School/,100.0,100.0
Essex,Millburn Township School District,Washington School,13-3190-300,"71 Spring Street, Millburn, NJ, 07041",WASHINGTONSCHOOL,71SPRINGSTREETMILLBURNNJ07041,Washington School,"71 Spring Street, Millburn, NJ, 07041",https://www.greatschools.org/new-jersey/millburn/8897-Washington-School/,100.0,100.0
Morris,Kinnelon School District,Kiel Elementary School,27-2460-060,"115 KIEL AVENUE, KINNELON, NJ, 07405",KIELELEMENTARYSCHOOL,115KIELAVENUEKINNELONNJ07405,Kiel Elementary School,"115 Kiel Avenue, Kinnelon, NJ, 07405",https://www.greatschools.org/new-jersey/butler/929-Kiel-Elementary-School/,100.0,100.0
Middlesex,South River Public School District,South River Elementary School,23-4920-065,"81 JOHNSON PLACE, SOUTH RIVER, NJ, 08882",SOUTHRIVERELEMENTARYSCHOOL,81JOHNSONPLACESOUTHRIVERNJ08882,South River Elementary School,"81 Johnson Place, South River, NJ, 08882",https://www.greatschools.org/new-jersey/south-river/1879-South-River-Elementary-School/,100.0,100.0
Atlantic,Pleasantville Public School District,Pleasantville High School,01-4180-050,"701 MILL ROAD, PLEASANTVILLE, NJ, 08232",PLEASANTVILLEHIGHSCHOOL,701MILLROADPLEASANTVILLENJ08232,Pleasantville High School,"701 Mill Road, Pleasantville, NJ, 08232",https://www.greatschools.org/new-jersey/pleasantville/1659-Pleasantville-High-School/,100.0,100.0
Bergen,Bergen County Vocational Technical School District,Applied Technology High School,03-0290-300,"400 Paramus Road, Paramus, NJ, 07652",APPLIEDTECHNOLOGYHIGHSCHOOL,400PARAMUSROADPARAMUSNJ07652,Applied Technology High School,"400 Paramus Road, Paramus, NJ, 07652",https://www.greatschools.org/new-jersey/paramus/8866-Applied-Technology-High-School/,100.0,100.0
Atlantic,Folsom Borough School District,Folsom Elementary School,01-1540-050,"1357 Mays Landing Road, Folsom, NJ, 08037",FOLSOMELEMENTARYSCHOOL,1357MAYSLANDINGROADFOLSOMNJ08037,Folsom Elementary School,"1357 Mays Landing Road, Folsom, NJ, 08037",https://www.greatschools.org/new-jersey/hammonton/597-Folsom-Elementary-School/,100.0,100.0
Middlesex,South River Public School District,South River Primary School,23-4920-070,"22 DAVID STREET, SOUTH RIVER, NJ, 08882",SOUTHRIVERPRIMARYSCHOOL,22DAVIDSTREETSOUTHRIVERNJ08882,South River Primary School,"22 David Street, South River, NJ, 08882",https://www.greatschools.org/new-jersey/south-river/4267-South-River-Primary-School/,100.0,100.0
Union,Scotch Plains-Fanwood School District,William J. McGinn Elementary School,39-4670-105,"1100 ROOSEVELT AVENUE, SCOTCH PLAINS, NJ, 07076",WILLIAMJMCGINNELEMENTARYSCHOOL,1100ROOSEVELTAVENUESCOTCHPLAINSNJ07076,William J. McGinn Elementary School,"1100 Roosevelt Avenue, Scotch Plains, NJ, 07076",https://www.greatschools.org/new-jersey/scotch-plains/1822-William-J.-McGinn-Elementary-School/,100.0,100.0
Union,Kenilworth School District,Warren G. Harding Elementary School,39-2420-050,"426 Boulevard, Kenilworth, NJ, 07033",HARDINGELEMENTARYSCHOOL,426BOULEVARDKENILWORTHNJ07033,Harding Elementary School,"426 Boulevard, Kenilworth, NJ, 07033",https://www.greatschools.org/new-jersey/kenilworth/922-Harding-Elementary-School/,100.0,100.0
Bergen,Cliffside Park School District,School #4,03-0890-060,"279 COLUMBIA AVENUE, CLIFFSIDE PARK, NJ, 07010",SCHOOL#4,279COLUMBIAAVENUECLIFFSIDEPARKNJ07010,School #4,"279 Columbia Avenue, Cliffside Park, NJ, 07010",https://www.greatschools.org/new-jersey/cliffside-park/331-Number-4-Elementary-School/,100.0,100.0
Salem,Salem County Special Services School District,Salem Campus,33-4635-009,"45 Cheney Road, WOODSTOWN, NJ, 08098",SALEMCAMPUS,45CHENEYROADWOODSTOWNNJ08098,Salem Campus,"45 Cheney Road, Woodstown, NJ, 08098",https://www.greatschools.org/new-jersey/woodstown/8829-Salem-Campus/,100.0,100.0
Middlesex,Edison Township School District,Lindeneau Elementary School,23-1290-103,"50 BLOSSOM STREET, EDISON, NJ, 08817",LINDENEAUELEMENTARYSCHOOL,50BLOSSOMSTREETEDISONNJ08817,Lindeneau Elementary School,"50 Blossom Street, Edison, NJ, 08817",https://www.greatschools.org/new-jersey/edison/489-Lindeneau-Elementary-School/,100.0,100.0
Essex,Newark Public School District,Ironbound Academy Elementary School,13-3570-322,"366 East Kinney Street, Newark, NJ, 07105",IRONBOUNDACADEMYELEMENTARYSCHOOL,366EASTKINNEYSTREETNEWARKNJ07105,Ironbound Academy Elementary School,"366 East Kinney Street, Newark, NJ, 07105",https://www.greatschools.org/new-jersey/newark/9249-Ironbound-Academy-Elementary-School/,100.0,100.0
Passaic,Paterson Public School District,School 7,31-4010-110,"106 RAMSEY STREET, PATERSON, NJ, 07501",SCHOOL7,106RAMSEYSTREETPATERSONNJ07501,School 7,"106 Ramsey Street, Paterson, NJ, 07501",https://www.greatschools.org/new-jersey/paterson/1545-Number-7-Elementary-School/,100.0,100.0
Charters,The Village Charter School,The Village Charter School,80-8140-990,"101 SULLIVAN WAY, TRENTON, NJ, 08638",VILLAGECHARTERSCHOOL,101SULLIVANWAYTRENTONNJ08638,Village Charter School,"101 SULLIVAN WAY, Trenton, NJ, 08638",https://www.greatschools.org/new-jersey/trenton/3361-Village-Charter-School/,100.0,100.0
Monmouth,Howell Township Public School District,Ardena Elementary School,25-2290-010,"355 ADELPHIA ROAD, FARMINGDALE, NJ, 07727",ARDENAELEMENTARYSCHOOL,355ADELPHIAROADFARMINGDALENJ07727,Ardena Elementary School,"355 Adelphia Road, Farmingdale, NJ, 07727",https://www.greatschools.org/new-jersey/farmingdale/831-Ardena-Elementary-School/,100.0,100.0
Monmouth,Middletown Township Public School District,Fairview Elementary School,25-3160-090,"230 COOPER ROAD, RED BANK, NJ, 07701",FAIRVIEWELEMENTARYSCHOOL,230COOPERROADREDBANKNJ07701,Fairview Elementary School,"230 Cooper Road, Red Bank, NJ, 07701",https://www.greatschools.org/new-jersey/red-bank/1167-Fairview-Elementary-School/,100.0,100.0
Charters,Union County TEAMS Charter School-High School/College LA,Union County TEAMS Charter School,80-8010-980,"515  517 WEST FOURTH STREET, PLAINFIELD, NJ, 07060",UNIONCOUNTYTEAMSCHARTERSCHOOL,515517WESTFOURTHSTREETPLAINFIELDNJ07060,Union County Teams Charter School,"515 517 WEST FOURTH STREET, Plainfield, NJ, 07060",https://www.greatschools.org/new-jersey/plainfield/4537-Union-County-Teams-Charter-School/,100.0,100.0
Camden,Audubon Public School District,Audubon Park Preschool,07-0150-300,"2 Road C, Audubon Park, NJ, 08106",AUDUBONPARKPRESCHOOL,2ROADCAUDUBONPARKNJ08106,Audubon Park Preschool,"2 Road C, Audubon Park, NJ, 08106",https://www.greatschools.org/new-jersey/audubon-park/9257-Audubon-Park-Preschool/,100.0,100.0
Monmouth,Shore Regional High School District,Shore Regional High School,25-4760-050,"132 MONMOUTH PARK HIGHWAY 36, WEST LONG BRANCH, NJ, 07764",SHOREREGIONALHIGHSCHOOL,132MONMOUTHPARKHIGHWAY36WESTLONGBRANCHNJ07764,Shore Regional High School,"132 MONMOUTH PARK HIGHWAY 36, West Long Branch, NJ, 07764",https://www.greatschools.org/new-jersey/west-long-branch/1834-Shore-Reg-High-School/,100.0,100.0
Charters,Hoboken Dual Language Charter School,Hoboken Dual Language Charter School,80-6036-921,"123 Jefferson Street, HOBOKEN, NJ, 07030",HOBOKENDUALLANGUAGECHARTERSCHOOL,123JEFFERSONSTREETHOBOKENNJ07030,Hoboken Dual Language Charter School,"123 Jefferson Street, Hoboken, NJ, 07030",https://www.greatschools.org/new-jersey/hoboken/7097-Hoboken-Dual-Language-Charter-School/,100.0,100.0
Monmouth,Manasquan School District,Manasquan High School,25-2930-050,"167 Broad Street, Manasquan, NJ, 08736",MANASQUANHIGHSCHOOL,167BROADSTREETMANASQUANNJ08736,Manasquan High School,"167 Broad Street, Manasquan, NJ, 08736",https://www.greatschools.org/new-jersey/manasquan/1086-Manasquan-High-School/,100.0,100.0
Bergen,Ramsey School District,John Y Dater Elementary School,03-4310-060,"35 SCHOOL STREET, RAMSEY, NJ, 07446",JOHNYDATERELEMENTARYSCHOOL,35SCHOOLSTREETRAMSEYNJ07446,John Y. Dater Elementary School,"35 School Street, Ramsey, NJ, 07446",https://www.greatschools.org/new-jersey/ramsey/1698-John-Y.-Dater-Elementary-School/,100.0,100.0
Warren,Phillipsburg School District,Philipsburg Primary School,41-4100-070,"1000 Green Street, PHILLIPSBURG, NJ, 08865",PHILIPSBURGPRIMARYSCHOOL,1000GREENSTREETPHILLIPSBURGNJ08865,Philipsburg Primary School,"1000 Green Street, Phillipsburg, NJ, 08865",https://www.greatschools.org/new-jersey/phillipsburg/1619-Barber-Elementary-School/,100.0,100.0
Burlington,Burlington Township School District,B. Bernice Young Elementary School,05-0620-030,"1203 NECK ROAD, BURLINGTON, NJ, 08016",BBERNICEYOUNGELEMENTARYSCHOOL,1203NECKROADBURLINGTONNJ08016,B Bernice Young Elementary School,"1203 Neck Road, Burlington, NJ, 08016",https://www.greatschools.org/new-jersey/burlington/222-B--Bernice-Young-Elementary-School/,100.0,100.0
Passaic,Passaic County Vocational School District,Diana C. Lobosco STEM Academy,31-3995-300,"45 Reinhardt Road, Wayne, NJ, 07470",DIANACLOBOSCOSTEMACADEMY,45REINHARDTROADWAYNENJ07470,Diana C. Lobosco Stem Academy,"45 Reinhardt Road, Wayne, NJ, 07470",https://www.greatschools.org/new-jersey/wayne/9208-Diana-C.-Lobosco-Stem-Academy/,100.0,100.0
Essex,West Essex Regional School District,West Essex High School,13-5630-050,"65 WEST GREENBROOK RD, NORTH CALDWELL, NJ, 07006",WESTESSEXHIGHSCHOOL,65WESTGREENBROOKRDNORTHCALDWELLNJ07006,West Essex High School,"65 WEST GREENBROOK RD, North Caldwell, NJ, 07006",https://www.greatschools.org/new-jersey/caldwell/2147-West-Essex-High-School/,100.0,100.0
Bergen,Ridgewood Public School District,Travell Elementary School,03-4390-110,"340 BOGERT AVE, RIDGEWOOD, NJ, 07451",TRAVELLELEMENTARYSCHOOL,340BOGERTAVERIDGEWOODNJ07451,Travell Elementary School,"340 BOGERT AVE, Ridgewood, NJ, 07451",https://www.greatschools.org/new-jersey/ridgewood/1737-Travell-Elementary-School/,100.0,100.0
Somerset,Warren Township School District,Woodland School,35-5470-050,"114 Stirling Road, Warren, NJ, 07059",WOODLANDSCHOOL,114STIRLINGROADWARRENNJ07059,Woodland School,"114 Stirling Road, Warren, NJ, 07059",https://www.greatschools.org/new-jersey/warren/2091-Woodland-School/,100.0,100.0
Camden,Bellmawr Public School District,Ethel M Burke Elementary School,07-0260-030,"112 SOUTH BLACK HORSE PIKE, BELLMAWR, NJ, 08031",ETHELMBURKEELEMENTARYSCHOOL,112SOUTHBLACKHORSEPIKEBELLMAWRNJ08031,Ethel M. Burke Elementary School,"112 South Black Horse Pike, Bellmawr, NJ, 08031",https://www.greatschools.org/new-jersey/bellmawr/91-Ethel-M.-Burke-Elementary-School/,100.0,100.0
Somerset,Manville School District,Weston Elementary School,35-3000-090,"600 Newark Avenue, MANVILLE, NJ, 08835",WESTONELEMENTARYSCHOOL,600NEWARKAVENUEMANVILLENJ08835,Weston Elementary School,"600 Newark Avenue, Manville, NJ, 08835",https://www.greatschools.org/new-jersey/manville/1104-Weston-Elementary-School/,100.0,100.0
Essex,Caldwell-West Caldwell School District,Harrison School,13-0660-300,"104 Gray Street, West Caldwell, NJ, 07006",HARRISONSCHOOL,104GRAYSTREETWESTCALDWELLNJ07006,Harrison School,"104 Gray Street, West Caldwell, NJ, 07006",https://www.greatschools.org/new-jersey/west-caldwell/8921-Harrison-School/,100.0,100.0
Monmouth,Colts Neck Township School District,Conover Road Primary School,25-0945-060,"56 CONOVER ROAD, COLTS NECK, NJ, 07722",CONOVERROADPRIMARYSCHOOL,56CONOVERROADCOLTSNECKNJ07722,Conover Road Primary School,"56 Conover Road, Colts Neck, NJ, 07722",https://www.greatschools.org/new-jersey/colts-neck/3484-Conover-Road-Primary-School/,100.0,100.0
Ocean,Ocean Gate School District,Ocean Gate Elementary School,29-3800-050,"126 WEST ARVERNE AVENUE, OCEAN GATE, NJ, 08740",OCEANGATEELEMENTARYSCHOOL,126WESTARVERNEAVENUEOCEANGATENJ08740,Ocean Gate Elementary School,"126 West Arverne Avenue, Ocean Gate, NJ, 08740",https://www.greatschools.org/new-jersey/ocean-gate/1458-Ocean-Gate-Elementary-School/,100.0,100.0
Hunterdon,Tewksbury Township School District,Tewksbury Elementary School,19-5180-055,"109 FAIRMOUNT ROAD EAST, CALIFON, NJ, 07830",TEWKSBURYELEMENTARYSCHOOL,109FAIRMOUNTROADEASTCALIFONNJ07830,Tewksbury Elementary School,"109 Fairmount Road East, Califon, NJ, 07830",https://www.greatschools.org/new-jersey/califon/4251-Tewksbury-Elementary-School/,100.0,100.0
Charters,Greater Brunswick Charter School,Greater Brunswick Charter School,80-6635-930,"429 JOYCE KILMER AVENUE, NEW BRUNSWICK, NJ, 08901",GREATERBRUNSWICKCHARTERSCHOOL,429JOYCEKILMERAVENUENEWBRUNSWICKNJ08901,Greater Brunswick Charter School,"429 Joyce Kilmer Avenue, New Brunswick, NJ, 08901",https://www.greatschools.org/new-jersey/new-brunswick/3362-Greater-Brunswick-Charter-School/,100.0,100.0
Passaic,Wayne Township Public School District,George Washington Middle School,31-5570-083,"68 LENOX ROAD, WAYNE, NJ, 07470",GEORGEWASHINGTONMIDDLESCHOOL,68LENOXROADWAYNENJ07470,George Washington Middle School,"68 Lenox Road, Wayne, NJ, 07470",https://www.greatschools.org/new-jersey/wayne/2127-George-Washington-Middle-School/,100.0,100.0
Morris,East Hanover Township School District,East Hanover Middle School,27-1190-050,"477 RIDGEDALE AVENUE, EAST HANOVER, NJ, 07936",EASTHANOVERMIDDLESCHOOL,477RIDGEDALEAVENUEEASTHANOVERNJ07936,East Hanover Middle School,"477 Ridgedale Avenue, East Hanover, NJ, 07936",https://www.greatschools.org/new-jersey/east-hanover/438-East-Hanover-Middle-School/,100.0,100.0
Burlington,Moorestown Township Public School District,Moorestown High School,05-3360-040,"350 BRIDGEBORO ROAD, MOORESTOWN, NJ, 08057",MOORESTOWNHIGHSCHOOL,350BRIDGEBOROROADMOORESTOWNNJ08057,Moorestown High School,"350 Bridgeboro Road, Moorestown, NJ, 08057",https://www.greatschools.org/new-jersey/moorestown/1239-Moorestown-High-School/,100.0,100.0
Cape May,Lower Township Elementary School District,Carl T. Mitnick School,09-2840-080,"905 SEASHORE ROAD, CAPE MAY, NJ, 08204",CARLTMITNICKSCHOOL,905SEASHOREROADCAPEMAYNJ08204,Carl T Mitnick School,"905 Seashore Road, Cape May, NJ, 08204",https://www.greatschools.org/new-jersey/cape-may/1041-Carl-T--Mitnick-School/,100.0,100.0
Union,Scotch Plains-Fanwood School District,Howard B. Brunner Elementary School,39-4670-080,"721 WESTFIELD ROAD, SCOTCH PLAINS, NJ, 07076",HOWARDBBRUNNERELEMENTARYSCHOOL,721WESTFIELDROADSCOTCHPLAINSNJ07076,Howard B. Brunner Elementary School,"721 Westfield Road, Scotch Plains, NJ, 07076",https://www.greatschools.org/new-jersey/scotch-plains/1819-Howard-B.-Brunner-Elementary-School/,100.0,100.0
Charters,Principle Academy Charter School,Principle Academy Charter School,80-6104-995,"6718 Black Horse Pike, Egg Harbor Township, NJ, 08234",PRINCIPLEACADEMYCHARTERSCHOOL,6718BLACKHORSEPIKEEGGHARBORTOWNSHIPNJ08234,Principle Academy Charter School,"6718 Black Horse Pike, Egg Harbor Township, NJ, 08234",https://www.greatschools.org/new-jersey/pleasantville/8853-International-Academy-Of-Atlantic-City-Charter-School/,100.0,100.0
Middlesex,Educational Services Commission of New Jersey,Future Foundations Academy (FFA),23-3145-300,"1690 Stelton Road, Piscataway, NJ, 08854",FUTUREFOUNDATIONSACADEMY(FFA),1690STELTONROADPISCATAWAYNJ08854,Future Foundations Academy (FFA),"1690 Stelton Road, Piscataway, NJ, 08854",https://www.greatschools.org/new-jersey/piscataway/8919-Future-Foundations-Academy-FFA/,100.0,100.0
Monmouth,Keyport School District,Keyport Central School,25-2430-060,"335 BROAD STREET, KEYPORT, NJ, 07735",CENTRALSCHOOL,335BROADSTREETKEYPORTNJ07735,Central School,"335 Broad Street, Keyport, NJ, 07735",https://www.greatschools.org/new-jersey/keyport/924-Central-School/,100.0,100.0
Atlantic,Buena Regional School District,Buena Regional High School,01-0590-025,"125 WEYMOUTH ROAD, BUENA, NJ, 08310",BUENAREGIONALHIGHSCHOOL,125WEYMOUTHROADBUENANJ08310,Buena Regional High School,"125 Weymouth Road, Buena, NJ, 08310",https://www.greatschools.org/new-jersey/buena/206-Buena-Regional-High-School/,100.0,100.0
Morris,Kinnelon School District,Kinnelon High School,27-2460-050,"121 KINNELON ROAD, KINNELON, NJ, 07405",KINNELONHIGHSCHOOL,121KINNELONROADKINNELONNJ07405,Kinnelon High School,"121 Kinnelon Road, Kinnelon, NJ, 07405",https://www.greatschools.org/new-jersey/kinnelon/928-Kinnelon-High-School/,100.0,100.0
Ocean,Lakewood Township School District,Lakewood High School,29-2520-050,"855 SOMERSET AVENUE, LAKEWOOD, NJ, 08701",LAKEWOODHIGHSCHOOL,855SOMERSETAVENUELAKEWOODNJ08701,Lakewood High School,"855 Somerset Avenue, Lakewood, NJ, 08701",https://www.greatschools.org/new-jersey/lakewood-township/943-Lakewood-High-School/,100.0,100.0
Passaic,West Milford Township Public School District,Marshall Hill Elementary School,31-5650-070,"210 MARSHALL HILL ROAD, WEST MILFORD, NJ, 07480",MARSHALLHILLELEMENTARYSCHOOL,210MARSHALLHILLROADWESTMILFORDNJ07480,Marshall Hill Elementary School,"210 Marshall Hill Road, West Milford, NJ, 07480",https://www.greatschools.org/new-jersey/west-milford/2162-Marshall-Hill-Elementary-School/,100.0,100.0
Bergen,Glen Rock Public School District,Alexander Hamilton School,03-1760-065,"380 HARRISTOWN ROAD, GLEN ROCK, NJ, 07452",ALEXANDERHAMILTONSCHOOL,380HARRISTOWNROADGLENROCKNJ07452,Alexander Hamilton School,"380 Harristown Road, Glen Rock, NJ, 07452",https://www.greatschools.org/new-jersey/glen-rock/3488-Alexander-Hamilton-School/,100.0,100.0
Cape May,Ocean City School District,Ocean City Intermediate School,09-3780-060,"1901 BAY AVENUE, OCEAN CITY, NJ, 08226",OCEANCITYINTERMEDIATESCHOOL,1901BAYAVENUEOCEANCITYNJ08226,Ocean City Intermediate School,"1901 Bay Avenue, Ocean City, NJ, 08226",https://www.greatschools.org/new-jersey/ocean-city/1451-Ocean-City-Intermediate-School/,100.0,100.0
Union,Scotch Plains-Fanwood School District,J. Ackerman Coles Elementary School,39-4670-085,"16 KEVIN ROAD, SCOTCH PLAINS, NJ, 07076",JACKERMANCOLESELEMENTARYSCHOOL,16KEVINROADSCOTCHPLAINSNJ07076,J. Ackerman Coles Elementary School,"16 Kevin Road, Scotch Plains, NJ, 07076",https://www.greatschools.org/new-jersey/scotch-plains/1820-J.-Ackerman-Coles-Elementary-School/,100.0,100.0
Camden,HADDON HEIGHTS School District,Atlantic Avenue,07-1880-080,"21 East Atlantic Avenue, HADDON HEIGHTS, NJ, 08035",ATLANTICAVENUEELEMENTARYSCHOOL,21EASTATLANTICAVENUEHADDONHEIGHTSNJ08035,Atlantic Avenue Elementary School,"21 East Atlantic Avenue, Haddon Heights, NJ, 08035",https://www.greatschools.org/new-jersey/haddon-heights/710-Atlantic-Avenue-Elementary-School/,100.0,100.0
Bergen,Fort Lee School District,School No. 2,03-1550-070,"2047 JONES ROAD, FORT LEE, NJ, 07024",SCHOOLNO2,2047JONESROADFORTLEENJ07024,School No. 2,"2047 Jones Road, Fort Lee, NJ, 07024",https://www.greatschools.org/new-jersey/fort-lee/600-Number-2-Elementary-School/,100.0,100.0
Essex,Cedar Grove Township School District,South End Elementary School,13-0760-090,"116 Harper Terrace, Cedar Grove, NJ, 07009",SOUTHENDELEMENTARYSCHOOL,116HARPERTERRACECEDARGROVENJ07009,South End Elementary School,"116 Harper Terrace, Cedar Grove, NJ, 07009",https://www.greatschools.org/new-jersey/cedar-grove/287-South-End-Elementary-School/,100.0,100.0
Camden,Lindenwold Public School District,Lindenwold Preschool Building,07-2670-300,"100 South Avenue, Lindenwold, NJ, 08021",LINDENWOLDPRESCHOOLBUILDING,100SOUTHAVENUELINDENWOLDNJ08021,Lindenwold Preschool Building,"100 South Avenue, Lindenwold, NJ, 08021",https://www.greatschools.org/new-jersey/lindenwold/8833-Lindenwold-Preschool-Building/,100.0,100.0
Bergen,Mahwah Township Public School District,Mahwah High School,03-2900-050,"50 RIDGE ROAD, MAHWAH, NJ, 07430",MAHWAHHIGHSCHOOL,50RIDGEROADMAHWAHNJ07430,Mahwah High School,"50 Ridge Road, Mahwah, NJ, 07430",https://www.greatschools.org/new-jersey/mahwah/1073-Mahwah-High-School/,100.0,100.0
Hudson,Union City School District,Sara M. Gilmore Academy,17-5240-140,"1700 Kerrigan Avenue, Union City, NJ, 07087",SARAMGILMOREACADEMY,1700KERRIGANAVENUEUNIONCITYNJ07087,Sara M. Gilmore Academy,"1700 Kerrigan Avenue, Union City, NJ, 07087",https://www.greatschools.org/new-jersey/weehawken/1993-Woodrow-Wilson-School/,100.0,100.0
Essex,Bloomfield Township School District,Oak View Elementary School,13-0410-140,"150 Garrabrant Avenue, Bloomfield, NJ, 07003",OAKVIEWELEMENTARYSCHOOL,150GARRABRANTAVENUEBLOOMFIELDNJ07003,Oak View Elementary School,"150 Garrabrant Avenue, Bloomfield, NJ, 07003",https://www.greatschools.org/new-jersey/bloomfield/147-Oak-View-Elementary-School/,100.0,100.0
Atlantic,Hammonton School District,Hammonton High School,01-1960-050,"566 OLD FORKS ROAD, HAMMONTON, NJ, 08037",HAMMONTONHIGHSCHOOL,566OLDFORKSROADHAMMONTONNJ08037,Hammonton High School,"566 Old Forks Road, Hammonton, NJ, 08037",https://www.greatschools.org/new-jersey/hammonton/752-Hammonton-High-School/,100.0,100.0
Bergen,Fair Lawn Public School District,Warren Point Elementary School,03-1450-140,"30-07 BROADWAY, FAIR LAWN, NJ, 07410",WARRENPOINTELEMENTARYSCHOOL,3007BROADWAYFAIRLAWNNJ07410,Warren Point Elementary School,"30-07 BROADWAY, Fair Lawn, NJ, 07410",https://www.greatschools.org/new-jersey/fair-lawn/576-Warren-Point-Elementary-School/,100.0,100.0
Charters,The Kingdom Charter School of Leadership,The Kingdom Charter School of Leadership,80-6067-949,"121 West Church Street, Blackwood, NJ, 08012",KINGDOMCHARTERSCHOOLOFLEADERSHIP,121WESTCHURCHSTREETBLACKWOODNJ08012,Kingdom Charter School of Leadership,"121 West Church Street, Blackwood, NJ, 08012",https://www.greatschools.org/new-jersey/gloucester-township/7107-Kingdom-Charter-School-Of-Leadership/,100.0,100.0
Essex,Bloomfield Township School District,Bloomfield High School,13-0410-020,"160 Broad Street, Bloomfield, NJ, 07003",BLOOMFIELDHIGHSCHOOL,160BROADSTREETBLOOMFIELDNJ07003,Bloomfield High School,"160 Broad Street, Bloomfield, NJ, 07003",https://www.greatschools.org/new-jersey/bloomfield/139-Bloomfield-High-School/,100.0,100.0
Mercer,Trenton Public School District,P.J. Hill Elementary,21-5210-265,"1010 East State Street, Trenton, NJ, 08609",PJHILLELEMENTARYSCHOOL,1010EASTSTATESTREETTRENTONNJ08609,P. J. Hill Elementary School,"1010 East State Street, Trenton, NJ, 08609",https://www.greatschools.org/new-jersey/trenton/1983-P.-J.-Hill-Elementary-School/,100.0,100.0
Essex,Montclair Public School District,Charles H. Bullock School,13-3310-060,"55 Washington Street, MONTCLAIR, NJ, 07042",CHARLESHBULLOCKSCHOOL,55WASHINGTONSTREETMONTCLAIRNJ07042,Charles H Bullock School,"55 Washington Street, Montclair, NJ, 07042",https://www.greatschools.org/new-jersey/montclair/1225-Charles-H-Bullock-School/,100.0,100.0
Camden,Cherry Hill School District,Rosa International Middle School,07-0800-074,"485 Browning Lane, CHERRY HILL, NJ, 08003",ROSAINTERNATIONALMIDDLESCHOOL,485BROWNINGLANECHERRYHILLNJ08003,Rosa International Middle School,"485 Browning Lane, Cherry Hill, NJ, 08003",https://www.greatschools.org/new-jersey/cherry-hill/3375-Rosa-International-Middle-School/,100.0,100.0
Morris,Morris School District,Lafayette Learning Center,27-3385-085,"31 HAZEL STREET, MORRISTOWN, NJ, 07960",LAFAYETTELEARNINGCENTER,31HAZELSTREETMORRISTOWNNJ07960,Lafayette Learning Center,"31 Hazel Street, Morristown, NJ, 07960",https://www.greatschools.org/new-jersey/morristown/4146-Lafayette-Learning-Center/,100.0,100.0
Monmouth,Middletown Township Public School District,River Plaza Elementary School,25-3160-160,"155 HUBBARD AVENUE, RED BANK, NJ, 07701",RIVERPLAZAELEMENTARYSCHOOL,155HUBBARDAVENUEREDBANKNJ07701,River Plaza Elementary School,"155 Hubbard Avenue, Red Bank, NJ, 07701",https://www.greatschools.org/new-jersey/red-bank/1176-River-Plaza-Elementary-School/,100.0,100.0
Morris,Randolph Township School District,Randolph High School,27-4330-050,"511 MILLBROOK AVENUE, RANDOLPH, NJ, 07869",RANDOLPHHIGHSCHOOL,511MILLBROOKAVENUERANDOLPHNJ07869,Randolph High School,"511 Millbrook Avenue, Randolph, NJ, 07869",https://www.greatschools.org/new-jersey/randolph/1703-Randolph-High-School/,100.0,100.0
Union,Summit Public School District,Primary Center at Wilson,39-5090-160,"14 BEEKMAN TERRACE, SUMMIT, NJ, 07091",PRIMARYCENTERATWILSON,14BEEKMANTERRACESUMMITNJ07091,Primary Center At Wilson,"14 BEEKMAN TERRACE, Summit, NJ, 07091",https://www.greatschools.org/new-jersey/summit/6929-Primary-Center--At--Wilson/,100.0,100.0
Somerset,Somerset Hills Regional School District,Marion T. Bedwell Elementary School,35-4815-030,"141 Seney Drive, Bernardsville, NJ, 07924",BEDWELLELEMENTARYSCHOOL,141SENEYDRIVEBERNARDSVILLENJ07924,Bedwell Elementary School,"141 Seney Drive, Bernardsville, NJ, 07924",https://www.greatschools.org/new-jersey/bernardsville/21-Bedwell-Elementary-School/,100.0,100.0
Hudson,Secaucus School District,Secaucus Middle School,17-4730-080,"11 MILL RIDGE ROAD, SECAUCUS, NJ, 07094",SECAUCUSMIDDLESCHOOL,11MILLRIDGEROADSECAUCUSNJ07094,Secaucus Middle School,"11 MILL RIDGE ROAD, Secaucus, NJ, 07094",https://www.greatschools.org/new-jersey/secaucus/1830-Secaucus-Middle-School/,100.0,100.0
Atlantic,Egg Harbor Township School District,Clayton J. Davenport Elementary School,01-1310-033,"2499 SPRUCE AVENUE, EGG HARBOR TOWNSHIP, NJ, 08234",CLAYTONJDAVENPORTELEMENTARYSCHOOL,2499SPRUCEAVENUEEGGHARBORTOWNSHIPNJ08234,Clayton J Davenport Elementary School,"2499 Spruce Avenue, Egg Harbor Township, NJ, 08234",https://www.greatschools.org/new-jersey/egg-harbor-township/499-Clayton-J--Davenport-Elementary-School/,100.0,100.0
Middlesex,Piscataway Township School District,Randolphville Elementary School,23-4130-120,"ONE SUTTIE AVENUE, PISCATAWAY, NJ, 08854",RANDOLPHVILLEELEMENTARYSCHOOL,ONESUTTIEAVENUEPISCATAWAYNJ08854,Randolphville Elementary School,"ONE SUTTIE AVENUE, Piscataway, NJ, 08854",https://www.greatschools.org/new-jersey/piscataway/1636-Randolphville-Elementary-School/,100.0,100.0
Bergen,Montvale Board of Education School District,Fieldstone Middle School,03-3330-020,"47 Spring Valley Road, Montvale, NJ, 07645",FIELDSTONEMIDDLESCHOOL,47SPRINGVALLEYROADMONTVALENJ07645,Fieldstone Middle School,"47 Spring Valley Road, Montvale, NJ, 07645",https://www.greatschools.org/new-jersey/montvale/1229-Fieldstone-Middle-School/,100.0,100.0
Bergen,Glen Rock Public School District,Glen Rock High School,03-1760-050,"400 HAMILTON AVENUE, GLEN ROCK, NJ, 07452",GLENROCKHIGHSCHOOL,400HAMILTONAVENUEGLENROCKNJ07452,Glen Rock High School,"400 Hamilton Avenue, Glen Rock, NJ, 07452",https://www.greatschools.org/new-jersey/glen-rock/669-Glen-Rock-High-School/,100.0,100.0
Hudson,Hudson County Schools of Technology School District,High Tech High School,17-2295-050,"One High Tech Way, Secaucus, NJ, 07094",HIGHTECHHIGHSCHOOL,ONEHIGHTECHWAYSECAUCUSNJ07094,High Tech High School,"One High Tech Way, Secaucus, NJ, 07094",https://www.greatschools.org/new-jersey/north-bergen/840-High-Tech-High-School/,100.0,100.0
Morris,Morris School District,Morristown High School,27-3385-050,"50 EARLY STREET, MORRISTOWN, NJ, 07960",MORRISTOWNHIGHSCHOOL,50EARLYSTREETMORRISTOWNNJ07960,Morristown High School,"50 Early Street, Morristown, NJ, 07960",https://www.greatschools.org/new-jersey/morristown/1249-Morristown-High-School/,100.0,100.0
Burlington,Pemberton Township School District,Howard L. Emmons,05-4050-085,"14 SCRAPETOWN ROAD, PEMBERTON, NJ, 08068",HOWARDLEMMONSELEMENTARYSCHOOL,14SCRAPETOWNROADPEMBERTONNJ08068,Howard L. Emmons Elementary School,"14 Scrapetown Road, Pemberton, NJ, 08068",https://www.greatschools.org/new-jersey/pemberton/1578-Howard-L.-Emmons-Elementary-School/,100.0,100.0
Hunterdon,Clinton Township School District,Patrick McGaheran,19-0920-035,"63  ALLERTON ROAD, LEBANON, NJ, 08833",PATRICKMCGAHERANELEMENTARYSCHOOL,63ALLERTONROADLEBANONNJ08833,Patrick McGaheran Elementary School,"63 Allerton Road, Lebanon, NJ, 08833",https://www.greatschools.org/new-jersey/lebanon/353-Patrick-McGaheran-Elementary-School/,100.0,100.0
Camden,"Mastery Schools of Camden, Inc.","Mastery Schools of Camden, Inc.",07-1802-112,"1001 North 17th Street, Camden, NJ, 08105",MASTERYSCHOOLSOFCAMDENINC,1001NORTH17THSTREETCAMDENNJ08105,Mastery Schools Of Camden Inc.,"1001 North 17th Street, Camden, NJ, 08105",https://www.greatschools.org/new-jersey/camden/8789-Mastery-Schools-Of-Camden-Inc./,100.0,100.0
Hudson,Harrison Public Schools,Harrison High School,17-2060-050,"401 Kingsland Avenue, HARRISON, NJ, 07029",HARRISONHIGHSCHOOL,401KINGSLANDAVENUEHARRISONNJ07029,Harrison High School,"401 Kingsland Avenue, Harrison, NJ, 07029",https://www.greatschools.org/new-jersey/harrison/767-Harrison-High-School/,100.0,100.0
Monmouth,Eatontown Public School District,Woodmere,25-1260-110,"65 RALEIGH COURT, EATONTOWN, NJ, 07724",WOODMEREELEMENTARYSCHOOL,65RALEIGHCOURTEATONTOWNNJ07724,Woodmere Elementary School,"65 Raleigh Court, Eatontown, NJ, 07724",https://www.greatschools.org/new-jersey/eatontown/473-Woodmere-Elementary-School/,100.0,100.0
Hudson,Jersey City Public Schools,Liberty High School,17-2390-082,"299 SIP AVENUE, JERSEY CITY, NJ, 07306",LIBERTYHIGHSCHOOL,299SIPAVENUEJERSEYCITYNJ07306,Liberty High School,"299 Sip Avenue, Jersey City, NJ, 07306",https://www.greatschools.org/new-jersey/jersey-city/3416-Liberty-High-School/,100.0,100.0
Passaic,Wayne Township Public School District,John F. Kennedy Elementary School,31-5570-087,"1310 RATZER ROAD, WAYNE, NJ, 07470",JOHNFKENNEDYELEMENTARYSCHOOL,1310RATZERROADWAYNENJ07470,John F. Kennedy Elementary School,"1310 Ratzer Road, Wayne, NJ, 07470",https://www.greatschools.org/new-jersey/wayne/2128-John-F.-Kennedy-Elementary-School/,100.0,100.0
Passaic,Paterson Public School District,Senator Frank Lautenberg School,31-4010-100,"137 CARROLL STREET, PATERSON, NJ, 07501",SENATORFRANKLAUTENBERGSCHOOL,137CARROLLSTREETPATERSONNJ07501,Senator Frank Lautenberg School,"137 Carroll Street, Paterson, NJ, 07501",https://www.greatschools.org/new-jersey/paterson/1544-Number-6-Elementary-School/,100.0,100.0
Hunterdon,Flemington-Raritan Regional School District,Robert Hunter Elementary School,19-1510-050,"8 DAYTON ROAD, FLEMINGTON, NJ, 08822",ROBERTHUNTERELEMENTARYSCHOOL,8DAYTONROADFLEMINGTONNJ08822,Robert Hunter Elementary School,"8 Dayton Road, Flemington, NJ, 08822",https://www.greatschools.org/new-jersey/flemington/588-Robert-Hunter-Elementary-School/,100.0,100.0
Union,Union County Educational Services Commission,Westlake,39-5245-030,"1571 LAMBERTS MILL ROAD, WESTFIELD, NJ, 07090",WESTLAKESCHOOLWESTFIELD,1571LAMBERTSMILLROADWESTFIELDNJ07090,Westlake School Westfield,"1571 Lamberts Mill Road, Westfield, NJ, 07090",https://www.greatschools.org/new-jersey/westfield/4167-Westlake-School--Westfield/,100.0,100.0
Atlantic,Atlantic City School District,Uptown School Complex,01-0110-080,"323 Madison Avenue, Atlantic City, NJ, 08401",UPTOWNSCHOOLCOMPLEXELEMENTARYSCHOOL,323MADISONAVENUEATLANTICCITYNJ08401,Uptown School Complex Elementary School,"323 Madison Avenue, Atlantic City, NJ, 08401",https://www.greatschools.org/new-jersey/atlantic-city/50-Uptown-School-Complex-Elementary-School/,100.0,100.0
Bergen,Ridgewood Public School District,Glen School,03-4390-080,"865 EAST GLEN AVENUE, RIDGEWOOD, NJ, 07451",GLENSCHOOL,865EASTGLENAVENUERIDGEWOODNJ07451,Glen School,"865 EAST GLEN AVENUE, Ridgewood, NJ, 07451",https://www.greatschools.org/new-jersey/ridgewood/4159-Glen-School/,100.0,100.0
Atlantic,Egg Harbor Township School District,Bargaintown Preschool,01-1310-300,"3393 Bargaintown Road, Egg Harbor Township, NJ, 08234",BARGAINTOWNPRESCHOOL,3393BARGAINTOWNROADEGGHARBORTOWNSHIPNJ08234,Bargaintown Preschool,"3393 Bargaintown Road, Egg Harbor Township, NJ, 08234",https://www.greatschools.org/new-jersey/egg-harbor-township/9258-Bargaintown-Preschool/,100.0,100.0
Burlington,Willingboro Public School District,Hawthorne Park Elementary School,05-5805-065,"84 Hampshire Lane, WILLINGBORO, NJ, 08046",HAWTHORNEPARKELEMENTARYSCHOOL,84HAMPSHIRELANEWILLINGBORONJ08046,Hawthorne Park Elementary School,"84 Hampshire Lane, Willingboro, NJ, 08046",https://www.greatschools.org/new-jersey/willingboro/2226-Hawthorne-Park-Elementary-School/,100.0,100.0
Somerset,Bridgewater-Raritan Regional School District,Bridgewater-Raritan High School,35-0555-005,"600 Garretson Road, Bridgewater, NJ, 08807",BRIDGEWATERRARITANHIGHSCHOOL,600GARRETSONROADBRIDGEWATERNJ08807,Bridgewater Raritan High School,"600 Garretson Road, Bridgewater, NJ, 08807",https://www.greatschools.org/new-jersey/bridgewater-township/192-Brdgwtr--Raritn-High-School/,100.0,100.0
Hudson,Jersey City Public Schools,Regional Day School,17-2390-011,"425 JOHNSTON AVENUE, JERSEY CITY, NJ, 07304",REGIONALDAYSCHOOL,425JOHNSTONAVENUEJERSEYCITYNJ07304,Regional Day School,"425 Johnston Avenue, Jersey City, NJ, 07304",https://www.greatschools.org/new-jersey/jersey-city/4137-Regional-Day-School/,100.0,100.0
Monmouth,Eatontown Public School District,Margaret L Vetter,25-1260-060,"3 GRANT AVENUE, EATONTOWN, NJ, 07724",MARGARETLVETTERELEMENTARYSCHOOL,3GRANTAVENUEEATONTOWNNJ07724,Margaret L. Vetter Elementary School,"3 Grant Avenue, Eatontown, NJ, 07724",https://www.greatschools.org/new-jersey/eatontown/470-Margaret-L.-Vetter-Elementary-School/,100.0,100.0
Sussex,Stanhope School District,Valley Road School,37-5030-050,"24 VALLEY ROAD, STANHOPE, NJ, 07874",VALLEYROADSCHOOL,24VALLEYROADSTANHOPENJ07874,Valley Road School,"24 Valley Road, Stanhope, NJ, 07874",https://www.greatschools.org/new-jersey/stanhope/1908-Valley-Road-School/,100.0,100.0
Charters,Cresthaven Academy Charter School,Cresthaven Academy Charter School,80-6102-993,"530 West 7th Street, Plainfield, NJ, 07060",CRESTHAVENACADEMYCHARTERSCHOOL,530WEST7THSTREETPLAINFIELDNJ07060,Cresthaven Academy Charter School,"530 West 7th Street, Plainfield, NJ, 07060",https://www.greatschools.org/new-jersey/plainfield/8878-Cresthaven-Academy-Charter-School/,100.0,100.0
Bergen,Ramsey School District,Wesley D Tisdale Elementary School,03-4310-080,"200 ISLAND AVENUE, RAMSEY, NJ, 07446",WESLEYDTISDALEELEMENTARYSCHOOL,200ISLANDAVENUERAMSEYNJ07446,Wesley D. Tisdale Elementary School,"200 Island Avenue, Ramsey, NJ, 07446",https://www.greatschools.org/new-jersey/ramsey/1700-Wesley-D.-Tisdale-Elementary-School/,100.0,100.0
Charters,LEAP Academy University Charter School,Leap Academy University Charter School,80-7109-931,"130 North Broadway, CAMDEN, NJ, 08102",LEAPACADEMYUNIVERSITYCHARTERSCHOOL,130NORTHBROADWAYCAMDENNJ08102,Leap Academy University Charter School,"130 North Broadway, Camden, NJ, 08102",https://www.greatschools.org/new-jersey/camden/3440-Leap-Academy-University-Charter-School/,100.0,100.0
Bergen,East Rutherford School District,Lincoln School,03-1230-300,"258 Grove Street, East Rutherford, NJ, 07073",LINCOLNSCHOOL,258GROVESTREETEASTRUTHERFORDNJ07073,Lincoln School,"258 Grove Street, East Rutherford, NJ, 07073",https://www.greatschools.org/new-jersey/east-rutherford/9238-Lincoln-School/,100.0,100.0
Monmouth,West Long Branch School District,Betty McElmon Elementary School,25-5640-080,"20 Parker Road, West Long Branch, NJ, 07764",BETTYMCELMONELEMENTARYSCHOOL,20PARKERROADWESTLONGBRANCHNJ07764,Betty Mcelmon Elementary School,"20 Parker Road, West Long Branch, NJ, 07764",https://www.greatschools.org/new-jersey/west-long-branch/2150-Betty-Mcelmon-Elementary-School/,100.0,100.0
Middlesex,Edison Township School District,Woodbrook Elementary School,23-1290-160,"15 ROBIN ROAD, EDISON, NJ, 08820",WOODBROOKELEMENTARYSCHOOL,15ROBINROADEDISONNJ08820,Woodbrook Elementary School,"15 Robin Road, Edison, NJ, 08820",https://www.greatschools.org/new-jersey/edison/493-Woodbrook-Elementary-School/,100.0,100.0
Morris,Dover Public School District,Dover High School,27-1110-040,"100 GRACE STREET, DOVER, NJ, 07801",DOVERHIGHSCHOOL,100GRACESTREETDOVERNJ07801,Dover High School,"100 Grace Street, Dover, NJ, 07801",https://www.greatschools.org/new-jersey/dover/407-Dover-High-School/,100.0,100.0
Monmouth,Monmouth-Ocean Educational Services Commission School Distri,New Jersey Virtual School,25-3255-090,"900 Hope Road, Tinton Falls, NJ, 07712",NEWJERSEYVIRTUALSCHOOL,900HOPEROADTINTONFALLSNJ07712,New Jersey Virtual School,"900 Hope Road, Tinton Falls, NJ, 07712",https://www.greatschools.org/new-jersey/tinton-falls/7108-New-Jersey-Virtual-School/,100.0,100.0
Middlesex,Metuchen Public School District,Edgar Middle School,23-3120-070,"49 BRUNSWICK AVENUE, METUCHEN, NJ, 08840",EDGARMIDDLESCHOOL,49BRUNSWICKAVENUEMETUCHENNJ08840,Edgar Middle School,"49 Brunswick Avenue, Metuchen, NJ, 08840",https://www.greatschools.org/new-jersey/metuchen/1144-Edgar-Middle-School/,100.0,100.0
Camden,Mt. Ephraim School District,Mary Bray Elementary School,07-3420-030,"225 WEST KINGS HIGHWAY, MOUNT EPHRAIM, NJ, 08059",MARYBRAYELEMENTARYSCHOOL,225WESTKINGSHIGHWAYMOUNTEPHRAIMNJ08059,Mary Bray Elementary School,"225 West Kings Highway, Mount Ephraim, NJ, 08059",https://www.greatschools.org/new-jersey/mount-ephraim/1261-Mary-Bray-Elementary-School/,100.0,100.0
Passaic,Pompton Lakes School District,Lenox School,31-4230-060,"35 LENOX AVENUE, POMPTON LAKES, NJ, 07442",LENOXSCHOOL,35LENOXAVENUEPOMPTONLAKESNJ07442,Lenox School,"35 Lenox Avenue, Pompton Lakes, NJ, 07442",https://www.greatschools.org/new-jersey/pompton-lakes/1677-Lenox-Elementary-School/,100.0,100.0
Essex,Orange Board Of Education School District,STEM Innovation Academy of the Oranges,13-3880-302,"445 Scotland Road, South Orange, NJ, 07079",STEMINNOVATIONACADEMYOFTHEORANGES,445SCOTLANDROADSOUTHORANGENJ07079,Stem Innovation Academy Of The Oranges,"445 Scotland Road, South Orange, NJ, 07079",https://www.greatschools.org/new-jersey/south-orange/9205-Stem-Innovation-Academy-Of-The-Oranges/,100.0,100.0
Gloucester,Pitman Boro School District,Pitman High School,15-4140-050,"225 Linden Avenue, Pitman, NJ, 08071",PITMANHIGHSCHOOL,225LINDENAVENUEPITMANNJ08071,Pitman High School,"225 Linden Avenue, Pitman, NJ, 08071",https://www.greatschools.org/new-jersey/pitman/1638-Pitman-High-School/,100.0,100.0
Passaic,West Milford Township Public School District,Westbrook Elementary School,31-5650-100,"55 NOSENZO POND ROAD, WEST MILFORD, NJ, 07480",WESTBROOKELEMENTARYSCHOOL,55NOSENZOPONDROADWESTMILFORDNJ07480,Westbrook Elementary School,"55 Nosenzo Pond Road, West Milford, NJ, 07480",https://www.greatschools.org/new-jersey/west-milford/2165-Westbrook-Elementary-School/,100.0,100.0
Charters,Paterson Arts and Science Charter School,Paterson Arts and Science Charter School,80-6096-982,"225 Grand Street, Paterson, NJ, 07501",PATERSONARTSANDSCIENCECHARTERSCHOOL,225GRANDSTREETPATERSONNJ07501,Paterson Arts And Science Charter School,"225 Grand Street, Paterson, NJ, 07501",https://www.greatschools.org/new-jersey/paterson/8734-Paterson-Arts-And-Science-Charter-School/,100.0,100.0
Cumberland,Vineland Public School District,Dr. William Mennies Elementary School,11-5390-260,"361 EAST GRANT AVENUE, VINELAND, NJ, 08360",DRWILLIAMMENNIESELEMENTARYSCHOOL,361EASTGRANTAVENUEVINELANDNJ08360,Dr. William Mennies Elementary School,"361 East Grant Avenue, Vineland, NJ, 08360",https://www.greatschools.org/new-jersey/vineland/2065-Dr.-William-Mennies-Elementary-School/,100.0,100.0
Ocean,Toms River Regional School District,Silver Bay Elementary School,29-5190-095,"100 SILVER BAY ROAD, TOMS RIVER, NJ, 08753",SILVERBAYELEMENTARYSCHOOL,100SILVERBAYROADTOMSRIVERNJ08753,Silver Bay Elementary School,"100 Silver Bay Road, Toms River, NJ, 08753",https://www.greatschools.org/new-jersey/toms-river/1958-Silver-Bay-Elementary-School/,100.0,100.0
Monmouth,Freehold Township School District,Joseph J Catena School,25-1660-020,"275 BURLINGTON ROAD, FREEHOLD, NJ, 07728",JOSEPHJCATENASCHOOL,275BURLINGTONROADFREEHOLDNJ07728,Joseph J Catena School,"275 Burlington Road, Freehold, NJ, 07728",https://www.greatschools.org/new-jersey/freehold/632-Joseph-J-Catena-School/,100.0,100.0
Union,Clark Township Public School District,Arthur L. Johnson High School,39-0850-005,"365 WESTFIELD AVENUE, CLARK, NJ, 07066",ARTHURLJOHNSONHIGHSCHOOL,365WESTFIELDAVENUECLARKNJ07066,Arthur L Johnson High School,"365 Westfield Avenue, Clark, NJ, 07066",https://www.greatschools.org/new-jersey/clark/319-Arthur-L--Johnson-High-School/,100.0,100.0
Hudson,Hoboken Public School District,Thomas G. Connors Elementary School,17-2210-065,"201 MONROE STREET, HOBOKEN, NJ, 07030",THOMASGCONNORS,201MONROESTREETHOBOKENNJ07030,Thomas G Connors,"201 Monroe Street, Hoboken, NJ, 07030",https://www.greatschools.org/new-jersey/hoboken/806-Thomas-G-Connors/,100.0,100.0
Middlesex,Edison Township School District,John Marshall Elementary School,23-1290-095,"15 CORNELL STREET, EDISON, NJ, 08817",JOHNMARSHALLELEMENTARYSCHOOL,15CORNELLSTREETEDISONNJ08817,John Marshall Elementary School,"15 Cornell Street, Edison, NJ, 08817",https://www.greatschools.org/new-jersey/edison/487-John-Marshall-Elementary-School/,100.0,100.0
Burlington,Westampton Township Public School District,Holly Hills Elementary School,05-5720-020,"500 OGDEN DRIVE, WESTAMPTON, NJ, 08060",HOLLYHILLSELEMENTARYSCHOOL,500OGDENDRIVEWESTAMPTONNJ08060,Holly Hills Elementary School,"500 Ogden Drive, Westampton, NJ, 08060",https://www.greatschools.org/new-jersey/westampton/2196-Holly-Hills-Elementary-School/,100.0,100.0
Morris,Dover Public School District,Academy Street Elementary School,27-1110-050,"14 ACADEMY STREET, DOVER, NJ, 07801",ACADEMYSTREETELEMENTARYSCHOOL,14ACADEMYSTREETDOVERNJ07801,Academy Street Elementary School,"14 Academy Street, Dover, NJ, 07801",https://www.greatschools.org/new-jersey/dover/408-Academy-Street-Elementary-School/,100.0,100.0
Burlington,Cinnaminson Township School District,New Albany Elementary School,05-0840-055,"2701 NEW ALBANY ROAD, CINNAMINSON, NJ, 08077",NEWALBANYELEMENTARYSCHOOL,2701NEWALBANYROADCINNAMINSONNJ08077,New Albany Elementary School,"2701 New Albany Road, Cinnaminson, NJ, 08077",https://www.greatschools.org/new-jersey/cinnaminson/317-New-Albany-Elementary-School/,100.0,100.0
Middlesex,Edison Township School District,Menlo Park Elementary School,23-1290-105,"155 MONROE AVENUE, EDISON, NJ, 08820",MENLOPARKELEMENTARYSCHOOL,155MONROEAVENUEEDISONNJ08820,Menlo Park Elementary School,"155 Monroe Avenue, Edison, NJ, 08820",https://www.greatschools.org/new-jersey/edison/491-Menlo-Park-Elementary-School/,100.0,100.0
Essex,Irvington Public School District,Berkeley Terrace Elementary School,13-2330-080,"787     GROVE STREET, IRVINGTON, NJ, 07111",BERKELEYTERRACE,787GROVESTREETIRVINGTONNJ07111,Berkeley Terrace,"787 Grove Street, Irvington, NJ, 07111",https://www.greatschools.org/new-jersey/irvington/846-Berkeley-Terrace/,100.0,100.0
Cumberland,Fairfield Township School District,Fairfield Township School,11-1460-070,"375 GOULDTOWN  WOODRUFF ROAD, BRIDGETON, NJ, 08302",FAIRFIELDTOWNSHIPSCHOOL,375GOULDTOWNWOODRUFFROADBRIDGETONNJ08302,Fairfield Township School,"375 Gouldtown Woodruff Road, Bridgeton, NJ, 08302",https://www.greatschools.org/new-jersey/bridgeton/4524-Fairfield-Township-School/,100.0,100.0
Camden,Lindenwold Public School District,Lindenwold High School,07-2670-005,"801 Egg Harbor Road, Lindenwold, NJ, 08021",LINDENWOLDHIGHSCHOOL,801EGGHARBORROADLINDENWOLDNJ08021,Lindenwold High School,"801 Egg Harbor Road, Lindenwold, NJ, 08021",https://www.greatschools.org/new-jersey/lindenwold/3449-Lindenwold-High-School/,100.0,100.0
Middlesex,Old Bridge Township School District,Raymond E. Voorhees Elementary School,23-3845-140,"11 LIBERTY STREET, OLD BRIDGE, NJ, 08857",RAYMONDEVOORHEESELEMENTARYSCHOOL,11LIBERTYSTREETOLDBRIDGENJ08857,Raymond E. Voorhees Elementary School,"11 Liberty Street, Old Bridge, NJ, 08857",https://www.greatschools.org/new-jersey/old-bridge-township/1068-Raymond-E.-Voorhees-Elementary-School/,100.0,100.0
Hudson,West New York Board of Education,Public School Number Two,17-5670-065,"5200 BROADWAY, WEST NEW YORK, NJ, 07093",PUBLICSCHOOLNUMBERTWO,5200BROADWAYWESTNEWYORKNJ07093,Public School Number Two,"5200 BROADWAY, West New York, NJ, 07093",https://www.greatschools.org/new-jersey/west-new-york/2170-Number-2-Elementary-School/,100.0,100.0
Union,Roselle Park Public School District,Robert Gordon Elementary School,39-4550-080,"59 WEST GRANT AVENUE, ROSELLE PARK, NJ, 07204",ROBERTGORDONELEMENTARYSCHOOL,59WESTGRANTAVENUEROSELLEPARKNJ07204,Robert Gordon Elementary School,"59 West Grant Avenue, Roselle Park, NJ, 07204",https://www.greatschools.org/new-jersey/roselle-park/1773-Robert-Gordon-Elementary-School/,100.0,100.0
Passaic,Paterson Public School District,School 28,31-4010-310,"200 PRESIDENTIAL BOULEVARD, PATERSON, NJ, 07522",SCHOOL28,200PRESIDENTIALBOULEVARDPATERSONNJ07522,School 28,"200 Presidential Boulevard, Paterson, NJ, 07522",https://www.greatschools.org/new-jersey/paterson/1564-Number-28-Elementary-School/,100.0,100.0
Monmouth,Freehold Regional High School District,Freehold Borough High School,25-1650-050,"2 Robertsville Road, FREEHOLD, NJ, 07728",FREEHOLDBOROUGHHIGHSCHOOL,2ROBERTSVILLEROADFREEHOLDNJ07728,Freehold Borough High School,"2 Robertsville Road, Freehold, NJ, 07728",https://www.greatschools.org/new-jersey/freehold/627-Freehold-Borough-High-School/,100.0,100.0
Hudson,West New York Board of Education,Harry L Bain,17-5670-100,"6200 BROADWAY, WEST NEW YORK, NJ, 07093",HARRYLBAINELEMENTARYSCHOOL,6200BROADWAYWESTNEWYORKNJ07093,Harry L. Bain Elementary School,"6200 BROADWAY, West New York, NJ, 07093",https://www.greatschools.org/new-jersey/west-new-york/2174-Harry-L.-Bain-Elementary-School/,100.0,100.0
Camden,Camden City School District,Thomas H. Dudley Family School,07-0680-190,"2250 Berwick Street, Camden, NJ, 08105",THOMASHDUDLEYFAMILYSCHOOL,2250BERWICKSTREETCAMDENNJ08105,Thomas H. Dudley Family School,"2250 Berwick Street, Camden, NJ, 08105",https://www.greatschools.org/new-jersey/camden/251-Dudley-Es/,100.0,100.0
Gloucester,Pitman Boro School District,Elwood Kindle Elementary School,15-4140-060,"211 Washington Avenue, Pitman, NJ, 08071",ELWOODKINDLEELEMENTARYSCHOOL,211WASHINGTONAVENUEPITMANNJ08071,Elwood Kindle Elementary School,"211 Washington Avenue, Pitman, NJ, 08071",https://www.greatschools.org/new-jersey/pitman/1639-Elwood-Kindle-Elementary-School/,100.0,100.0
Monmouth,Rumson Borough School District,Deane-Porter Elementary School,25-4570-040,"50 BLACKPOINT ROAD, RUMSON, NJ, 07760",DEANEPORTERELEMENTARYSCHOOL,50BLACKPOINTROADRUMSONNJ07760,Deane-Porter Elementary School,"50 Black Point Road, Rumson, NJ, 07760",https://www.greatschools.org/new-jersey/rumson/1783-Deane-Porter-Elementary-School/,100.0,100.0
Charters,North Star Academy Charter School,North Star Academy Charter School,80-7320-960,"10 WASHINGTON PLACE, NEWARK, NJ, 07102",NORTHSTARACADEMYCHARTERSCHOOLOFNEWARK,10WASHINGTONPLACENEWARKNJ07102,North Star Academy Charter School of Newark,"10 Washington Place, Newark, NJ, 07102",https://www.greatschools.org/new-jersey/newark/3339-North-Star-Academy-Charter-School-Of-Newark/,100.0,100.0
Morris,Parsippany-Troy Hills Township School District,Littleton Elementary School,27-3950-090,"250 Brooklawn Drive, Morris Plains, NJ, 07950",LITTLETONELEMENTARYSCHOOL,250BROOKLAWNDRIVEMORRISPLAINSNJ07950,Littleton Elementary School,"250 Brooklawn Drive, Morris Plains, NJ, 07950",https://www.greatschools.org/new-jersey/morris-plains/1510-Littleton-Elementary-School/,100.0,100.0
Bergen,Ridgefield Park Public School District,Ridgefield Park Jr Sr High School,03-4380-050,"1 OZZIE NELSON DRIVE, RIDGEFIELD PARK, NJ, 07660",RIDGEFIELDPARKJRSRHIGHSCHOOL,1OZZIENELSONDRIVERIDGEFIELDPARKNJ07660,Ridgefield Park Jr Sr High School,"1 Ozzie Nelson Drive, Ridgefield Park, NJ, 07660",https://www.greatschools.org/new-jersey/ridgefield-park/1727-Ridgefield-Park-Jr-Sr-High-School/,100.0,100.0
Middlesex,Educational Services Commission of New Jersey,Academy Learning Center,23-3145-030,"145 PERGOLA AVENUE, MONROE TOWNSHIP, NJ, 08831",ACADEMYLEARNINGCENTER,145PERGOLAAVENUEMONROETOWNSHIPNJ08831,Academy Learning Center,"145 Pergola Avenue, Monroe Township, NJ, 08831",https://www.greatschools.org/new-jersey/monroe-township/4176-Academy-Learning-Center/,100.0,100.0
Hudson,Jersey City Public Schools,Academy I,17-2390-095,"209 BERGEN AVENUE, JERSEY CITY, NJ, 07305",ACADEMYI,209BERGENAVENUEJERSEYCITYNJ07305,Academy I,"209 Bergen Avenue, Jersey City, NJ, 07305",https://www.greatschools.org/new-jersey/jersey-city/872-The-Academy-I-Middle-School/,100.0,100.0
Monmouth,Little Silver Boro School District,Point Road School,25-2720-060,"357 LITTLE SILVER POINT ROAD, LITTLE SILVER, NJ, 07739",POINTROADSCHOOL,357LITTLESILVERPOINTROADLITTLESILVERNJ07739,Point Road School,"357 Little Silver Point Road, Little Silver, NJ, 07739",https://www.greatschools.org/new-jersey/little-silver/996-Point-Road-Elementary-School/,100.0,100.0
Monmouth,Sea Girt Borough School District,Sea Girt Elementary School,25-4690-050,"451 Bell Place, Sea Girt, NJ, 08750",SEAGIRTELEMENTARYSCHOOL,451BELLPLACESEAGIRTNJ08750,Sea Girt Elementary School,"451 Bell Place, Sea Girt, NJ, 08750",https://www.greatschools.org/new-jersey/sea-girt/1823-Sea-Girt-Elementary-School/,100.0,100.0
Burlington,Cinnaminson Township School District,Cinnaminson High School,05-0840-030,"1197 RIVERTON ROAD, CINNAMINSON, NJ, 08077",CINNAMINSONHIGHSCHOOL,1197RIVERTONROADCINNAMINSONNJ08077,Cinnaminson High School,"1197 Riverton Road, Cinnaminson, NJ, 08077",https://www.greatschools.org/new-jersey/cinnaminson/315-Cinnaminson-High-School/,100.0,100.0
Middlesex,Middlesex Borough School District,Middlesex High School,23-3140-050,"300 JOHN F. KENNEDY DRIVE, MIDDLESEX, NJ, 08846",MIDDLESEXHIGHSCHOOL,300JOHNFKENNEDYDRIVEMIDDLESEXNJ08846,Middlesex High School,"300 John F Kennedy Drive, Middlesex, NJ, 08846",https://www.greatschools.org/new-jersey/middlesex/1150-Middlesex-High-School/,100.0,100.0
Charters,Hope Academy Charter School,Hope Academy Charter School,80-6740-950,"601 GRAND AVENUE, ASBURY PARK, NJ, 07712",HOPEACADEMYCHARTERSCHOOL,601GRANDAVENUEASBURYPARKNJ07712,Hope Academy Charter School,"601 Grand Avenue, Asbury Park, NJ, 07712",https://www.greatschools.org/new-jersey/asbury-park/3438-Hope-Academy-Charter-School/,100.0,100.0
Atlantic,Port Republic School District,Port Republic Elementary School,01-4240-050,"137 POMONA AVENUE, PORT REPUBLIC, NJ, 08241",PORTREPUBLICELEMENTARYSCHOOL,137POMONAAVENUEPORTREPUBLICNJ08241,Port Republic Elementary School,"137 Pomona Avenue, Port Republic, NJ, 08241",https://www.greatschools.org/new-jersey/port-republic/1679-Port-Republic-Elementary-School/,100.0,100.0
Essex,Irvington Public School District,Augusta Preschool Academy,13-2330-071,"97 AUGUSTA STREET, IRVINGTON, NJ, 07111",AUGUSTAPRESCHOOLACADEMY,97AUGUSTASTREETIRVINGTONNJ07111,Augusta Preschool Academy,"97 Augusta Street, Irvington, NJ, 07111",https://www.greatschools.org/new-jersey/irvington/6924-Augusta-Preschool-Academy/,100.0,100.0
Passaic,Clifton Public School District,School #8,31-0900-140,"41 OAK STREET, CLIFTON, NJ, 07014",SCHOOL#8,41OAKSTREETCLIFTONNJ07014,School #8,"41 Oak Street, Clifton, NJ, 07014",https://www.greatschools.org/new-jersey/clifton/342-Number-8-Elementary-School/,100.0,100.0
Sussex,Hopatcong Borough School District,Tulsa Trail Elementary School,37-2240-070,"2 Tulsa Trail, Hopatcong, NJ, 07843",TULSATRAILELEMENTARYSCHOOL,2TULSATRAILHOPATCONGNJ07843,Tulsa Trail Elementary School,"2 Tulsa Trail, Hopatcong, NJ, 07843",https://www.greatschools.org/new-jersey/hopatcong/820-Tulsa-Trail-Elementary-School/,100.0,100.0
Union,Clark Township Public School District,Frank K. Hehnly,39-0850-030,"590 RARITAN ROAD, CLARK, NJ, 07066",FRANKKHEHNLYELEMENTARYSCHOOL,590RARITANROADCLARKNJ07066,Frank K. Hehnly Elementary School,"590 Raritan Road, Clark, NJ, 07066",https://www.greatschools.org/new-jersey/clark/320-Frank-K.-Hehnly-Elementary-School/,100.0,100.0
Bergen,Cliffside Park School District,Cliffside Park High School,03-0890-030,"64 Riverview Avenue, CLIFFSIDE PARK, NJ, 07010",CLIFFSIDEPARKHIGHSCHOOL,64RIVERVIEWAVENUECLIFFSIDEPARKNJ07010,Cliffside Park High School,"64 Riverview Avenue, Cliffside Park, NJ, 07010",https://www.greatschools.org/new-jersey/cliffside-park/329-Cliffside-Park-High-School/,100.0,100.0
Union,Union County Vocational-Technical School District,Union County Magnet High School,39-5260-040,"1776 RARITAN ROAD, SCOTCH PLAINS, NJ, 07076",UNIONCOUNTYMAGNETHIGHSCHOOL,1776RARITANROADSCOTCHPLAINSNJ07076,Union County Magnet High School,"1776 Raritan Road, Scotch Plains, NJ, 07076",https://www.greatschools.org/new-jersey/scotch-plains/2233-Union-Cty-Magnet-High-School/,100.0,100.0
Monmouth,Spring Lake Heights School District,Spring Lake Heights Elementary School,25-4990-050,"1110 HIGHWAY 71, SPRING LAKE HEIGHTS, NJ, 07762",SPRINGLAKEHEIGHTSELEMENTARYSCHOOL,1110HIGHWAY71SPRINGLAKEHEIGHTSNJ07762,Spring Lake Heights Elementary School,"1110 HIGHWAY 71, Spring Lake Heights, NJ, 07762",https://www.greatschools.org/new-jersey/spring-lake/1898-Spring-Lake-Heights-Elementary-School/,100.0,100.0
Bergen,New Milford Public School District,David E. Owens Middle School,03-3550-085,"470 MARION AVENUE, NEW MILFORD, NJ, 07646",DAVIDEOWENSMIDDLESCHOOL,470MARIONAVENUENEWMILFORDNJ07646,David E Owens Middle School,"470 Marion Avenue, New Milford, NJ, 07646",https://www.greatschools.org/new-jersey/new-milford/1309-David-E--Owens-Middle-School/,100.0,100.0
Ocean,Point Pleasant Borough School District,Nellie F. Bennett Elementary School,29-4210-055,"RIVIERA PARKWAY, POINT PLEASANT, NJ, 08742",NELLIEFBENNETTELEMENTARYSCHOOL,RIVIERAPARKWAYPOINTPLEASANTNJ08742,Nellie F Bennett Elementary School,"Riviera Parkway, Point Pleasant, NJ, 08742",https://www.greatschools.org/new-jersey/point-pleasant/1671-Nellie-F-Bennett-Elementary-School/,100.0,100.0
Essex,Newark Public School District,Newark Sch of Data Science and Information Technology,13-3570-320,"746 Sanford Avenue, Newark, NJ, 07106",NEWARKSCHOFDATASCIENCEANDINFORMATIONTECHNOLOGY,746SANFORDAVENUENEWARKNJ07106,Newark Sch Of Data Science And Information Technology,"746 Sanford Avenue, Newark, NJ, 07106",https://www.greatschools.org/new-jersey/newark/9204-Newark-Sch-Of-Data-Science-And-Information-Technology/,100.0,100.0
Bergen,Leonia Public School District,Anna C. Scott Elementary School,03-2620-060,"281 Broad Avenue, Leonia, NJ, 07605",ANNACSCOTTELEMENTARYSCHOOL,281BROADAVENUELEONIANJ07605,Anna C. Scott Elementary School,"281 Broad Avenue, Leonia, NJ, 07605",https://www.greatschools.org/new-jersey/leonia/970-Anna-C.-Scott-Elementary-School/,100.0,100.0
Burlington,Tabernacle Township School District,Tabernacle Elementary School,05-5130-060,"141 NEW ROAD, TABERNACLE, NJ, 08088",TABERNACLEELEMENTARYSCHOOL,141NEWROADTABERNACLENJ08088,Tabernacle Elementary School,"141 New Road, Tabernacle, NJ, 08088",https://www.greatschools.org/new-jersey/tabernacle/1929-Tabernacle-Elementary-School/,100.0,100.0
Camden,Bellmawr Public School District,Bellmawr Park Elementary School,07-0260-020,"29 PEACH ROAD, BELLMAWR, NJ, 08031",BELLMAWRPARKELEMENTARYSCHOOL,29PEACHROADBELLMAWRNJ08031,Bellmawr Park Elementary School,"29 Peach Road, Bellmawr, NJ, 08031",https://www.greatschools.org/new-jersey/bellmawr/90-Bellmawr-Park-Elementary-School/,100.0,100.0
Monmouth,Hazlet Township Public School District,Middle Road School,25-2105-090,"305 MIDDLE ROAD, HAZLET, NJ, 07730",MIDDLEROADSCHOOL,305MIDDLEROADHAZLETNJ07730,Middle Road School,"305 Middle Road, Hazlet, NJ, 07730",https://www.greatschools.org/new-jersey/hazlet/1713-Middle-Road-School/,100.0,100.0
Passaic,Paterson Public School District,School 1,31-4010-050,"1 EAST 32ND STREET, PATERSON, NJ, 07514",SCHOOL1,1EAST32NDSTREETPATERSONNJ07514,School 1,"1 East 32nd Street, Paterson, NJ, 07514",https://www.greatschools.org/new-jersey/paterson/1570-Number-1-Elementary-School/,100.0,100.0
Burlington,Medford Township School District,Cranberry Pines Elementary,05-3080-040,"400 FAIRVIEW ROAD, MEDFORD, NJ, 08055",CRANBERRYPINESELEMENTARYSCHOOL,400FAIRVIEWROADMEDFORDNJ08055,Cranberry Pines Elementary School,"400 Fairview Road, Medford, NJ, 08055",https://www.greatschools.org/new-jersey/medford/1128-Cranberry-Pines-Elementary-School/,100.0,100.0
Monmouth,Hazlet Township Public School District,Cove Road School,25-2105-070,"8 COVE ROAD, HAZLET, NJ, 07730",COVEROADSCHOOL,8COVEROADHAZLETNJ07730,Cove Road School,"8 Cove Road, Hazlet, NJ, 07730",https://www.greatschools.org/new-jersey/hazlet/1711-Cove-Road-School/,100.0,100.0
Mercer,Trenton Public School District,Cadwalader Elementary School,21-5210-160,"501 Edgewood Avenue, Trenton, NJ, 08618",CADWALADERELEMENTARYSCHOOL,501EDGEWOODAVENUETRENTONNJ08618,Cadwalader Elementary School,"501 Edgewood Avenue, Trenton, NJ, 08618",https://www.greatschools.org/new-jersey/trenton/1972-Cadwalader-Elementary-School/,100.0,100.0
Bergen,Carlstadt-East Rutherford Regional High School District,Henry P. Becton Regional High School,03-0745-050,"120 PATERSON AVENUE, EAST RUTHERFORD, NJ, 07073",HENRYPBECTONREGIONALHIGHSCHOOL,120PATERSONAVENUEEASTRUTHERFORDNJ07073,Henry P Becton Regional High School,"120 Paterson Avenue, East Rutherford, NJ, 07073",https://www.greatschools.org/new-jersey/east-rutherford/280-Henry-P-Becton-Reg-High-School/,100.0,100.0
Bergen,Northern Valley Regional High School District,Northern Valley Regional High School at Old Tappan,03-3710-060,"140 Central Avenue, Old Tappan, NJ, 07675",NORTHERNVALLEYREGIONALHIGHSCHOOLATOLDTAPPAN,140CENTRALAVENUEOLDTAPPANNJ07675,Northern Valley Regional High School at Old Tappan,"140 Central Avenue, Old Tappan, NJ, 07675",https://www.greatschools.org/new-jersey/old-tappan/1431-N-Valley-Reg-H-Old-Tappan/,100.0,100.0
Mercer,East Windsor Regional School District,Perry L. Drew Elementary School,21-1245-075,"70 TWIN RIVERS DRIVE NORTH, EAST WINDSOR, NJ, 08520",PERRYLDREWELEMENTARYSCHOOL,70TWINRIVERSDRIVENORTHEASTWINDSORNJ08520,Perry L. Drew Elementary School,"70 Twin Rivers Drive North, East Windsor, NJ, 08520",https://www.greatschools.org/new-jersey/east-windsor/464-Perry-L.-Drew-Elementary-School/,100.0,100.0
Bergen,Garfield Public School District,Garfield Public Preschool Annex,03-1700-086,"464 OUTWATER LANE, GARFIELD, NJ, 07026",GARFIELDPUBLICPRESCHOOLANNEX,464OUTWATERLANEGARFIELDNJ07026,Garfield Public Preschool Annex,"464 Outwater Lane, Garfield, NJ, 07026",https://www.greatschools.org/new-jersey/garfield/3413-Garfield-Public-Preschool-Annex/,100.0,100.0
Middlesex,Piscataway Township School District,Arbor Elementary School,23-4130-060,"1717 LESTER PLACE, PISCATAWAY, NJ, 08854",ARBORELEMENTARYSCHOOL,1717LESTERPLACEPISCATAWAYNJ08854,Arbor Elementary School,"1717 Lester Place, Piscataway, NJ, 08854",https://www.greatschools.org/new-jersey/piscataway/1632-Arbor-Elementary-School/,100.0,100.0
Monmouth,Brielle Boro School District,Brielle Elementary School,25-0560-020,"605 UNION LANE, BRIELLE, NJ, 08730",BRIELLEELEMENTARYSCHOOL,605UNIONLANEBRIELLENJ08730,Brielle Elementary School,"605 Union Lane, Brielle, NJ, 08730",https://www.greatschools.org/new-jersey/brielle/202-Brielle-Elementary-School/,100.0,100.0
Passaic,West Milford Township Public School District,Apshawa Elementary School,31-5650-042,"140 HIGH CREST DRIVE, WEST MILFORD, NJ, 07480",APSHAWAELEMENTARYSCHOOL,140HIGHCRESTDRIVEWESTMILFORDNJ07480,Apshawa Elementary School,"140 High Crest Drive, West Milford, NJ, 07480",https://www.greatschools.org/new-jersey/west-milford/2159-Apshawa-Elementary-School/,100.0,100.0
Cape May,West Cape May Elementary School District,West Cape May Elementary School,09-5610-050,"301 Moore Street, West Cape May, NJ, 08204",WESTCAPEMAYELEMENTARYSCHOOL,301MOORESTREETWESTCAPEMAYNJ08204,West Cape May Elementary School,"301 Moore Street, West Cape May, NJ, 08204",https://www.greatschools.org/new-jersey/west-cape-may/2141-West-Cape-May-Elementary-School/,100.0,100.0
Essex,Irvington Public School District,Grove Street Elementary School,13-2330-110,"602 GROVE STREET, IRVINGTON, NJ, 07111",GROVESTREETELEMENTARYSCHOOL,602GROVESTREETIRVINGTONNJ07111,Grove Street Elementary School,"602 Grove Street, Irvington, NJ, 07111",https://www.greatschools.org/new-jersey/irvington/848-Grove-Street-Elementary-School/,100.0,100.0
Burlington,North Hanover Township School District,Clarence B. Lamb Elementary School,05-3650-040,"46 SCHOOLHOUSE ROAD, WRIGHTSTOWN, NJ, 08562",CLARENCEBLAMBELEMENTARYSCHOOL,46SCHOOLHOUSEROADWRIGHTSTOWNNJ08562,Clarence B. Lamb Elementary School,"46 Schoolhouse Road, Wrightstown, NJ, 08562",https://www.greatschools.org/new-jersey/wrightstown/1417-Clarence-B.-Lamb-Elementary-School/,100.0,100.0
Ocean,Lakewood Township School District,Clifton Ave Grade School,29-2520-070,"625 CLIFTON AVENUE, LAKEWOOD, NJ, 08701",CLIFTONAVEGRADESCHOOL,625CLIFTONAVENUELAKEWOODNJ08701,Clifton Ave Grade School,"625 Clifton Avenue, Lakewood, NJ, 08701",https://www.greatschools.org/new-jersey/lakewood-township/944-Clifton-Ave-Grade-School/,100.0,100.0
Middlesex,Piscataway Township School District,Martin Luther King Elementary School,23-4130-105,"5205 LUDLOW STREET, PISCATAWAY, NJ, 08854",MARTINLUTHERKINGELEMENTARYSCHOOL,5205LUDLOWSTREETPISCATAWAYNJ08854,Martin Luther King Elementary School,"5205 Ludlow Street, Piscataway, NJ, 08854",https://www.greatschools.org/new-jersey/piscataway/1635-Martin-Luther-King-Elementary-School/,100.0,100.0
Bergen,Paramus Public School District,Ridge Ranch Elementary School,03-3930-110,"345 LOCKWOOD DRIVE, PARAMUS, NJ, 07652",RIDGERANCHELEMENTARYSCHOOL,345LOCKWOODDRIVEPARAMUSNJ07652,Ridge Ranch Elementary School,"345 Lockwood Drive, Paramus, NJ, 07652",https://www.greatschools.org/new-jersey/paramus/1496-Ridge-Ranch-Elementary-School/,100.0,100.0
Morris,Educational Services Commission of Morris County,Park Lake School,27-3364-080,"72 ACADEMY STREET, ROCKAWAY, NJ, 07866",PARKLAKESCHOOL,72ACADEMYSTREETROCKAWAYNJ07866,Park Lake School,"72 Academy Street, Rockaway, NJ, 07866",https://www.greatschools.org/new-jersey/rockaway/4188-Park-Lake-School/,100.0,100.0
Bergen,Ridgewood Public School District,Benjamin Franklin Middle School,03-4390-060,"335 NORTH VAN DIEN AVE, RIDGEWOOD, NJ, 07451",BENJAMINFRANKLINMIDDLESCHOOL,335NORTHVANDIENAVERIDGEWOODNJ07451,Benjamin Franklin Middle School,"335 NORTH VAN DIEN AVE, Ridgewood, NJ, 07451",https://www.greatschools.org/new-jersey/ridgewood/1732-Benjamin-Franklin-Middle-School/,100.0,100.0
Union,Westfield Public School District,Thomas Edison Intermediate School,39-5730-070,"800 Rahway Avenue, Westfield, NJ, 07090",THOMASEDISONINTERMEDIATESCHOOL,800RAHWAYAVENUEWESTFIELDNJ07090,Thomas Edison Intermediate School,"800 Rahway Avenue, Westfield, NJ, 07090",https://www.greatschools.org/new-jersey/westfield/2200-Thomas-Edison-Intermediate-School/,100.0,100.0
Bergen,Pascack Valley Regional High School District,Pascack Hills High School,03-3960-040,"225 West Grand Avenue, Montvale, NJ, 07645",PASCACKHILLSHIGHSCHOOL,225WESTGRANDAVENUEMONTVALENJ07645,Pascack Hills High School,"225 West Grand Avenue, Montvale, NJ, 07645",https://www.greatschools.org/new-jersey/montvale/1514-Pascack-Hills-High-School/,100.0,100.0
Burlington,Burlington City Public School District,Samuel Smith Elementary School,05-0600-080,"250 FARNER AVENUE, BURLINGTON, NJ, 08016",SAMUELSMITHELEMENTARYSCHOOL,250FARNERAVENUEBURLINGTONNJ08016,Samuel Smith Elementary School,"250 Farner Avenue, Burlington, NJ, 08016",https://www.greatschools.org/new-jersey/burlington/215-Samuel-Smith-Elementary-School/,100.0,100.0
Passaic,Paterson Public School District,School 5,31-4010-090,"430 TOTOWA AVENUE, PATERSON, NJ, 07502",SCHOOL5,430TOTOWAAVENUEPATERSONNJ07502,School 5,"430 Totowa Avenue, Paterson, NJ, 07502",https://www.greatschools.org/new-jersey/paterson/1543-Number-5-Elementary-School/,100.0,100.0
Cumberland,Hopewell Township School District,Hopewell Crest,11-2270-060,"122 SEWALL ROAD, BRIDGETON, NJ, 08302",HOPEWELLCRESTELEMENTARYSCHOOL,122SEWALLROADBRIDGETONNJ08302,Hopewell Crest Elementary School,"122 Sewall Road, Bridgeton, NJ, 08302",https://www.greatschools.org/new-jersey/bridgeton/823-Hopewell-Crest-Elementary-School/,100.0,100.0
Bergen,Fair Lawn Public School District,Fair Lawn High School,03-1450-050,"14  00 BERDAN AVENUE, FAIR LAWN, NJ, 07410",FAIRLAWNHIGHSCHOOL,1400BERDANAVENUEFAIRLAWNNJ07410,Fair Lawn High School,"14 00 BERDAN AVENUE, Fair Lawn, NJ, 07410",https://www.greatschools.org/new-jersey/fair-lawn/570-Fair-Lawn-High-School/,100.0,100.0
Passaic,West Milford Township Public School District,Maple Road Elementary School,31-5650-060,"36 MAPLE ROAD, WEST MILFORD, NJ, 07480",MAPLEROADELEMENTARYSCHOOL,36MAPLEROADWESTMILFORDNJ07480,Maple Road Elementary School,"36 Maple Road, West Milford, NJ, 07480",https://www.greatschools.org/new-jersey/west-milford/2161-Maple-Road-Elementary-School/,100.0,100.0
Charters,Princeton Charter School,Princeton Charter School,80-7540-930,"100 Bunn Drive, PRINCETON, NJ, 08540",PRINCETONCHARTERSCHOOL,100BUNNDRIVEPRINCETONNJ08540,Princeton Charter School,"100 Bunn Drive, Princeton, NJ, 08540",https://www.greatschools.org/new-jersey/princeton/3358-Princeton-Charter-School/,100.0,100.0
Essex,Newark Public School District,South Street Elementary School,13-3570-640,"44-48 Hermon Street, NEWARK, NJ, 07105",SOUTHSTREETELEMENTARYSCHOOL,4448HERMONSTREETNEWARKNJ07105,South Street Elementary School,"44-48 Hermon Street, Newark, NJ, 07105",https://www.greatschools.org/new-jersey/newark/1375-South-Street-Elementary-School/,100.0,100.0
Union,Linden Public School District,Number 9,39-2660-160,"1401 Deerfield Terrace, LINDEN, NJ, 07036",NUMBER9,1401DEERFIELDTERRACELINDENNJ07036,Number 9,"1401 Deerfield Terrace, Linden, NJ, 07036",https://www.greatschools.org/new-jersey/linden/982-Number-9-Deerfield-Terrace-Elementary-School/,100.0,100.0
Cumberland,Vineland Public School District,John H. Winslow Elementary School,11-5390-115,"1335 MAGNOLIA RD, VINELAND, NJ, 08360",JOHNHWINSLOWELEMENTARYSCHOOL,1335MAGNOLIARDVINELANDNJ08360,John H. Winslow Elementary School,"1335 MAGNOLIA RD, Vineland, NJ, 08360",https://www.greatschools.org/new-jersey/vineland/2058-John-H.-Winslow-Elementary-School/,100.0,100.0
Essex,Newark Public School District,Early Childhood School - Central,13-3570-314,"70 Montgomery Street, Newark, NJ, 07103",EARLYCHILDHOODSCHOOLCENTRAL,70MONTGOMERYSTREETNEWARKNJ07103,Early Childhood School - Central,"70 Montgomery Street, Newark, NJ, 07103",https://www.greatschools.org/new-jersey/newark/8838-Early-Childhood-School---Central/,100.0,100.0
Burlington,Lenape Regional High School District,Lenape High School,05-2610-050,"235 HARTFORD ROAD, MEDFORD, NJ, 08055",LENAPEHIGHSCHOOL,235HARTFORDROADMEDFORDNJ08055,Lenape High School,"235 Hartford Road, Medford, NJ, 08055",https://www.greatschools.org/new-jersey/medford/965-Lenape-High-School/,100.0,100.0
Charters,Empowerment Academy Charter School,Empowerment Academy Charter School,80-6103-994,"240 Ege Avenue, Jersey City, NJ, 07304",EMPOWERMENTACADEMYCHARTERSCHOOL,240EGEAVENUEJERSEYCITYNJ07304,Empowerment Academy Charter School,"240 Ege Avenue, Jersey City, NJ, 07304",https://www.greatschools.org/new-jersey/jersey-city/8875-Empowerment-Academy-Charter-School/,100.0,100.0
Essex,Newark Public School District,Belmont Runyon Elementary School,13-3570-225,"1 BELMONT RUNYON WAY, NEWARK, NJ, 07108",BELMONTRUNYONELEMENTARYSCHOOL,1BELMONTRUNYONWAYNEWARKNJ07108,Belmont-Runyon Elementary School,"1 Belmont Runyon Way, Newark, NJ, 07108",https://www.greatschools.org/new-jersey/newark/1331-Belmont-Runyon-Elementary-School/,100.0,100.0
Camden,Magnolia School District,Magnolia,07-2890-050,"420 NORTH WARWICK RD, MAGNOLIA, NJ, 08049",MAGNOLIAELEMENTARYSCHOOL,420NORTHWARWICKRDMAGNOLIANJ08049,Magnolia Elementary School,"420 NORTH WARWICK RD, Magnolia, NJ, 08049",https://www.greatschools.org/new-jersey/magnolia/1072-Magnolia-Elementary-School/,100.0,100.0
Union,Summit Public School District,Brayton Elementary School,39-5090-070,"89 TULIP STREET, SUMMIT, NJ, 07901",BRAYTONELEMENTARYSCHOOL,89TULIPSTREETSUMMITNJ07901,Brayton Elementary School,"89 Tulip Street, Summit, NJ, 07901",https://www.greatschools.org/new-jersey/summit/1918-Brayton-Elementary-School/,100.0,100.0
Essex,Belleville Public School District,Belleville PS4,13-0250-055,"30 Magnolia Street, BELLEVILLE, NJ, 07109",BELLEVILLEPS4,30MAGNOLIASTREETBELLEVILLENJ07109,Belleville PS4,"30 Magnolia Street, Belleville, NJ, 07109",https://www.greatschools.org/new-jersey/belleville/83-Number-4-Elementary-School/,100.0,100.0
Atlantic,Galloway Township Public Schools,Reeds Road Elementary School,01-1690-045,"103 SOUTH REEDS ROAD, GALLOWAY, NJ, 08205",REEDSROADELEMENTARYSCHOOL,103SOUTHREEDSROADGALLOWAYNJ08205,Reeds Road Elementary School,"103 South Reeds Road, Galloway, NJ, 08205",https://www.greatschools.org/new-jersey/galloway/645-Reeds-Road-Elementary-School/,100.0,100.0
Middlesex,East Brunswick Township School District,Frost Elementary School,23-1170-130,"65 FROST AVENUE, EAST BRUNSWICK, NJ, 08816",FROSTELEMENTARYSCHOOL,65FROSTAVENUEEASTBRUNSWICKNJ08816,Frost Elementary School,"65 Frost Avenue, East Brunswick, NJ, 08816",https://www.greatschools.org/new-jersey/east-brunswick/431-Frost-Elementary-School/,100.0,100.0
Passaic,Paterson Public School District,School 8,31-4010-120,"35 CHADWICK STREET, PATERSON, NJ, 07503",SCHOOL8,35CHADWICKSTREETPATERSONNJ07503,School 8,"35 Chadwick Street, Paterson, NJ, 07503",https://www.greatschools.org/new-jersey/paterson/1546-Number-8-Elementary-School/,100.0,100.0
Union,Scotch Plains-Fanwood School District,Scotch Plains-Fanwood High School,39-4670-050,"667 WESTFIELD ROAD, SCOTCH PLAINS, NJ, 07076",SCOTCHPLAINSFANWOODHIGHSCHOOL,667WESTFIELDROADSCOTCHPLAINSNJ07076,Scotch Plains Fanwood High School,"667 Westfield Road, Scotch Plains, NJ, 07076",https://www.greatschools.org/new-jersey/scotch-plains/1815-Scotch-Plains-Fanwood-High-School/,100.0,100.0
Ocean,Toms River Regional School District,Cedar Grove Elementary School,29-5190-065,"179 CEDAR GROVE ROAD, TOMS RIVER, NJ, 08753",CEDARGROVEELEMENTARYSCHOOL,179CEDARGROVEROADTOMSRIVERNJ08753,Cedar Grove Elementary School,"179 Cedar Grove Road, Toms River, NJ, 08753",https://www.greatschools.org/new-jersey/toms-river/1953-Cedar-Grove-Elementary-School/,100.0,100.0
Bergen,Cresskill Public School District,Merritt Memorial,03-0990-060,"1 DOGWOOD LANE, CRESSKILL, NJ, 07626",MERRITTMEMORIALELEMENTARYSCHOOL,1DOGWOODLANECRESSKILLNJ07626,Merritt Memorial Elementary School,"1 Dogwood Lane, Cresskill, NJ, 07626",https://www.greatschools.org/new-jersey/cresskill/377-Merritt-Memorial-Elementary-School/,100.0,100.0
Burlington,Willingboro Public School District,W. R. James Sr. Elementary School,05-5805-080,"41 PINETREE LANE, WILLINGBORO, NJ, 08046",WRJAMESSRELEMENTARYSCHOOL,41PINETREELANEWILLINGBORONJ08046,W R James Sr Elementary School,"41 Pinetree Lane, Willingboro, NJ, 08046",https://www.greatschools.org/new-jersey/willingboro/2229-W--R--James-Sr-Elementary-School/,100.0,100.0
Morris,Rockaway Township School District,Birchwood Elementary School,27-4490-010,"1 ART STREET, DOVER, NJ, 07801",BIRCHWOODELEMENTARYSCHOOL,1ARTSTREETDOVERNJ07801,Birchwood Elementary School,"1 Art Street, Dover, NJ, 07801",https://www.greatschools.org/new-jersey/dover/1757-Birchwood-Elementary-School/,100.0,100.0
Middlesex,Middlesex Borough School District,Hazelwood Elementary School,23-3140-065,"800 HAZELWOOD AVENUE, MIDDLESEX, NJ, 08846",HAZELWOODELEMENTARYSCHOOL,800HAZELWOODAVENUEMIDDLESEXNJ08846,Hazelwood Elementary School,"800 Hazelwood Avenue, Middlesex, NJ, 08846",https://www.greatschools.org/new-jersey/middlesex/1151-Hazelwood-Elementary-School/,100.0,100.0
Union,Elizabeth Public Schools,J. Christian Bollwage Finance Academy,39-1320-303,"447 Richmond Street, Elizabeth, NJ, 07202",JCHRISTIANBOLLWAGEFINANCEACADEMY,447RICHMONDSTREETELIZABETHNJ07202,J. Christian Bollwage Finance Academy,"447 Richmond Street, Elizabeth, NJ, 07202",https://www.greatschools.org/new-jersey/elizabeth/8865-Academy-Of-Finance/,100.0,100.0
Bergen,Garfield Public School District,Thomas Jefferson School #9,03-1700-300,"62 Alpine Street, Garfield, NJ, 07026",THOMASJEFFERSONSCHOOL#9,62ALPINESTREETGARFIELDNJ07026,Thomas Jefferson School #9,"62 Alpine Street, Garfield, NJ, 07026",https://www.greatschools.org/new-jersey/garfield/8904-Thomas-Jefferson-School-9/,100.0,100.0
Bergen,Hackensack School District,Fairmount,03-1860-100,"105 GRAND AVENUE, HACKENSACK, NJ, 07601",FAIRMOUNTELEMENTARYSCHOOL,105GRANDAVENUEHACKENSACKNJ07601,Fairmount Elementary School,"105 Grand Avenue, Hackensack, NJ, 07601",https://www.greatschools.org/new-jersey/hackensack/700-Fairmount-Elementary-School/,100.0,100.0
Essex,Bloomfield Township School District,Carteret Elementary School,13-0410-080,"158 Grove Street, Bloomfield, NJ, 07003",CARTERETELEMENTARYSCHOOL,158GROVESTREETBLOOMFIELDNJ07003,Carteret Elementary School,"158 Grove Street, Bloomfield, NJ, 07003",https://www.greatschools.org/new-jersey/bloomfield/143-Carteret-Elementary-School/,100.0,100.0
Bergen,Paramus Public School District,Memorial Elementary School,03-3930-080,"EAST 203 MIDLAND AVENUE, PARAMUS, NJ, 07652",MEMORIALELEMENTARYSCHOOL,EAST203MIDLANDAVENUEPARAMUSNJ07652,Memorial Elementary School,"EAST 203 MIDLAND AVENUE, Paramus, NJ, 07652",https://www.greatschools.org/new-jersey/paramus/1494-Memorial-Elementary-School/,100.0,100.0
Bergen,Mahwah Township Public School District,Lenape Meadows,03-2900-065,"160 RIDGE ROAD, MAHWAH, NJ, 07430",LENAPEMEADOWSSCHOOL,160RIDGEROADMAHWAHNJ07430,Lenape Meadows School,"160 Ridge Road, Mahwah, NJ, 07430",https://www.greatschools.org/new-jersey/mahwah/3494-Lenape-Meadows-School/,100.0,100.0
Gloucester,West Deptford Township School District,West Deptford High School,15-5620-050,"1600 OLD CROWN POINT RD, WEST DEPTFORD, NJ, 08093",WESTDEPTFORDHIGHSCHOOL,1600OLDCROWNPOINTRDWESTDEPTFORDNJ08093,West Deptford High School,"1600 OLD CROWN POINT RD, West Deptford, NJ, 08093",https://www.greatschools.org/new-jersey/west-deptford/2142-West-Deptford-High-School/,100.0,100.0
Monmouth,Freehold Regional High School District,Howell High School,25-1650-060,"405 SQUANKUM  YELLOWBROOK ROAD, FARMINGDALE, NJ, 07727",HOWELLHIGHSCHOOL,405SQUANKUMYELLOWBROOKROADFARMINGDALENJ07727,Howell High School,"405 Squankum Yellowbrook Road, Farmingdale, NJ, 07727",https://www.greatschools.org/new-jersey/howell-township/629-Howell-High-School/,100.0,100.0
Camden,Sterling Regional School District,Sterling High School,07-5035-050,"501 South Warwick Road, Somerdale, NJ, 08083",STERLINGHIGHSCHOOL,501SOUTHWARWICKROADSOMERDALENJ08083,Sterling High School,"501 South Warwick Road, Somerdale, NJ, 08083",https://www.greatschools.org/new-jersey/somerdale/289-Sterling-High-School/,100.0,100.0
Morris,Kinnelon School District,Pearl R. Miller Middle School,27-2460-065,"117 KIEL AVENUE, KINNELON, NJ, 07405",PEARLRMILLERMIDDLESCHOOL,117KIELAVENUEKINNELONNJ07405,Pearl R Miller Middle School,"117 Kiel Avenue, Kinnelon, NJ, 07405",https://www.greatschools.org/new-jersey/kinnelon/930-Pearl-R-Miller-Middle-School/,100.0,100.0
Passaic,Little Falls Township Public School District,Little Falls Township Public School # 1,31-2700-050,"Little Falls School # 1, LITTLE FALLS, NJ, 07424",LITTLEFALLSTOWNSHIPPUBLICSCHOOL#1,LITTLEFALLSSCHOOL#1LITTLEFALLSNJ07424,Little Falls Township Public School # 1,"Little Falls School # 1, Little Falls, NJ, 07424",https://www.greatschools.org/new-jersey/little-falls/991-Number-1-Elementary-School/,100.0,100.0
Bergen,Lodi School District,Roosevelt School,03-2740-080,"435 PASSAIC AVENUE, LODI, NJ, 07644",ROOSEVELTSCHOOL,435PASSAICAVENUELODINJ07644,Roosevelt School,"435 Passaic Avenue, Lodi, NJ, 07644",https://www.greatschools.org/new-jersey/lodi/1012-Roosevelt/,100.0,100.0
Bergen,River Dell Regional School District,River Dell Regional High School,03-4405-050,"55 PYLE STREET, ORADELL, NJ, 07649",RIVERDELLREGIONALHIGHSCHOOL,55PYLESTREETORADELLNJ07649,River Dell Regional High School,"55 Pyle Street, Oradell, NJ, 07649",https://www.greatschools.org/new-jersey/oradell/1474-River-Dell-Regional-High-School/,100.0,100.0
Monmouth,Atlantic Highlands School District,Atlantic Highlands Elementary School,25-0130-020,"140 FIRST AVENUE, ATLANTIC HIGHLANDS, NJ, 07716",ATLANTICHIGHLANDSELEMENTARYSCHOOL,140FIRSTAVENUEATLANTICHIGHLANDSNJ07716,Atlantic Highlands Elementary School,"140 First Avenue, Atlantic Highlands, NJ, 07716",https://www.greatschools.org/new-jersey/atlantic-highlands/56-Atlantic-Highlands-Elementary-School/,100.0,100.0
Morris,Madison Public School District,Madison High School,27-2870-050,"170 RIDGEDALE AVENUE, MADISON, NJ, 07940",MADISONHIGHSCHOOL,170RIDGEDALEAVENUEMADISONNJ07940,Madison High School,"170 Ridgedale Avenue, Madison, NJ, 07940",https://www.greatschools.org/new-jersey/madison/1052-Madison-High-School/,100.0,100.0
Bergen,New Milford Public School District,New Milford High School,03-3550-050,"330 River Road, NEW MILFORD, NJ, 07646",NEWMILFORDHIGHSCHOOL,330RIVERROADNEWMILFORDNJ07646,New Milford High School,"330 River Road, New Milford, NJ, 07646",https://www.greatschools.org/new-jersey/new-milford/1306-New-Milford-High-School/,100.0,100.0
Charters,LEAD Charter School,LEAD Charter School,80-6109-953,"201 Bergen Street, Newark, NJ, 07103",LEADCHARTERSCHOOL,201BERGENSTREETNEWARKNJ07103,Lead Charter School,"201 Bergen Street, Newark, NJ, 07103",https://www.greatschools.org/new-jersey/newark/8894-LEAD-Charter-School/,100.0,100.0
Bergen,Saddle Brook School District,Saddle Brook Middle/High School,03-4610-050,"355 MAYHILL STREET, SADDLE BROOK, NJ, 07663",SADDLEBROOKMIDDLE/HIGHSCHOOL,355MAYHILLSTREETSADDLEBROOKNJ07663,Saddle Brook Middle/High School,"355 Mayhill Street, Saddle Brook, NJ, 07663",https://www.greatschools.org/new-jersey/saddle-brook/1796-Saddle-Brook-Mid--High-School/,100.0,100.0
Essex,Irvington Public School District,University Elementary School,13-2330-136,"1 UNIVERSITY PLACE, IRVINGTON, NJ, 07111",UNIVERSITYELEMENTARYSCHOOL,1UNIVERSITYPLACEIRVINGTONNJ07111,University Elementary School,"1 University Place, Irvington, NJ, 07111",https://www.greatschools.org/new-jersey/irvington/6921-University-Elementary-School/,100.0,100.0
Cape May,North Wildwood School District,Margaret Mace Elementary School,09-3680-060,"1201 Atlantic Avenue, North Wildwood, NJ, 08260",MARGARETMACEELEMENTARYSCHOOL,1201ATLANTICAVENUENORTHWILDWOODNJ08260,Margaret Mace Elementary School,"1201 Atlantic Avenue, North Wildwood, NJ, 08260",https://www.greatschools.org/new-jersey/north-wildwood/1426-Margaret-Mace-Elementary-School/,100.0,100.0
Monmouth,LONG BRANCH PUBLIC SCHOOL District,George L Catrambone,25-2770-300,"240 Park Avenue, Long Branch, NJ, 07740",GEORGELCATRAMBONE,240PARKAVENUELONGBRANCHNJ07740,George L Catrambone,"240 Park Avenue, Long Branch, NJ, 07740",https://www.greatschools.org/new-jersey/long-branch/8783-George-L-Catrambone/,100.0,100.0
Burlington,Maple Shade School District,Ralph J. Steinhauer Elementary School,05-3010-100,"25 NORTH FELLOWSHIP ROAD, MAPLE SHADE, NJ, 08052",RALPHJSTEINHAUERELEMENTARYSCHOOL,25NORTHFELLOWSHIPROADMAPLESHADENJ08052,Ralph J Steinhauer Elementary School,"25 North Fellowship Road, Maple Shade, NJ, 08052",https://www.greatschools.org/new-jersey/maple-shade-township/1108-Ralph-J-Steinhauer-Elementary-School/,100.0,100.0
Hudson,Hoboken Public School District,Hoboken High School,17-2210-005,"NINTH & CLINTON STS, HOBOKEN, NJ, 07030",HOBOKENHIGHSCHOOL,NINTH&CLINTONSTSHOBOKENNJ07030,Hoboken High School,"NINTH & CLINTON STS, Hoboken, NJ, 07030",https://www.greatschools.org/new-jersey/hoboken/807-Hoboken-High-School/,100.0,100.0
Camden,Waterford Township School District,Thomas Richards Elementary School,07-5560-060,"934 Lincoln Avenue, Atco, NJ, 08004",THOMASRICHARDSELEMENTARYSCHOOL,934LINCOLNAVENUEATCONJ08004,Thomas Richards Elementary School,"934 Lincoln Avenue, Atco, NJ, 08004",https://www.greatschools.org/new-jersey/atco/2122-Thomas-Richards-Elementary-School/,100.0,100.0
Bergen,North Arlington School District,North Arlington High School,03-3600-050,"222 Ridge Road, North Arlington, NJ, 07031",NORTHARLINGTONHIGHSCHOOL,222RIDGEROADNORTHARLINGTONNJ07031,North Arlington High School,"222 Ridge Road, North Arlington, NJ, 07031",https://www.greatschools.org/new-jersey/north-arlington/1392-North-Arlington-High-School/,100.0,100.0
Monmouth,Monmouth County Vocational School District,Biotechnology High School,25-3260-028,"5000 KOZLOSKI ROAD, FREEHOLD, NJ, 07728",BIOTECHNOLOGYHIGHSCHOOL,5000KOZLOSKIROADFREEHOLDNJ07728,Biotechnology High School,"5000 Kozloski Road, Freehold, NJ, 07728",https://www.greatschools.org/new-jersey/freehold/4274-Biotechnology-High-School/,100.0,100.0
Camden,Runnemede Public School District,Aline Bingham Elementary School,07-4590-020,"100 FIRST & ORCHARD AVE, RUNNEMEDE, NJ, 08078",BINGHAMELEMENTARYSCHOOL,100FIRST&ORCHARDAVERUNNEMEDENJ08078,Bingham Elementary School,"100 FIRST & ORCHARD AVE, Runnemede, NJ, 08078",https://www.greatschools.org/new-jersey/runnemede/1786-Bingham-Elementary-School/,100.0,100.0
Charters,Englewood on the Palisades Charter School,Englewood on the Palisades Charter School,80-6430-930,"65  WEST DEMAREST AVENUE, ENGLEWOOD, NJ, 07631",ENGLEWOODONTHEPALISADESCHARTERSCHOOL,65WESTDEMARESTAVENUEENGLEWOODNJ07631,Englewood on the Palisades Charter School,"65 West Demarest Avenue, Englewood, NJ, 07631",https://www.greatschools.org/new-jersey/englewood/3329-Englewood-On-The-Palisades-Charter-School/,100.0,100.0
Monmouth,Matawan-Aberdeen Regional School District,Ravine Drive Elementary School,25-3040-075,"170 RAVINE DRIVE, MATAWAN, NJ, 07747",RAVINEDRIVEELEMENTARYSCHOOL,170RAVINEDRIVEMATAWANNJ07747,Ravine Drive Elementary School,"170 Ravine Drive, Matawan, NJ, 07747",https://www.greatschools.org/new-jersey/matawan/1121-Ravine-Drive-Elementary-School/,100.0,100.0
Middlesex,Carteret Public School District,Carteret High School,23-0750-030,"199 WASHINGTON AVENUE, CARTERET, NJ, 07008",CARTERETHIGHSCHOOL,199WASHINGTONAVENUECARTERETNJ07008,Carteret High School,"199 Washington Avenue, Carteret, NJ, 07008",https://www.greatschools.org/new-jersey/carteret/281-Carteret-High-School/,100.0,100.0
Passaic,Wayne Township Public School District,Wayne Hills High School,31-5570-055,"272 BERDAN AVENUE, WAYNE, NJ, 07470",WAYNEHILLSHIGHSCHOOL,272BERDANAVENUEWAYNENJ07470,Wayne Hills High School,"272 Berdan Avenue, Wayne, NJ, 07470",https://www.greatschools.org/new-jersey/wayne/2125-Wayne-Hills-High-School/,100.0,100.0
Mercer,Area Vocational Technical Schools of Mercer County,Mercer County Technical School Health Sciences Academy,21-3105-304,"1085 Old Trenton Road, Trenton, NJ, 08690",MERCERCOUNTYTECHNICALSCHOOLHEALTHSCIENCESACADEMY,1085OLDTRENTONROADTRENTONNJ08690,Mercer County Technical School Health Sciences Academy,"1085 Old Trenton Road, Trenton, NJ, 08690",https://www.greatschools.org/new-jersey/trenton/8890-Mercer-County-Technical-School-Health-Sciences-Academy/,100.0,100.0
Somerset,Bridgewater-Raritan Regional School District,Hillside Intermediate School,35-0555-065,"844 Brown Road, Bridgewater, NJ, 08807",HILLSIDEINTERMEDIATESCHOOL,844BROWNROADBRIDGEWATERNJ08807,Hillside Intermediate School,"844 Brown Road, Bridgewater, NJ, 08807",https://www.greatschools.org/new-jersey/bridgewater-township/198-Hillside-Elementary-School/,100.0,100.0
Gloucester,Swedesboro-Woolwich School District,Margaret C. Clifford School,15-5120-070,"601 AUBURN AVENUE, SWEDESBORO, NJ, 08085",MARGARETCCLIFFORDSCHOOL,601AUBURNAVENUESWEDESBORONJ08085,Margaret C Clifford School,"601 Auburn Avenue, Swedesboro, NJ, 08085",https://www.greatschools.org/new-jersey/swedesboro/1927-Margaret-C-Clifford-School/,100.0,100.0
Union,Springfield Public School District,James Caldwell Elementary School,39-5000-070,"36 Caldwell Place, Springfield, NJ, 07081",JAMESCALDWELLELEMENTARYSCHOOL,36CALDWELLPLACESPRINGFIELDNJ07081,James Caldwell Elementary School,"36 Caldwell Place, Springfield, NJ, 07081",https://www.greatschools.org/new-jersey/springfield-township/1901-James-Caldwell-Elementary-School/,100.0,100.0
Sussex,High Point Regional High School District,High Point Regional High School District,37-2165-030,"299 PIDGEON HILL ROAD, SUSSEX, NJ, 07461",HIGHPOINTREGIONALHIGHSCHOOL,299PIDGEONHILLROADSUSSEXNJ07461,High Point Regional High School,"299 Pidgeon Hill Road, Sussex, NJ, 07461",https://www.greatschools.org/new-jersey/wantage/783-High-Point-Regional-High-School/,100.0,100.0
Burlington,Medford Lakes School District,Neeta School,05-3070-040,"44 Neeta Trail, Medford Lakes, NJ, 08055",NEETASCHOOL,44NEETATRAILMEDFORDLAKESNJ08055,Neeta School,"44 Neeta Trail, Medford Lakes, NJ, 08055",https://www.greatschools.org/new-jersey/medford-lakes/1126-Neeta-School/,100.0,100.0
Monmouth,Manasquan School District,Manasquan Elementary School,25-2930-060,"168 Broad Street, Manasquan, NJ, 08736",MANASQUANELEMENTARYSCHOOL,168BROADSTREETMANASQUANNJ08736,Manasquan Elementary School,"168 Broad Street, Manasquan, NJ, 08736",https://www.greatschools.org/new-jersey/manasquan/1087-Manasquan-Elementary-School/,100.0,100.0
Passaic,Paterson Public School District,Norman S. Weir,31-4010-325,"152 COLLEGE BOULEVARD, PATERSON, NJ, 07505",NORMANSWEIRELEMENTARYSCHOOL,152COLLEGEBOULEVARDPATERSONNJ07505,Norman S. Weir Elementary School,"152 College Boulevard, Paterson, NJ, 07505",https://www.greatschools.org/new-jersey/paterson/1567-Norman-S.-Weir-Elementary-School/,100.0,100.0
Mercer,Princeton Public Schools,Littlebrook School,21-4255-080,"39 MAGNOLIA LANE, PRINCETON, NJ, 08540",LITTLEBROOKSCHOOL,39MAGNOLIALANEPRINCETONNJ08540,Littlebrook School,"39 Magnolia Lane, Princeton, NJ, 08540",https://www.greatschools.org/new-jersey/princeton/1685-Littlebrook-School/,100.0,100.0
Union,Westfield Public School District,Roosevelt Intermediate School,39-5730-060,"301 Clark Street, Westfield, NJ, 07090",ROOSEVELTINTERMEDIATESCHOOL,301CLARKSTREETWESTFIELDNJ07090,Roosevelt Intermediate School,"301 Clark Street, Westfield, NJ, 07090",https://www.greatschools.org/new-jersey/westfield/2199-Roosevelt-Intermediate-School/,100.0,100.0
Bergen,Ramapo Indian Hills Regional High School District,Ramapo High School,03-4300-050,"331 GEORGE STREET, FRANKLIN LAKES, NJ, 07417",RAMAPOHIGHSCHOOL,331GEORGESTREETFRANKLINLAKESNJ07417,Ramapo High School,"331 George Street, Franklin Lakes, NJ, 07417",https://www.greatschools.org/new-jersey/franklin-lakes/1695-Ramapo-High-School/,100.0,100.0
Passaic,Wayne Township Public School District,Wayne Valley High School,31-5570-050,"551 VALLEY ROAD, WAYNE, NJ, 07470",WAYNEVALLEYHIGHSCHOOL,551VALLEYROADWAYNENJ07470,Wayne Valley High School,"551 Valley Road, Wayne, NJ, 07470",https://www.greatschools.org/new-jersey/wayne/2124-Wayne-Valley-High-School/,100.0,100.0
Burlington,Lenape Regional High School District,Shawnee High School,05-2610-060,"600 TABERNACLE ROAD, MEDFORD, NJ, 08055",SHAWNEEHIGHSCHOOL,600TABERNACLEROADMEDFORDNJ08055,Shawnee High School,"600 Tabernacle Road, Medford, NJ, 08055",https://www.greatschools.org/new-jersey/medford/966-Shawnee-High-School/,100.0,100.0
Bergen,North Arlington School District,Susan B. Anthony Elementary School,03-3600-300,"45 Beech Street, North Arlington, NJ, 07031",SUSANBANTHONYELEMENTARYSCHOOL,45BEECHSTREETNORTHARLINGTONNJ07031,Susan B. Anthony Elementary School,"45 Beech Street, North Arlington, NJ, 07031",https://www.greatschools.org/new-jersey/north-arlington/9210-Susan-B.-Anthony-Elementary-School/,100.0,100.0
Hudson,Hudson County Schools of Technology School District,Academy of Technology Design,17-2295-304,"525 Montgomery Street, Jersey City, NJ, 07302",ACADEMYOFTECHNOLOGYDESIGN,525MONTGOMERYSTREETJERSEYCITYNJ07302,Academy of Technology Design,"525 Montgomery Street, Jersey City, NJ, 07302",https://www.greatschools.org/new-jersey/jersey-city/7111-Academy-Of-Technology-Design/,100.0,100.0
Passaic,Haledon Public School District,Haledon Public School,31-1920-015,"91 HENRY STREET, HALEDON, NJ, 07508",HALEDONPUBLICSCHOOL,91HENRYSTREETHALEDONNJ07508,Haledon Public School,"91 Henry Street, Haledon, NJ, 07508",https://www.greatschools.org/new-jersey/haledon/724-Haledon-Public-School/,100.0,100.0
Middlesex,Old Bridge Township School District,William A. Miller Elementary School,23-3845-170,"2 OLD MATAWAN ROAD, OLD BRIDGE, NJ, 08857",WILLIAMAMILLERELEMENTARYSCHOOL,2OLDMATAWANROADOLDBRIDGENJ08857,William A. Miller Elementary School,"2 Old Matawan Road, Old Bridge, NJ, 08857",https://www.greatschools.org/new-jersey/old-bridge-township/1057-William-A.-Miller-Elementary-School/,100.0,100.0
Burlington,Cinnaminson Township School District,Cinnaminson Memorial School,05-0840-300,"2195 Riverton Road, Cinnaminson, NJ, 08077",CINNAMINSONMEMORIALSCHOOL,2195RIVERTONROADCINNAMINSONNJ08077,Cinnaminson Memorial School,"2195 Riverton Road, Cinnaminson, NJ, 08077",https://www.greatschools.org/new-jersey/cinnaminson/9254-Cinnaminson-Memorial-School/,100.0,100.0
Monmouth,Freehold Regional High School District,Colts Neck High School,25-1650-010,"59 FIVE POINTS ROAD, COLTS NECK, NJ, 07722",COLTSNECKHIGHSCHOOL,59FIVEPOINTSROADCOLTSNECKNJ07722,Colts Neck High School,"59 Five Points Road, Colts Neck, NJ, 07722",https://www.greatschools.org/new-jersey/colts-neck/626-Colts-Neck-High-School/,100.0,100.0
Somerset,North Plainfield School District,Somerset School,35-3670-080,"303 Somerset Street, North Plainfield, NJ, 07060",SOMERSETSCHOOL,303SOMERSETSTREETNORTHPLAINFIELDNJ07060,Somerset School,"303 Somerset Street, North Plainfield, NJ, 07060",https://www.greatschools.org/new-jersey/north-plainfield/1423-Somerset-School/,100.0,100.0
Passaic,Wayne Township Public School District,Anthony Wayne Middle School,31-5570-065,"201 GARSIDE AVENUE, WAYNE, NJ, 07470",ANTHONYWAYNEMIDDLESCHOOL,201GARSIDEAVENUEWAYNENJ07470,Anthony Wayne Middle School,"201 Garside Avenue, Wayne, NJ, 07470",https://www.greatschools.org/new-jersey/wayne/4297-Anthony-Wayne-Middle-School/,100.0,100.0
Camden,Waterford Township School District,Waterford Elementary School,07-5560-100,"1106 Old White Horse Pike, Waterford, NJ, 08089",WATERFORDELEMENTARYSCHOOL,1106OLDWHITEHORSEPIKEWATERFORDNJ08089,Waterford Elementary School,"1106 Old White Horse Pike, Waterford, NJ, 08089",https://www.greatschools.org/new-jersey/waterford/2123-Waterford-Elementary-School/,100.0,100.0
Gloucester,Pitman Boro School District,W.C.K. Walls Elementary School,15-4140-080,"320 Grant Avenue, Pitman, NJ, 08071",WCKWALLSELEMENTARYSCHOOL,320GRANTAVENUEPITMANNJ08071,W.C.K. Walls Elementary School,"320 Grant Avenue, Pitman, NJ, 08071",https://www.greatschools.org/new-jersey/pitman/1641-W.C.K.-Walls-Elementary-School/,100.0,100.0
Burlington,North Hanover Township School District,Discovery Elementary School,05-3650-020,"2 SCHOOL ROAD, JOINT BASE MDL, NJ, 08641",DISCOVERYELEMENTARYSCHOOL,2SCHOOLROADJOINTBASEMDLNJ08641,Discovery Elementary School,"2 SCHOOL ROAD, Joint Base MDL, NJ, 08641",https://www.greatschools.org/new-jersey/joint-base-mcguire_dix_lakehurst/1415-Discovery-Elementary-School/,100.0,100.0
Gloucester,West Deptford Township School District,Green-Fields Elementary School,15-5620-070,"15 HILL LANE, WOODBURY, NJ, 08096",GREENFIELDSELEMENTARYSCHOOL,15HILLLANEWOODBURYNJ08096,Green-Fields Elementary School,"15 Hill Lane, Woodbury, NJ, 08096",https://www.greatschools.org/new-jersey/woodbury/2143-Green-Fields-Elementary-School/,100.0,100.0
Burlington,Delran Township School District,Delran High School,05-1060-005,"50 HARTFORD ROAD, DELRAN, NJ, 08075",DELRANHIGHSCHOOL,50HARTFORDROADDELRANNJ08075,Delran High School,"50 Hartford Road, Delran, NJ, 08075",https://www.greatschools.org/new-jersey/delran/387-Delran-High-School/,100.0,100.0
Passaic,Wayne Township Public School District,James Fallon Elementary School,31-5570-085,"51 CLIFFORD DRIVE, WAYNE, NJ, 07470",FALLONELEMENTARYSCHOOL,51CLIFFORDDRIVEWAYNENJ07470,Fallon Elementary School,"51 Clifford Drive, Wayne, NJ, 07470",https://www.greatschools.org/new-jersey/wayne/3428-Fallon-Elementary-School/,100.0,100.0
Ocean,Toms River Regional School District,South Toms River Elementary School,29-5190-100,"419 DOVER ROAD, SOUTH TOMS RIVER, NJ, 08757",SOUTHTOMSRIVERELEMENTARYSCHOOL,419DOVERROADSOUTHTOMSRIVERNJ08757,South Toms River Elementary School,"419 DOVER ROAD, South Toms River, NJ, 08757",https://www.greatschools.org/new-jersey/toms-river/1959-South-Toms-River-Elementary-School/,100.0,100.0
Morris,School District of the Chathams,Chatham Middle School,27-0785-030,"480 MAIN STREET, CHATHAM, NJ, 07928",CHATHAMMIDDLESCHOOL,480MAINSTREETCHATHAMNJ07928,Chatham Middle School,"480 Main Street, Chatham, NJ, 07928",https://www.greatschools.org/new-jersey/chatham/2-Chatham-Middle-School/,100.0,100.0
Bergen,Ridgewood Public School District,Willard Elementary School,03-4390-130,"601 MORNINGSIDE RD, RIDGEWOOD, NJ, 07451",WILLARDELEMENTARYSCHOOL,601MORNINGSIDERDRIDGEWOODNJ07451,Willard Elementary School,"601 MORNINGSIDE RD, Ridgewood, NJ, 07451",https://www.greatschools.org/new-jersey/ridgewood/1739-Willard-Elementary-School/,100.0,100.0
Burlington,Lumberton Township Board of Education,Ashbrook Elementary School,05-2850-010,"33 MUNICIPAL DRIVE, LUMBERTON, NJ, 08048",ASHBROOKELEMENTARYSCHOOL,33MUNICIPALDRIVELUMBERTONNJ08048,Ashbrook Elementary School,"33 Municipal Drive, Lumberton, NJ, 08048",https://www.greatschools.org/new-jersey/lumberton/4140-Ashbrook-Elementary-School/,100.0,100.0
Salem,Salem County Special Services School District,Daretown School,33-4635-050,"404 DARETOWN ROAD, ELMER, NJ, 08318",DARETOWNSCHOOL,404DARETOWNROADELMERNJ08318,Daretown School,"404 Daretown Road, Elmer, NJ, 08318",https://www.greatschools.org/new-jersey/elmer/4195-Daretown-School/,100.0,100.0
Burlington,Shamong Township School District,Indian Mills Memorial School,05-4740-055,"295 INDIAN MILLS ROAD, SHAMONG, NJ, 08088",INDIANMILLSMEMORIALSCHOOL,295INDIANMILLSROADSHAMONGNJ08088,Indian Mills Memorial School,"295 Indian Mills Road, Shamong, NJ, 08088",https://www.greatschools.org/new-jersey/shamong/1832-Indian-Mills-Memorial-School/,100.0,100.0
Charters,Classical Academy Charter School of Clifton,Classical Academy Charter School of Clifton,80-6230-915,"1255 Main Avenue, CLIFTON, NJ, 07011",CLASSICALACADEMYCHARTERSCHOOLOFCLIFTO,1255MAINAVENUECLIFTONNJ07011,Classical Academy Charter School Of Clifto,"1255 Main Avenue, Clifton, NJ, 07011",https://www.greatschools.org/new-jersey/clifton/3366-Classical-Academy-Cs-Of-Clifto/,100.0,100.0
Essex,Irvington Public School District,Florence Avenue Elementary School,13-2330-100,"1324      SPRINGFIELD AVENUE, IRVINGTON, NJ, 07111",FLORENCEAVENUEELEMENTARYSCHOOL,1324SPRINGFIELDAVENUEIRVINGTONNJ07111,Florence Avenue Elementary School,"1324 Springfield Avenue, Irvington, NJ, 07111",https://www.greatschools.org/new-jersey/irvington/853-Florence-Avenue-Elementary-School/,100.0,100.0
Essex,Newark Public School District,Ivy Hill Elementary School,13-3570-565,"107 IVY STREET, NEWARK, NJ, 07106",IVYHILLELEMENTARYSCHOOL,107IVYSTREETNEWARKNJ07106,Ivy Hill Elementary School,"107 Ivy Street, Newark, NJ, 07106",https://www.greatschools.org/new-jersey/newark/6909-Ivy-Hill-Elementary-School/,100.0,100.0
Camden,Collingswood Public School District,William P Tatem Elementary School,07-0940-080,"265 LINCOLN AVENUE, COLLINGSWOOD, NJ, 08108",WILLIAMPTATEMELEMENTARYSCHOOL,265LINCOLNAVENUECOLLINGSWOODNJ08108,William P. Tatem Elementary School,"265 Lincoln Avenue, Collingswood, NJ, 08108",https://www.greatschools.org/new-jersey/collingswood/361-William-P.-Tatem-Elementary-School/,100.0,100.0
Morris,Jefferson Township Public School District,Ellen T. Briggs Elementary School,27-2380-040,"1 JEFFERSON DRIVE, LAKE HOPATCONG, NJ, 07849",ELLENTBRIGGSELEMENTARYSCHOOL,1JEFFERSONDRIVELAKEHOPATCONGNJ07849,Ellen T. Briggs Elementary School,"1 JEFFERSON DRIVE, LAKE HOPATCONG, NJ, 07849",https://www.greatschools.org/new-jersey/jefferson/868-Ellen-T.-Briggs-Elementary-School/,100.0,100.0
Essex,Newark Public School District,Sir Isaac Newton Elementary School,13-3570-315,"150 Newton Street, Newark, NJ, 07103",SIRISAACNEWTONELEMENTARYSCHOOL,150NEWTONSTREETNEWARKNJ07103,Sir Isaac Newton Elementary School,"150 Newton Street, Newark, NJ, 07103",https://www.greatschools.org/new-jersey/newark/1340-Sir-Isaac-Newton-Elementary-School/,100.0,100.0
Union,Union County Vocational-Technical School District,Simon Youth Academy,39-5260-302,"651 Kapkowski Road, Elizabeth, NJ, 07201",SIMONYOUTHACADEMY,651KAPKOWSKIROADELIZABETHNJ07201,Simon Youth Academy,"651 Kapkowski Road, Elizabeth, NJ, 07201",https://www.greatschools.org/new-jersey/elizabeth/8929-Simon-Youth-Academy/,100.0,100.0
Warren,Hackettstown Public School District,Hackettstown High School,41-1870-050,"599 Warren Street, HACKETTSTOWN, NJ, 07840",HACKETTSTOWNHIGHSCHOOL,599WARRENSTREETHACKETTSTOWNNJ07840,Hackettstown High School,"599 Warren Street, Hackettstown, NJ, 07840",https://www.greatschools.org/new-jersey/hackettstown/704-Hackettstown-High-School/,100.0,100.0
Salem,Pittsgrove Township School District,Arthur P. Schalick High School,33-4150-040,"718 CENTERTON ROAD, PITTSGROVE, NJ, 08318",ARTHURPSCHALICKHIGHSCHOOL,718CENTERTONROADPITTSGROVENJ08318,Arthur P Schalick High School,"718 Centerton Road, Pittsgrove, NJ, 08318",https://www.greatschools.org/new-jersey/pittsgrove-township/1642-Arthur-P-Schalick-High-School/,100.0,100.0
Sussex,Sussex-Wantage Regional School District,Clifton E. Lawrence,37-5100-020,"31 RYAN ROAD, WANTAGE, NJ, 07461",CLIFTONELAWRENCEELEMENTARYSCHOOL,31RYANROADWANTAGENJ07461,Clifton E. Lawrence Elementary School,"31 RYAN ROAD, Wantage, NJ, 07461",https://www.greatschools.org/new-jersey/wantage/1926-Clifton-E.-Lawrence-Elementary-School/,100.0,100.0
Essex,Newark Public School District,Newark School of Global Studies,13-3570-318,"24 Crane Street, Newark, NJ, 07104",NEWARKSCHOOLOFGLOBALSTUDIES,24CRANESTREETNEWARKNJ07104,Newark School Of Global Studies,"24 Crane Street, Newark, NJ, 07104",https://www.greatschools.org/new-jersey/newark/9202-Newark-School-Of-Global-Studies/,100.0,100.0
Burlington,Maple Shade School District,Maude M. Wilkins Elementary School,05-3010-080,"34 WEST MILL ROAD, MAPLE SHADE, NJ, 08052",MAUDEMWILKINSELEMENTARYSCHOOL,34WESTMILLROADMAPLESHADENJ08052,Maude M. Wilkins Elementary School,"34 West Mill Road, Maple Shade, NJ, 08052",https://www.greatschools.org/new-jersey/maple-shade-township/1106-Maude-M.-Wilkins-Elementary-School/,100.0,100.0
Bergen,Ridgewood Public School District,Hawes Elementary School,03-4390-085,"531 STEVENS AVENUE, RIDGEWOOD, NJ, 07451",HAWESELEMENTARYSCHOOL,531STEVENSAVENUERIDGEWOODNJ07451,Hawes Elementary School,"531 STEVENS AVENUE, Ridgewood, NJ, 07451",https://www.greatschools.org/new-jersey/ridgewood/1734-Hawes-Elementary-School/,100.0,100.0
Cape May,Ocean City School District,Ocean City Primary School,09-3780-070,"550 WEST AVENUE, OCEAN CITY, NJ, 08226",OCEANCITYPRIMARYSCHOOL,550WESTAVENUEOCEANCITYNJ08226,Ocean City Primary School,"550 West Avenue, Ocean City, NJ, 08226",https://www.greatschools.org/new-jersey/ocean-city/1452-Ocean-City-Primary-School/,100.0,100.0
Essex,Newark Public School District,Bard Early College High School,13-3570-304,"321 BERGEN STREET, NEWARK, NJ, 07103",BARDEARLYCOLLEGEHIGHSCHOOL,321BERGENSTREETNEWARKNJ07103,Bard Early College High School,"321 Bergen Street, Newark, NJ, 07103",https://www.greatschools.org/new-jersey/newark/7143-Bard-Early-College-High-School/,100.0,100.0
Warren,Hackettstown Public School District,Hatchery Hill Elementary School,41-1870-070,"398 5th Avenue, Hackettstown, NJ, 07840",HATCHERYHILLELEMENTARYSCHOOL,3985THAVENUEHACKETTSTOWNNJ07840,Hatchery Hill Elementary School,"398 5th Avenue, Hackettstown, NJ, 07840",https://www.greatschools.org/new-jersey/hackettstown/706-Hatchery-Hill-Elementary-School/,100.0,100.0
Charters,Red Bank Charter School,Red Bank Charter School,80-7720-915,"58 OAKLAND STREET, RED BANK, NJ, 07701",REDBANKCHARTERSCHOOL,58OAKLANDSTREETREDBANKNJ07701,Red Bank Charter School,"58 Oakland Street, Red Bank, NJ, 07701",https://www.greatschools.org/new-jersey/red-bank/3364-Red-Bank-Charter-School/,100.0,100.0
Camden,Haddonfield School District,Haddonfield Memorial High School,07-1900-050,"401 KINGS HIGHWAY EAST, HADDONFIELD, NJ, 08033",HADDONFIELDMEMORIALHIGHSCHOOL,401KINGSHIGHWAYEASTHADDONFIELDNJ08033,Haddonfield Memorial High School,"401 Kings Highway East, Haddonfield, NJ, 08033",https://www.greatschools.org/new-jersey/haddonfield/718-Haddonfield-Memorial-High-School/,100.0,100.0
Bergen,Fair Lawn Public School District,John A. Forrest Elementary School,03-1450-085,"10 - 00 HOPPER AVE, FAIR LAWN, NJ, 07410",JOHNAFORRESTELEMENTARYSCHOOL,1000HOPPERAVEFAIRLAWNNJ07410,John A. Forrest Elementary School,"10 - 00 HOPPER AVE, Fair Lawn, NJ, 07410",https://www.greatschools.org/new-jersey/fair-lawn/573-John-A.-Forrest-Elementary-School/,100.0,100.0
Morris,Netcong School District,Netcong Elementary School,27-3520-060,"26 COLLEGE ROAD, NETCONG, NJ, 07857",NETCONGELEMENTARYSCHOOL,26COLLEGEROADNETCONGNJ07857,Netcong Elementary School,"26 College Road, Netcong, NJ, 07857",https://www.greatschools.org/new-jersey/netcong/1294-Netcong-Elementary-School/,100.0,100.0
Warren,Hackettstown Public School District,Willow Grove Elementary School,41-1870-090,"601 WILLOW GROVE STREET, HACKETTSTOWN, NJ, 07840",WILLOWGROVEELEMENTARYSCHOOL,601WILLOWGROVESTREETHACKETTSTOWNNJ07840,Willow Grove Elementary School,"601 Willow Grove Street, Hackettstown, NJ, 07840",https://www.greatschools.org/new-jersey/hackettstown/707-Willow-Grove-Elementary-School/,100.0,100.0
Passaic,Bloomingdale School District,Samuel R. Donald Elementary School,31-0420-030,"29 CAPTOLENE AVENUE, BLOOMINGDALE, NJ, 07403",SAMUELRDONALDELEMENTARYSCHOOL,29CAPTOLENEAVENUEBLOOMINGDALENJ07403,Samuel R. Donald Elementary School,"29 Captolene Avenue, Bloomingdale, NJ, 07403",https://www.greatschools.org/new-jersey/bloomingdale/150-Samuel-R.-Donald-Elementary-School/,100.0,100.0
Atlantic,Estell Manor School District,Estell Manor Elementary School,01-1410-050,"128 CAPE MAY AVENUE, ESTELL MANOR, NJ, 08319",ESTELLMANORELEMENTARYSCHOOL,128CAPEMAYAVENUEESTELLMANORNJ08319,Estell Manor Elementary School,"128 Cape May Avenue, Estell Manor, NJ, 08319",https://www.greatschools.org/new-jersey/estell-manor/552-Estell-Manor-Elementary-School/,100.0,100.0
Morris,School District of the Chathams,Chatham High School,27-0785-010,"255 LAFAYETTE AVENUE, CHATHAM, NJ, 07928",CHATHAMHIGHSCHOOL,255LAFAYETTEAVENUECHATHAMNJ07928,Chatham High School,"255 LAFAYETTE AVENUE, Chatham, NJ, 07928",https://www.greatschools.org/new-jersey/chatham-township/1-Chatham-High-School/,100.0,100.0
Passaic,Wayne Township Public School District,Ryerson Elementary School,31-5570-140,"30 MC CLELLAND AVENUE, WAYNE, NJ, 07470",RYERSONELEMENTARYSCHOOL,30MCCLELLANDAVENUEWAYNENJ07470,Ryerson Elementary School,"30 McClelland Avenue, Wayne, NJ, 07470",https://www.greatschools.org/new-jersey/wayne/2133-Ryerson-Elementary-School/,100.0,100.0
Passaic,Clifton Public School District,Clifton High School,31-0900-030,"333 COLFAX AVENUE, CLIFTON, NJ, 07013",CLIFTONHIGHSCHOOL,333COLFAXAVENUECLIFTONNJ07013,Clifton High School,"333 Colfax Avenue, Clifton, NJ, 07013",https://www.greatschools.org/new-jersey/clifton/334-Clifton-High-School/,100.0,100.0
Mercer,Trenton Public School District,Robbins Elementary School,21-5210-280,"283 Tyler Street, Trenton, NJ, 08609",ROBBINSELEMENTARYSCHOOL,283TYLERSTREETTRENTONNJ08609,Robbins Elementary School,"283 Tyler Street, Trenton, NJ, 08609",https://www.greatschools.org/new-jersey/trenton/1986-Robbins-Elementary-School/,100.0,100.0
Monmouth,Freehold Regional High School District,Manalapan High School,25-1650-070,"20 CHURCH LANE, ENGLISHTOWN, NJ, 07726",MANALAPANHIGHSCHOOL,20CHURCHLANEENGLISHTOWNNJ07726,Manalapan High School,"20 CHURCH LANE, Englishtown, NJ, 07726",https://www.greatschools.org/new-jersey/manalapan-township/630-Manalapan-High-School/,100.0,100.0
Bergen,East Rutherford School District,Alfred S. Faust,03-1230-040,"100 Uhland Street, East Rutherford, NJ, 07073",ALFREDSFAUSTINTERMEDIATEELEMENTARYSCHOOL,100UHLANDSTREETEASTRUTHERFORDNJ07073,Alfred S. Faust Intermediate Elementary School,"100 Uhland Street, East Rutherford, NJ, 07073",https://www.greatschools.org/new-jersey/east-rutherford/457-Alfred-S.-Faust-Intermediate-Elementary-School/,100.0,100.0
Union,Westfield Public School District,Tamaques Elementary School,39-5730-145,"641 Willow Grove Road, Westfield, NJ, 07090",TAMAQUESELEMENTARYSCHOOL,641WILLOWGROVEROADWESTFIELDNJ07090,Tamaques Elementary School,"641 Willow Grove Road, Westfield, NJ, 07090",https://www.greatschools.org/new-jersey/westfield/2204-Tamaques-Elementary-School/,100.0,100.0
Warren,Harmony Township School District,Harmony Township School,41-2040-030,"2551 BELVIDERE ROAD, PHILLIPSBURG, NJ, 08865",HARMONYTOWNSHIPSCHOOL,2551BELVIDEREROADPHILLIPSBURGNJ08865,Harmony Township School,"2551 Belvidere Road, Phillipsburg, NJ, 08865",https://www.greatschools.org/new-jersey/phillipsburg/765-Harmony-Township-School/,100.0,100.0
Camden,Collingswood Public School District,Zane North Elementary School,07-0940-090,"801 STOKES AVENUE, COLLINGSWOOD, NJ, 08108",ZANENORTHELEMENTARYSCHOOL,801STOKESAVENUECOLLINGSWOODNJ08108,Zane North Elementary School,"801 Stokes Avenue, Collingswood, NJ, 08108",https://www.greatschools.org/new-jersey/collingswood/362-Zane-North-Elementary-School/,100.0,100.0
Bergen,Wood-Ridge School District,Catherine E. Doyle Elementary School,03-5830-060,"250 WOOD  RIDGE AVE, WOOD  RIDGE, NJ, 07075",CATHERINEEDOYLEELEMENTARYSCHOOL,250WOODRIDGEAVEWOODRIDGENJ07075,Catherine E. Doyle Elementary School,"250 WOOD RIDGE AVE, Wood-Ridge, NJ, 07075",https://www.greatschools.org/new-jersey/wood_ridge/2276-Catherine-E.-Doyle-Elementary-School/,100.0,100.0
Middlesex,Spotswood Public School District,Spotswood High School,23-4970-040,"105 SUMMERHILL ROAD, SPOTSWOOD, NJ, 08884",SPOTSWOODHIGHSCHOOL,105SUMMERHILLROADSPOTSWOODNJ08884,Spotswood High School,"105 Summerhill Road, Spotswood, NJ, 08884",https://www.greatschools.org/new-jersey/spotswood/1894-Spotswood-High-School/,100.0,100.0
Camden,HADDON HEIGHTS School District,Glenview Avenue,07-1880-060,"1700 Sycamore Street, HADDON HEIGHTS, NJ, 08035",GLENVIEWAVENUEELEMENTARYSCHOOL,1700SYCAMORESTREETHADDONHEIGHTSNJ08035,Glenview Avenue Elementary School,"1700 Sycamore Street, Haddon Heights, NJ, 08035",https://www.greatschools.org/new-jersey/haddon-heights/709-Glenview-Avenue-Elementary-School/,100.0,100.0
Middlesex,South Amboy School District,South Amboy Elementary,23-4830-060,"249 JOHN STREET, SOUTH AMBOY, NJ, 08879",SOUTHAMBOYELEMENTARYSCHOOL,249JOHNSTREETSOUTHAMBOYNJ08879,South Amboy Elementary School,"249 John Street, South Amboy, NJ, 08879",https://www.greatschools.org/new-jersey/south-amboy/1846-South-Amboy-Elementary-School/,100.0,100.0
Morris,Madison Public School District,Kings Road School,27-2870-080,"215 KINGS ROAD, MADISON, NJ, 07940",KINGSROADSCHOOL,215KINGSROADMADISONNJ07940,Kings Road School,"215 Kings Road, Madison, NJ, 07940",https://www.greatschools.org/new-jersey/madison/1054-Kings-Road-Elementary-School/,100.0,100.0
Ocean,Toms River Regional School District,Washington Street Elementary School,29-5190-110,"500 WEST EARL COURT, TOMS RIVER, NJ, 08753",WASHINGTONSTREETELEMENTARYSCHOOL,500WESTEARLCOURTTOMSRIVERNJ08753,Washington Street Elementary School,"500 West Earl Court, Toms River, NJ, 08753",https://www.greatschools.org/new-jersey/toms-river/1961-Washington-Street-Elementary-School/,100.0,100.0
Middlesex,Dunellen Public School District,John P. Faber Elementary School,23-1140-050,"400 HIGH STREET, DUNELLEN, NJ, 08812",JOHNPFABERELEMENTARYSCHOOL,400HIGHSTREETDUNELLENNJ08812,John P. Faber Elementary School,"400 High Street, Dunellen, NJ, 08812",https://www.greatschools.org/new-jersey/dunellen/420-John-P.-Faber-Elementary-School/,100.0,100.0
Bergen,Northvale Public School District,Northvale Public School,03-3730-050,"441 TAPPAN ROAD, NORTHVALE, NJ, 07647",NORTHVALEPUBLICSCHOOL,441TAPPANROADNORTHVALENJ07647,Northvale Public School,"441 Tappan Road, Northvale, NJ, 07647",https://www.greatschools.org/new-jersey/northvale/1434-Northvale-Public-School/,100.0,100.0
Essex,East Orange School District,East Orange Campus High School,13-1210-035,"344 PROSPECT STREET, EAST ORANGE, NJ, 07017",EASTORANGECAMPUSHIGHSCHOOL,344PROSPECTSTREETEASTORANGENJ07017,East Orange Campus High School,"344 Prospect Street, East Orange, NJ, 07017",https://www.greatschools.org/new-jersey/east-orange/3485-East-Orange-Campus-High-School/,100.0,100.0
Salem,Pittsgrove Township School District,Norma Elementary School,33-4150-050,"873 GERSHAL AVENUE, PITTSGROVE, NJ, 08318",NORMAELEMENTARYSCHOOL,873GERSHALAVENUEPITTSGROVENJ08318,Norma Elementary School,"873 Gershal Avenue, Pittsgrove, NJ, 08318",https://www.greatschools.org/new-jersey/elmer/1643-Norma-School/,100.0,100.0
Essex,Cedar Grove Township School District,North End Elementary School,13-0760-060,"122 Stevens Avenue, Cedar Grove, NJ, 07009",NORTHENDELEMENTARYSCHOOL,122STEVENSAVENUECEDARGROVENJ07009,North End Elementary School,"122 Stevens Avenue, Cedar Grove, NJ, 07009",https://www.greatschools.org/new-jersey/cedar-grove/286-North-End-Elementary-School/,100.0,100.0
Middlesex,Spotswood Public School District,E Raymond Appleby Elementary School,23-4970-050,"23 VLIET STREET, SPOTSWOOD, NJ, 08884",ERAYMONDAPPLEBYELEMENTARYSCHOOL,23VLIETSTREETSPOTSWOODNJ08884,E. Raymond Appleby Elementary School,"23 Vliet Street, Spotswood, NJ, 08884",https://www.greatschools.org/new-jersey/spotswood/1895-E.-Raymond-Appleby-Elementary-School/,100.0,100.0
Morris,West Morris Regional High School District,West Morris Central High School,27-5660-030,"259 BARTLEY ROAD, CHESTER, NJ, 07930",WESTMORRISCENTRALHIGHSCHOOL,259BARTLEYROADCHESTERNJ07930,West Morris Central High School,"259 Bartley Road, Chester, NJ, 07930",https://www.greatschools.org/new-jersey/chester/2166-West-Morris-Central-High-School/,100.0,100.0
Morris,Parsippany-Troy Hills Township School District,Parsippany Hills High School,27-3950-053,"20 Rita Drive, Morris Plains, NJ, 07950",PARSIPPANYHILLSHIGHSCHOOL,20RITADRIVEMORRISPLAINSNJ07950,Parsippany Hills High School,"20 Rita Drive, Morris Plains, NJ, 07950",https://www.greatschools.org/new-jersey/morris-plains/1503-Parsippany-Hills-High-School/,100.0,100.0
Passaic,Paterson Public School District,Newcomers High School,31-4010-314,"151 Ellison Street, Paterson, NJ, 07501",NEWCOMERSHIGHSCHOOL,151ELLISONSTREETPATERSONNJ07501,Newcomers High School,"151 Ellison Street, Paterson, NJ, 07501",https://www.greatschools.org/new-jersey/paterson/9247-Newcomers-High-School/,100.0,100.0
Morris,Lincoln Park School District,Lincoln Park Elementary School,27-2650-035,"274 PINEBROOK ROAD, LINCOLN PARK, NJ, 07035",LINCOLNPARKELEMENTARYSCHOOL,274PINEBROOKROADLINCOLNPARKNJ07035,Lincoln Park Elementary School,"274 Pine Brook Road, Lincoln Park, NJ, 07035",https://www.greatschools.org/new-jersey/lincoln-park/971-Lincoln-Park-Elementary-School/,100.0,100.0
Ocean,Lakewood Township School District,Ella G Clarke Elementary School,29-2520-080,"455 MANETTA AVENUE, LAKEWOOD, NJ, 08701",ELLAGCLARKEELEMENTARYSCHOOL,455MANETTAAVENUELAKEWOODNJ08701,Ella G Clarke Elementary School,"455 Manetta Avenue, Lakewood, NJ, 08701",https://www.greatschools.org/new-jersey/lakewood-township/945-Ella-G-Clarke-Elementary-School/,100.0,100.0
Mercer,East Windsor Regional School District,Hightstown High School,21-1245-050,"25 LESHIN LANE, HIGHTSTOWN, NJ, 08520",HIGHTSTOWNHIGHSCHOOL,25LESHINLANEHIGHTSTOWNNJ08520,Hightstown High School,"25 Leshin Lane, Hightstown, NJ, 08520",https://www.greatschools.org/new-jersey/hightstown/460-Hightstown-High-School/,100.0,100.0
Bergen,Tenafly Public School District,Tenafly High School,03-5160-050,"19 COLUMBUS DRIVE, TENAFLY, NJ, 07670",TENAFLYHIGHSCHOOL,19COLUMBUSDRIVETENAFLYNJ07670,Tenafly High School,"19 Columbus Drive, Tenafly, NJ, 07670",https://www.greatschools.org/new-jersey/tenafly/1938-Tenafly-High-School/,100.0,100.0
Charters,Foundation Academy Charter School,Foundation Academy Charter School,80-6017-932,"363 West State Street, Trenton, NJ, 08608",FOUNDATIONACADEMYCHARTERSCHOOL,363WESTSTATESTREETTRENTONNJ08608,Foundation Academy Charter School,"363 West State Street, Trenton, NJ, 08608",https://www.greatschools.org/new-jersey/trenton/7060-Foundation-Academy-Charter-School/,100.0,100.0
Passaic,Paterson Public School District,School 3,31-4010-070,"448 MAIN STREET, PATERSON, NJ, 07501",SCHOOL3,448MAINSTREETPATERSONNJ07501,School 3,"448 Main Street, Paterson, NJ, 07501",https://www.greatschools.org/new-jersey/paterson/1541-Number-3-Elementary-School/,100.0,100.0
Union,Township of Union School District,Battle Hill Elementary,39-5290-080,"2600 KILLIAN PLACE, UNION, NJ, 07083",BATTLEHILLELEMENTARYSCHOOL,2600KILLIANPLACEUNIONNJ07083,Battle Hill Elementary School,"2600 Killian Place, Union, NJ, 07083",https://www.greatschools.org/new-jersey/union/2017-Battle-Hill-Elementary-School/,100.0,100.0
Essex,Livingston Board of Education School District,Hillside Elementary School,13-2730-100,"98 BELMONT DRIVE, LIVINGSTON, NJ, 07039",HILLSIDEELEMENTARYSCHOOL,98BELMONTDRIVELIVINGSTONNJ07039,Hillside Elementary School,"98 Belmont Drive, Livingston, NJ, 07039",https://www.greatschools.org/new-jersey/livingston/1002-Hillside-Elementary-School/,100.0,100.0
Burlington,Burlington County Special Services School District,Lumberton Campus,05-0605-055,"71 ARK ROAD, LUMBERTON, NJ, 08048",LUMBERTONCAMPUS,71ARKROADLUMBERTONNJ08048,Lumberton Campus,"71 Ark Road, Lumberton, NJ, 08048",https://www.greatschools.org/new-jersey/lumberton/4119-Lumberton-Campus/,100.0,100.0
Middlesex,Old Bridge Township School District,M. Scott Carpenter Elementary School,23-3845-133,"ONE PAR AVENUE, OLD BRIDGE, NJ, 08857",MSCOTTCARPENTERELEMENTARYSCHOOL,ONEPARAVENUEOLDBRIDGENJ08857,M. Scott Carpenter Elementary School,"ONE PAR AVENUE, Old Bridge, NJ, 08857",https://www.greatschools.org/new-jersey/old-bridge-township/1067-M.-Scott-Carpenter-Elementary-School/,100.0,100.0
Passaic,Wayne Township Public School District,Theunis Dey Elementary School,31-5570-150,"55 WEBSTER DRIVE, WAYNE, NJ, 07470",THEUNISDEYELEMENTARYSCHOOL,55WEBSTERDRIVEWAYNENJ07470,Theunis Dey Elementary School,"55 Webster Drive, Wayne, NJ, 07470",https://www.greatschools.org/new-jersey/wayne/2135-Theunis-Dey-Elementary-School/,100.0,100.0
Somerset,South Bound Brook Public Schools,Robert Morris School,35-4850-060,"122 Elizabeth Street, South Bound Brook, NJ, 08880",ROBERTMORRISSCHOOL,122ELIZABETHSTREETSOUTHBOUNDBROOKNJ08880,Robert Morris School,"122 Elizabeth Street, South Bound Brook, NJ, 08880",https://www.greatschools.org/new-jersey/south-bound-brook/3465-Robert-Morris-School/,100.0,100.0
Monmouth,Keansburg School District,Joseph C. Caruso School,25-2400-050,"81 Frances Place, KEANSBURG, NJ, 07734",JOSEPHCCARUSOSCHOOL,81FRANCESPLACEKEANSBURGNJ07734,Joseph C Caruso School,"81 Frances Place, Keansburg, NJ, 07734",https://www.greatschools.org/new-jersey/keansburg/913-Joseph-C-Caruso-School/,100.0,100.0
Morris,Morris School District,Normandy Park School,27-3385-100,"19A NORMANDY PARKWAY, MORRISTOWN, NJ, 07960",NORMANDYPARKSCHOOL,19ANORMANDYPARKWAYMORRISTOWNNJ07960,Normandy Park School,"19A NORMANDY PARKWAY, Morristown, NJ, 07960",https://www.greatschools.org/new-jersey/morristown/3386-Normandy-Park-School/,100.0,100.0
Monmouth,Monmouth County Vocational School District,Class Academy,25-3260-003,"537 Tinton Avenue, Tinton Falls, NJ, 07724",CLASSACADEMY,537TINTONAVENUETINTONFALLSNJ07724,Class Academy,"537 Tinton Avenue, Tinton Falls, NJ, 07724",https://www.greatschools.org/new-jersey/tinton-falls/2151-Class-Academy/,100.0,100.0
Passaic,Hawthorne Public School District,Hawthorne High School,31-2100-050,"160 PARMELEE AVENUE, HAWTHORNE, NJ, 07506",HAWTHORNEHIGHSCHOOL,160PARMELEEAVENUEHAWTHORNENJ07506,Hawthorne High School,"160 Parmelee Avenue, Hawthorne, NJ, 07506",https://www.greatschools.org/new-jersey/hawthorne/775-Hawthorne-High-School/,100.0,100.0
Middlesex,South Plainfield School District,South Plainfield High School,23-4910-050,"200 LAKE STREET, SOUTH PLAINFIELD, NJ, 07080",SOUTHPLAINFIELDHIGHSCHOOL,200LAKESTREETSOUTHPLAINFIELDNJ07080,South Plainfield High School,"200 Lake Street, South Plainfield, NJ, 07080",https://www.greatschools.org/new-jersey/south-plainfield/1872-South-Plainfield-High-School/,100.0,100.0
Ocean,Point Pleasant Borough School District,Ocean Road Elementary School,29-4210-060,"BENEDICT STREET, POINT PLEASANT, NJ, 08742",OCEANROADELEMENTARYSCHOOL,BENEDICTSTREETPOINTPLEASANTNJ08742,Ocean Road Elementary School,"Benedict Street, Point Pleasant, NJ, 08742",https://www.greatschools.org/new-jersey/point-pleasant/1672-Ocean-Road-Elementary-School/,100.0,100.0
Mercer,Trenton Public School District,Mott Elementary School,21-5210-260,"45 Stokely Avenue, Trenton, NJ, 08611",MOTTELEMENTARYSCHOOL,45STOKELYAVENUETRENTONNJ08611,Mott Elementary School,"45 Stokely Avenue, Trenton, NJ, 08611",https://www.greatschools.org/new-jersey/trenton/1982-Mott-Elementary-School/,100.0,100.0
Monmouth,Marlboro Township School District,Marlboro Elementary School,25-3030-045,"100 SCHOOL ROAD WEST, MARLBORO, NJ, 07746",MARLBOROELEMENTARYSCHOOL,100SCHOOLROADWESTMARLBORONJ07746,Marlboro Elementary School,"100 School Road West, Marlboro, NJ, 07746",https://www.greatschools.org/new-jersey/marlboro-township/1112-Marlboro-Elementary-School/,100.0,100.0
Essex,East Orange School District,Benjamin Banneker Academy,13-1210-093,"500 South Clinton Street, EAST ORANGE, NJ, 07018",BENJAMINBANNEKERACADEMY,500SOUTHCLINTONSTREETEASTORANGENJ07018,Benjamin Banneker Academy,"500 South Clinton Street, East Orange, NJ, 07018",https://www.greatschools.org/new-jersey/east-orange/3377-Fourth-Avenue-Elementary-School/,100.0,100.0
Union,Elizabeth Public Schools,Elizabeth High School - Frank J Cicarell Academy,39-1320-025,"40 Morrell Street, ELIZABETH, NJ, 07202",ELIZABETHHIGHSCHOOL,40MORRELLSTREETELIZABETHNJ07202,Elizabeth High School,"40 Morrell Street, Elizabeth, NJ, 07202",https://www.greatschools.org/new-jersey/elizabeth/507-Elizabeth-High-School/,100.0,100.0
Hudson,Hudson County Schools of Technology School District,County Prep High School,17-2295-030,"525 MONTGOMERY STREET, JERSEY CITY, NJ, 07306",COUNTYPREPHIGHSCHOOL,525MONTGOMERYSTREETJERSEYCITYNJ07306,County Prep High School,"525 MONTGOMERY STREET, Jersey City, NJ, 07306",https://www.greatschools.org/new-jersey/jersey-city/841-County-Prep-High-School/,100.0,100.0
Hudson,Jersey City Public Schools,Innovation High School,17-2390-301,"239 Bergen Avenue, Jersey City, NJ, 07305",INNOVATIONHIGHSCHOOL,239BERGENAVENUEJERSEYCITYNJ07305,Innovation High School,"239 Bergen Avenue, Jersey City, NJ, 07305",https://www.greatschools.org/new-jersey/jersey-city/8720-Innovation-High-School/,100.0,100.0
Bergen,Ridgewood Public School District,Orchard Elementary School,03-4390-120,"230 DEMAREST ST, RIDGEWOOD, NJ, 07451",ORCHARDELEMENTARYSCHOOL,230DEMARESTSTRIDGEWOODNJ07451,Orchard Elementary School,"230 DEMAREST ST, Ridgewood, NJ, 07451",https://www.greatschools.org/new-jersey/ridgewood/1738-Orchard-Elementary-School/,100.0,100.0
Hunterdon,Flemington-Raritan Regional School District,Barley Sheaf Elementary School,19-1510-030,"80 BARLEY SHEAF ROAD, FLEMINGTON, NJ, 08822",BARLEYSHEAFELEMENTARYSCHOOL,80BARLEYSHEAFROADFLEMINGTONNJ08822,Barley Sheaf Elementary School,"80 Barley Sheaf Road, Flemington, NJ, 08822",https://www.greatschools.org/new-jersey/flemington/586-Barley-Sheaf-Elementary-School/,100.0,100.0
Sussex,Andover Regional School District,Florence M. Burd,37-0090-010,"219 NEWTON SPARTA ROAD, NEWTON, NJ, 07860",FLORENCEMBURDELEMENTARYSCHOOL,219NEWTONSPARTAROADNEWTONNJ07860,Florence M. Burd Elementary School,"219 Newton Sparta Road, Newton, NJ, 07860",https://www.greatschools.org/new-jersey/newton/36-Florence-M.-Burd-Elementary-School/,100.0,100.0
Bergen,Lodi School District,Lodi High School,03-2740-050,"99 PUTNAM STREET, LODI, NJ, 07644",LODIHIGHSCHOOL,99PUTNAMSTREETLODINJ07644,Lodi High School,"99 Putnam Street, Lodi, NJ, 07644",https://www.greatschools.org/new-jersey/lodi/1006-Lodi-High-School/,100.0,100.0
Monmouth,Bradley Beach School District,Bradley Beach Elementary School,25-0500-020,"515 BRINLEY AVENUE, BRADLEY BEACH, NJ, 07720",BRADLEYBEACHELEMENTARYSCHOOL,515BRINLEYAVENUEBRADLEYBEACHNJ07720,Bradley Beach Elementary School,"515 Brinley Avenue, Bradley Beach, NJ, 07720",https://www.greatschools.org/new-jersey/bradley-beach/168-Bradley-Beach-Elementary-School/,100.0,100.0
Bergen,Fort Lee School District,Lewis F. Cole Middle School,03-1550-100,"467 STILLWELL AVENUE, FORT LEE, NJ, 07024",LEWISFCOLEMIDDLESCHOOL,467STILLWELLAVENUEFORTLEENJ07024,Lewis F Cole Middle School,"467 Stillwell Avenue, Fort Lee, NJ, 07024",https://www.greatschools.org/new-jersey/fort-lee/603-Lewis-F--Cole-Middle-School/,100.0,100.0
Bergen,Paramus Public School District,Stony Lane Elementary School,03-3930-130,"W 110 RIDGEWOOD AVENUE, PARAMUS, NJ, 07652",STONYLANEELEMENTARYSCHOOL,W110RIDGEWOODAVENUEPARAMUSNJ07652,Stony Lane Elementary School,"W 110 RIDGEWOOD AVENUE, Paramus, NJ, 07652",https://www.greatschools.org/new-jersey/paramus/1497-Stony-Lane-Elementary-School/,100.0,100.0
Bergen,Fair Lawn Public School District,Henry B. Milnes Elementary School,03-1450-080,"8-01 PHILLIP ST, FAIR LAWN, NJ, 07410",HENRYBMILNESELEMENTARYSCHOOL,801PHILLIPSTFAIRLAWNNJ07410,Henry B. Milnes Elementary School,"8-01 PHILLIP ST, Fair Lawn, NJ, 07410",https://www.greatschools.org/new-jersey/fair-lawn/572-Henry-B.-Milnes-Elementary-School/,100.0,100.0
Bergen,Woodcliff Lake School District,Dorchester Elementary School,03-5880-030,"100 DORCHESTER ROAD, WOODCLIFF LAKE, NJ, 07677",DORCHESTERELEMENTARYSCHOOL,100DORCHESTERROADWOODCLIFFLAKENJ07677,Dorchester Elementary School,"100 Dorchester Road, Woodcliff Lake, NJ, 07677",https://www.greatschools.org/new-jersey/woodcliff-lake/2271-Dorchester-Elementary-School/,100.0,100.0
Middlesex,Spotswood Public School District,G Austin Schoenly Elementary School,23-4970-060,"80 KANE AVENUE, SPOTSWOOD, NJ, 08884",GAUSTINSCHOENLYELEMENTARYSCHOOL,80KANEAVENUESPOTSWOODNJ08884,G. Austin Schoenly Elementary School,"80 Kane Avenue, Spotswood, NJ, 08884",https://www.greatschools.org/new-jersey/spotswood/1896-G.-Austin-Schoenly-Elementary-School/,100.0,100.0
Cape May,Ocean City School District,Ocean City High School,09-3780-050,"501 ATLANTIC AVENUE, OCEAN CITY, NJ, 08226",OCEANCITYHIGHSCHOOL,501ATLANTICAVENUEOCEANCITYNJ08226,Ocean City High School,"501 Atlantic Avenue, Ocean City, NJ, 08226",https://www.greatschools.org/new-jersey/ocean-city/1450-Ocean-City-High-School/,100.0,100.0
Bergen,Paramus Public School District,Paramus High School,03-3930-050,"99 EAST CENTURY ROAD, PARAMUS, NJ, 07652",PARAMUSHIGHSCHOOL,99EASTCENTURYROADPARAMUSNJ07652,Paramus High School,"99 East Century Road, Paramus, NJ, 07652",https://www.greatschools.org/new-jersey/paramus/1491-Paramus-High-School/,100.0,100.0
Union,Scotch Plains-Fanwood School District,Terrill Middle School,39-4670-065,"1301 TERRILL ROAD, SCOTCH PLAINS, NJ, 07076",TERRILLMIDDLESCHOOL,1301TERRILLROADSCOTCHPLAINSNJ07076,Terrill Middle School,"1301 Terrill Road, Scotch Plains, NJ, 07076",https://www.greatschools.org/new-jersey/scotch-plains/1817-Terrill-Middle-School/,100.0,100.0
Bergen,Hasbrouck Heights School District,Euclid Elementary School,03-2080-060,"1 BURTON AVENUE, HASBROUCK HEIGHTS, NJ, 07604",EUCLIDELEMENTARYSCHOOL,1BURTONAVENUEHASBROUCKHEIGHTSNJ07604,Euclid Elementary School,"1 Burton Avenue, Hasbrouck Heights, NJ, 07604",https://www.greatschools.org/new-jersey/hasbrouck-heights/772-Euclid-Elementary-School/,100.0,100.0
Burlington,Willingboro Public School District,Twin Hills Elementary School,05-5805-120,"110 TWIN HILL DRIVE, WILLINGBORO, NJ, 08046",TWINHILLSELEMENTARYSCHOOL,110TWINHILLDRIVEWILLINGBORONJ08046,Twin Hills Elementary School,"110 Twin Hill Drive, Willingboro, NJ, 08046",https://www.greatschools.org/new-jersey/willingboro/2230-Twin-Hills-Elementary-School/,100.0,100.0
Monmouth,Keansburg School District,Keansburg High School,25-2400-010,"140 PORT MONMOUTH ROAD, KEANSBURG, NJ, 07734",KEANSBURGHIGHSCHOOL,140PORTMONMOUTHROADKEANSBURGNJ07734,Keansburg High School,"140 Port Monmouth Road, Keansburg, NJ, 07734",https://www.greatschools.org/new-jersey/keansburg/911-Keansburg-High-School/,100.0,100.0
Middlesex,Metuchen Public School District,Campbell Elementary School,23-3120-060,"24 DURHAM AVENUE, METUCHEN, NJ, 08840",CAMPBELLELEMENTARYSCHOOL,24DURHAMAVENUEMETUCHENNJ08840,Campbell Elementary School,"24 Durham Avenue, Metuchen, NJ, 08840",https://www.greatschools.org/new-jersey/metuchen/1143-Campbell-Elementary-School/,100.0,100.0
Passaic,West Milford Township Public School District,West Milford High School,31-5650-040,"67 HIGHLANDER DRIVE, WEST MILFORD, NJ, 07480",WESTMILFORDHIGHSCHOOL,67HIGHLANDERDRIVEWESTMILFORDNJ07480,West Milford High School,"67 Highlander Drive, West Milford, NJ, 07480",https://www.greatschools.org/new-jersey/west-milford/2158-West-Milford-High-School/,100.0,100.0
Charters,Academy Charter High School,Academy Charter High School,80-6010-910,"1725 MAIN STREET, LAKE COMO, NJ, 07719",ACADEMYCHARTERHIGHSCHOOL,1725MAINSTREETLAKECOMONJ07719,Academy Charter High School,"1725 Main Street, Lake Como, NJ, 07719",https://www.greatschools.org/new-jersey/lake-como/3363-Academy-Charter-High-School/,100.0,100.0
Bergen,Garfield Public School District,Garfield Early Childhood Learning Center,03-1700-040,"241 RAY STREET, GARFIELD, NJ, 07026",GARFIELDEARLYCHILDHOOD,241RAYSTREETGARFIELDNJ07026,Garfield Early Childhood,"241 Ray Street, Garfield, NJ, 07026",https://www.greatschools.org/new-jersey/garfield/4206-Garfield-Early-Childhood/,100.0,100.0
Bergen,Hackensack School District,Hackensack High School,03-1860-050,"FIRST & BEECH STREETS, HACKENSACK, NJ, 07601",HACKENSACKHIGHSCHOOL,FIRST&BEECHSTREETSHACKENSACKNJ07601,Hackensack High School,"FIRST & BEECH STREETS, Hackensack, NJ, 07601",https://www.greatschools.org/new-jersey/hackensack/698-Hackensack-High-School/,100.0,100.0
Bergen,Westwood Regional School District,Jessie F. George Elementary,03-5755-065,"1 PALM STREET, TOWNSHIP OF WASHINGTON, NJ, 07676",JESSIEFGEORGEELEMENTARYSCHOOL,1PALMSTREETTOWNSHIPOFWASHINGTONNJ07676,Jessie F George Elementary School,"1 Palm Street, Township of Washington, NJ, 07676",https://www.greatschools.org/new-jersey/township-of-washington/2211-Jessie-F--George-Elementary-School/,100.0,100.0
Charters,Gray Charter School,The Gray Charter School,80-6665-930,"55 LIBERTY STREET, NEWARK, NJ, 07102",GRAYCHARTERSCHOOL,55LIBERTYSTREETNEWARKNJ07102,Gray Charter School,"55 Liberty Street, Newark, NJ, 07102",https://www.greatschools.org/new-jersey/newark/3407-Gray-Charter-School/,100.0,100.0
Monmouth,Howell Township Public School District,Edith M. Griebling Elementary School,25-2290-020,"130 HAVENS BRIDGE ROAD, FARMINGDALE, NJ, 07727",EDITHMGRIEBLINGELEMENTARYSCHOOL,130HAVENSBRIDGEROADFARMINGDALENJ07727,Edith M. Griebling Elementary School,"130 Havens Bridge Road, Farmingdale, NJ, 07727",https://www.greatschools.org/new-jersey/farmingdale/832-Edith-M.-Griebling-Elementary-School/,100.0,100.0
Cape May,Woodbine School District,Woodbine Elementary School,09-5840-050,"801 WEBSTER STREET, WOODBINE, NJ, 08270",WOODBINEELEMENTARYSCHOOL,801WEBSTERSTREETWOODBINENJ08270,Woodbine Elementary School,"801 Webster Street, Woodbine, NJ, 08270",https://www.greatschools.org/new-jersey/woodbine/2241-Woodbine-Elementary-School/,100.0,100.0
Essex,Newark Public School District,Michelle Obama Elementary School,13-3570-321,"186 14th Avenue, Newark, NJ, 07103",MICHELLEOBAMAELEMENTARYSCHOOL,18614THAVENUENEWARKNJ07103,Michelle Obama Elementary School,"186 14th Avenue, Newark, NJ, 07103",https://www.greatschools.org/new-jersey/newark/9248-Michelle-Obama-Elementary-School/,100.0,100.0
Gloucester,Deptford Township Public School District,Shady Lane Elementary School,15-1100-140,"130 PEACH STREET, WESTVILLE, NJ, 08093",SHADYLANEELEMENTARYSCHOOL,130PEACHSTREETWESTVILLENJ08093,Shady Lane Elementary School,"130 Peach Street, Westville, NJ, 08093",https://www.greatschools.org/new-jersey/westville/405-Shady-Lane-Elementary-School/,100.0,100.0
Mercer,Trenton Public School District,Paul S. Robeson Elementary School,21-5210-080,"350 Cuyler Avenue, Trenton, NJ, 08629",PAULSROBESONELEMENTARYSCHOOL,350CUYLERAVENUETRENTONNJ08629,Paul S. Robeson Elementary School,"350 Cuyler Avenue, Trenton, NJ, 08629",https://www.greatschools.org/new-jersey/trenton/1969-Hedgepeth--Williams-School/,100.0,100.0
Morris,Butler Public School District,Butler High School,27-0630-020,"38 BARTHOLDI AVENUE, BUTLER, NJ, 07405",BUTLERHIGHSCHOOL,38BARTHOLDIAVENUEBUTLERNJ07405,Butler High School,"38 Bartholdi Avenue, Butler, NJ, 07405",https://www.greatschools.org/new-jersey/butler/226-Butler-High-School/,100.0,100.0
Camden,Haddon Township School District,Stoy Elementary School,07-1890-080,"206 BRIARWOOD AVENUE, HADDONFIELD, NJ, 08033",STOYELEMENTARYSCHOOL,206BRIARWOODAVENUEHADDONFIELDNJ08033,Stoy Elementary School,"206 Briarwood Avenue, Haddonfield, NJ, 08033",https://www.greatschools.org/new-jersey/haddonfield/715-Stoy-Elementary-School/,100.0,100.0
Essex,Essex County Schools of Technology,Essex County Newark Tech,13-1390-070,"91 WEST MARKET STREET, NEWARK, NJ, 07103",ESSEXCOUNTYNEWARKTECH,91WESTMARKETSTREETNEWARKNJ07103,Essex County Newark Tech,"91 West Market Street, Newark, NJ, 07103",https://www.greatschools.org/new-jersey/newark/547-West-Market-Street-Vocational-School/,100.0,100.0
Essex,Newark Public School District,East Ward Elementary School,13-3570-303,"104 Oliver Street, Newark, NJ, 07105",EASTWARDELEMENTARYSCHOOL,104OLIVERSTREETNEWARKNJ07105,East Ward Elementary School,"104 Oliver Street, Newark, NJ, 07105",https://www.greatschools.org/new-jersey/newark/8694-New-Oliver-Street-School/,100.0,100.0
Bergen,Teaneck School District,Theodora Smiley Lacey Elementary School,03-5150-300,"One Merrison Street, Teaneck, NJ, 07666",THEODORASMILEYLACEYELEMENTARYSCHOOL,ONEMERRISONSTREETTEANECKNJ07666,Theodora Smiley Lacey Elementary School,"ONE MERRISON STREET, Teaneck, NJ, 07666",https://www.greatschools.org/new-jersey/teaneck/9236-Theodora-Smiley-Lacey-Elementary-School/,100.0,100.0
Camden,Cherry Hill School District,Clara Barton Elementary School,07-0800-069,"223 Rhode Island Ave., CHERRY HILL, NJ, 08034",CLARABARTONELEMENTARYSCHOOL,223RHODEISLANDAVECHERRYHILLNJ08034,Clara Barton Elementary School,"223 Rhode Island Ave., Cherry Hill, NJ, 08034",https://www.greatschools.org/new-jersey/cherry-hill/298-Clara-Barton-Elementary-School/,100.0,100.0
Union,Westfield Public School District,Wilson Elementary School,39-5730-160,"301 Linden Avenue, Westfield, NJ, 07090",WILSONELEMENTARYSCHOOL,301LINDENAVENUEWESTFIELDNJ07090,Wilson Elementary School,"301 Linden Avenue, Westfield, NJ, 07090",https://www.greatschools.org/new-jersey/westfield/2206-Wilson-Elementary-School/,100.0,100.0
Ocean,Toms River Regional School District,Beachwood Elementary School,29-5190-064,"901 BERKELEY AVENUE, BEACHWOOD, NJ, 08722",BEACHWOODELEMENTARYSCHOOL,901BERKELEYAVENUEBEACHWOODNJ08722,Beachwood Elementary School,"901 Berkeley Avenue, Beachwood, NJ, 08722",https://www.greatschools.org/new-jersey/beachwood/1964-Beachwood-Elementary-School/,100.0,100.0
Camden,Camden City School District,Dr. Henry H. Davis Elementary School,07-0680-180,"3425 Cramer Street, CAMDEN, NJ, 08105",DAVISELEMENTARYSCHOOL,3425CRAMERSTREETCAMDENNJ08105,Davis Elementary School,"3425 Cramer Street, Camden, NJ, 08105",https://www.greatschools.org/new-jersey/camden/250-Davis-Elementary-School/,100.0,100.0
Morris,Montville Township School District,Robert R Lazar Middle School,27-3340-030,"123 CHANGEBRIDGE ROAD, MONTVILLE, NJ, 07045",ROBERTRLAZARMIDDLESCHOOL,123CHANGEBRIDGEROADMONTVILLENJ07045,Robert R Lazar Middle School,"123 Changebridge Road, Montville, NJ, 07045",https://www.greatschools.org/new-jersey/montville/1233-Robert-R-Lazar-Middle-School/,100.0,100.0
Passaic,Pompton Lakes School District,Pompton Lakes High School,31-4230-050,"44 LAKESIDE AVENUE, POMPTON LAKES, NJ, 07442",POMPTONLAKESHIGHSCHOOL,44LAKESIDEAVENUEPOMPTONLAKESNJ07442,Pompton Lakes High School,"44 Lakeside Avenue, Pompton Lakes, NJ, 07442",https://www.greatschools.org/new-jersey/pompton-lakes/1675-Pompton-Lakes-High-School/,100.0,100.0
Gloucester,Elk Township School District,Aura Elementary School,15-1330-010,"900 Clems Run, GLASSBORO, NJ, 08028",AURAELEMENTARYSCHOOL,900CLEMSRUNGLASSBORONJ08028,Aura Elementary School,"900 Clems Run, Glassboro, NJ, 08028",https://www.greatschools.org/new-jersey/glassboro/529-Aura-Elementary-School/,100.0,100.0
Bergen,Fair Lawn Public School District,Thomas Jefferson Middle School,03-1450-060,"35 - 01 MORLOT AVENUE, FAIR LAWN, NJ, 07410",THOMASJEFFERSONMIDDLESCHOOL,3501MORLOTAVENUEFAIRLAWNNJ07410,Thomas Jefferson Middle School,"35 - 01 MORLOT AVENUE, Fair Lawn, NJ, 07410",https://www.greatschools.org/new-jersey/fair-lawn/569-Thomas-Jefferson-Middle-School/,100.0,100.0
Essex,Newark Public School District,Elliott Street Elementary School,13-3570-390,"721 Summer Avenue, NEWARK, NJ, 07104",ELLIOTTSTREETELEMENTARYSCHOOL,721SUMMERAVENUENEWARKNJ07104,Elliott Street Elementary School,"721 Summer Avenue, Newark, NJ, 07104",https://www.greatschools.org/new-jersey/newark/1347-Elliott-Street-Elementary-School/,100.0,100.0
Hudson,North Bergen School District,Polk Street School,17-3610-300,"7111 Polk Street, North Bergen, NJ, 07047",POLKSTREETSCHOOL,7111POLKSTREETNORTHBERGENNJ07047,Polk Street School,"7111 Polk Street, North Bergen, NJ, 07047",https://www.greatschools.org/new-jersey/north-bergen/9213-Polk-Street-School/,100.0,100.0
Bergen,Fairview Public School District,Number Three School,03-1470-080,"403 CLIFF STREET, FAIRVIEW, NJ, 07022",NUMBERTHREESCHOOL,403CLIFFSTREETFAIRVIEWNJ07022,Number Three School,"403 Cliff Street, Fairview, NJ, 07022",https://www.greatschools.org/new-jersey/fairview/583-Number-3-Elementary-School/,100.0,100.0
Charters,Teaneck Community Charter School,Teaneck Community Charter school,80-7890-920,"563 CHESTNUT AVENUE, TEANECK, NJ, 07666",TEANECKCOMMUNITYCHARTERSCHOOL,563CHESTNUTAVENUETEANECKNJ07666,Teaneck Community Charter School,"563 Chestnut Avenue, Teaneck, NJ, 07666",https://www.greatschools.org/new-jersey/teaneck/3330-Teaneck-Community-Charter-School/,100.0,100.0
Passaic,Ringwood School District,Eleanor G. Hewitt,31-4400-050,"266 SLOATSBURG ROAD, RINGWOOD, NJ, 07456",ELEANORGHEWITTELEMENTARYSCHOOL,266SLOATSBURGROADRINGWOODNJ07456,Eleanor G. Hewitt Elementary School,"266 Sloatsburg Road, Ringwood, NJ, 07456",https://www.greatschools.org/new-jersey/ringwood/1740-Eleanor-G.-Hewitt-Elementary-School/,100.0,100.0
Ocean,Toms River Regional School District,Joseph A. Citta Elementary School,29-5190-067,"2050 LAKEWOOD ROAD, TOMS RIVER, NJ, 08755",JOSEPHACITTAELEMENTARYSCHOOL,2050LAKEWOODROADTOMSRIVERNJ08755,Joseph A Citta Elementary School,"2050 Lakewood Road, Toms River, NJ, 08755",https://www.greatschools.org/new-jersey/toms-river/3396-Joseph-A--Citta-Elementary-School/,100.0,100.0
Monmouth,Asbury Park School District,Barack Obama Elementary School,25-0100-020,"1300 BANGS AVENUE, ASBURY PARK, NJ, 07712",BARACKOBAMAELEMENTARYSCHOOL,1300BANGSAVENUEASBURYPARKNJ07712,Barack Obama Elementary School,"1300 Bangs Avenue, Asbury Park, NJ, 07712",https://www.greatschools.org/new-jersey/asbury-park/40-Barack-Obama-Elementary-School/,100.0,100.0
Burlington,Edgewater Park Township School District,Mildred Magowan Elementary School,05-1280-050,"405 CHERRIX AVENUE, EDGEWATER PARK, NJ, 08010",MAGOWANELEMENTARYSCHOOL,405CHERRIXAVENUEEDGEWATERPARKNJ08010,Magowan Elementary School,"405 CHERRIX AVENUE, Edgewater Park, NJ, 08010",https://www.greatschools.org/new-jersey/beverly/475-Magowan-Elementary-School/,100.0,100.0
Bergen,Ridgewood Public School District,Ridgewood High School,03-4390-050,"627 EAST RIDGEWOOD AVE, RIDGEWOOD, NJ, 07451",RIDGEWOODHIGHSCHOOL,627EASTRIDGEWOODAVERIDGEWOODNJ07451,Ridgewood High School,"627 EAST RIDGEWOOD AVE, Ridgewood, NJ, 07451",https://www.greatschools.org/new-jersey/ridgewood/1731-Ridgewood-High-School/,100.0,100.0
Essex,Irvington Public School District,Madison Avenue,13-2330-120,"173 Madison Avenue, IRVINGTON, NJ, 07111",MADISONAVENUEELEMENTARYSCHOOL,173MADISONAVENUEIRVINGTONNJ07111,Madison Avenue Elementary School,"173 Madison Avenue, Irvington, NJ, 07111",https://www.greatschools.org/new-jersey/irvington/849-Madison-Avenue-Elementary-School/,100.0,100.0
Charters,Phillip's Academy  Charter School,Philip's Academy Charter School,80-6094-968,"342 Central Avenue, Newark, NJ, 07103",PHILIP'SACADEMYCHARTERSCHOOL,342CENTRALAVENUENEWARKNJ07103,Philip's Academy Charter School,"342 Central Avenue, Newark, NJ, 07103",https://www.greatschools.org/new-jersey/newark/2955-Philips-Academy-Charter-School/,100.0,100.0
Bergen,Northern Valley Regional High School District,Northern Valley Regional High School at Demarest,03-3710-050,"150 Knickerbocker Road, Demarest, NJ, 07627",NORTHERNVALLEYREGIONALHIGHSCHOOLATDEMAREST,150KNICKERBOCKERROADDEMARESTNJ07627,Northern Valley Regional High School at Demarest,"150 Knickerbocker Road, Demarest, NJ, 07627",https://www.greatschools.org/new-jersey/demarest/1430-N-Valley-Reg-H-Demarest/,100.0,100.0
Middlesex,Monroe Township School District,Oak Tree Elementary School,23-3290-060,"226 APPLEGARTH ROAD, MONROE TOWNSHIP, NJ, 08831",OAKTREEELEMENTARYSCHOOL,226APPLEGARTHROADMONROETOWNSHIPNJ08831,Oak Tree Elementary School,"226 Applegarth Road, Monroe Township, NJ, 08831",https://www.greatschools.org/new-jersey/monroe-township/6908-Oak-Tree-Elementary-School/,100.0,100.0
Charters,Chartertech High School for the Performing Arts,Chartertech High School for the Performing Arts,80-7410-940,"413 NEW ROAD, SOMERS POINT, NJ, 08244",CHARTERTECHHIGHSCHOOL,413NEWROADSOMERSPOINTNJ08244,Charter-Tech High School,"413 New Road, Somers Point, NJ, 08244",https://www.greatschools.org/new-jersey/somers-point/3334-Charter-Tech-High-School/,100.0,100.0
Bergen,Lyndhurst School District,Lyndhurst High School,03-2860-050,"400 Weart Avenue, LYNDHURST, NJ, 07071",LYNDHURSTHIGHSCHOOL,400WEARTAVENUELYNDHURSTNJ07071,Lyndhurst High School,"400 Weart Avenue, Lyndhurst, NJ, 07071",https://www.greatschools.org/new-jersey/lyndhurst/1045-Lyndhurst-High-School/,100.0,100.0
Union,Mountainside School District,Deerfield Elementary School,39-3470-030,"302 CENTRAL AVENUE, MOUNTAINSIDE, NJ, 07092",DEERFIELDELEMENTARYSCHOOL,302CENTRALAVENUEMOUNTAINSIDENJ07092,Deerfield Elementary School,"302 Central Avenue, Mountainside, NJ, 07092",https://www.greatschools.org/new-jersey/mountainside/1281-Deerfield-Elementary-School/,100.0,100.0
Ocean,Point Pleasant Beach School District,G. Harold Antrim Elementary School,29-4220-060,"401 Niblick Street, Point Pleasant Beach, NJ, 08742",GHAROLDANTRIMELEMENTARYSCHOOL,401NIBLICKSTREETPOINTPLEASANTBEACHNJ08742,G Harold Antrim Elementary School,"401 Niblick Street, Point Pleasant Beach, NJ, 08742",https://www.greatschools.org/new-jersey/point-pleasant-beach/1674-G-Harold-Antrim-Elementary-School/,100.0,100.0
Bergen,Bergenfield Borough School District,Hoover Elementary School,03-0300-050,"273 MURRAY HILL TERRACE, BERGENFIELD, NJ, 07621",HOOVERELEMENTARYSCHOOL,273MURRAYHILLTERRACEBERGENFIELDNJ07621,Hoover Elementary School,"273 Murray Hill Terrace, Bergenfield, NJ, 07621",https://www.greatschools.org/new-jersey/bergenfield/110-Hoover-Elementary-School/,100.0,100.0
Mercer,Princeton Public Schools,Princeton High School,21-4255-050,"151 MOORE STREET, PRINCETON, NJ, 08540",PRINCETONHIGHSCHOOL,151MOORESTREETPRINCETONNJ08540,Princeton High School,"151 Moore Street, Princeton, NJ, 08540",https://www.greatschools.org/new-jersey/princeton/1681-Princeton-High-School/,100.0,100.0
Monmouth,Monmouth Beach School District,Monmouth Beach Elementary School,25-3250-050,"7 HASTINGS PLACE, MONMOUTH BEACH, NJ, 07750",MONMOUTHBEACHELEMENTARYSCHOOL,7HASTINGSPLACEMONMOUTHBEACHNJ07750,Monmouth Beach Elementary School,"7 Hastings Place, Monmouth Beach, NJ, 07750",https://www.greatschools.org/new-jersey/monmouth-beach/1201-Monmouth-Beach-Elementary-School/,100.0,100.0
Mercer,Trenton Public School District,Joseph Stokes Elementary School,21-5210-306,"915 Parkside Avenue, Trenton, NJ, 08618",STOKESELEMENTARYSCHOOL,915PARKSIDEAVENUETRENTONNJ08618,Stokes Elementary School,"915 Parkside Avenue, Trenton, NJ, 08618",https://www.greatschools.org/new-jersey/trenton/9251-Stokes-Elementary-School/,100.0,100.0
Middlesex,East Brunswick Township School District,Warnsdorfer Elementary School,23-1170-138,"9 HARDENBURG LANE, EAST BRUNSWICK, NJ, 08816",WARNSDORFERELEMENTARYSCHOOL,9HARDENBURGLANEEASTBRUNSWICKNJ08816,Warnsdorfer Elementary School,"9 Hardenburg Lane, East Brunswick, NJ, 08816",https://www.greatschools.org/new-jersey/east-brunswick/432-Warnsdorfer-Elementary-School/,100.0,100.0
Union,Plainfield Public School District,Dewitt D. Barlow Elementary School,39-4160-080,"E  FRONT ST & FARRAGUT RD, PLAINFIELD, NJ, 07060",DEWITTDBARLOWELEMENTARYSCHOOL,EFRONTST&FARRAGUTRDPLAINFIELDNJ07060,Dewitt D. Barlow Elementary School,"E FRONT ST & FARRAGUT RD, Plainfield, NJ, 07060",https://www.greatschools.org/new-jersey/plainfield/1649-Dewitt-D.-Barlow-Elementary-School/,100.0,100.0
Cumberland,Millville School District,Rieck Avenue Elementary School,11-3230-085,"339 RIECK AVENUE, MILLVILLE, NJ, 08332",RIECKAVENUEELEMENTARYSCHOOL,339RIECKAVENUEMILLVILLENJ08332,Rieck Avenue Elementary School,"339 Rieck Avenue, Millville, NJ, 08332",https://www.greatschools.org/new-jersey/millville/1198-Rieck-Avenue-Elementary-School/,100.0,100.0
Camden,Cherry Hill School District,Barclay Early Childhood Center,07-0800-062,"1220 Winston Way, CHERRY HILL, NJ, 08034",BARCLAYEARLYCHILDHOODCENTER,1220WINSTONWAYCHERRYHILLNJ08034,Barclay Early Childhood Center,"1220 Winston Way, Cherry Hill, NJ, 08034",https://www.greatschools.org/new-jersey/cherry-hill/3374-Barclay-School/,100.0,100.0
Passaic,Wanaque School District,Wanaque Elementary School,31-5440-070,"FIRST STREET, WANAQUE, NJ, 07465",WANAQUEELEMENTARYSCHOOL,FIRSTSTREETWANAQUENJ07465,Wanaque Elementary School,"FIRST STREET, Wanaque, NJ, 07465",https://www.greatschools.org/new-jersey/wanaque/2087-Wanaque-Elementary-School/,100.0,100.0
Monmouth,Holmdel Township School District,Indian Hill School,25-2230-050,"735 HOLMDEL ROAD, HOLMDEL, NJ, 07733",INDIANHILLSCHOOL,735HOLMDELROADHOLMDELNJ07733,Indian Hill School,"735 Holmdel Road, Holmdel, NJ, 07733",https://www.greatschools.org/new-jersey/holmdel/815-Indian-Hill-School/,100.0,100.0
Hunterdon,Tewksbury Township School District,Old Turnpike School,19-5180-030,"171 OLD TURNPIKE ROAD, CALIFON, NJ, 07830",OLDTURNPIKESCHOOL,171OLDTURNPIKEROADCALIFONNJ07830,Old Turnpike School,"171 OLD TURNPIKE ROAD, Califon, NJ, 07830",https://www.greatschools.org/new-jersey/tewksbury/1944-Old-Turnpike-School/,100.0,100.0
Mercer,Princeton Public Schools,Johnson Park School,21-4255-070,"285 ROSEDALE ROAD, PRINCETON, NJ, 08540",JOHNSONPARKSCHOOL,285ROSEDALEROADPRINCETONNJ08540,Johnson Park School,"285 Rosedale Road, Princeton, NJ, 08540",https://www.greatschools.org/new-jersey/princeton/1680-Johnson-Park-School/,100.0,100.0
Hunterdon,Califon Borough School District,Califon Public School,19-0670-030,"6 SCHOOL STREET, CALIFON, NJ, 07830",CALIFONPUBLICSCHOOL,6SCHOOLSTREETCALIFONNJ07830,Califon Public School,"6 School Street, Califon, NJ, 07830",https://www.greatschools.org/new-jersey/califon/237-Califon-Borough-Elementary-School/,100.0,100.0
Passaic,Paterson Public School District,"Charles J. Riley, School 9",31-4010-130,"6 TIMOTHY STREET, PATERSON, NJ, 07503",CHARLESJRILEYSCHOOL9,6TIMOTHYSTREETPATERSONNJ07503,Charles J. Riley School 9,"6 Timothy Street, Paterson, NJ, 07503",https://www.greatschools.org/new-jersey/paterson/1547-Number-9-Elementary-School/,100.0,100.0
Sussex,Hopatcong Borough School District,Hopatcong High School,37-2240-030,"2A Windsor Ave, Hopatcong, NJ, 07843",HOPATCONGHIGHSCHOOL,2AWINDSORAVEHOPATCONGNJ07843,Hopatcong High School,"2A Windsor Ave, Hopatcong, NJ, 07843",https://www.greatschools.org/new-jersey/hopatcong/817-Hopatcong-High-School/,100.0,100.0
Monmouth,Monmouth County Vocational School District,Marine Academy of Science and Technology,25-3260-020,"305 Mast Way, Highlands, NJ, 07732",MARINEACADEMYOFSCIENCEANDTECHNOLOGY,305MASTWAYHIGHLANDSNJ07732,Marine Academy of Science and Technology,"305 MAST Way, Highlands, NJ, 07732",https://www.greatschools.org/new-jersey/highlands/2154-Marine-Academy-Sci--Tech/,100.0,100.0
Atlantic,Absecon Public Schools District,Emma C Attales,01-0010-050,"800 IRELAN AVENUE, ABSECON, NJ, 08201",EMMACATTALESMIDDLESCHOOL,800IRELANAVENUEABSECONNJ08201,Emma C. Attales Middle School,"800 Irelan Avenue, Absecon, NJ, 08201",https://www.greatschools.org/new-jersey/absecon/26-Emma-C.-Attales-Elementary-School/,100.0,100.0
Middlesex,Perth Amboy Public School District,Rose M. Lopez Elementary School,23-4090-301,"435 Seaman Avenue, Perth Amboy, NJ, 08861",ROSEMLOPEZELEMENTARYSCHOOL,435SEAMANAVENUEPERTHAMBOYNJ08861,Rose M. Lopez Elementary School,"435 Seaman Avenue, Perth Amboy, NJ, 08861",https://www.greatschools.org/new-jersey/perth-amboy/9214-Rose-M.-Lopez-Elementary-School/,100.0,100.0
Hunterdon,North Hunterdon-Voorhees Regional High School District,Voorhees High School,19-3660-060,"256 County Route 513, Glen Gardner, NJ, 08826",VOORHEESHIGHSCHOOL,256COUNTYROUTE513GLENGARDNERNJ08826,Voorhees High School,"256 County Route 513, Glen Gardner, NJ, 08826",https://www.greatschools.org/new-jersey/glen-gardner/1420-Voorhees-High-School/,100.0,100.0
Passaic,Paterson Public School District,Dr. Hani Awadallah School,31-4010-313,"515 MARSHALL STREET, PATERSON, NJ, 07503",DRHANIAWADALLAHSCHOOL,515MARSHALLSTREETPATERSONNJ07503,Dr Hani Awadallah School,"515 Marshall Street, Paterson, NJ, 07503",https://www.greatschools.org/new-jersey/paterson/8859-Dr-Hani-Awadallah-School/,100.0,100.0
Middlesex,South Plainfield School District,John E Riley Elementary School,23-4910-058,"100 MORRIS AVENUE, SOUTH PLAINFIELD, NJ, 07080",JOHNERILEYELEMENTARYSCHOOL,100MORRISAVENUESOUTHPLAINFIELDNJ07080,John E. Riley Elementary School,"100 Morris Avenue, South Plainfield, NJ, 07080",https://www.greatschools.org/new-jersey/south-plainfield/1875-John-E.-Riley-Elementary-School/,100.0,100.0
Monmouth,Upper Freehold Regional School District,Allentown High School,25-5310-050,"27 High Street, ALLENTOWN, NJ, 08501",ALLENTOWNHIGHSCHOOL,27HIGHSTREETALLENTOWNNJ08501,Allentown High School,"27 High Street, Allentown, NJ, 08501",https://www.greatschools.org/new-jersey/allentown/2026-Allentown-High-School/,100.0,100.0
Camden,Runnemede Public School District,Grade Downing Elementary School,07-4590-030,"3RD & CENTRAL AVES, RUNNEMEDE, NJ, 08078",DOWNINGELEMENTARYSCHOOL,3RD&CENTRALAVESRUNNEMEDENJ08078,Downing Elementary School,"3RD & CENTRAL AVES, Runnemede, NJ, 08078",https://www.greatschools.org/new-jersey/runnemede/1787-Downing-Elementary-School/,100.0,100.0
Essex,Bloomfield Township School District,Brookdale Elementary School,13-0410-060,"1230 Broad Street, Bloomfield, NJ, 07003",BROOKDALEELEMENTARYSCHOOL,1230BROADSTREETBLOOMFIELDNJ07003,Brookdale Elementary School,"1230 Broad Street, Bloomfield, NJ, 07003",https://www.greatschools.org/new-jersey/bloomfield/142-Brookdale-Elementary-School/,100.0,100.0
Passaic,Paterson Public School District,"Rev. Dr. Frank Napier, Jr. School",31-4010-080,"55 CLINTON STREET, PATERSON, NJ, 07522",REVDRFRANKNAPIERJRSCHOOL,55CLINTONSTREETPATERSONNJ07522,Rev. Dr. Frank Napier Jr. School,"55 Clinton Street, Paterson, NJ, 07522",https://www.greatschools.org/new-jersey/paterson/1542-Number-4-Elementary-School/,100.0,100.0
Middlesex,Perth Amboy Public School District,James J. Flynn Elementary School,23-4090-145,"850 CHAMBERLAIN AVENUE, PERTH AMBOY, NJ, 08861",JAMESJFLYNNELEMENTARYSCHOOL,850CHAMBERLAINAVENUEPERTHAMBOYNJ08861,James J. Flynn Elementary School,"850 Chamberlain Avenue, Perth Amboy, NJ, 08861",https://www.greatschools.org/new-jersey/perth-amboy/1615-James-J.-Flynn-Elementary-School/,100.0,100.0
Somerset,Somerset Hills Regional School District,Bernards High School,35-4815-020,"25 Olcott Avenue, Bernardsville, NJ, 07924",BERNARDSHIGHSCHOOL,25OLCOTTAVENUEBERNARDSVILLENJ07924,Bernards High School,"25 Olcott Avenue, Bernardsville, NJ, 07924",https://www.greatschools.org/new-jersey/bernardsville/20-Bernards-High-School/,100.0,100.0
Ocean,Toms River Regional School District,Pine Beach Elementary School,29-5190-090,"101 PENNSYLVANIA AVENUE, PINE BEACH, NJ, 08741",PINEBEACHELEMENTARYSCHOOL,101PENNSYLVANIAAVENUEPINEBEACHNJ08741,Pine Beach Elementary School,"101 Pennsylvania Avenue, Pine Beach, NJ, 08741",https://www.greatschools.org/new-jersey/pine-beach/1957-Pine-Beach-Elementary-School/,100.0,100.0
Bergen,River Vale Public School District,Holdrum Middle School,03-4430-050,"393 RIVERVALE ROAD, RIVER VALE, NJ, 07675",HOLDRUMMIDDLESCHOOL,393RIVERVALEROADRIVERVALENJ07675,Holdrum Middle School,"393 Rivervale Road, River Vale, NJ, 07675",https://www.greatschools.org/new-jersey/river-vale/1746-Holdrum-Middle-School/,100.0,100.0
Bergen,Bergenfield Borough School District,Lincoln Elementary School,03-0300-070,"115 HIGHVIEW AVENUE, BERGENFIELD, NJ, 07621",LINCOLNELEMENTARYSCHOOL,115HIGHVIEWAVENUEBERGENFIELDNJ07621,Lincoln Elementary School,"115 Highview Avenue, Bergenfield, NJ, 07621",https://www.greatschools.org/new-jersey/bergenfield/112-Lincoln-Elementary-School/,100.0,100.0
Essex,Irvington Public School District,Chancellor Avenue Elementary School,13-2330-090,"844     CHANCELLOR AVENUE, IRVINGTON, NJ, 07111",CHANCELLORAVENUEELEMENTARYSCHOOL,844CHANCELLORAVENUEIRVINGTONNJ07111,Chancellor Avenue Elementary School,"844 Chancellor Avenue, Irvington, NJ, 07111",https://www.greatschools.org/new-jersey/irvington/847-Chancellor-Avenue-Elementary-School/,100.0,100.0
Middlesex,New Brunswick School District,Lord Stirling Elementary School,23-3530-100,"101 REDMOND STREET, NEW BRUNSWICK, NJ, 08901",LORDSTIRLINGELEMENTARYSCHOOL,101REDMONDSTREETNEWBRUNSWICKNJ08901,Lord Stirling Elementary School,"101 Redmond Street, New Brunswick, NJ, 08901",https://www.greatschools.org/new-jersey/new-brunswick/1300-Lord-Stirling-Elementary-School/,100.0,100.0
Bergen,Fair Lawn Public School District,Radburn Elementary School,03-1450-110,"18-00 RADBURN RD, FAIR LAWN, NJ, 07410",RADBURNELEMENTARYSCHOOL,1800RADBURNRDFAIRLAWNNJ07410,Radburn Elementary School,"18-00 RADBURN RD, Fair Lawn, NJ, 07410",https://www.greatschools.org/new-jersey/fair-lawn/575-Radburn-Elementary-School/,100.0,100.0
Charters,TEAM Academy Charter School,TEAM Academy Charter School,80-7325-965,"60 Park Place, NEWARK, NJ, 07102",TEAMACADEMYCHARTERSCHOOL,60PARKPLACENEWARKNJ07102,Team Academy Charter School,"60 Park Place, Newark, NJ, 07102",https://www.greatschools.org/new-jersey/newark/3481-Team-Academy-Charter-School/,100.0,100.0
Monmouth,Keyport School District,Keyport High School,25-2430-050,"351 BROAD STREET, KEYPORT, NJ, 07735",KEYPORTHIGHSCHOOL,351BROADSTREETKEYPORTNJ07735,Keyport High School,"351 Broad Street, Keyport, NJ, 07735",https://www.greatschools.org/new-jersey/keyport/923-Keyport-High-School/,100.0,100.0
Warren,Phillipsburg School District,Phillipsburg Early Childhood Learning Center,41-4100-150,"459 CENTER STREET, PHILLIPSBURG, NJ, 08865",PHILLIPSBURGEARLYCHILD,459CENTERSTREETPHILLIPSBURGNJ08865,Phillipsburg Early Child,"459 Center Street, Phillipsburg, NJ, 08865",https://www.greatschools.org/new-jersey/phillipsburg/4315-Phillipsburg-Early-Child/,100.0,100.0
Middlesex,South River Public School District,South River High School,23-4920-050,"11 MONTGOMERY STREET, SOUTH RIVER, NJ, 08882",SOUTHRIVERHIGHSCHOOL,11MONTGOMERYSTREETSOUTHRIVERNJ08882,South River High School,"11 Montgomery Street, South River, NJ, 08882",https://www.greatschools.org/new-jersey/south-river/1880-South-River-High-School/,100.0,100.0
Somerset,Warren Township School District,Warren Middle School,35-5470-033,"100 Old Stirling Road, Warren, NJ, 07060",MIDDLESCHOOL,100OLDSTIRLINGROADWARRENNJ07060,Middle School,"100 Old Stirling Road, Warren, NJ, 07060",https://www.greatschools.org/new-jersey/warren/2093-Middle-School/,100.0,100.0
Bergen,Paramus Public School District,East Brook Middle School,03-3930-065,"190 SPRING VALLEY ROAD, PARAMUS, NJ, 07652",EASTBROOKMIDDLESCHOOL,190SPRINGVALLEYROADPARAMUSNJ07652,East Brook Middle School,"190 Spring Valley Road, Paramus, NJ, 07652",https://www.greatschools.org/new-jersey/paramus/1493-East-Brook-Middle-School/,100.0,100.0
Bergen,Emerson Public School District,Emerson Jr Sr High,03-1360-050,"131 Main Street, Emerson, NJ, 07630",EMERSONJRSRHIGHSCHOOL,131MAINSTREETEMERSONNJ07630,Emerson Jr Sr High School,"131 Main Street, Emerson, NJ, 07630",https://www.greatschools.org/new-jersey/emerson/537-Emerson-Jr-Sr-High-School/,100.0,100.0
Mercer,Area Vocational Technical Schools of Mercer County,Mercer County Technical School STEM Academy,21-3105-302,"229 Bull Run Road, Pennington, NJ, 08534",MERCERCOUNTYTECHNICALSCHOOLSTEMACADEMY,129BULLRUNROADPENNINGTONNJ08534,Mercer County Technical School Stem Academy,"129 Bull Run Road, Pennington, NJ, 08534",https://www.greatschools.org/new-jersey/pennington/8889-Mercer-County-Technical-School-STEM-Academy/,100.0,98.36065573770492
Union,Plainfield Public School District,Charles H. Stillman Elementary School,39-4160-170,"201 W FOURTH ST, PLAINFIELD, NJ, 07060",CHARLESHSTILLMANELEMENTARYSCHOOL,201WFOURTHSTPLAINFIELDNJ07062,Charles H. Stillman Elementary School,"201 W FOURTH ST, Plainfield, NJ, 07062",https://www.greatschools.org/new-jersey/plainfield/1656-Charles-H.-Stillman-Elementary-School/,100.0,98.24561403508771
Atlantic,Galloway Township Public Schools,Smithville Elementary School,01-1690-048,"37 S  OLD PORT REPUBLIC ROAD, GALLOWAY, NJ, 08205",SMITHVILLEELEMENTARYSCHOOL,37OLDPORTREPUBLICROADGALLOWAYNJ08205,Smithville Elementary School,"37 Old Port Republic Road, Galloway, NJ, 08205",https://www.greatschools.org/new-jersey/galloway/647-Smithville-Elementary-School/,100.0,97.22222222222221
Bergen,Bergenfield Borough School District,Franklin Elementary School,03-0300-040,"2 N  FRANKLIN AVENUE, BERGENFIELD, NJ, 07621",FRANKLINELEMENTARYSCHOOL,2NORTHFRANKLINAVENUEBERGENFIELDNJ07621,Franklin Elementary School,"2 North Franklin Avenue, Bergenfield, NJ, 07621",https://www.greatschools.org/new-jersey/bergenfield/109-Franklin-Elementary-School/,100.0,96.96969696969697
Atlantic,Atlantic City School District,Brighton Avenue School,01-0110-300,"30 N. Brighton Avenue, Atlantic City, NJ, 08401",BRIGHTONAVENUESCHOOL,30NORTHBRIGHTONAVENUEATLANTICCITYNJ08401,BRIGHTON AVENUE SCHOOL,"30 North Brighton Avenue, Atlantic City, NJ, 08401",https://www.greatschools.org/new-jersey/atlantic-city/4201-BRIGHTON-AVENUE-SCHOOL/,100.0,95.65217391304348
Morris,Hanover Park Regional High School District,Hanover Park High School,27-1990-050,"63 MT  PLEASANT AVENUE, EAST HANOVER, NJ, 07936",HANOVERPARKHIGHSCHOOL,63MOUNTPLEASANTAVENUEEASTHANOVERNJ07936,Hanover Park High School,"63 Mount Pleasant Avenue, East Hanover, NJ, 07936",https://www.greatschools.org/new-jersey/east-hanover/757-Hanover-Park-High-School/,100.0,95.65217391304348
Bergen,Midland Park School District,Godwin Elementary School,03-3170-300,"41 E. Center Street, Midland Park, NJ, 07432",GODWINELEMENTARYSCHOOL,41EASTCENTERSTREETMIDLANDPARKNJ07432,Godwin Elementary School,"41 East Center Street, Midland Park, NJ, 07432",https://www.greatschools.org/new-jersey/midland-park/7141-Godwin-Elementary-School/,100.0,95.23809523809523
Mercer,Hopewell Valley Regional School District,Hopewell Valley Central High School,21-2280-030,"259 PENNINGTON TITUSVILLE RD, PENNINGTON, NJ, 08534",CENTRALHIGHSCHOOL,259PENNINGTONTITUSVILLEROADPENNINGTONNJ08534,Central High School,"259 Pennington - Titusville Road, Pennington, NJ, 08534",https://www.greatschools.org/new-jersey/pennington/824-Central-High-School/,100.0,95.23809523809523
Salem,Penns Grove-Carneys Point Regional School District,Paul W Carleton,33-4070-080,"251 MAPLE AVENUE, PENNS GROVE, NJ, 08069",PAULWCARLETONELEMENTARYSCHOOL,251EASTMAPLEAVENUEPENNSGROVENJ08069,Paul W. Carleton Elementary School,"251 East Maple Avenue, Penns Grove, NJ, 08069",https://www.greatschools.org/new-jersey/penns-grove/1587-Paul-W.-Carleton-Elementary-School/,100.0,94.91525423728814
Atlantic,Pleasantville Public School District,Washington Avenue Elementary School,01-4180-060,"225 W  WASHINGTON AVENUE, PLEASANTVILLE, NJ, 08232",WASHINGTONAVENUEELEMENTARYSCHOOL,225WESTWASHINGTONAVENUEPLEASANTVILLENJ08232,Washington Avenue Elementary School,"225 West Washington Avenue, Pleasantville, NJ, 08232",https://www.greatschools.org/new-jersey/pleasantville/1660-Washington-Avenue-Elementary-School/,100.0,94.73684210526316
Gloucester,Woodbury City Public School District,Woodbury Jr-Sr High School,15-5860-050,"25 N. Broad Street, Woodbury, NJ, 08096",WOODBURYJRSRHIGHSCHOOL,25NORTHBROADSTREETWOODBURYNJ08096,Woodbury Jr Sr High School,"25 North Broad Street, Woodbury, NJ, 08096",https://www.greatschools.org/new-jersey/woodbury/2266-Woodbury-Jr--Sr-High-School/,100.0,94.54545454545455
Burlington,Florence Township School District,Florence Riverfront School,05-1520-055,"500 Front Street, FLORENCE, NJ, 08518",RIVERFRONTSCHOOL,500EASTFRONTSTREETFLORENCENJ08518,Riverfront School,"500 East Front Street, Florence, NJ, 08518",https://www.greatschools.org/new-jersey/florence-township/593-Riverfront-School/,100.0,94.54545454545455
Morris,Denville Township K-8 School District,Riverview Elementary School,27-1090-070,"33 ST  MARYS PLACE, DENVILLE, NJ, 07834",RIVERVIEWELEMENTARYSCHOOL,33SAINTMARYSPLACEDENVILLENJ07834,Riverview Elementary School,"33 Saint Marys Place, Denville, NJ, 07834",https://www.greatschools.org/new-jersey/denville/395-Riverview-Elementary-School/,100.0,94.54545454545455
Monmouth,LONG BRANCH PUBLIC SCHOOL District,A A Anastasia Elementary School,25-2770-065,"92 SEVENTH AVENUE, LONG BRANCH, NJ, 07740",AAANASTASIAELEMENTARYSCHOOL,927THAVENUELONGBRANCHNJ07740,A.A. Anastasia Elementary School,"92 7th Avenue, Long Branch, NJ, 07740",https://www.greatschools.org/new-jersey/long-branch/1018-A.A.-Anastasia-Elementary-School/,100.0,94.33962264150944
Middlesex,Perth Amboy Public School District,Robert N. Wilentz Elementary School,23-4090-200,"51 FIRST STREET, PERTH AMBOY, NJ, 08861",ROBERTNWILENTZELEMENTARYSCHOOL,511STSTREETPERTHAMBOYNJ08861,Robert N Wilentz Elementary School,"51 1st Street, Perth Amboy, NJ, 08861",https://www.greatschools.org/new-jersey/perth-amboy/3425-Robert-N--Wilentz-Elementary-School/,100.0,94.33962264150944
Camden,Collingswood Public School District,Mark Newbie Elementary School,07-0940-060,"2 EAST BROWNING RD, COLLINGSWOOD, NJ, 08108",MARKNEWBIEELEMENTARYSCHOOL,2EASTBROWNINGROADCOLLINGSWOODNJ08108,Mark Newbie Elementary School,"2 East Browning Road, Collingswood, NJ, 08108",https://www.greatschools.org/new-jersey/collingswood/359-Mark-Newbie-Elementary-School/,100.0,94.11764705882352
Bergen,Englewood Public School District,Dwight Morrow High School/Academies@Englewood,03-1370-040,"274 KNICKERBOCKER RD, ENGLEWOOD, NJ, 07631",DWIGHTMORROWHIGH,274KNICKERBOCKERROADENGLEWOODNJ07631,Dwight Morrow High,"274 Knickerbocker Road, Englewood, NJ, 07631",https://www.greatschools.org/new-jersey/englewood/540-Dwight-Morrow-High/,100.0,94.11764705882352
Camden,Haddon Township School District,Clyde S. Jennings Elementary School,07-1890-070,"100 CEDAR AVENUE, OAKLYN, NJ, 08107",CLYDESJENNINGSELEMENTARYSCHOOL,100WESTCEDARAVENUEOAKLYNNJ08107,Clyde S. Jennings Elementary School,"100 West Cedar Avenue, Oaklyn, NJ, 08107",https://www.greatschools.org/new-jersey/oaklyn/714-Clyde-S.-Jennings-Elementary-School/,100.0,94.11764705882352
Morris,Mountain Lakes Public School District,Mountain Lakes High School,27-3460-050,"96 Powerville Rd., Mountain Lakes, NJ, 07046",MOUNTAINLAKESHIGHSCHOOL,96POWERVILLEROADMOUNTAINLAKESNJ07046,Mountain Lakes High School,"96 Powerville Road, Mountain Lakes, NJ, 07046",https://www.greatschools.org/new-jersey/mountain-lakes/1277-Mountain-Lakes-High-School/,100.0,94.11764705882352
Atlantic,Atlantic City School District,New York Avenue School,01-0110-070,"411 N New York Avenue, Atlantic City, NJ, 08401",NEWYORKAVENUESCHOOL,411NORTHNEWYORKAVENUEATLANTICCITYNJ08401,New York Avenue School,"411 North New York Avenue, Atlantic City, NJ, 08401",https://www.greatschools.org/new-jersey/atlantic-city/49-New-York-Avenue-School/,100.0,94.11764705882352
Camden,Cherry Hill School District,A. Russell Knight Elementary School,07-0800-058,"140 Old Carriage Rd., CHERRY HILL, NJ, 08034",ARUSSELLKNIGHTELEMENTARYSCHOOL,140OLDCARRIAGEROADCHERRYHILLNJ08034,A. Russell Knight Elementary School,"140 Old Carriage Road, Cherry Hill, NJ, 08034",https://www.greatschools.org/new-jersey/cherry-hill/295-A.-Russell-Knight-Elementary-School/,100.0,93.93939393939394
Atlantic,Greater Egg Harbor Regional High School District,Absegami High School,01-1790-040,"201 S  WRANGLEBORO ROAD, GALLOWAY, NJ, 08205",ABSEGAMIHIGHSCHOOL,201SOUTHWRANGLEBOROROADGALLOWAYNJ08205,Absegami High School,"201 South Wrangleboro Road, Galloway, NJ, 08205",https://www.greatschools.org/new-jersey/galloway/688-Absegami-High-School/,100.0,93.75
Camden,Cherry Hill School District,Joseph D. Sharp Elementary School,07-0800-100,"300 Old Orchard Rd., CHERRY HILL, NJ, 08003",JOSEPHDSHARPELEMENTARYSCHOOL,300OLDORCHARDROADCHERRYHILLNJ08003,Joseph D. Sharp Elementary School,"300 Old Orchard Road, Cherry Hill, NJ, 08003",https://www.greatschools.org/new-jersey/cherry-hill/304-Joseph-D.-Sharp-Elementary-School/,100.0,93.75
Camden,Cherry Hill School District,James F. Cooper Elementary School,07-0800-083,"1960 Greentree Rd., CHERRY HILL, NJ, 08003",JAMESFCOOPERELEMENTARYSCHOOL,1960GREENTREEROADCHERRYHILLNJ08003,James F. Cooper Elementary School,"1960 Greentree Road, Cherry Hill, NJ, 08003",https://www.greatschools.org/new-jersey/cherry-hill/302-James-F.-Cooper-Elementary-School/,100.0,93.75
Essex,Essex Fells School District,Essex Fells Elementary School,13-1400-050,"102 HAWTHORNE RD, ESSEX FELLS, NJ, 07021",ESSEXFELLSELEMENTARYSCHOOL,102HAWTHORNEROADESSEXFELLSNJ07021,Essex Fells Elementary School,"102 Hawthorne Road, Essex Fells, NJ, 07021",https://www.greatschools.org/new-jersey/essex-fells/551-Essex-Fells-Elementary-School/,100.0,93.5483870967742
Ocean,Long Beach Island Consolidated School District,Ethel A. Jacobsen Elementary School,29-2760-020,"200 S. BARNEGAT AVENUE, SURF CITY, NJ, 08008",ETHELAJACOBSENELEMENTARYSCHOOL,200SOUTHBARNEGATAVENUESURFCITYNJ08008,Ethel A Jacobsen Elementary School,"200 South Barnegat Avenue, Surf City, NJ, 08008",https://www.greatschools.org/new-jersey/surf-city/1014-Ethel-A-Jacobsen-Elementary-School/,100.0,93.5483870967742
Gloucester,Glassboro School District,J. Harvey Rodgers School,15-1730-080,"301 Georgetown Rd, Glassboro, NJ, 08028",JHARVEYRODGERSSCHOOL,301GEORGETOWNROADGLASSBORONJ08028,J Harvey Rodgers School,"301 Georgetown Road, Glassboro, NJ, 08028",https://www.greatschools.org/new-jersey/glassboro/662-J-Harvey-Rodgers-School/,100.0,93.5483870967742
Gloucester,Deptford Township Public School District,Good Intent Elementary School,15-1100-090,"1555 GOOD INTENT RD, DEPTFORD, NJ, 08096",GOODINTENTELEMENTARYSCHOOL,1555GOODINTENTROADDEPTFORDNJ08096,Good Intent Elementary School,"1555 Good Intent Road, Deptford, NJ, 08096",https://www.greatschools.org/new-jersey/deptford-township/400-Good-Intent-Elementary-School/,100.0,93.5483870967742
Camden,HADDON HEIGHTS School District,Seventh Avenue,07-1880-090,"316 Seventh Avenue, HADDON HEIGHTS, NJ, 08035",SEVENTHAVENUEELEMENTARYSCHOOL,3167THAVENUEHADDONHEIGHTSNJ08035,Seventh Avenue Elementary School,"316 7th Avenue, Haddon Heights, NJ, 08035",https://www.greatschools.org/new-jersey/haddon-heights/711-Seventh-Avenue-Elementary-School/,100.0,93.33333333333333
Camden,Cherry Hill School District,Kingston Elementary School,07-0800-110,"320 Kingston Rd., CHERRY HILL, NJ, 08034",KINGSTONELEMENTARYSCHOOL,320KINGSTONROADCHERRYHILLNJ08034,Kingston Elementary School,"320 Kingston Road, Cherry Hill, NJ, 08034",https://www.greatschools.org/new-jersey/cherry-hill/306-Kingston-Elementary-School/,100.0,93.33333333333333
Bergen,River Vale Public School District,Woodside Elementary School,03-4430-070,"801 RIVERVALE RD, RIVER VALE, NJ, 07675",WOODSIDEELEMENTARYSCHOOL,801RIVERVALEROADRIVERVALENJ07675,Woodside Elementary School,"801 Rivervale Road, River Vale, NJ, 07675",https://www.greatschools.org/new-jersey/river-vale/1748-Woodside-Elementary-School/,100.0,93.33333333333333
Union,Westfield Public School District,Washington Elementary School,39-5730-150,"900 St. Marks Avenue, Westfield, NJ, 07090",WASHINGTONELEMENTARYSCHOOL,900SAINTMARKSAVENUEWESTFIELDNJ07090,Washington Elementary School,"900 Saint Marks Avenue, Westfield, NJ, 07090",https://www.greatschools.org/new-jersey/westfield/2205-Washington-Elementary-School/,100.0,93.33333333333333
Essex,South Orange-Maplewood School District,Clinton Elementary School,13-4900-060,"27 BERKSHIRE RD, MAPLEWOOD, NJ, 07040",CLINTONELEMENTARYSCHOOL,27BERKSHIREROADMAPLEWOODNJ07040,Clinton Elementary School,"27 Berkshire Road, Maplewood, NJ, 07040",https://www.greatschools.org/new-jersey/maplewood/1866-Clinton-Elementary-School/,100.0,93.10344827586206
Cape May,Upper Township School District,Upper Township Elementary School,09-5340-050,"50 OLD TUCKAHOE RD, MARMORA, NJ, 08223",UPPERTOWNSHIPELEMENTARYSCHOOL,50NORTHOLDTUCKAHOEROADMARMORANJ08223,Upper Township Elementary School,"50 North Old Tuckahoe Road, Marmora, NJ, 08223",https://www.greatschools.org/new-jersey/marmora/2033-Upper-Township-Elementary-School/,100.0,93.10344827586206
Camden,Cherry Hill School District,James Johnson Elementary School,07-0800-085,"500 Kresson Rd., CHERRY HILL, NJ, 08034",JAMESJOHNSONELEMENTARYSCHOOL,500KRESSONROADCHERRYHILLNJ08034,James Johnson Elementary School,"500 Kresson Road, Cherry Hill, NJ, 08034",https://www.greatschools.org/new-jersey/cherry-hill/303-James-Johnson-Elementary-School/,100.0,93.10344827586206
Camden,Cherry Hill School District,Thomas Paine Elementary School,07-0800-115,"4001 Church Rd., CHERRY HILL, NJ, 08034",THOMASPAINEELEMENTARYSCHOOL,4001CHURCHROADCHERRYHILLNJ08034,Thomas Paine Elementary School,"4001 Church Road, Cherry Hill, NJ, 08034",https://www.greatschools.org/new-jersey/cherry-hill/308-Thomas-Paine-Elementary-School/,100.0,93.10344827586206
Hunterdon,Hunterdon County Vocational School District,Hunterdon County Vocational School District Central Campus,19-2308-050,"10 Junction Rd, FLEMINGTON, NJ, 08822",HUNTERDONCOUNTYVOCATIONALSCHOOL,10JUNCTIONROADFLEMINGTONNJ08822,Hunterdon County Vocational School,"10 Junction Road, Flemington, NJ, 08822",https://www.greatschools.org/new-jersey/flemington/23-Hunterdon-County-Vocational-School/,100.0,93.10344827586206
Morris,Mountain Lakes Public School District,Wildwood Elementary School,27-3460-080,"51 Glen Rd., Mountain Lakes, NJ, 07046",WILDWOODELEMENTARYSCHOOL,51GLENROADMOUNTAINLAKESNJ07046,Wildwood Elementary School,"51 Glen Road, Mountain Lakes, NJ, 07046",https://www.greatschools.org/new-jersey/mountain-lakes/1280-Wildwood-Elementary-School/,100.0,92.85714285714286
Cumberland,Millville School District,Child Family Center,11-3230-068,"1100 COOMBS RD., MILLVILLE, NJ, 08332",CHILDFAMILYCENTER,1100COOMBSROADMILLVILLENJ08332,Child Family Center,"1100 Coombs Road, Millville, NJ, 08332",https://www.greatschools.org/new-jersey/millville/1195-Child-Family-Center/,100.0,92.85714285714286
Camden,Gibbsboro Elementary School District,Gibbsboro Elementary School,07-1720-020,"37 KIRKWOOD RD, GIBBSBORO, NJ, 08026",GIBBSBOROELEMENTARYSCHOOL,37KIRKWOODROADGIBBSBORONJ08026,Gibbsboro Elementary School,"37 Kirkwood Road, Gibbsboro, NJ, 08026",https://www.greatschools.org/new-jersey/gibbsboro/658-Gibbsboro-Elementary-School/,100.0,92.85714285714286
Bergen,Demarest School District,Demarest Middle School,03-1070-040,"568 PIERMONT RD, DEMAREST, NJ, 07627",DEMARESTMIDDLESCHOOL,568PIERMONTROADDEMARESTNJ07627,Demarest Middle School,"568 Piermont Road, Demarest, NJ, 07627",https://www.greatschools.org/new-jersey/demarest/391-Demarest-Middle-School/,100.0,92.85714285714286
Essex,Montclair Public School District,Edgemont Elementary School,13-3310-110,"20 EDGEMONT RD, MONTCLAIR, NJ, 07042",EDGEMONTELEMENTARYSCHOOL,20EDGEMONTROADMONTCLAIRNJ07042,Edgemont Elementary School,"20 Edgemont Road, Montclair, NJ, 07042",https://www.greatschools.org/new-jersey/montclair/1218-Edgemont-Elementary-School/,100.0,92.85714285714286
Hunterdon,Clinton Township School District,Round Valley,19-0920-040,"128  COKESBURY RD, LEBANON, NJ, 08833",ROUNDVALLEYMIDDLESCHOOL,128COKESBURYROADLEBANONNJ08833,Round Valley Middle School,"128 Cokesbury Road, Lebanon, NJ, 08833",https://www.greatschools.org/new-jersey/lebanon/352-Round-Valley-Middle-School/,100.0,92.85714285714286
Middlesex,Old Bridge Township School District,Alan B. Shepard Elementary School,23-3845-082,"33 BUSHNELL RD, OLD BRIDGE, NJ, 08857",ALANBSHEPARDELEMENTARYSCHOOL,33BUSHNELLROADOLDBRIDGENJ08857,Alan B. Shepard Elementary School,"33 Bushnell Road, Old Bridge, NJ, 08857",https://www.greatschools.org/new-jersey/old-bridge-township/1059-Alan-B.-Shepard-Elementary-School/,100.0,92.85714285714286
Essex,Livingston Board of Education School District,Collins Elementary School,13-2730-080,"67 MARTIN RD, LIVINGSTON, NJ, 07039",COLLINSELEMENTARYSCHOOL,67MARTINROADLIVINGSTONNJ07039,Collins Elementary School,"67 Martin Road, Livingston, NJ, 07039",https://www.greatschools.org/new-jersey/livingston/1000-Collins-Elementary-School/,100.0,92.5925925925926
Sussex,Andover Regional School District,Long Pond School,37-0090-040,"707 LIMECREST RD, NEWTON, NJ, 07860",LONGPONDSCHOOL,707LIMECRESTROADNEWTONNJ07860,Long Pond School,"707 Limecrest Road, Newton, NJ, 07860",https://www.greatschools.org/new-jersey/newton/37-Long-Pond-School/,100.0,92.5925925925926
Cape May,Lower Township Elementary School District,Maud Abrams School,09-2840-060,"714 TOWNBANK RD, CAPE MAY, NJ, 08204",MAUDABRAMSSCHOOL,714TOWNBANKROADCAPEMAYNJ08204,Maud Abrams School,"714 Town Bank Road, Cape May, NJ, 08204",https://www.greatschools.org/new-jersey/cape-may/1039-Maud-Abrams-School/,100.0,92.5925925925926
Morris,Rockaway Township School District,Catherine A Dwyer Elementary School,27-4490-019,"665 MT  HOPE AVENUE, WHARTON, NJ, 07885",CATHERINEADWYERELEMENTARYSCHOOL,665MOUNTHOPEAVENUEWHARTONNJ07885,Catherine A. Dwyer Elementary School,"665 Mount Hope Avenue, Wharton, NJ, 07885",https://www.greatschools.org/new-jersey/wharton/1759-Catherine-A.-Dwyer-Elementary-School/,100.0,92.5925925925926
Camden,Brooklawn Public School District,Alice Costello Elementary School,07-0580-010,"301 Haakon rd., BROOKLAWN, NJ, 08030",ALICECOSTELLOELEMENTARYSCHOOL,301HAAKONROADBROOKLAWNNJ08030,Alice Costello Elementary School,"301 Haakon Road, Brooklawn, NJ, 08030",https://www.greatschools.org/new-jersey/brooklawn/205-Alice-Costello-Elementary-School/,100.0,92.5925925925926
Atlantic,Atlantic City School District,Atlantic City High School,01-0110-010,"1400 N Albany Avenue, Atlantic City, NJ, 08401",ATLANTICCITYHIGHSCHOOL,1400NORTHALBANYAVENUEATLANTICCITYNJ08401,Atlantic City High School,"1400 North Albany Avenue, Atlantic City, NJ, 08401",https://www.greatschools.org/new-jersey/atlantic-city/44-Atlantic-City-High-School/,100.0,92.53731343283582
Union,Springfield Public School District,Thelma L. Sandmeier Elementary School,39-5000-090,"666 South Springfield Ave., Springfield, NJ, 07081",THELMALSANDMEIERELEMENTARYSCHOOL,666SOUTHSPRINGFIELDAVENUESPRINGFIELDNJ07081,Thelma L. Sandmeier Elementary School,"666 South Springfield Avenue, Springfield, NJ, 07081",https://www.greatschools.org/new-jersey/springfield-township/1902-Thelma-L.-Sandmeier-Elementary-School/,100.0,92.5
Union,Elizabeth Public Schools,Jerome Dunn Academy No 9,39-1320-302,"125 Third Street, Elizabeth, NJ, 07206",JEROMEDUNNACADEMYNO9,1253RDSTREETELIZABETHNJ07206,Jerome Dunn Academy No 9,"125 3rd Street, Elizabeth, NJ, 07206",https://www.greatschools.org/new-jersey/elizabeth/8781-Jerome-Dunn-Academy-No-9/,100.0,92.3076923076923
Gloucester,Deptford Township Public School District,Lake Tract Elementary School,15-1100-105,"690 ISZARD RD, DEPTFORD, NJ, 08096",LAKETRACTELEMENTARYSCHOOL,690ISZARDROADDEPTFORDNJ08096,Lake Tract Elementary School,"690 Iszard Road, Deptford, NJ, 08096",https://www.greatschools.org/new-jersey/deptford-township/401-Lake-Tract-Elementary-School/,100.0,92.3076923076923
Somerset,Watchung Hills Regional High School District,Watchung Hills Regional High School,35-5550-050,"108 Stirling Rd., Warren, NJ, 07059",WATCHUNGHILLSREGIONALHIGHSCHOOL,108STIRLINGROADWARRENNJ07059,Watchung Hills Regional High School,"108 Stirling Road, Warren, NJ, 07059",https://www.greatschools.org/new-jersey/warren/2120-Watchung-Hills-Reg-High-School/,100.0,92.3076923076923
Union,Westfield Public School District,McKinley Elementary School,39-5730-140,"500 First Street, Westfield, NJ, 07090",MCKINLEYELEMENTARYSCHOOL,5001STSTREETWESTFIELDNJ07090,McKinley Elementary School,"500 1st Street, Westfield, NJ, 07090",https://www.greatschools.org/new-jersey/westfield/2203-McKinley-Elementary-School/,100.0,92.3076923076923
Passaic,Paterson Public School District,URBAN Leadership Academy,31-4010-061,"112 N 5TH STREET, PATERSON, NJ, 07522",URBANLEADERSHIPACADEMY,112NORTH5THSTREETPATERSONNJ07522,Urban Leadership Academy,"112 North 5th Street, Paterson, NJ, 07522",https://www.greatschools.org/new-jersey/paterson/4534-Urban-Leadership-Academy/,100.0,92.3076923076923
Bergen,Ramsey School District,Ramsey High School,03-4310-050,"256 E  MAIN STREET, RAMSEY, NJ, 07446",RAMSEYHIGHSCHOOL,256EASTMAINSTREETRAMSEYNJ07446,Ramsey High School,"256 East Main Street, Ramsey, NJ, 07446",https://www.greatschools.org/new-jersey/ramsey/1696-Ramsey-High-School/,100.0,92.0
Middlesex,Dunellen Public School District,Dunellen High School,23-1140-040,"411 First Street, DUNELLEN, NJ, 08812",DUNELLENHIGHSCHOOL,4111STSTREETDUNELLENNJ08812,Dunellen High School,"411 1st Street, Dunellen, NJ, 08812",https://www.greatschools.org/new-jersey/dunellen/419-Dunellen-High-School/,100.0,92.0
Gloucester,Township of Franklin School District,Main Road School,15-1590-095,"1452 MAIN RD, NEWFIELD, NJ, 08344",MAINROADSCHOOL,1452MAINROADNEWFIELDNJ08344,Main Road School,"1452 Main Road, Newfield, NJ, 08344",https://www.greatschools.org/new-jersey/newfield/611-Main-Road-School/,100.0,92.0
Gloucester,West Deptford Township School District,Red Bank Elementary School,15-5620-111,"192 PHILADELPHIA AVE, WEST DEPTFORD, NJ, 08086",REDBANKELEMENTARYSCHOOL,192PHILADELPHIAAVENUEWESTDEPTFORDNJ08086,Red Bank Elementary School,"192 Philadelphia Avenue, West Deptford, NJ, 08086",https://www.greatschools.org/new-jersey/west-deptford/2145-Red-Bank-Elementary-School/,100.0,91.89189189189189
Middlesex,Highland Park Boro School District,Highland Park High School,23-2150-050,"102 NORTH FIFTH AVENUE, HIGHLAND PARK, NJ, 08904",HIGHLANDPARKHIGHSCHOOL,102NORTH5THAVENUEHIGHLANDPARKNJ08904,Highland Park High School,"102 North 5th Avenue, Highland Park, NJ, 08904",https://www.greatschools.org/new-jersey/highland-park/784-Highland-Park-High-School/,100.0,91.66666666666666
Bergen,Englewood Cliffs School District,Upper School,03-1380-060,"143 CHARLOTTE PL, ENGLEWOOD CLIFFS, NJ, 07632",UPPERSCHOOL,143CHARLOTTEPLACEENGLEWOODCLIFFSNJ07632,Upper School,"143 Charlotte Place, Englewood Cliffs, NJ, 07632",https://www.greatschools.org/new-jersey/englewood-cliffs/546-Englewood-Cliffs-Upper-School/,100.0,91.66666666666666
Bergen,Mahwah Township Public School District,Betsy Ross Elementary,03-2900-060,"20 MALCOLM RD, MAHWAH, NJ, 07430",BETSYROSSELEMENTARYSCHOOL,20MALCOLMROADMAHWAHNJ07430,Betsy Ross Elementary School,"20 Malcolm Road, Mahwah, NJ, 07430",https://www.greatschools.org/new-jersey/mahwah/1074-Betsy-Ross-Elementary-School/,100.0,91.66666666666666
Mercer,Robbinsville Public Schools,Robbinsville High School,21-5510-030,"155 ROBBINSVILLE EDINBURG RD, ROBBINSVILLE, NJ, 08691",ROBBINSVILLEHIGHSCHOOL,155ROBBINSVILLEEDINBURGRDROBBINSVILLETOWNSHIPNJ08691,Robbinsville High School,"155 ROBBINSVILLE EDINBURG RD, Robbinsville Township, NJ, 08691",https://www.greatschools.org/new-jersey/robbinsville-township/4257-Robbinsville-High-School/,100.0,91.35802469135803
Atlantic,Greater Egg Harbor Regional High School District,Cedar Creek High School,01-1790-060,"1701 New York Ave., EGG HARBOR CITY, NJ, 08215",CEDARCREEKHIGHSCHOOL,1701NEWYORKAVENUEEGGHARBORCITYNJ08215,Cedar Creek High School,"1701 New York Avenue, Egg Harbor City, NJ, 08215",https://www.greatschools.org/new-jersey/egg-harbor-city/7086-Cedar-Creek-High-School/,100.0,91.17647058823529
Essex,Caldwell-West Caldwell School District,James Caldwell High School,13-0660-050,"265 WESTVILLE AVE, WEST CALDWELL, NJ, 07006",JAMESCALDWELLHIGHSCHOOL,265WESTVILLEAVENUEWESTCALDWELLNJ07006,James Caldwell High School,"265 Westville Avenue, West Caldwell, NJ, 07006",https://www.greatschools.org/new-jersey/west-caldwell/231-James-Caldwell-High-School/,100.0,91.17647058823529
Charters,Vineland Public Charter School,Vineland Public Charter School,80-6028-910,"1480 Pennsylvania Ave., VINELAND, NJ, 08332",VINELANDPUBLICCHARTERSCHOOL,1480PENNSYLVANIAAVENUEVINELANDNJ08361,Vineland Public Charter School,"1480 Pennsylvania Avenue, Vineland, NJ, 08361",https://www.greatschools.org/new-jersey/vineland/7054-Vineland-Public-Charter-School/,100.0,91.17647058823529
Essex,Belleville Public School District,Belleville PS10,13-0250-100,"527 BELLEVILLE AVE, BELLEVILLE, NJ, 07109",BELLEVILLEPS10,527BELLEVILLEAVENUEBELLEVILLENJ07109,Belleville PS10,"527 Belleville Avenue, Belleville, NJ, 07109",https://www.greatschools.org/new-jersey/belleville/88-Number-10-Elementary-School/,100.0,90.9090909090909
Monmouth,Asbury Park School District,Bradley Elementary School,25-0100-040,"1100 THIRD AVENUE, ASBURY PARK, NJ, 07712",BRADLEYELEMENTARYSCHOOL,11003RDAVENUEASBURYPARKNJ07712,Bradley Elementary School,"1100 3rd Avenue, Asbury Park, NJ, 07712",https://www.greatschools.org/new-jersey/asbury-park/41-Bradley-Elementary-School/,100.0,90.9090909090909
Cumberland,Millville School District,R. M. Bacon Elementary School,11-3230-065,"501 SOUTH THIRD STREET, MILLVILLE, NJ, 08332",BACONELEMENTARYSCHOOL,501SOUTH3RDSTREETMILLVILLENJ08332,Bacon Elementary School,"501 South 3rd Street, Millville, NJ, 08332",https://www.greatschools.org/new-jersey/millville/1194-Bacon-Elementary-School/,100.0,90.9090909090909
Cumberland,Vineland Public School District,Solve D'Ippolito Elementary School,11-5390-230,"1578 NORTH VALLEY AVE, VINELAND, NJ, 08360",SOLVED'IPPOLITOELEMENTARYSCHOOL,1578NORTHVALLEYAVENUEVINELANDNJ08360,Solve d'IPPOLITO Elementary School,"1578 North Valley Avenue, Vineland, NJ, 08360",https://www.greatschools.org/new-jersey/vineland/2064-Dippolito-Intermediate-School/,100.0,90.9090909090909
Essex,Bloomfield Township School District,Berkeley Elementary School,13-0410-050,"351 Bloomfield Ave, Bloomfield, NJ, 07003",BERKELEYELEMENTARYSCHOOL,351BLOOMFIELDAVENUEBLOOMFIELDNJ07003,Berkeley Elementary School,"351 Bloomfield Avenue, Bloomfield, NJ, 07003",https://www.greatschools.org/new-jersey/bloomfield/141-Berkeley-Elementary-School/,100.0,90.9090909090909
Atlantic,Ventnor City School District,Ventnor Middle School,01-5350-040,"VENTNOR EDUCATIONAL COMMUNITY, VENTNOR, NJ, 08406",VENTNORMIDDLESCHOOL,VENTNOREDUCATIONALCOMMUNITYVENTNORCITYNJ08406,Ventnor Middle School,"VENTNOR EDUCATIONAL COMMUNITY, Ventnor City, NJ, 08406",https://www.greatschools.org/new-jersey/ventnor-city/2035-Ventnor-Middle-School/,100.0,90.66666666666666
Camden,Cherry Hill School District,Bret Harte Elementary School,07-0800-068,"1909 Queen Anne Dr., CHERRY HILL, NJ, 08003",BRETHARTEELEMENTARYSCHOOL,1909QUEENANNROADCHERRYHILLNJ08003,Bret Harte Elementary School,"1909 Queen Ann Road, Cherry Hill, NJ, 08003",https://www.greatschools.org/new-jersey/cherry-hill/297-Bret-Harte-Elementary-School/,100.0,90.625
Hudson,Jersey City Public Schools,Gladys Nunery School,17-2390-260,"123 CLAREMONT AVE, JERSEY CITY, NJ, 07305",GLADYSNUNERYSCHOOL,123CLAREMONTAVENUEJERSEYCITYNJ07305,Gladys Nunery School,"123 Claremont Avenue, Jersey City, NJ, 07305",https://www.greatschools.org/new-jersey/jersey-city/895-Number-29-Elementary-School/,100.0,90.625
Middlesex,East Brunswick Township School District,East Brunswick High School,23-1170-050,"380 CRANBURY ROAD, E BRUNSWICK, NJ, 08816",EASTBRUNSWICKHIGHSCHOOL,380CRANBURYROADEASTBRUNSWICKNJ08816,East Brunswick High School,"380 Cranbury Road, East Brunswick, NJ, 08816",https://www.greatschools.org/new-jersey/east-brunswick/423-East-Brunswick-High-School/,100.0,90.625
Union,Springfield Public School District,Jonathan Dayton High School,39-5000-010,"139 Mountain Ave., Springfield, NJ, 07081",JONATHANDAYTONHIGHSCHOOL,139MOUNTAINAVENUESPRINGFIELDNJ07081,Jonathan Dayton High School,"139 Mountain Avenue, Springfield, NJ, 07081",https://www.greatschools.org/new-jersey/springfield-township/1899-Jonathan-Dayton-High-School/,100.0,90.625
Camden,Runnemede Public School District,Mary E. Volz Elementary School,07-4590-040,"509 WEST THIRD AVENUE, RUNNEMEDE, NJ, 08078",MARYEVOLZELEMENTARYSCHOOL,509WEST3RDAVENUERUNNEMEDENJ08078,Mary E. Volz Elementary School,"509 West 3rd Avenue, Runnemede, NJ, 08078",https://www.greatschools.org/new-jersey/runnemede/1788-Mary-E.-Volz-Elementary-School/,100.0,90.625
Bergen,Bergenfield Borough School District,Bergenfield High School,03-0300-020,"80 S PROSPECT AVE, BERGENFIELD, NJ, 07621",BERGENFIELDHIGHSCHOOL,80SOUTHPROSPECTAVENUEBERGENFIELDNJ07621,Bergenfield High School,"80 South Prospect Avenue, Bergenfield, NJ, 07621",https://www.greatschools.org/new-jersey/bergenfield/108-Bergenfield-High-School/,100.0,90.625
Burlington,Maple Shade School District,Maple Shade High School,05-3010-030,"180 Frederick Ave, MAPLE SHADE, NJ, 08052",MAPLESHADEHIGHSCHOOL,180FREDERICKAVENUEMAPLESHADENJ08052,Maple Shade High School,"180 Frederick Avenue, Maple Shade, NJ, 08052",https://www.greatschools.org/new-jersey/maple-shade-township/1105-Maple-Shade-High-School/,100.0,90.625
Ocean,Island Heights School District,Island Heights Elementary School,29-2350-050,"115 SUMMIT AVE, ISLAND HEIGHTS, NJ, 08732",ISLANDHEIGHTSELEMENTARYSCHOOL,115SUMMITAVENUEISLANDHEIGHTSNJ08732,Island Heights Elementary School,"115 Summit Avenue, Island Heights, NJ, 08732",https://www.greatschools.org/new-jersey/island-heights/854-Island-Heights-Elementary-School/,100.0,90.625
Bergen,Park Ridge School District,West Ridge Elementary School,03-3940-070,"18 South  First Street, PARK RIDGE, NJ, 07656",WESTRIDGEELEMENTARYSCHOOL,18SOUTH1STSTREETPARKRIDGENJ07656,West Ridge Elementary School,"18 South 1st Street, Park Ridge, NJ, 07656",https://www.greatschools.org/new-jersey/park-ridge/1500-West-Ridge-Elementary-School/,100.0,90.625
Bergen,Hillsdale School District,Ann Blanche Smith,03-2180-010,"1000 HILLSDALE AVE, HILLSDALE, NJ, 07642",ANNBLANCHESMITHELEMENTARYSCHOOL,1000HILLSDALEAVENUEHILLSDALENJ07642,Ann Blanche Smith Elementary School,"1000 Hillsdale Avenue, Hillsdale, NJ, 07642",https://www.greatschools.org/new-jersey/hillsdale/796-Ann-Blanche-Smith-Elementary-School/,100.0,90.625
Bergen,Edgewater School District,Eleanor Van Gelder,03-1270-050,"251 UNDERCLIFF AVE, EDGEWATER, NJ, 07020",ELEANORVANGELDERELEMENTARYSCHOOL,251UNDERCLIFFAVENUEEDGEWATERNJ07020,Eleanor Van Gelder Elementary School,"251 Undercliff Avenue, Edgewater, NJ, 07020",https://www.greatschools.org/new-jersey/edgewater/474-Eleanor-Van-Gelder-Elementary-School/,100.0,90.625
Middlesex,Edison Township School District,James Monroe Elementary School,23-1290-093,"7 Sharp Rd, Edison, NJ, 08837",JAMESMONROEELEMENTARYSCHOOL,7SHARPROADEDISONNJ08837,James Monroe Elementary School,"7 Sharp Road, Edison, NJ, 08837",https://www.greatschools.org/new-jersey/edison/486-James-Monroe-Elementary-School/,100.0,90.47619047619048
Middlesex,North Brunswick Township School District,Arthur M. Judd,23-3620-055,"1595 ROOSEVELT AVENUE, NORTH BRUNSWICK, NJ, 08902",ARTHURMJUDDELEMENTARYSCHOOL,1595ROOSEVELTAVENUENORTHBRUNSWICKTOWNSHIPNJ08902,Arthur M. Judd Elementary School,"1595 ROOSEVELT AVENUE, North Brunswick Township, NJ, 08902",https://www.greatschools.org/new-jersey/north-brunswick-township/1405-Arthur-M.-Judd-Elementary-School/,100.0,90.41095890410959
Burlington,Delanco Township School District,M. Joan Pearson Elementary School,05-1030-030,"1301 BURLINGTON AVE, DELANCO, NJ, 08075",MJOANPEARSONELEMENTARYSCHOOL,1301BURLINGTONAVENUEDELANCONJ08075,M. Joan Pearson Elementary School,"1301 Burlington Avenue, Delanco, NJ, 08075",https://www.greatschools.org/new-jersey/delanco/382-M.-Joan-Pearson-Elementary-School/,100.0,90.32258064516128
Essex,Glen Ridge Public School District,Ridgewood Avenue School,13-1750-075,"235 RIDGEWOOD AVE, GLEN RIDGE, NJ, 07028",RIDGEWOODAVENUESCHOOL,235RIDGEWOODAVENUEGLENRIDGENJ07028,Ridgewood Avenue School,"235 Ridgewood Avenue, Glen Ridge, NJ, 07028",https://www.greatschools.org/new-jersey/glen-ridge/666-Ridgewood-Avenue-School/,100.0,90.32258064516128
Hudson,Jersey City Public Schools,Martin Center for the Arts,17-2390-347,"59 WILKINSON AVE, JERSEY CITY, NJ, 07305",CENTERFORTHEARTS,59WILKINSONAVENUEJERSEYCITYNJ07305,Center For The Arts,"59 Wilkinson Avenue, Jersey City, NJ, 07305",https://www.greatschools.org/new-jersey/jersey-city/904-Center-For-The-Arts/,100.0,90.32258064516128
Ocean,Lavallette Borough School District,Lavallette Elementary School,29-2550-050,"105 Brooklyn Ave., Lavallette, NJ, 08735",LAVALLETTEELEMENTARYSCHOOL,105BROOKLYNAVENUELAVALLETTENJ08735,Lavallette Elementary School,"105 Brooklyn Avenue, Lavallette, NJ, 08735",https://www.greatschools.org/new-jersey/lavallette/951-Lavallette-Elementary-School/,100.0,90.32258064516128
Essex,East Orange School District,Gordon Parks Academy,13-1210-130,"98 GREENWOOD AVE, EAST ORANGE, NJ, 07017",GORDONPARKSACADEMYELEMENTARYSCHOOL,98GREENWOODAVENUEEASTORANGENJ07017,Gordon Parks Academy Elementary School,"98 Greenwood Avenue, East Orange, NJ, 07017",https://www.greatschools.org/new-jersey/east-orange/450-Gordon-Parks-Academy-Elementary-School/,100.0,90.32258064516128
Middlesex,Carteret Public School District,Carteret Junior High School,23-0750-300,"195 Washington Ave, Carteret, NJ, 07008",CARTERETJUNIORHIGHSCHOOL,195WASHINGTONAVENUECARTERETNJ07008,Carteret Junior High School,"195 Washington Avenue, Carteret, NJ, 07008",https://www.greatschools.org/new-jersey/carteret/9244-Carteret-Junior-High-School/,100.0,90.32258064516128
Charters,Dr Lena Edwards Academic Charter School,Dr Lena Edwards Academic Charter School,80-6064-946,"509 Bramhall Ave., Jersey City, NJ, 07304",DRLENAEDWARDSACADEMIC,509BRAMHALLAVENUEJERSEYCITYNJ07304,Dr Lena Edwards Academic,"509 Bramhall Avenue, Jersey City, NJ, 07304",https://www.greatschools.org/new-jersey/jersey-city/7092-Dr-Lena-Edwards-Academic/,100.0,90.32258064516128
Cumberland,Vineland Public School District,Marie Durand Elementary School,11-5390-135,"371 W FOREST GROVE RD, VINELAND, NJ, 08360",MARIEDURANDELEMENTARYSCHOOL,371WESTFORESTGROVEROADVINELANDNJ08360,Marie Durand Elementary School,"371 West Forest Grove Road, Vineland, NJ, 08360",https://www.greatschools.org/new-jersey/vineland/2060-Marie-Durand-Elementary-School/,100.0,90.32258064516128
Middlesex,East Brunswick Township School District,Chittick Elementary School,23-1170-125,"5 FLAGLER STREET, E BRUNSWICK, NJ, 08816",CHITTICKELEMENTARYSCHOOL,5FLAGLERSTREETEASTBRUNSWICKNJ08816,Chittick Elementary School,"5 Flagler Street, East Brunswick, NJ, 08816",https://www.greatschools.org/new-jersey/east-brunswick/430-Chittick-Elementary-School/,100.0,90.32258064516128
Hudson,Jersey City Public Schools,Chaplain Charles Watters School,17-2390-220,"220 VIRGINIA AVE, JERSEY CITY, NJ, 07304",CHAPLAINCHARLESWATTERSSCHOOL,220VIRGINIAAVENUEJERSEYCITYNJ07304,Chaplain Charles Watters School,"220 Virginia Avenue, Jersey City, NJ, 07304",https://www.greatschools.org/new-jersey/jersey-city/891-Chaplain-Charles-Watters-School/,100.0,90.32258064516128
Essex,Livingston Board of Education School District,Riker Hill Elementary School,13-2730-118,"31 BLACKSTONE DR, LIVINGSTON, NJ, 07039",RIKERHILLELEMENTARYSCHOOL,31BLACKSTONEDRIVELIVINGSTONNJ07039,Riker Hill Elementary School,"31 Blackstone Drive, Livingston, NJ, 07039",https://www.greatschools.org/new-jersey/livingston/1004-Riker-Hill-Elementary-School/,100.0,90.32258064516128
Union,New Providence School District,New Providence High School,39-3560-050,"35 PIONEER DR, NEW PROVIDENCE, NJ, 07974",NEWPROVIDENCEHIGHSCHOOL,35PIONEERDRIVENEWPROVIDENCENJ07974,New Providence High School,"35 Pioneer Drive, New Providence, NJ, 07974",https://www.greatschools.org/new-jersey/new-providence/1310-New-Providence-High-School/,100.0,90.32258064516128
Union,Plainfield Public School District,Cedarbrook Elementary School,39-4160-100,"1049 CENTRAL AVE, PLAINFIELD, NJ, 07060",CEDARBROOKELEMENTARYSCHOOL,1049CENTRALAVENUEPLAINFIELDNJ07060,Cedarbrook Elementary School,"1049 Central Avenue, Plainfield, NJ, 07060",https://www.greatschools.org/new-jersey/plainfield/1650-Cedarbrook-Elementary-School/,100.0,90.32258064516128
Bergen,Hackensack School District,Nellie K. Parker,03-1860-090,"261 MAPLE HILL DR, HACKENSACK, NJ, 07601",NELLIEKPARKERELEMENTARYSCHOOL,261MAPLEHILLDRIVEHACKENSACKNJ07601,Nellie K. Parker Elementary School,"261 Maple Hill Drive, Hackensack, NJ, 07601",https://www.greatschools.org/new-jersey/hackensack/699-Nellie-K.-Parker-Elementary-School/,100.0,90.32258064516128
Middlesex,North Brunswick Township School District,Parsons,23-3620-090,"116 HOLLYWOOD STREET, NORTH BRUNSWICK, NJ, 08902",PARSONSELEMENTARYSCHOOL,116HOLLYWOODSTREETNORTHBRUNSWICKTOWNSHIPNJ08902,Parsons Elementary School,"116 HOLLYWOOD STREET, North Brunswick Township, NJ, 08902",https://www.greatschools.org/new-jersey/north-brunswick-township/1409-Parsons-Elementary-School/,100.0,90.14084507042254
Mercer,West Windsor-Plainsboro Regional School District,Maurice Hawk Elementary School,21-5715-040,"303  305 CLARKSVILLE ROAD, West Windsor, NJ, 08550",MAURICEHAWKELEMENTARYSCHOOL,303305CLARKSVILLEROADWESTWINDSORTOWNSHIPNJ08550,Maurice Hawk Elementary School,"303 305 CLARKSVILLE ROAD, West Windsor Township, NJ, 08550",https://www.greatschools.org/new-jersey/west-windsor-township/2192-Maurice-Hawk-Elementary-School/,100.0,90.14084507042254
Bergen,Cresskill Public School District,Edward H. Bryan,03-0990-050,"51 BROOKSIDE AVE, CRESSKILL, NJ, 07626",EDWARDHBRYANELEMENTARYSCHOOL,51BROOKSIDEAVENUECRESSKILLNJ07626,Edward H. Bryan Elementary School,"51 Brookside Avenue, Cresskill, NJ, 07626",https://www.greatschools.org/new-jersey/cresskill/376-Edward-H.-Bryan-Elementary-School/,100.0,90.0
Charters,Pride Academy Charter School District,Pride Academy Charter School,80-6020-985,"117 ELMWOOD AVE, EAST ORANGE, NJ, 07018",PRIDEACADEMYCHARTERSCHOOL,117ELMWOODAVENUEEASTORANGENJ07018,Pride Academy Charter School,"117 Elmwood Avenue, East Orange, NJ, 07018",https://www.greatschools.org/new-jersey/east-orange/7059-Pride-Academy-Charter-School/,100.0,90.0
Essex,West Orange Public Schools,West Orange High School,13-5680-050,"51 CONFORTI AVE, WEST ORANGE, NJ, 07052",WESTORANGEHIGHSCHOOL,51CONFORTIAVENUEWESTORANGENJ07052,West Orange High School,"51 Conforti Avenue, West Orange, NJ, 07052",https://www.greatschools.org/new-jersey/west-orange/2176-West-Orange-High-School/,100.0,90.0
Middlesex,East Brunswick Township School District,Bowne-Munro Elementary School,23-1170-060,"120 MAIN STREET, E BRUNSWICK, NJ, 08816",BOWNEMUNROELEMENTARYSCHOOL,120MAINSTREETEASTBRUNSWICKNJ08816,Bowne-Munro Elementary School,"120 Main Street, East Brunswick, NJ, 08816",https://www.greatschools.org/new-jersey/east-brunswick/426-Bowne-Munro-Elementary-School/,100.0,90.0
Hudson,Jersey City Public Schools,Lincoln High School,17-2390-070,"60 CRESCENT AVE, JERSEY CITY, NJ, 07304",LINCOLNHIGHSCHOOL,60CRESCENTAVENUEJERSEYCITYNJ07304,Lincoln High School,"60 Crescent Avenue, Jersey City, NJ, 07304",https://www.greatschools.org/new-jersey/jersey-city/877-Lincoln-High-School/,100.0,90.0
Hudson,Jersey City Public Schools,Mahatma K. Gandhi School,17-2390-210,"143 ROMAINE AVE, JERSEY CITY, NJ, 07306",MAHATMAKGANDHISCHOOL,143ROMAINEAVENUEJERSEYCITYNJ07306,Mahatma K. Gandhi School,"143 Romaine Avenue, Jersey City, NJ, 07306",https://www.greatschools.org/new-jersey/jersey-city/890-Number-23-Elementary-School/,100.0,90.0
Bergen,Palisades Park School District,Lindbergh Elementary School,03-3910-070,"401 GLEN AVE, PALISADES PARK, NJ, 07650",LINDBERGHELEMENTARYSCHOOL,401GLENAVENUEPALISADESPARKNJ07650,Lindbergh Elementary School,"401 Glen Avenue, Palisades Park, NJ, 07650",https://www.greatschools.org/new-jersey/palisades-park/1487-Lindbergh-Elementary-School/,100.0,90.0
Camden,Cherry Hill School District,Woodcrest Elementary School,07-0800-130,"400 Cranford Dr., CHERRY HILL, NJ, 08003",WOODCRESTELEMENTARYSCHOOL,400CRANFORDROADCHERRYHILLNJ08003,Woodcrest Elementary School,"400 Cranford Road, Cherry Hill, NJ, 08003",https://www.greatschools.org/new-jersey/cherry-hill/309-Woodcrest-Elementary-School/,100.0,90.0
Bergen,Hackensack School District,Jackson Avenue,03-1860-120,"421 JACKSON AVE, HACKENSACK, NJ, 07601",JACKSONAVENUEELEMENTARYSCHOOL,421JACKSONAVENUEHACKENSACKNJ07601,Jackson Avenue Elementary School,"421 Jackson Avenue, Hackensack, NJ, 07601",https://www.greatschools.org/new-jersey/hackensack/702-Jackson-Avenue-Elementary-School/,100.0,90.0
Middlesex,East Brunswick Township School District,Lawrence Brook Elementary School,23-1170-100,"48 SULLIVAN WAY, E BRUNSWICK, NJ, 08816",LAWRENCEBROOKELEMENTARYSCHOOL,48SULLIVANWAYEASTBRUNSWICKNJ08816,Lawrence Brook Elementary School,"48 Sullivan Way, East Brunswick, NJ, 08816",https://www.greatschools.org/new-jersey/east-brunswick/428-Lawrence-Brook-Elementary-School/,100.0,90.0
Essex,Livingston Board of Education School District,Mount Pleasant Elementary School,13-2730-110,"11 BROADLAWN DR, LIVINGSTON, NJ, 07039",MOUNTPLEASANTELEMENTARYSCHOOL,11BROADLAWNDRIVELIVINGSTONNJ07039,Mount Pleasant Elementary School,"11 Broadlawn Drive, Livingston, NJ, 07039",https://www.greatschools.org/new-jersey/livingston/1003-Mount-Pleasant-Elementary-School/,100.0,90.0
Bergen,Hillsdale School District,George G White,03-2180-020,"120 MAGNOLIA AVE, HILLSDALE, NJ, 07642",GEORGEGWHITEMIDDLESCHOOL,120MAGNOLIAAVENUEHILLSDALENJ07642,George G. White Middle School,"120 Magnolia Avenue, Hillsdale, NJ, 07642",https://www.greatschools.org/new-jersey/hillsdale/797-George-G.-White-Middle-School/,100.0,90.0
Hudson,Jersey City Public Schools,Christa McAuliffe School,17-2390-250,"167 HANCOCK AVE, JERSEY CITY, NJ, 07307",CHRISTAMCAULIFFESCHOOL,167HANCOCKAVENUEJERSEYCITYNJ07307,Christa McAuliffe School,"167 Hancock Avenue, Jersey City, NJ, 07307",https://www.greatschools.org/new-jersey/jersey-city/894-Number-28-Elementary-School/,100.0,90.0
Bergen,Northern Highlands Regional High School District,Northern Highlands Regional High School,03-3700-050,"298 HILLSIDE AVE, ALLENDALE, NJ, 07401",NORTHERNHIGHLANDSREGIONALHIGHSCHOOL,298HILLSIDEAVENUEALLENDALENJ07401,Northern Highlands Regional High School,"298 Hillside Avenue, Allendale, NJ, 07401",https://www.greatschools.org/new-jersey/allendale/1429-Northern-Highlands-Reg-High-School/,100.0,90.0
Charters,College Achieve Central Charter School,College Achieve Central Charter School,80-6101-992,"365 Emerson Ave, Plainfield, NJ, 07062",COLLEGEACHIEVECENTRALCHARTERSCHOOL,365EMERSONAVENUEPLAINFIELDNJ07062,College Achieve Central Charter School,"365 Emerson Avenue, Plainfield, NJ, 07062",https://www.greatschools.org/new-jersey/plainfield/8825-College-Achieve-Central-Charter-School/,100.0,90.0
Bergen,River Vale Public School District,Roberge Elementary School,03-4430-060,"617 WESTWOOD AVE, RIVER VALE, NJ, 07675",ROBERGEELEMENTARYSCHOOL,617WESTWOODAVENUERIVERVALENJ07675,Roberge Elementary School,"617 Westwood Avenue, River Vale, NJ, 07675",https://www.greatschools.org/new-jersey/river-vale/1747-Roberge-Elementary-School/,100.0,90.0
Mercer,Hamilton Township Public School District,Yardville Elementary School,21-1950-260,"450 YARDVILLE  ALLENTOWN RD, HAMILTON, NJ, 08620",YARDVILLEELEMENTARYSCHOOL,450YARDVILLEALLENTOWNRDHAMILTONTOWNSHIPNJ08620,Yardville Elementary School,"450 YARDVILLE ALLENTOWN RD, Hamilton Township, NJ, 08620",https://www.greatschools.org/new-jersey/trenton/748-Yardville-Elementary-School/,100.0,89.85507246376811
Bergen,Fort Lee School District,School No. 3,03-1550-080,"2405 SECOND STREET, FORT LEE, NJ, 07024",SCHOOLNO3,24052NDSTREETFORTLEENJ07024,School No. 3,"2405 2nd Street, Fort Lee, NJ, 07024",https://www.greatschools.org/new-jersey/fort-lee/601-Number-3-Elementary-School/,100.0,89.79591836734694
Essex,Belleville Public School District,Belleville PS7,13-0250-070,"20 PASSAIC AVE, BELLEVILLE, NJ, 07109",BELLEVILLEPS7,20PASSAICAVENUEBELLEVILLENJ07109,Belleville PS7,"20 Passaic Avenue, Belleville, NJ, 07109",https://www.greatschools.org/new-jersey/belleville/85-Number-7-Elementary-School/,100.0,89.65517241379311
Somerset,Bound Brook School District,Smalley Elementary School,35-0490-303,"163 Cherry Ave, Bound Brook, NJ, 08805",SMALLEYELEMENTARYSCHOOL,163CHERRYAVENUEBOUNDBROOKNJ08805,Smalley Elementary School,"163 Cherry Avenue, Bound Brook, NJ, 08805",https://www.greatschools.org/new-jersey/bound-brook/8839-Smalley-Elementary-School/,100.0,89.65517241379311
Bergen,Wyckoff Township Public School District,Calvin Coolidge Elementary School,03-5920-020,"420 GRANDVIEW AVE, WYCKOFF, NJ, 07481",CALVINCOOLIDGEELEMENTARYSCHOOL,420GRANDVIEWAVENUEWYCKOFFNJ07481,Calvin Coolidge Elementary School,"420 Grandview Avenue, Wyckoff, NJ, 07481",https://www.greatschools.org/new-jersey/wyckoff/2282-Calvin-Coolidge-Elementary-School/,100.0,89.65517241379311
Cape May,Wildwood City School District,Wildwood High School,09-5790-050,"4300 PACIFIC AVE, WILDWOOD, NJ, 08260",WILDWOODHIGHSCHOOL,4300PACIFICAVENUEWILDWOODNJ08260,Wildwood High School,"4300 Pacific Avenue, Wildwood, NJ, 08260",https://www.greatschools.org/new-jersey/wildwood/2219-Wildwood-High-School/,100.0,89.65517241379311
Middlesex,Old Bridge Township School District,Southwood Elementary School,23-3845-150,"64 SOUTHWOOD DR, OLD BRIDGE, NJ, 08857",SOUTHWOODELEMENTARYSCHOOL,64SOUTHWOODDRIVEOLDBRIDGENJ08857,Southwood Elementary School,"64 Southwood Drive, Old Bridge, NJ, 08857",https://www.greatschools.org/new-jersey/old-bridge-township/1069-Southwood-Elementary-School/,100.0,89.65517241379311
Bergen,Cliffside Park School District,School #5,03-0890-070,"214 DAY AVE, CLIFFSIDE PARK, NJ, 07010",SCHOOL#5,214DAYAVENUECLIFFSIDEPARKNJ07010,School #5,"214 Day Avenue, Cliffside Park, NJ, 07010",https://www.greatschools.org/new-jersey/cliffside-park/332-Number-5-Elementary-School/,100.0,89.65517241379311
Essex,Livingston Board of Education School District,Heritage Middle School,13-2730-055,"20 FOXCROFT DR, LIVINGSTON, NJ, 07039",HERITAGEMIDDLESCHOOL,20FOXCROFTDRIVELIVINGSTONNJ07039,Heritage Middle School,"20 Foxcroft Drive, Livingston, NJ, 07039",https://www.greatschools.org/new-jersey/livingston/998-Heritage-Middle-School/,100.0,89.65517241379311
Camden,Cherry Hill School District,Richard Stockton Elementary School,07-0800-113,"200 Wexford Dr., CHERRY HILL, NJ, 08003",RICHARDSTOCKTONELEMENTARYSCHOOL,200WEXFORDDRIVECHERRYHILLNJ08003,Richard Stockton Elementary School,"200 Wexford Drive, Cherry Hill, NJ, 08003",https://www.greatschools.org/new-jersey/cherry-hill/307-Richard-Stockton-Elementary-School/,100.0,89.65517241379311
Essex,Verona Public School District,Henry B. Whitehorne Middle School,13-5370-095,"600 BLOOMFIELD AVE, VERONA, NJ, 07044",HENRYBWHITEHORNEMIDDLESCHOOL,600BLOOMFIELDAVENUEVERONANJ07044,Henry B Whitehorne Middle School,"600 Bloomfield Avenue, Verona, NJ, 07044",https://www.greatschools.org/new-jersey/verona/2046-Henry-B-Whitehorne-Middle-School/,100.0,89.65517241379311
Monmouth,Spring Lake Borough,H W Mountz Elementary School,25-4980-050,"411 Tuttle Ave, Spring Lake, NJ, 07762",HWMOUNTZELEMENTARYSCHOOL,411TUTTLEAVENUESPRINGLAKENJ07762,H W Mountz Elementary School,"411 Tuttle Avenue, Spring Lake, NJ, 07762",https://www.greatschools.org/new-jersey/spring-lake/1897-H-W-Mountz-Elementary-School/,100.0,89.65517241379311
Burlington,Burlington City Public School District,Burlington City High School,05-0600-020,"100 Blue Devil WAy, BURLINGTON, NJ, 08016",BURLINGTONCITYHIGHSCHOOL,100BLUEDEVILBURLINGTONNJ08016,Burlington City High School,"100 Blue Devil, Burlington, NJ, 08016",https://www.greatschools.org/new-jersey/burlington/212-Burlington-City-High-School/,100.0,89.65517241379311
Union,Roselle Public Schools,Grace Wilday Junior High School,39-4540-060,"400 BROOKLAWN AVE, ROSELLE, NJ, 07203",GRACEWILDAYJUNIORHIGHSCHOOL,400BROOKLAWNAVENUEROSELLENJ07203,Grace Wilday Junior High School,"400 Brooklawn Avenue, Roselle, NJ, 07203",https://www.greatschools.org/new-jersey/roselle/1770-Wilday-Middle-School/,100.0,89.65517241379311
Burlington,Mount Holly Township Public School District,John Brainerd Elementary School,05-3430-040,"100 WOLLNER DR, MOUNT HOLLY, NJ, 08060",JOHNBRAINERDELEMENTARYSCHOOL,100WOLLNERDRIVEMOUNTHOLLYNJ08060,John Brainerd Elementary School,"100 Wollner Drive, Mount Holly, NJ, 08060",https://www.greatschools.org/new-jersey/mount-holly/1262-John-Brainerd-Elementary-School/,100.0,89.65517241379311
Bergen,Dumont Public School District,Dumont High School,03-1130-040,"101 NEW MILFORD AVE, DUMONT, NJ, 07628",DUMONTHIGHSCHOOL,101NEWMILFORDAVENUEDUMONTNJ07628,Dumont High School,"101 New Milford Avenue, Dumont, NJ, 07628",https://www.greatschools.org/new-jersey/dumont/413-Dumont-High-School/,100.0,89.65517241379311
Bergen,Lyndhurst School District,Memorial Campus,03-2860-300,"319 New York Ave., Lyndhurst, NJ, 07071",MEMORIALCAMPUS,319NEWYORKAVENUELYNDHURSTNJ07071,Memorial Campus,"319 New York Avenue, Lyndhurst, NJ, 07071",https://www.greatschools.org/new-jersey/lyndhurst/8790-Memorial-Campus/,100.0,89.65517241379311
Somerset,Hillsborough Township Public School District,Hillsborough High School,35-2170-030,"466 Raider Boulevard, Hillsborough, NJ, 08844",HILLSBOROUGHHIGHSCHOOL,466RAIDERBOULEVARDHILLSBOROUGHTOWNSHIPNJ08844,Hillsborough High School,"466 Raider Boulevard, Hillsborough Township, NJ, 08844",https://www.greatschools.org/new-jersey/hillsborough-township/788-Hillsborough-High-School/,100.0,89.55223880597015
Ocean,Little Egg Harbor Township School District,Frog Pond Elementary School,29-2690-030,"305 FROG POND ROAD, LITTLE EGG HARBOR, NJ, 08087",FROGPONDELEMENTARYSCHOOL,305FROGPONDROADLITTLEEGGHARBORTOWNSHIPNJ08087,Frog Pond Elementary School,"305 FROG POND ROAD, Little Egg Harbor Township, NJ, 08087",https://www.greatschools.org/new-jersey/little-egg-harbor-township/990-Frog-Pond-Elementary-School/,100.0,89.55223880597015
Monmouth,Howell Township Public School District,Ramtown Elementary School,25-2290-035,"216 RAMTOWN -GREENVILLE ROAD, HOWELL, NJ, 07731",RAMTOWNELEMENTARYSCHOOL,216RAMTOWNGREENVILLEROADHOWELLTOWNSHIPNJ07731,Ramtown Elementary School,"216 RAMTOWN -GREENVILLE ROAD, Howell Township, NJ, 07731",https://www.greatschools.org/new-jersey/howell-township/835-Ramtown-Elementary-School/,100.0,89.55223880597015
Essex,Livingston Board of Education School District,Harrison Elementary School,13-2730-090,"148 N LIVINGSTON AVE, LIVINGSTON, NJ, 07039",HARRISONELEMENTARYSCHOOL,148NORTHLIVINGSTONAVENUELIVINGSTONNJ07039,Harrison Elementary School,"148 North Livingston Avenue, Livingston, NJ, 07039",https://www.greatschools.org/new-jersey/livingston/1001-Harrison-Elementary-School/,100.0,89.55223880597015
Mercer,Hamilton Township Public School District,Hamilton West-Watson,21-1950-060,"2720 SOUTH CLINTON AVENUE, HAMILTON, NJ, 08610",HAMILTONWESTWATSONHIGHSCHOOL,2720SOUTHCLINTONAVENUEHAMILTONTOWNSHIPNJ08610,Hamilton West-Watson High School,"2720 SOUTH CLINTON AVENUE, Hamilton Township, NJ, 08610",https://www.greatschools.org/new-jersey/hamilton-township/730-Hamilton-West-Watson-High-School/,100.0,89.55223880597015
Gloucester,Paulsboro School District,Billingsport Elementary School,15-4020-060,"441 NASSAU AVE, PAULSBORO, NJ, 08066",BILLINGSPORTELEMENTARYSCHOOL,441NASSAUAVENUEPAULSBORONJ08066,Billingsport Elementary School,"441 Nassau Avenue, Paulsboro, NJ, 08066",https://www.greatschools.org/new-jersey/paulsboro/1572-Billingsport-Elementary-School/,100.0,89.28571428571429
Essex,Roseland School District,Lester C Noecker,13-4530-020,"100 PASSAIC AVE, ROSELAND, NJ, 07068",LESTERCNOECKERELEMENTARYSCHOOL,100PASSAICAVENUEROSELANDNJ07068,Lester C. Noecker Elementary School,"100 Passaic Avenue, Roseland, NJ, 07068",https://www.greatschools.org/new-jersey/roseland/1764-Lester-C.-Noecker-Elementary-School/,100.0,89.28571428571429
Bergen,Rutherford School District,Union School,03-4600-100,"359 UNION AVE, RUTHERFORD, NJ, 07070",UNIONSCHOOL,359UNIONAVENUERUTHERFORDNJ07070,Union School,"359 Union Avenue, Rutherford, NJ, 07070",https://www.greatschools.org/new-jersey/rutherford/1793-Union-Elementary-School/,100.0,89.28571428571429
Essex,South Orange-Maplewood School District,Tuscan Elementary School,13-4900-150,"25 HARVARD AVE, MAPLEWOOD, NJ, 07040",TUSCANELEMENTARYSCHOOL,25HARVARDAVENUEMAPLEWOODNJ07040,Tuscan Elementary School,"25 Harvard Avenue, Maplewood, NJ, 07040",https://www.greatschools.org/new-jersey/maplewood/1871-Tuscan-Elementary-School/,100.0,89.28571428571429
Union,Linden Public School District,Number 6,39-2660-130,"19 East Morris Ave., LINDEN, NJ, 07036",NUMBER6ELEMENTARYSCHOOL,19EASTMORRISAVENUELINDENNJ07036,"Number 6, Elementary School","19 East Morris Avenue, Linden, NJ, 07036",https://www.greatschools.org/new-jersey/linden/980-Number-6-Elementary-School/,100.0,89.28571428571429
Bergen,Park Ridge School District,East Brook Elementary School,03-3940-060,"167 SIBBALD DR, PARK RIDGE, NJ, 07656",EASTBROOKELEMENTARYSCHOOL,167SIBBALDDRIVEPARKRIDGENJ07656,East Brook Elementary School,"167 Sibbald Drive, Park Ridge, NJ, 07656",https://www.greatschools.org/new-jersey/park-ridge/1499-East-Brook-Elementary-School/,100.0,89.28571428571429
Bergen,Rutherford School District,Rutherford High School,03-4600-050,"56 ELLIOTT PL, RUTHERFORD, NJ, 07070",RUTHERFORDHIGHSCHOOL,56ELLIOTTPLACERUTHERFORDNJ07070,Rutherford High School,"56 Elliott Place, Rutherford, NJ, 07070",https://www.greatschools.org/new-jersey/rutherford/1789-Rutherford-High-School/,100.0,89.28571428571429
Middlesex,Perth Amboy Public School District,Perth Amboy High School,23-4090-050,"300 EAGLE AVE, PERTH AMBOY, NJ, 08861",PERTHAMBOYHIGHSCHOOL,300EAGLEAVENUEPERTHAMBOYNJ08861,Perth Amboy High School,"300 Eagle Avenue, Perth Amboy, NJ, 08861",https://www.greatschools.org/new-jersey/perth-amboy/1609-Perth-Amboy-High-School/,100.0,89.28571428571429
Cumberland,Vineland Public School District,Johnstone Elementary School,11-5390-120,"165 S  BREWSTER RD, VINELAND, NJ, 08361",JOHNSTONEELEMENTARYSCHOOL,165SOUTHBREWSTERROADVINELANDNJ08361,Johnstone Elementary School,"165 South Brewster Road, Vineland, NJ, 08361",https://www.greatschools.org/new-jersey/vineland/2059-Johnstone-Elementary-School/,100.0,89.28571428571429
Charters,Academy for Urban Leadership Charter School,Academy for Urban Leadership Charter School,80-6032-901,"612 Amboy Ave, Perth Amboy, NJ, 08861",ACADEMYFORURBANLEADERSHIPCHARTERSCHOOL,612AMBOYAVENUEPERTHAMBOYNJ08861,Academy For Urban Leadership Charter School,"612 Amboy Avenue, Perth Amboy, NJ, 08861",https://www.greatschools.org/new-jersey/perth-amboy/7140-Academy-For-Urban-Leadership-Cs/,100.0,89.28571428571429
Salem,Penns Grove-Carneys Point Regional School District,Penns Grove High School,33-4070-050,"334 HARDING HIGHWAY, CARNEYS POINT, NJ, 08069",PENNSGROVEHIGHSCHOOL,334HARDINGHIGHWAYCARNEYSPOINTTOWNSHIPNJ08069,Penns Grove High School,"334 HARDING HIGHWAY, Carneys Point Township, NJ, 08069",https://www.greatschools.org/new-jersey/penns-grove/1586-Penns-Grove-High-School/,100.0,89.23076923076923
Somerset,Hillsborough Township Public School District,Woods Road Elementary School,35-2170-085,"120 South Woods Road, Hillsborough, NJ, 08844",WOODSROADELEMENTARYSCHOOL,120SOUTHWOODSROADHILLSBOROUGHTOWNSHIPNJ08844,Woods Road Elementary School,"120 South Woods Road, Hillsborough Township, NJ, 08844",https://www.greatschools.org/new-jersey/hillsborough-township/794-Woods-Road-Elementary-School/,100.0,89.23076923076923
Burlington,Mount Laurel Township School District,Countryside Elementary School,05-3440-010,"115 SCHOOLHOUSE LANE, MOUNT LAUREL, NJ, 08054",COUNTRYSIDEELEMENTARYSCHOOL,115SCHOOLHOUSELANEMOUNTLAURELTOWNSHIPNJ08054,Countryside Elementary School,"115 SCHOOLHOUSE LANE, Mount Laurel Township, NJ, 08054",https://www.greatschools.org/new-jersey/mount-laurel-township/1266-Countryside-Elementary-School/,100.0,89.23076923076923
Cumberland,Vineland Public School District,Dane Barse Elementary School,11-5390-095,"240 S ORCHARD RD, VINELAND, NJ, 08360",DANEBARSEELEMENTARYSCHOOL,240SOUTHORCHARDROADVINELANDNJ08360,Dane Barse Elementary School,"240 South Orchard Road, Vineland, NJ, 08360",https://www.greatschools.org/new-jersey/vineland/2056-Dane-Barse-Elementary-School/,100.0,88.88888888888889
Camden,Clementon Elementary School District,Clementon Elementary School,07-0880-010,"4 AUDUBON AVE, CLEMENTON, NJ, 08021",CLEMENTONELEMENTARYSCHOOL,4AUDUBONAVENUECLEMENTONNJ08021,Clementon Elementary School,"4 Audubon Avenue, Clementon, NJ, 08021",https://www.greatschools.org/new-jersey/clementon/328-Clementon-Elementary-School/,100.0,88.88888888888889
Camden,Pennsauken Township Board of Education School District,G.H. Carson Elementary School,07-4060-130,"4150 GARFIELD AVENUE, PENNSAUKEN, NJ, 08109",GHCARSONELEMENTARYSCHOOL,4150GARFIELDAVENUEPENNSAUKENTOWNSHIPNJ08109,G.H. Carson Elementary School,"4150 GARFIELD AVENUE, Pennsauken Township, NJ, 08109",https://www.greatschools.org/new-jersey/pennsauken-township/1599-G.H.-Carson-Elementary-School/,100.0,88.88888888888889
Essex,Verona Public School District,Verona High School,13-5370-050,"151 FAIRVIEW AVE, VERONA, NJ, 07044",VERONAHIGHSCHOOL,151FAIRVIEWAVENUEVERONANJ07044,Verona High School,"151 Fairview Avenue, Verona, NJ, 07044",https://www.greatschools.org/new-jersey/verona/2042-Verona-High-School/,100.0,88.88888888888889
Gloucester,Paulsboro School District,Loudenslager Elementary School,15-4020-070,"100 BAIRD AVE, PAULSBORO, NJ, 08066",LOUDENSLAGERELEMENTARYSCHOOL,100BAIRDAVENUEPAULSBORONJ08066,Loudenslager Elementary School,"100 Baird Avenue, Paulsboro, NJ, 08066",https://www.greatschools.org/new-jersey/paulsboro/1573-Loudenslager-Elementary-School/,100.0,88.88888888888889
Ocean,Jackson Township School District,Jackson Memorial High School,29-2360-020,"101 Don Connor Boulevard, Jackson, NJ, 08527",JACKSONMEMORIALHIGHSCHOOL,101DONCONNORBOULEVARDJACKSONTOWNSHIPNJ08527,Jackson Memorial High School,"101 Don Connor Boulevard, Jackson Township, NJ, 08527",https://www.greatschools.org/new-jersey/jackson-township/856-Jackson-Memorial-High-School/,100.0,88.88888888888889
Union,Rahway Public School District,Rahway High School,39-4290-050,"1012 MADISON AVE, RAHWAY, NJ, 07065",RAHWAYHIGHSCHOOL,1012MADISONAVENUERAHWAYNJ07065,Rahway High School,"1012 Madison Avenue, Rahway, NJ, 07065",https://www.greatschools.org/new-jersey/rahway/1688-Rahway-High-School/,100.0,88.88888888888889
Monmouth,Middletown Township Public School District,New Monmouth Elementary School,25-3160-143,"121 NEW MONMOUTH ROAD, MIDDLETOWN, NJ, 07748",NEWMONMOUTHELEMENTARYSCHOOL,121NEWMONMOUTHROADMIDDLETOWNTOWNSHIPNJ07748,New Monmouth Elementary School,"121 NEW MONMOUTH ROAD, Middletown Township, NJ, 07748",https://www.greatschools.org/new-jersey/middletown/1173-New-Monmouth-Elementary-School/,100.0,88.88888888888889
Ocean,Lakehurst School District,Lakehurst Elementary School,29-2500-050,"301 UNION AVE, LAKEHURST, NJ, 08733",LAKEHURSTELEMENTARYSCHOOL,301UNIONAVENUELAKEHURSTNJ08733,Lakehurst Elementary School,"301 Union Avenue, Lakehurst, NJ, 08733",https://www.greatschools.org/new-jersey/lakehurst/941-Lakehurst-Elementary-School/,100.0,88.88888888888889
Ocean,Barnegat Township School District,Cecil S. Collins Elementary,29-0185-015,"570 BARNEGAT BLVD  NORTH, BARNEGAT, NJ, 08005",CECILSCOLLINSELEMENTARYSCHOOL,570BARNEGATBLVDNORTHBARNEGATTOWNSHIPNJ08005,Cecil S Collins Elementary School,"570 BARNEGAT BLVD NORTH, Barnegat Township, NJ, 08005",https://www.greatschools.org/new-jersey/barnegat-township/2011-Cecil-S--Collins-Elementary-School/,100.0,88.88888888888889
Charters,Paul Robeson Charter School for the Humanities,Paul Robeson Charter School for the Humanities,80-6025-907,"643 INDIANA AVE, TRENTON, NJ, 08638",PAULROBESONCHARTERSCHOOLFORTHEHUMANITIES,643INDIANAAVENUETRENTONNJ08638,Paul Robeson Charter School For The Humanities,"643 Indiana Avenue, Trenton, NJ, 08638",https://www.greatschools.org/new-jersey/trenton/7056-Paul-Robeson-Charter-School-For-The-Humanities/,100.0,88.88888888888889
Bergen,Wyckoff Township Public School District,Sicomac Elementary School,03-5920-050,"356 SICOMAC AVE, WYCKOFF, NJ, 07481",SICOMACELEMENTARYSCHOOL,356SICOMACAVENUEWYCKOFFNJ07481,Sicomac Elementary School,"356 Sicomac Avenue, Wyckoff, NJ, 07481",https://www.greatschools.org/new-jersey/wyckoff/2285-Sicomac-Elementary-School/,100.0,88.88888888888889
Mercer,West Windsor-Plainsboro Regional School District,Millstone River School,21-5715-150,"75 GROVERS MILL ROAD, PLAINSBORO, NJ, 08536",MILLSTONERIVERSCHOOL,75GROVERSMILLROADPLAINSBOROTOWNSHIPNJ08536,Millstone River School,"75 GROVERS MILL ROAD, Plainsboro Township, NJ, 08536",https://www.greatschools.org/new-jersey/plainsboro-township/2195-Millstone-River-School/,100.0,88.52459016393442
Mercer,Hamilton Township Public School District,Greenwood Elementary School,21-1950-110,"2069 GREENWOOD AVENUE, HAMILTON, NJ, 08609",GREENWOODELEMENTARYSCHOOL,2069GREENWOODAVENUEHAMILTONTOWNSHIPNJ08609,Greenwood Elementary School,"2069 GREENWOOD AVENUE, Hamilton Township, NJ, 08609",https://www.greatschools.org/new-jersey/hamilton-township/735-Greenwood-Elementary-School/,100.0,88.52459016393442
Mercer,West Windsor-Plainsboro Regional School District,Thomas R Grover Middle School,21-5715-035,"10 SOUTHFIELD ROAD, West Windsor, NJ, 08550",THOMASRGROVERMIDDLESCHOOL,10SOUTHFIELDROADWESTWINDSORTOWNSHIPNJ08550,Thomas R Grover Middle School,"10 SOUTHFIELD ROAD, West Windsor Township, NJ, 08550",https://www.greatschools.org/new-jersey/west-windsor-township/3398-Thomas-R-Grover-Middle-School/,100.0,88.52459016393442
Monmouth,Wall Township Public School District,Allenwood Elementary School,25-5420-060,"3301 ALLENWOOD  LAKEWOOD RD, WALL, NJ, 07719",ALLENWOODELEMENTARYSCHOOL,3301ALLENWOODLAKEWOODRDWALLTOWNSHIPNJ07719,Allenwood Elementary School,"3301 ALLENWOOD LAKEWOOD RD, Wall Township, NJ, 07719",https://www.greatschools.org/new-jersey/wall-township/2078-Allenwood-Elementary-School/,100.0,88.52459016393442
Somerset,Hillsborough Township Public School District,Woodfern Elementary School,35-2170-080,"425 Woodfern Road, Hillsborough, NJ, 08844",WOODFERNELEMENTARYSCHOOL,425WOODFERNROADHILLSBOROUGHTOWNSHIPNJ08844,Woodfern Elementary School,"425 Woodfern Road, Hillsborough Township, NJ, 08844",https://www.greatschools.org/new-jersey/hillsborough-township/793-Woodfern-Elementary-School/,100.0,88.52459016393442
Gloucester,Township of Franklin School District,Mary F. Janvier School,15-1590-080,"1532 PENNSYLVANIA AVE, FRANKLINVILLE, NJ, 08322",MARYFJANVIERSCHOOL,1532PENNSYLVANIAAVEFRANKLINNJ08322,Mary F Janvier School,"1532 PENNSYLVANIA AVE, Franklin, NJ, 08322",https://www.greatschools.org/new-jersey/franklin/610-Mary-F--Janvier-School/,100.0,88.52459016393442
Bergen,Oakland Public School District,Manito Elementary School,03-3760-060,"111 MANITO AVE, OAKLAND, NJ, 07436",MANITOELEMENTARYSCHOOL,111MANITOAVENUEOAKLANDNJ07436,Manito Elementary School,"111 Manito Avenue, Oakland, NJ, 07436",https://www.greatschools.org/new-jersey/oakland/1446-Manito-Elementary-School/,100.0,88.46153846153845
Union,Summit Public School District,Lincoln-Hubbard Elementary School,39-5090-100,"52 WOODLAND AVE, SUMMIT, NJ, 07901",LINCOLNHUBBARDELEMENTARYSCHOOL,52WOODLANDAVENUESUMMITNJ07901,Lincoln Hubbard Elementary School,"52 Woodland Avenue, Summit, NJ, 07901",https://www.greatschools.org/new-jersey/summit/1921-Lincoln--Hubbard-Elementary-School/,100.0,88.46153846153845
Middlesex,Metuchen Public School District,Metuchen High School,23-3120-050,"400 GROVE AVE, METUCHEN, NJ, 08840",METUCHENHIGHSCHOOL,400GROVEAVENUEMETUCHENNJ08840,Metuchen High School,"400 Grove Avenue, Metuchen, NJ, 08840",https://www.greatschools.org/new-jersey/metuchen/1142-Metuchen-High-School/,100.0,88.46153846153845
Essex,Montclair Public School District,Nishuane Elementary School,13-3310-130,"32 CEDAR AVE, MONTCLAIR, NJ, 07042",NISHUANEELEMENTARYSCHOOL,32CEDARAVENUEMONTCLAIRNJ07042,Nishuane Elementary School,"32 Cedar Avenue, Montclair, NJ, 07042",https://www.greatschools.org/new-jersey/montclair/1222-Nishuane-Elementary-School/,100.0,88.46153846153845
Mercer,Hamilton Township Public School District,Alexander Elementary School,21-1950-085,"20 ROBERT FROST DRIVE, HAMILTON, NJ, 08690",ALEXANDERELEMENTARYSCHOOL,20ROBERTFROSTDRIVEHAMILTONTOWNSHIPNJ08690,Alexander Elementary School,"20 ROBERT FROST DRIVE, Hamilton Township, NJ, 08690",https://www.greatschools.org/new-jersey/hamilton-township/733-Alexander-Elementary-School/,100.0,88.13559322033898
Burlington,Mount Laurel Township School District,Hartford Upper Elementary School,05-3440-047,"397 HARTFORD ROAD, MOUNT LAUREL, NJ, 08054",HARTFORDUPPERELEMENTARYSCHOOL,397HARTFORDROADMOUNTLAURELTOWNSHIPNJ08054,Hartford Upper Elementary School,"397 HARTFORD ROAD, Mount Laurel Township, NJ, 08054",https://www.greatschools.org/new-jersey/mount-laurel-township/1265-Hartford-School/,100.0,88.13559322033898
Mercer,Mercer County Special Services School District,Mercer Elementary School,21-3103-070,"1020 Old Trenton Road, Hamilton, NJ, 08690",MERCERELEMENTARYSCHOOL,1020OLDTRENTONROADHAMILTONTOWNSHIPNJ08690,Mercer Elementary School,"1020 Old Trenton Road, Hamilton Township, NJ, 08690",https://www.greatschools.org/new-jersey/hamilton-township/4254-Mercer-Elementary-School/,100.0,88.13559322033898
Mercer,Mercer County Special Services School District,Joseph F. Cappello School,21-3103-050,"1072 Old Trenton Road, Hamilton, NJ, 08690",JOSEPHFCAPPELLOSCHOOL,1072OLDTRENTONROADHAMILTONTOWNSHIPNJ08690,Joseph F Cappello School,"1072 Old Trenton Road, Hamilton Township, NJ, 08690",https://www.greatschools.org/new-jersey/hamilton-township/4179-Joseph-F-Cappello-School/,100.0,88.13559322033898
Atlantic,Ventnor City School District,Ventnor Elementary School,01-5350-045,"400 N  LAFAYETTE AVENUE, VENTNOR, NJ, 08406",VENTNORELEMENTARYSCHOOL,400NLAFAYETTEAVENUEVENTNORCITYNJ08406,Ventnor Elementary School,"400 N LAFAYETTE AVENUE, Ventnor City, NJ, 08406",https://www.greatschools.org/new-jersey/ventnor-city/3427-Ventnor-Elementary-School/,100.0,88.13559322033898
Camden,Pennsauken Township Board of Education School District,A.E. Burling High School,07-4060-300,"3600 Harris Avenue, Pennsauken, NJ, 08110",AEBURLINGHIGHSCHOOL,3600HARRISAVENUEPENNSAUKENTOWNSHIPNJ08110,A.E. Burling High School,"3600 Harris Avenue, Pennsauken Township, NJ, 08110",https://www.greatschools.org/new-jersey/pennsauken-township/9220-A.E.-Burling-High-School/,100.0,88.13559322033898
Burlington,Mount Laurel Township School District,Fleetwood Elementary School,05-3440-045,"231 FLEETWOOD AVE, MOUNT LAUREL, NJ, 08054",FLEETWOODELEMENTARYSCHOOL,231FLEETWOODAVEMOUNTLAURELTOWNSHIPNJ08054,Fleetwood Elementary School,"231 FLEETWOOD AVE, Mount Laurel Township, NJ, 08054",https://www.greatschools.org/new-jersey/mount-laurel-township/1267-Fleetwood-Elementary-School/,100.0,88.13559322033898
Union,Roselle Park Public School District,Sherman Elementary School,39-4550-090,"375 E GRANT AVE, ROSELLE PARK, NJ, 07204",SHERMANELEMENTARYSCHOOL,375EASTGRANTAVENUEROSELLEPARKNJ07204,Sherman Elementary School,"375 East Grant Avenue, Roselle Park, NJ, 07204",https://www.greatschools.org/new-jersey/roselle-park/1775-Sherman-Elementary-School/,100.0,88.13559322033898
Passaic,Passaic City School District,Mahatma Gandhi School Number 25,31-3970-307,"64 Parker Ave, Passaic, NJ, 07055",MAHATMAGANDHISCHOOLNUMBER25,64PARKERAVENUEPASSAICNJ07055,Mahatma Gandhi School Number 25,"64 Parker Avenue, Passaic, NJ, 07055",https://www.greatschools.org/new-jersey/passaic/9252-Mahatma-Gandhi-School-Number-25/,100.0,88.0
Bergen,Oakland Public School District,Dogwood Hill Elementary School,03-3760-040,"25 DOGWOOD DR, OAKLAND, NJ, 07436",DOGWOODHILLELEMENTARYSCHOOL,25DOGWOODDRIVEOAKLANDNJ07436,Dogwood Hill Elementary School,"25 Dogwood Drive, Oakland, NJ, 07436",https://www.greatschools.org/new-jersey/oakland/1444-Dogwood-Hill-Elementary-School/,100.0,88.0
Essex,Newark Public School District,George Washington Carver Elementary School,13-3570-435,"333 CLINTON PL, NEWARK, NJ, 07112",GEORGEWASHINGTONCARVERELEMENTARYSCHOOL,333CLINTONPLACENEWARKNJ07112,George Washington Carver Elementary School,"333 Clinton Place, Newark, NJ, 07112",https://www.greatschools.org/new-jersey/newark/1382-George-Washington-Carver-Elementary-School/,100.0,88.0
Bergen,Bogota Public School District,E. Roy Bixby,03-0440-030,"25 FISCHER AVE, BOGOTA, NJ, 07603",EROYBIXBYELEMENTARYSCHOOL,25FISCHERAVENUEBOGOTANJ07603,E. Roy Bixby Elementary School,"25 Fischer Avenue, Bogota, NJ, 07603",https://www.greatschools.org/new-jersey/bogota/154-E.-Roy-Bixby-Elementary-School/,100.0,88.0
Ocean,Seaside Heights School District,Hugh J. Boyd Jr. Elementary School,29-4710-050,"1200 BAY BOULEVARD, SEASIDE HTS, NJ, 08751",HUGHJBOYDJRELEMENTARYSCHOOL,1200BAYBOULEVARDSEASIDEHEIGHTSNJ08751,Hugh J Boyd Jr Elementary School,"1200 Bay Boulevard, Seaside Heights, NJ, 08751",https://www.greatschools.org/new-jersey/seaside-heights/1825-Hugh-J-Boyd-Jr--Elementary-School/,100.0,87.87878787878788
Sussex,Montague Township School District,Montague Township School,37-3300-050,"475 ROUTE 206, MONTAGUE, NJ, 07827",MONTAGUETOWNSHIPSCHOOL,475US206MONTAGUENJ07827,Montague Township School,"475 U.S. 206, Montague, NJ, 07827",https://www.greatschools.org/new-jersey/montague-township/1214-Montague-Elementary-School/,100.0,87.8048780487805
Monmouth,Manalapan-Englishtown Regional Schools School District,Manalapan-Englishtown Middle School,25-2920-060,"155 MILLHURST ROAD, Manalapan, NJ, 07726",MANALAPANENGLISHTOWNMIDDLESCHOOL,155MILLHURSTROADMANALAPANTOWNSHIPNJ07726,Manalapan-Englishtown Middle School,"155 MILLHURST ROAD, Manalapan Township, NJ, 07726",https://www.greatschools.org/new-jersey/manalapan-township/1080-Manalapan-Englishtown-Middle-School/,100.0,87.71929824561404
Mercer,Hamilton Township Public School District,Klockner Elementary School,21-1950-160,"830 KLOCKNER AVENUE, HAMILTON, NJ, 08619",KLOCKNERELEMENTARYSCHOOL,830KLOCKNERAVENUEHAMILTONTOWNSHIPNJ08619,Klockner Elementary School,"830 KLOCKNER AVENUE, Hamilton Township, NJ, 08619",https://www.greatschools.org/new-jersey/hamilton-township/737-Klockner-Elementary-School/,100.0,87.71929824561404
Camden,Pennsauken Township Board of Education School District,Roosevelt Science Technology Engineering and Mathematics (STEM),07-4060-180,"5526 Wisteria Ave, Pennsauken, NJ, 08109",ROOSEVELTSCIENCETECHNOLOGYENGINEERINGANDMATHEMATICS(ST,5526WISTERIAAVEPENNSAUKENTOWNSHIPNJ08109,Roosevelt Science Technology Engineering and Mathematics (St,"5526 WISTERIA AVE, Pennsauken Township, NJ, 08109",https://www.greatschools.org/new-jersey/pennsauken-township/1602-Roosevelt-Elementary-School/,100.0,87.71929824561404
Camden,Voorhees Township School District,Signal Hill School,07-5400-095,"33 Signal Hill Drive, VOORHEES, NJ, 08043",SIGNALHILLSCHOOL,33SIGNALHILLDRIVEVOORHEESTOWNSHIPNJ08043,Signal Hill School,"33 Signal Hill Drive, Voorhees Township, NJ, 08043",https://www.greatschools.org/new-jersey/voorhees-township/2071-Signal-Hill-School/,100.0,87.71929824561404
Mercer,Hamilton Township Public School District,Lalor Elementary School,21-1950-180,"25 BARNT DEKLYN ROAD, HAMILTON, NJ, 08610",LALORELEMENTARYSCHOOL,25BARNTDEKLYNROADHAMILTONTOWNSHIPNJ08610,Lalor Elementary School,"25 BARNT DEKLYN ROAD, Hamilton Township, NJ, 08610",https://www.greatschools.org/new-jersey/hamilton-township/739-Lalor-Elementary-School/,100.0,87.71929824561404
Ocean,Jackson Township School District,Lucy N. Holman Elementary School,29-2360-046,"125 Manhattan Street, Jackson, NJ, 08527",LUCYNHOLMANELEMENTARYSCHOOL,125MANHATTANSTREETJACKSONTOWNSHIPNJ08527,Lucy N Holman Elementary School,"125 Manhattan Street, Jackson Township, NJ, 08527",https://www.greatschools.org/new-jersey/jackson-township/859-Lucy-N-Holman-Elementary-School/,100.0,87.71929824561404
Monmouth,Manalapan-Englishtown Regional Schools School District,Wemrock Brook School,25-2920-110,"118 MILLHURST ROAD, MANALAPAN, NJ, 07726",WEMROCKBROOKSCHOOL,118MILLHURSTROADMANALAPANTOWNSHIPNJ07726,Wemrock Brook School,"118 MILLHURST ROAD, Manalapan Township, NJ, 07726",https://www.greatschools.org/new-jersey/manalapan-township/3452-Wemrock-Brook-School/,100.0,87.71929824561404
Monmouth,Neptune Township School District,Neptune High School,25-3510-050,"55 NEPTUNE BOULEVARD, NEPTUNE, NJ, 07753",NEPTUNEHIGHSCHOOL,55NEPTUNEBOULEVARDNEPTUNETOWNSHIPNJ07753,Neptune High School,"55 NEPTUNE BOULEVARD, Neptune Township, NJ, 07753",https://www.greatschools.org/new-jersey/neptune-city/1287-Neptune-High-School/,100.0,87.71929824561404
Somerset,Green Brook Township Public School District,Irene E. Feldkirchner Elementary School,35-1810-050,"105 Andrew Street, Green Brook, NJ, 08812",IRENEEFELDKIRCHNERELEMENTARYSCHOOL,105ANDREWSTREETGREENBROOKTOWNSHIPNJ08812,Irene E Feldkirchner Elementary School,"105 Andrew Street, Green Brook Township, NJ, 08812",https://www.greatschools.org/new-jersey/green-brook-township/692-Irene-E-Feldkirchner-Elementary-School/,100.0,87.71929824561404
Monmouth,Middletown Township Public School District,Nut Swamp Elementary School,25-3160-145,"925 Nut Swamp Road, MIDDLETOWN, NJ, 07748",NUTSWAMPELEMENTARYSCHOOL,925NUTSWAMPROADMIDDLETOWNTOWNSHIPNJ07748,Nut Swamp Elementary School,"925 Nut Swamp Road, Middletown Township, NJ, 07748",https://www.greatschools.org/new-jersey/middletown/1174-Nut-Swamp-Elementary-School/,100.0,87.71929824561404
Burlington,Moorestown Township Public School District,George C. Baker Elementary School,05-3360-060,"139 W  MAPLE AVE, MOORESTOWN, NJ, 08057",GEORGECBAKERELEMENTARYSCHOOL,139WESTMAPLEAVENUEMOORESTOWNNJ08057,George C. Baker Elementary School,"139 West Maple Avenue, Moorestown, NJ, 08057",https://www.greatschools.org/new-jersey/moorestown/1240-George-C.-Baker-Elementary-School/,100.0,87.71929824561404
Monmouth,Wall Township Public School District,Wall Primary School,25-5420-078,"2500 BEDFORD CORNER LANE, WALL, NJ, 07719",WALLPRIMARYSCHOOL,2500BEDFORDCORNERLANEWALLTOWNSHIPNJ07719,Wall Primary School,"2500 BEDFORD CORNER LANE, Wall Township, NJ, 07719",https://www.greatschools.org/new-jersey/wall-township/4170-Wall-Primary-School/,100.0,87.71929824561404
Mercer,Hamilton Township Public School District,Sayen Elementary School,21-1950-240,"3333 NOTTINGHAM WAY, HAMILTON, NJ, 08690",SAYENELEMENTARYSCHOOL,3333NOTTINGHAMWAYHAMILTONTOWNSHIPNJ08690,Sayen Elementary School,"3333 NOTTINGHAM WAY, Hamilton Township, NJ, 08690",https://www.greatschools.org/new-jersey/hamilton-township/745-Sayen-Elementary-School/,100.0,87.71929824561404
Bergen,Ramapo Indian Hills Regional High School District,Indian Hills High School,03-4300-030,"97 YAWPO AVE, OAKLAND, NJ, 07436",INDIANHILLSHIGHSCHOOL,97YAWPOAVENUEOAKLANDNJ07436,Indian Hills High School,"97 Yawpo Avenue, Oakland, NJ, 07436",https://www.greatschools.org/new-jersey/oakland/1694-Indian-Hills-High-School/,100.0,87.5
Union,Plainfield Public School District,Plainfield Academy For The Arts & Advanced Studies,39-4160-052,"1700 West Front St, PLAINFIELD, NJ, 07063",PLAINFIELDACADEMYFORTHEARTS&ADVANCEDSTUDIES,1700WESTFRONTSTREETPLAINFIELDNJ07063,Plainfield Academy for the Arts & Advanced Studies,"1700 West Front Street, Plainfield, NJ, 07063",https://www.greatschools.org/new-jersey/plainfield/6917-Paaas/,100.0,87.5
Bergen,Dumont Public School District,Grant Elementary School,03-1130-050,"100 GRANT AVE, DUMONT, NJ, 07628",GRANTELEMENTARYSCHOOL,100GRANTAVENUEDUMONTNJ07628,Grant Elementary School,"100 Grant Avenue, Dumont, NJ, 07628",https://www.greatschools.org/new-jersey/dumont/414-Grant-Elementary-School/,100.0,87.5
Essex,Newark Public School District,University High School,13-3570-057,"55 CLINTON PL, NEWARK, NJ, 07108",UNIVERSITYHIGHSCHOOL,55CLINTONPLACENEWARKNJ07108,University High School,"55 Clinton Place, Newark, NJ, 07108",https://www.greatschools.org/new-jersey/newark/1323-University-High-School/,100.0,87.5
Mercer,Hamilton Township Public School District,Kisthardt Elementary School,21-1950-150,"215 HARCOURT DRIVE, HAMILTON, NJ, 08610",KISTHARDTELEMENTARYSCHOOL,215HARCOURTDRIVEHAMILTONTOWNSHIPNJ08610,Kisthardt Elementary School,"215 HARCOURT DRIVE, Hamilton Township, NJ, 08610",https://www.greatschools.org/new-jersey/trenton/736-Kisthardt-Elementary-School/,100.0,87.27272727272728
Gloucester,Wenonah  Boro School District,Wenonah Elementary School,15-5590-050,"200 N CLINTON AVE, WENONAH, NJ, 08090",WENONAHELEMENTARYSCHOOL,200NORTHCLINTONAVENUEWENONAHNJ08090,Wenonah Elementary School,"200 North Clinton Avenue, Wenonah, NJ, 08090",https://www.greatschools.org/new-jersey/wenonah/2139-Wenonah-Elementary-School/,100.0,87.27272727272728
Ocean,Brick Township Public School District,Midstreams Elementary School,29-0530-060,"500 MIDSTREAMS RD, BRICK TOWN, NJ, 08724",MIDSTREAMSELEMENTARYSCHOOL,500MIDSTREAMSRDBRICKTOWNSHIPNJ08724,Midstreams Elementary School,"500 MIDSTREAMS RD, Brick Township, NJ, 08724",https://www.greatschools.org/new-jersey/brick-township/180-Midstreams-Elementary-School/,100.0,87.27272727272728
Warren,Allamuchy Township School District,Mountain Villa School,41-0030-020,"1686 County Rt 517, Allamuchy, NJ, 07820",MOUNTAINVILLASCHOOL,1686COUNTYRT517ALLAMUCHYTOWNSHIPNJ07820,Mountain Villa School,"1686 County Rt 517, Allamuchy Township, NJ, 07820",https://www.greatschools.org/new-jersey/hackettstown/7095-Mountain-Villa-School/,100.0,87.27272727272728
Mercer,Hamilton Township Public School District,Hamilton East - Steinert,21-1950-050,"2900 KLOCKNER ROAD, HAMILTON, NJ, 08690",HAMILTONEASTSTEINERTHIGHSCHOOL,2900KLOCKNERROADHAMILTONTOWNSHIPNJ08690,Hamilton East-Steinert High School,"2900 KLOCKNER ROAD, Hamilton Township, NJ, 08690",https://www.greatschools.org/new-jersey/hamilton-township/729-Hamilton-East-Steinert-High-School/,100.0,87.27272727272728
Atlantic,Galloway Township Public Schools,Pomona Preschool,01-1690-040,"400 S  GENOA AVENUE, EGG HARBOR, NJ, 08215",POMONAPRESCHOOL,400SGENOAAVENUEEGGHARBORTOWNSHIPNJ08215,Pomona Preschool,"400 S GENOA AVENUE, Egg Harbor Township, NJ, 08215",https://www.greatschools.org/new-jersey/egg-harbor-city/643-Pomona-Elementary-School/,100.0,87.27272727272728
Monmouth,Neptune Township School District,Shark River Hills Elementary School,25-3510-090,"312 BRIGHTON AVENUE, NEPTUNE, NJ, 07753",SHARKRIVERHILLSELEMENTARYSCHOOL,312BRIGHTONAVENUENEPTUNETOWNSHIPNJ07753,Shark River Hills Elementary School,"312 BRIGHTON AVENUE, Neptune Township, NJ, 07753",https://www.greatschools.org/new-jersey/neptune-city/1292-Shark-River-Hills-Elementary-School/,100.0,87.27272727272728
Camden,Voorhees Township School District,Osage School,07-5400-090,"112 Somerdale Road, VOORHEES, NJ, 08043",OSAGESCHOOL,112SOMERDALEROADVOORHEESTOWNSHIPNJ08043,Osage School,"112 Somerdale Road, Voorhees Township, NJ, 08043",https://www.greatschools.org/new-jersey/voorhees-township/2069-Osage-Elementary-School/,100.0,87.27272727272728
Mercer,Hamilton Township Public School District,Hamilton North - Nottingham,21-1950-055,"1055 KLOCKNER ROAD, HAMILTON, NJ, 08619",HAMILTONNORTHNOTTINGHAMHIGHSCHOOL,1055KLOCKNERROADHAMILTONTOWNSHIPNJ08619,Hamilton North-Nottingham High School,"1055 KLOCKNER ROAD, Hamilton Township, NJ, 08619",https://www.greatschools.org/new-jersey/hamilton-township/750-Hamilton-North-Nottingham-High-School/,100.0,87.27272727272728
Ocean,Manchester Township School District,Ridgeway Elementary School,29-2940-050,"2861 RIDGEWAY RD, MANCHESTER, NJ, 08759",RIDGEWAYELEMENTARYSCHOOL,2861RIDGEWAYRDMANCHESTERTOWNSHIPNJ08759,Ridgeway Elementary School,"2861 RIDGEWAY RD, Manchester Township, NJ, 08759",https://www.greatschools.org/new-jersey/manchester-township/1090-Ridgeway-Elementary-School/,100.0,87.27272727272728
Camden,Pennsauken Township Board of Education School District,George B. Fine Elementary School,07-4060-140,"3800 GLADWYN AVE, PENNSAUKEN, NJ, 08109",GEORGEBFINEELEMENTARYSCHOOL,3800GLADWYNAVEPENNSAUKENTOWNSHIPNJ08109,George B. Fine Elementary School,"3800 GLADWYN AVE, Pennsauken Township, NJ, 08109",https://www.greatschools.org/new-jersey/pennsauken-township/1600-George-B.-Fine-Elementary-School/,100.0,87.27272727272728
Salem,Penns Grove-Carneys Point Regional School District,Lafayette - Pershing,33-4070-100,"237 SHELL ROAD, CARNEYS POINT, NJ, 08069",LAFAYETTEPERSHINGELEMENTARYSCHOOL,237SHELLROADCARNEYSPOINTTOWNSHIPNJ08069,Lafayette-Pershing Elementary School,"237 SHELL ROAD, Carneys Point Township, NJ, 08069",https://www.greatschools.org/new-jersey/carneys-point-township/1589-Lafayette-Pershing-Elementary-School/,100.0,87.27272727272728
Somerset,Somerville Public School District,Somerville High School,35-4820-050,"222 Davenport St., Somerville, NJ, 08876",SOMERVILLEHIGHSCHOOL,222DAVENPORTSTREETSOMERVILLENJ08876,Somerville High School,"222 Davenport Street, Somerville, NJ, 08876",https://www.greatschools.org/new-jersey/somerville/1840-Somerville-High-School/,100.0,87.09677419354838
Hudson,West New York Board of Education,Public School Number One,17-5670-060,"6129 MADISON ST, WEST NEW YORK, NJ, 07093",PUBLICSCHOOLNUMBERONE,6129MADISONSTREETWESTNEWYORKNJ07093,Public School Number One,"6129 Madison Street, West New York, NJ, 07093",https://www.greatschools.org/new-jersey/west-new-york/2169-Number-1-Elementary-School/,100.0,87.09677419354838
Burlington,Bordentown Regional School District,Mac Farland Intermediate,05-0475-090,"87 CROSSWICKS ST, BORDENTOWN, NJ, 08505",MACFARLANDINTERMEDIATESCHOOL,87CROSSWICKSSTREETBORDENTOWNNJ08505,Mac Farland Intermediate School,"87 Crosswicks Street, Bordentown, NJ, 08505",https://www.greatschools.org/new-jersey/bordentown/163-Mac-Farland-Intermediate-School/,100.0,87.09677419354838
Camden,Pennsauken Township Board of Education School District,Pennsauken High School,07-4060-050,"800 HYLTON ROAD, PENNSAUKEN, NJ, 08110",PENNSAUKENHIGHSCHOOL,800HYLTONROADPENNSAUKENTOWNSHIPNJ08110,Pennsauken High School,"800 HYLTON ROAD, Pennsauken Township, NJ, 08110",https://www.greatschools.org/new-jersey/pennsauken-township/1592-Pennsauken-High-School/,100.0,86.79245283018868
Mercer,Hamilton Township Public School District,Kuser Elementary School,21-1950-170,"70 NEWKIRK AVENUE, HAMILTON, NJ, 08629",KUSERELEMENTARYSCHOOL,70NEWKIRKAVENUEHAMILTONTOWNSHIPNJ08629,Kuser Elementary School,"70 NEWKIRK AVENUE, Hamilton Township, NJ, 08629",https://www.greatschools.org/new-jersey/hamilton-township/738-Kuser-Elementary-School/,100.0,86.79245283018868
Ocean,Barnegat Township School District,Lillian M. Dunfee Elementary,29-0185-010,"128 BARNEGAT BLVD, BARNEGAT, NJ, 08005",LILLIANMDUNFEEELEMENTARYSCHOOL,128BARNEGATBLVDBARNEGATTOWNSHIPNJ08005,Lillian M Dunfee Elementary School,"128 BARNEGAT BLVD, Barnegat Township, NJ, 08005",https://www.greatschools.org/new-jersey/barnegat-township/2009-Lillian-M-Dunfee-Elementary-School/,100.0,86.79245283018868
Morris,Parsippany-Troy Hills Township School District,Northvail Elementary School,27-3950-103,"10 EILEEN COURT, PARSIPPANY, NJ, 07054",NORTHVAILELEMENTARYSCHOOL,10EILEENCOURTPARSIPPANYTROYHILLSNJ07054,Northvail Elementary School,"10 EILEEN COURT, Parsippany-Troy Hills, NJ, 07054",https://www.greatschools.org/new-jersey/parsippany_troy-hills/1511-Northvail-Elementary-School/,100.0,86.79245283018868
Mercer,Hamilton Township Public School District,Langtree Elementary School,21-1950-185,"2080 WHATLEY ROAD, HAMILTON, NJ, 08690",LANGTREEELEMENTARYSCHOOL,2080WHATLEYROADHAMILTONTOWNSHIPNJ08690,Langtree Elementary School,"2080 WHATLEY ROAD, Hamilton Township, NJ, 08690",https://www.greatschools.org/new-jersey/hamilton-township/740-Langtree-Elementary-School/,100.0,86.79245283018868
Charters,Trenton Stem-to-Civics Charter School,Trenton Stem-to-Civics Charter School,80-6183-914,"1555 Pennington Raod, Ewing, NJ, 08618",TRENTONSTEMTOCIVICSCHARTERSCHOOL,1555PENNINGTONRAODEWINGTOWNSHIPNJ08618,Trenton Stem-To-Civics Charter School,"1555 Pennington Raod, Ewing Township, NJ, 08618",https://www.greatschools.org/new-jersey/ewing-township/8775-Trenton-Stem-To-Civics-Charter-School/,100.0,86.79245283018868
Monmouth,Matawan-Aberdeen Regional School District,Strathmore Elementary School,25-3040-080,"282 CHURCH STREET, ABERDEEN, NJ, 07747",STRATHMOREELEMENTARYSCHOOL,282CHURCHSTREETABERDEENTOWNSHIPNJ07747,Strathmore Elementary School,"282 CHURCH STREET, Aberdeen Township, NJ, 07747",https://www.greatschools.org/new-jersey/aberdeen-township/1122-Strathmore-Elementary-School/,100.0,86.79245283018868
Atlantic,Linwood City School District,Seaview Elementary School,01-2680-050,"2013 WABASH AVE, LINWOOD, NJ, 08221",SEAVIEWELEMENTARYSCHOOL,2015WABASHAVENUELINWOODNJ08221,Seaview Elementary School,"2015 Wabash Avenue, Linwood, NJ, 08221",https://www.greatschools.org/new-jersey/linwood/988-Seaview-Elementary-School/,100.0,86.79245283018868
Mercer,Robbinsville Public Schools,Pond Road Middle School,21-5510-040,"150 POND ROAD, ROBBINSVILLE, NJ, 08691",PONDROADMIDDLESCHOOL,150PONDROADROBBINSVILLETOWNSHIPNJ08691,Pond Road Middle School,"150 POND ROAD, Robbinsville Township, NJ, 08691",https://www.greatschools.org/new-jersey/robbinsville-township/2110-Pond-Road-Middle-School/,100.0,86.79245283018868
Ocean,Jackson Township School District,Elms Elementary School,29-2360-035,"780 Patterson Road, Jackson, NJ, 08527",ELMSELEMENTARYSCHOOL,780PATTERSONROADJACKSONTOWNSHIPNJ08527,Elms Elementary School,"780 Patterson Road, Jackson Township, NJ, 08527",https://www.greatschools.org/new-jersey/jackson-township/4136-Elms-Elementary-School/,100.0,86.79245283018868
Gloucester,Paulsboro School District,Paulsboro High School,15-4020-050,"670 N DELAWARE ST, PAULSBORO, NJ, 08066",PAULSBOROHIGHSCHOOL,670NORTHDELAWARESTREETPAULSBORONJ08066,Paulsboro High School,"670 North Delaware Street, Paulsboro, NJ, 08066",https://www.greatschools.org/new-jersey/paulsboro/1571-Paulsboro-High-School/,100.0,86.66666666666667
Hudson,Jersey City Public Schools,Dr. Michael Conti School,17-2390-110,"182 MERSELES ST, JERSEY CITY, NJ, 07302",DRMICHAELCONTISCHOOL,182MERSELESSTREETJERSEYCITYNJ07302,Dr. Michael Conti School,"182 Merseles Street, Jersey City, NJ, 07302",https://www.greatschools.org/new-jersey/jersey-city/881-Number-5-Elementary-School/,100.0,86.66666666666667
Charters,The Queen City Academy Charter School District,The Queen City Academy Charter School,80-7600-960,"815 WEST SEVENTH STREET, PLAINFIELD, NJ, 07063",QUEENCITYACADEMYCHARTERSCHOOL,815WEST7THSTREETPLAINFIELDNJ07063,Queen City Academy Charter School,"815 West 7th Street, Plainfield, NJ, 07063",https://www.greatschools.org/new-jersey/plainfield/3405-Queen-City-Academy-Charter-School/,100.0,86.66666666666667
Essex,Belleville Public School District,Belleville PS5,13-0250-060,"149 ADELAIDE ST, BELLEVILLE, NJ, 07109",BELLEVILLEPS5,149ADELAIDESTREETBELLEVILLENJ07109,Belleville PS5,"149 Adelaide Street, Belleville, NJ, 07109",https://www.greatschools.org/new-jersey/belleville/84-Number-5-Elementary-School/,100.0,86.66666666666667
Union,Plainfield Public School District,Pinnacle Academy High School,39-4160-051,"209 Berckman St, Plainfield, NJ, 07062",PINNACLEACADEMYHIGHSCHOOL,209BERCKMANSTREETPLAINFIELDNJ07062,Pinnacle Academy High School,"209 Berckman Street, Plainfield, NJ, 07062",https://www.greatschools.org/new-jersey/plainfield/6916-Boaacd/,100.0,86.66666666666667
Camden,Voorhees Township School District,Voorhees Middle School,07-5400-100,"1000 HOLLY OAK DR, VOORHEES, NJ, 08043",VOORHEESMIDDLESCHOOL,1000HOLLYOAKDRVOORHEESTOWNSHIPNJ08043,Voorhees Middle School,"1000 HOLLY OAK DR, Voorhees Township, NJ, 08043",https://www.greatschools.org/new-jersey/voorhees-township/2070-Voorhees-Middle-School/,100.0,86.27450980392157
Mercer,Hamilton Township Public School District,Mercerville Elementary School,21-1950-210,"60 REGINA AVENUE, HAMILTON, NJ, 08619",MERCERVILLEELEMENTARYSCHOOL,60REGINAAVENUEHAMILTONTOWNSHIPNJ08619,Mercerville Elementary School,"60 REGINA AVENUE, Hamilton Township, NJ, 08619",https://www.greatschools.org/new-jersey/hamilton-township/742-Mercerville-Elementary-School/,100.0,86.27450980392157
Gloucester,Delsea Regional High School District,Delsea Regional High School,15-4940-050,"242 FRIES MILL RD, FRANKLINVILLE, NJ, 08322",DELSEAREGIONALHIGHSCHOOL,242FRIESMILLRDFRANKLINNJ08322,Delsea Regional High School,"242 FRIES MILL RD, Franklin, NJ, 08322",https://www.greatschools.org/new-jersey/franklin/1885-Delsea-Regional-High-School/,100.0,86.27450980392157
Monmouth,Monmouth County Vocational School District,Communications High School,25-3260-004,"1740 NEW BEDFORD ROAD, WALL, NJ, 07719",COMMUNICATIONSHIGHSCHOOL,1740NEWBEDFORDROADWALLTOWNSHIPNJ07719,Communications High School,"1740 NEW BEDFORD ROAD, Wall Township, NJ, 07719",https://www.greatschools.org/new-jersey/wall-township/3429-Communications-High-School/,100.0,86.27450980392157
Mercer,Hamilton Township Public School District,McGalliard Elementary School,21-1950-200,"1600 ARENA DRIVE, HAMILTON, NJ, 08610",MCGALLIARDELEMENTARYSCHOOL,1600ARENADRIVEHAMILTONTOWNSHIPNJ08610,McGalliard Elementary School,"1600 ARENA DRIVE, Hamilton Township, NJ, 08610",https://www.greatschools.org/new-jersey/trenton/741-McGalliard-Elementary-School/,100.0,86.27450980392157
Ocean,Brick Township Public School District,Drum Point Road Elementary School,29-0530-030,"41 DRUM POINT RD, BRICK TOWN, NJ, 08723",DRUMPOINTROADELEMENTARYSCHOOL,41DRUMPOINTRDBRICKTOWNSHIPNJ08723,Drum Point Road Elementary School,"41 DRUM POINT RD, Brick Township, NJ, 08723",https://www.greatschools.org/new-jersey/brick-township/175-Drum-Point-Road-Elementary-School/,100.0,86.27450980392157
Mercer,Hamilton Township Public School District,Sunnybrae Elementary School,21-1950-245,"166 ELTON AVENUE, HAMILTON, NJ, 08620",SUNNYBRAEELEMENTARYSCHOOL,166ELTONAVENUEHAMILTONTOWNSHIPNJ08620,Sunnybrae Elementary School,"166 ELTON AVENUE, Hamilton Township, NJ, 08620",https://www.greatschools.org/new-jersey/hamilton-township/746-Sunnybrae-Elementary-School/,100.0,86.27450980392157
Union,Rahway Public School District,Grover Cleveland Elementary School,39-4290-090,"486 E MILTON AVE, RAHWAY, NJ, 07065",GROVERCLEVELANDELEMENTARYSCHOOL,486EASTMILTONAVENUERAHWAYNJ07065,Grover Cleveland Elementary School,"486 East Milton Avenue, Rahway, NJ, 07065",https://www.greatschools.org/new-jersey/rahway/1691-Grover-Cleveland-Elementary-School/,100.0,86.27450980392157
Mercer,Hamilton Township Public School District,Robinson Elementary School,21-1950-225,"495 GROPP AVENUE, HAMILTON, NJ, 08610",ROBINSONELEMENTARYSCHOOL,495GROPPAVENUEHAMILTONTOWNSHIPNJ08610,Robinson Elementary School,"495 GROPP AVENUE, Hamilton Township, NJ, 08610",https://www.greatschools.org/new-jersey/trenton/744-Robinson-Elementary-School/,100.0,86.27450980392157
Middlesex,Sayreville School District,Project Before at Selover School,23-4660-300,"150 Lincoln St, South Amboy, NJ, 08879",PROJECTBEFOREATSELOVERSCHOOL,150LINCOLNSTREETSOUTHAMBOYNJ08879,Project Before at Selover School,"150 Lincoln Street, South Amboy, NJ, 08879",https://www.greatschools.org/new-jersey/south-amboy/9226-Project-Before-At-Selover-School/,100.0,86.20689655172413
Hudson,Jersey City Public Schools,"Whitney M. Young, Jr. School",17-2390-170,"135 STEGMAN ST, JERSEY CITY, NJ, 07305",WHITNEYMYOUNG,135STEGMANSTREETJERSEYCITYNJ07305,Whitney M Young,"135 Stegman Street, Jersey City, NJ, 07305",https://www.greatschools.org/new-jersey/jersey-city/887-Whitney-M-Young/,100.0,86.20689655172413
Monmouth,Farmingdale Public School District,Farmingdale Elementary,25-1490-050,"49 ACADEMY ST, FARMINGDALE, NJ, 07727",FARMINGDALEELEMENTARYSCHOOL,49ACADEMYSTREETFARMINGDALENJ07727,Farmingdale Elementary School,"49 Academy Street, Farmingdale, NJ, 07727",https://www.greatschools.org/new-jersey/farmingdale/584-Farmingdale-Elementary-School/,100.0,86.20689655172413
Burlington,Burlington City Public School District,Captain James Lawrence Elementary School,05-0600-040,"315 BARCLAY ST, BURLINGTON, NJ, 08016",CAPTAINJAMESLAWRENCEELEMENTARYSCHOOL,315BARCLAYSTREETBURLINGTONNJ08016,Captain James Lawrence Elementary School,"315 Barclay Street, Burlington, NJ, 08016",https://www.greatschools.org/new-jersey/burlington/213-Captain-James-Lawrence-Elementary-School/,100.0,86.20689655172413
Salem,Pennsville Public School District,Central Park Elementary School,33-4075-060,"43 OLIVER AVE, PENNSVILLE, NJ, 08070",CENTRALPARKELEMENTARYSCHOOL,43OLIVERAVEPENNSVILLETOWNSHIPNJ08070,Central Park Elementary School,"43 OLIVER AVE, Pennsville Township, NJ, 08070",https://www.greatschools.org/new-jersey/pennsville/1035-Central-Park-Elementary-School/,100.0,85.71428571428572
Ocean,Jackson Township School District,Crawford-Rodriguez Elementary School,29-2360-030,"1025 Larsen Road, Jackson, NJ, 08527",CRAWFORDRODRIGUEZELEMENTARYSCHOOL,1025LARSENROADJACKSONTOWNSHIPNJ08527,Crawford Rodriguez Elementary School,"1025 Larsen Road, Jackson Township, NJ, 08527",https://www.greatschools.org/new-jersey/jackson-township/3447-Crawford--Rodriguez-Elementary-School/,100.0,85.71428571428572
Ocean,Barnegat Township School District,Joseph T. Donahue Elementary School,29-0185-080,"200 BENGAL BLVD, BARNEGAT, NJ, 08005",JOSEPHTDONAHUEELEMENTARYSCHOOL,200BENGALBLVDBARNEGATTOWNSHIPNJ08005,Joseph T Donahue Elementary School,"200 BENGAL BLVD, Barnegat Township, NJ, 08005",https://www.greatschools.org/new-jersey/barnegat-township/6903-Joseph-T---Donahue-Elementary-School/,100.0,85.71428571428572
Essex,Newark Public School District,Newark Vocational High School,13-3570-045,"301 West Kinney St, Newark, NJ, 07103",NEWARKVOCATIONALHIGHSCHOOL,301WESTKINNEYSTREETNEWARKNJ07103,Newark Vocational High School,"301 West Kinney Street, Newark, NJ, 07103",https://www.greatschools.org/new-jersey/newark/1320-Newark-Vocational-High-School/,100.0,85.71428571428572
Ocean,Jackson Township School District,Howard C. Johnson Elementary School,29-2360-044,"1021 Larsen Road, Jackson, NJ, 08527",HOWARDCJOHNSONELEMENTARYSCHOOL,1021LARSENROADJACKSONTOWNSHIPNJ08527,Howard C Johnson Elementary School,"1021 Larsen Road, Jackson Township, NJ, 08527",https://www.greatschools.org/new-jersey/jackson-township/858-Howard-C-Johnson-Elementary-School/,100.0,85.71428571428572
Middlesex,Monroe Township School District,Mill Lake,23-3290-040,"115 MONMOUTH ROAD, MONROE TWP, NJ, 08831",MILLLAKEELEMENTARYSCHOOL,115MONMOUTHROADMONROETOWNSHIPNJ08831,Mill Lake Elementary School,"115 MONMOUTH ROAD, Monroe Township, NJ, 08831",https://www.greatschools.org/new-jersey/monroe-township/1212-Mill-Lake-Elementary-School/,100.0,85.71428571428572
Monmouth,Neptune Township School District,Midtown Community Elementary School,25-3510-080,"1155 Corlies Ave, NEPTUNE, NJ, 07753",MIDTOWNCOMMUNITYELEMENTARYSCHOOL,1155CORLIESAVENEPTUNETOWNSHIPNJ07753,Midtown Community Elementary School,"1155 Corlies Ave, Neptune Township, NJ, 07753",https://www.greatschools.org/new-jersey/neptune-city/1291-Midtown-Community-Elementary-School/,100.0,85.71428571428572
Monmouth,Neptune Township School District,Summerfield Elementary School,25-3510-100,"1 Summerfield La, NEPTUNE, NJ, 07753",SUMMERFIELDELEMENTARYSCHOOL,1SUMMERFIELDLANEPTUNETOWNSHIPNJ07753,Summerfield Elementary School,"1 Summerfield La, Neptune Township, NJ, 07753",https://www.greatschools.org/new-jersey/neptune-city/1293-Summerfield-Elementary-School/,100.0,85.71428571428572
Ocean,Barnegat Township School District,Robert L. Horbelt Elementary School,29-0185-070,"104 BURR STREET, BARNEGAT, NJ, 08005",ROBERTLHORBELTELEMENTARYSCHOOL,104BURRSTREETBARNEGATTOWNSHIPNJ08005,Robert L Horbelt Elementary School,"104 BURR STREET, Barnegat Township, NJ, 08005",https://www.greatschools.org/new-jersey/barnegat-township/3468-Robert-L--Horbelt-Elementary-School/,100.0,85.71428571428572
Bergen,Ridgefield School District,Ridgefield Memorial High School,03-4370-050,"555 WALNUT ST, RIDGEFIELD, NJ, 07657",RIDGEFIELDMEMORIALHIGHSCHOOL,555WALNUTSTREETRIDGEFIELDNJ07657,Ridgefield Memorial High School,"555 Walnut Street, Ridgefield, NJ, 07657",https://www.greatschools.org/new-jersey/ridgefield/1724-Ridgefield-Memorial-High-School/,100.0,85.71428571428572
Camden,Cherry Hill School District,Horace Mann Elementary School,07-0800-075,"150 Walt Whitman Blvd., CHERRY HILL, NJ, 08003",HORACEMANNELEMENTARYSCHOOL,150WALTWHITMANBOULEVARDCHERRYHILLNJ08003,Horace Mann Elementary School,"150 Walt Whitman Boulevard, Cherry Hill, NJ, 08003",https://www.greatschools.org/new-jersey/cherry-hill/301-Horace-Mann-Elementary-School/,100.0,85.71428571428572
Middlesex,Monroe Township School District,Applegarth Elementary School,23-3290-300,"227 Applegarth Rd, Monroe Twp, NJ, 08831",APPLEGARTHELEMENTARYSCHOOL,227APPLEGARTHRDMONROETOWNSHIPNJ08831,Applegarth Elementary School,"227 Applegarth Rd, Monroe Township, NJ, 08831",https://www.greatschools.org/new-jersey/monroe-township/7146-Applegarth-Elementary-School/,100.0,85.71428571428572
Camden,"Camden Prep, Inc.","Camden Prep, Inc.",07-1801-113,"1575 Mt. Ephraim Ave, Camden, NJ, 08104",CAMDENPREPINC,1575MOUNTEPHRAIMAVENUECAMDENNJ08104,Camden Prep Inc.,"1575 Mount Ephraim Avenue, Camden, NJ, 08104",https://www.greatschools.org/new-jersey/camden/8832-Camden-Prep-Inc./,100.0,85.71428571428572
Ocean,Barnegat Township School District,Barnegat High School,29-0185-030,"180 BENGAL BLVD, BARNEGAT, NJ, 08005",BARNEGATHIGHSCHOOL,180BENGALBLVDBARNEGATTOWNSHIPNJ08005,Barnegat High School,"180 BENGAL BLVD, Barnegat Township, NJ, 08005",https://www.greatschools.org/new-jersey/barnegat-township/4283-Barnegat-High-School/,100.0,85.71428571428572
Camden,Voorhees Township School District,Edward T. Hamilton,07-5400-020,"1 Boundary Lane, VOORHEES, NJ, 08043",EDWARDTHAMILTONELEMENTARYSCHOOL,1BOUNDARYLANEVOORHEESTOWNSHIPNJ08043,Edward T. Hamilton Elementary School,"1 Boundary Lane, Voorhees Township, NJ, 08043",https://www.greatschools.org/new-jersey/voorhees-township/2067-Edward-T.-Hamilton-Elementary-School/,100.0,85.71428571428572
Ocean,Jackson Township School District,Sylvia Rosenauer Elementary School,29-2360-040,"60 Citadel Drive, Jackson, NJ, 08527",SYLVIAROSENAUERELEMENTARYSCHOOL,60CITADELDRIVEJACKSONTOWNSHIPNJ08527,Sylvia Rosenauer Elementary School,"60 Citadel Drive, Jackson Township, NJ, 08527",https://www.greatschools.org/new-jersey/jackson-township/857-Sylvia-Rosenauer-Elementary-School/,100.0,85.71428571428572
Gloucester,Glassboro School District,Glassboro High School,15-1730-050,"560 Joseph L Bowe Blvd, Glassboro, NJ, 08028",GLASSBOROHIGHSCHOOL,560JOSEPHLBOWEBOULEVARDGLASSBORONJ08028,Glassboro High School,"560 Joseph L Bowe Boulevard, Glassboro, NJ, 08028",https://www.greatschools.org/new-jersey/glassboro/660-Glassboro-High-School/,100.0,85.29411764705883
Charters,Bridgeton Public Charter School,Bridgeton Public Charter School,80-6100-991,"790 East Commerce Ave, Bridgeton, NJ, 08302",BRIDGETONPUBLICCHARTERSCHOOL,790EASTCOMMERCESTREETBRIDGETONNJ08302,Bridgeton Public Charter School,"790 East Commerce Street, Bridgeton, NJ, 08302",https://www.greatschools.org/new-jersey/bridgeton/8876-Bridgeton-Public-Charter-School/,100.0,85.29411764705883
Warren,Phillipsburg School District,Phillipsburg High School,41-4100-050,"1 Stateliner Blvd., PHILLIPSBURG, NJ, 08865",PHILLIPSBURGHIGHSCHOOL,1STATELINERBOULEVARDPHILLIPSBURGNJ08865,Phillipsburg High School,"1 Stateliner Boulevard, Phillipsburg, NJ, 08865",https://www.greatschools.org/new-jersey/phillipsburg/1617-Phillipsburg-High-School/,100.0,85.29411764705883
Hudson,Jersey City Public Schools,Dr. Paul Rafalides School,17-2390-270,"362 UNION ST, JERSEY CITY, NJ, 07304",DRPAULRAFALIDESSCHOOL,362UNIONSTREETJERSEYCITYNJ07304,Dr. Paul Rafalides School,"362 Union Street, Jersey City, NJ, 07304",https://www.greatschools.org/new-jersey/jersey-city/897-Number-33-Elementary-School/,100.0,85.18518518518519
Essex,Newark Public School District,American History High School,13-3570-087,"74 Montgomery St, NEWARK, NJ, 07103",AMERICANHISTORYHIGHSCHOOL,74MONTGOMERYSTREETNEWARKNJ07103,American History High School,"74 Montgomery Street, Newark, NJ, 07103",https://www.greatschools.org/new-jersey/newark/4531-American-History-High-School/,100.0,85.18518518518519
Ocean,Brick Township Public School District,Lanes Mill Elementary School,29-0530-045,"1891 LANES MILL RD, BRICK, NJ, 08724",LANESMILLELEMENTARYSCHOOL,1891LANESMILLRDBRICKTOWNSHIPNJ08724,Lanes Mill Elementary School,"1891 LANES MILL RD, Brick Township, NJ, 08724",https://www.greatschools.org/new-jersey/brick-township/179-Lanes-Mill-Elementary-School/,100.0,85.1063829787234
Monmouth,Howell Township Public School District,Newbury Elementary School,25-2290-032,"179 NEWBURY ROAD, HOWELL, NJ, 07731",NEWBURYELEMENTARYSCHOOL,179NEWBURYROADHOWELLTOWNSHIPNJ07731,Newbury Elementary School,"179 NEWBURY ROAD, Howell Township, NJ, 07731",https://www.greatschools.org/new-jersey/howell-township/834-Newbury-Elementary-School/,100.0,85.1063829787234
Monmouth,Matawan-Aberdeen Regional School District,Lloyd Road Elementary School,25-3040-065,"401 LLOYD ROAD, ABERDEEN, NJ, 07747",LLOYDROADELEMENTARYSCHOOL,401LLOYDROADABERDEENTOWNSHIPNJ07747,Lloyd Road Elementary School,"401 LLOYD ROAD, Aberdeen Township, NJ, 07747",https://www.greatschools.org/new-jersey/matawan/1118-Lloyd-Road-Elementary-School/,100.0,85.1063829787234
Mercer,Ewing Township School District,Francis Lore Elementary School,21-1430-105,"13 WESTWOOD DRIVE, EWING, NJ, 08628",FRANCISLOREELEMENTARYSCHOOL,13WESTWOODDRIVEEWINGTOWNSHIPNJ08628,Francis Lore Elementary School,"13 WESTWOOD DRIVE, Ewing Township, NJ, 08628",https://www.greatschools.org/new-jersey/ewing-township/564-Francis-Lore-Elementary-School/,100.0,85.1063829787234
Monmouth,Avon Boro School District,Avon Elementary School,25-0180-010,"505 LINCOLN AVENUE, AVON, NJ, 07717",AVONELEMENTARYSCHOOL,505LINCOLNAVENUEAVONBYTHESEANJ07717,Avon Elementary School,"505 LINCOLN AVENUE, Avon-by-the-Sea, NJ, 07717",https://www.greatschools.org/new-jersey/avon_by_the_sea/61-Avon-Elementary-School/,100.0,85.1063829787234
Monmouth,Howell Township Public School District,Taunton Elementary School,25-2290-060,"41 TAUNTON DRIVE, HOWELL, NJ, 07731",TAUNTONELEMENTARYSCHOOL,41TAUNTONDRIVEHOWELLTOWNSHIPNJ07731,Taunton Elementary School,"41 TAUNTON DRIVE, Howell Township, NJ, 07731",https://www.greatschools.org/new-jersey/howell-township/837-Taunton-Elementary-School/,100.0,85.1063829787234
Atlantic,Brigantine Public School District,Brigantine Community School,01-0570-300,"301 East Evans Blvd, Brigantine, NJ, 08203",BRIGANTINECOMMUNITYSCHOOL,301EASTEVANSBOULEVARDBRIGANTINENJ08203,Brigantine Community School,"301 East Evans Boulevard, Brigantine, NJ, 08203",https://www.greatschools.org/new-jersey/brigantine/9198-Brigantine-Community-School/,100.0,84.84848484848484
Charters,College Achieve Greater Asbury Park Charter School,College Achieve Greater Asbury Park Charter School,80-7891-904,"3455 W. Bangs Avenue, Neptune, NJ, 07753",COLLEGEACHIEVEGREATERASBURYPARKCHARTERSCHOOL,3455WESTBANGSAVENUENEPTUNECITYNJ07753,College Achieve Greater Asbury Park Charter School,"3455 West Bangs Avenue, Neptune City, NJ, 07753",https://www.greatschools.org/new-jersey/asbury-park/8895-College-Achieve-Greater-Asbury-Park-Charter-School/,100.0,84.7457627118644
Cumberland,Vineland Public School District,Pauline J. Petway Elementary School,11-5390-270,"1115 SO  LINCOLN AVE, VINELAND, NJ, 08361",PAULINEJPETWAY,1115SOUTHLINCOLNAVENUEVINELANDNJ08361,Pauline J Petway,"1115 South Lincoln Avenue, Vineland, NJ, 08361",https://www.greatschools.org/new-jersey/vineland/4540-Pauline-J--Petway/,100.0,84.7457627118644
Bergen,Wallington Boro School District,Frank W. Gavlak Elementary School,03-5430-055,"106 KING ST, WALLINGTON, NJ, 07057",FRANKWGAVLAKELEMENTARYSCHOOL,106KINGSTREETWALLINGTONNJ07057,Frank W. Gavlak Elementary School,"106 King Street, Wallington, NJ, 07057",https://www.greatschools.org/new-jersey/wallington/2084-Frank-W.-Gavlak-Elementary-School/,100.0,84.61538461538461
Union,Linden Public School District,Number 8,39-2660-150,"500 W BLANCKE ST, LINDEN, NJ, 07036",NUMBER8ELEMENTARYSCHOOL,500WESTBLANCKESTREETLINDENNJ07036,"Number 8, Elementary School","500 West Blancke Street, Linden, NJ, 07036",https://www.greatschools.org/new-jersey/linden/981-Number-8-Elementary-School/,100.0,84.61538461538461
Gloucester,Mantua Township School District,Centre City Elementary School,15-2990-030,"301 COLUMBUS DR, MANTUA, NJ, 08051",CENTRECITYELEMENTARYSCHOOL,301COLUMBUSDRMANTUATOWNSHIPNJ08051,Centre City Elementary School,"301 COLUMBUS DR, Mantua Township, NJ, 08051",https://www.greatschools.org/new-jersey/mantua-township/1098-Centre-City-Elementary-School/,100.0,84.44444444444444
Monmouth,Neptune Township School District,Gables Elementary School,25-3510-061,"1 Gables Court, NEPTUNE, NJ, 07753",GABLESELEMENTARYSCHOOL,1GABLESCOURTNEPTUNETOWNSHIPNJ07753,Gables Elementary School,"1 Gables Court, Neptune Township, NJ, 07753",https://www.greatschools.org/new-jersey/neptune-city/1289-Gables-Elementary-School/,100.0,84.44444444444444
Monmouth,Wall Township Public School District,Wall Intermediate School,25-5420-075,"2801 ALLAIRE ROAD, WALL, NJ, 07719",INTERMEDIATESCHOOL,2801ALLAIREROADWALLTOWNSHIPNJ07719,Intermediate School,"2801 ALLAIRE ROAD, Wall Township, NJ, 07719",https://www.greatschools.org/new-jersey/wall-township/2080-Intermediate-School/,100.0,84.44444444444444
Camden,Voorhees Township School District,Kresson School,07-5400-055,"7 SCHOOL LANE, VOORHEES, NJ, 08043",KRESSONSCHOOL,7SCHOOLLANEVOORHEESTOWNSHIPNJ08043,Kresson School,"7 SCHOOL LANE, Voorhees Township, NJ, 08043",https://www.greatschools.org/new-jersey/voorhees-township/2068-Kresson-School/,100.0,84.44444444444444
Bergen,Old Tappan Public School District,T. Baldwin Demarest Elementary School,03-3850-060,"1 SCHOOL ST, OLD TAPPAN, NJ, 07675",TBALDWINDEMARESTELEMENTARYSCHOOL,1SCHOOLSTREETOLDTAPPANNJ07675,T. Baldwin Demarest Elementary School,"1 School Street, Old Tappan, NJ, 07675",https://www.greatschools.org/new-jersey/old-tappan/1470-T.-Baldwin-Demarest-Elementary-School/,100.0,84.0
Passaic,Passaic City School District,Ulysses S. Grant School No. 7,31-3970-110,"155 Summer St., Passaic, NJ, 07055",ULYSSESSGRANTSCHOOLNO7,155SUMMERSTREETPASSAICNJ07055,Ulysses S. Grant School No. 7,"155 Summer Street, Passaic, NJ, 07055",https://www.greatschools.org/new-jersey/passaic/1523-Number-7-Grant-Elementary-School/,100.0,84.0
Hudson,Union City School District,Union City High School,17-5240-055,"2500 Kennedy Blvd, Union City, NJ, 07087",UNIONCITYHIGHSCHOOL,2500JOHNFKENNEDYBOULEVARDUNIONCITYNJ07087,Union City High School,"2500 John F. Kennedy Boulevard, Union City, NJ, 07087",https://www.greatschools.org/new-jersey/union-city/7046-Union-City-High-School/,100.0,83.87096774193549
Passaic,Wanaque School District,Haskell Elementary School,31-5440-050,"973 RINGWOOD AVENUE, HASKELL, NJ, 07420",HASKELLELEMENTARYSCHOOL,973RINGWOODAVENUEWANAQUENJ07420,Haskell Elementary School,"973 RINGWOOD AVENUE, Wanaque, NJ, 07420",https://www.greatschools.org/new-jersey/wanaque/2086-Haskell-Elementary-School/,100.0,83.87096774193549
Cumberland,Vineland Public School District,Gloria M Sabater Elementary School,11-5390-075,"301 SOUTH EAST BLVD, VINELAND, NJ, 08360",GLORIAMSABATERELEMENTARYSCHOOL,301SOUTHEASTBOULEVARDVINELANDNJ08360,Gloria M Sabater Elementary School,"301 Southeast Boulevard, Vineland, NJ, 08360",https://www.greatschools.org/new-jersey/buena/6912-Sabater/,100.0,83.87096774193549
Hudson,Kearny,Schuyler Elementary School,17-2410-110,"644 FOREST ST, KEARNY, NJ, 07032",SCHUYLERELEMENTARYSCHOOL,644FORESTSTREETKEARNYNJ07032,Schuyler Elementary School,"644 Forest Street, Kearny, NJ, 07032",https://www.greatschools.org/new-jersey/kearny/919-Schuyler-Elementary-School/,100.0,83.33333333333334
Burlington,Burlington County Special Services School District,Westampton Campus,05-0605-030,"20 PIONEER BLVD, WESTAMPTON, NJ, 08060",WESTAMPTONCAMPUS,20PIONEERBOULEVARDWESTAMPTONNJ08060,Westampton Campus,"20 Pioneer Boulevard, Westampton, NJ, 08060",https://www.greatschools.org/new-jersey/westampton/4120-Westampton-Campus/,100.0,83.33333333333334
Salem,The Lower Alloways Creek School District,Lower Alloways Creek Elementary School,33-2800-050,"967 MAIN ST CANTON, SALEM, NJ, 08079",LOWERALLOWAYSCREEKELEMENTARYSCHOOL,967MAINSAINTCANTONROADSALEMNJ08079,Lower Alloways Creek Elementary School,"967 Main Saint - Canton Road, Salem, NJ, 08079",https://www.greatschools.org/new-jersey/salem/1025-Lower-Alloways-Creek-Elementary-School/,100.0,83.01886792452831
Gloucester,Clayton Public School District,Clayton High School,15-0860-030,"55 POP KRAMER BLVD, CLAYTON, NJ, 08312",CLAYTONHIGHSCHOOL,55POPKRAMERBOULEVARDCLAYTONNJ08312,Clayton High School,"55 Pop Kramer Boulevard, Clayton, NJ, 08312",https://www.greatschools.org/new-jersey/clayton/323-Clayton-High-School/,100.0,82.75862068965517
Hudson,Kearny,Kearny High School,17-2410-050,"336 DEVON ST, KEARNY, NJ, 07032",KEARNYHIGHSCHOOL,336DEVONSTREETKEARNYNJ07032,Kearny High School,"336 Devon Street, Kearny, NJ, 07032",https://www.greatschools.org/new-jersey/kearny/914-Kearny-High-School/,100.0,82.6086956521739
Salem,Salem City School District,Salem High School,33-4630-050,"219 WALNUT ST, SALEM, NJ, 08079",SALEMHIGHSCHOOL,219WALNUTSTREETSALEMNJ08079,Salem High School,"219 Walnut Street, Salem, NJ, 08079",https://www.greatschools.org/new-jersey/salem/1801-Salem-High-School/,100.0,82.6086956521739
Burlington,Evesham Township School District,Marlton Elementary,05-1420-058,"190 TOMLINSON MILL ROAD, MARLTON, NJ, 08053",MARLTONELEMENTARYSCHOOL,190TOMLINSONMILLROADEVESHAMNJ08053,Marlton Elementary School,"190 TOMLINSON MILL ROAD, Evesham, NJ, 08053",https://www.greatschools.org/new-jersey/evesham-township/555-Marlton-Elementary-School/,100.0,82.35294117647058
Burlington,Evesham Township School District,Marlton Middle,05-1420-060,"150 TOMLINSON MILL ROAD, MARLTON, NJ, 08053",MARLTONMIDDLESCHOOL,150TOMLINSONMILLROADEVESHAMNJ08053,Marlton Middle School,"150 TOMLINSON MILL ROAD, Evesham, NJ, 08053",https://www.greatschools.org/new-jersey/evesham-township/559-Marlton-Middle-School/,100.0,82.35294117647058
Burlington,Lenape Regional High School District,Cherokee High School,05-2610-040,"120 TOMLINSON MILL ROAD, MARLTON, NJ, 08053",CHEROKEEHIGHSCHOOL,120TOMLINSONMILLROADEVESHAMNJ08053,Cherokee High School,"120 TOMLINSON MILL ROAD, Evesham, NJ, 08053",https://www.greatschools.org/new-jersey/evesham-township/964-Cherokee-High-School/,100.0,82.35294117647058
Gloucester,Deptford Township Public School District,Oak Valley Elementary School,15-1100-120,"525 COLLEGE BLVD, WENONAH, NJ, 08090",OAKVALLEYELEMENTARYSCHOOL,525COLLEGEBOULEVARDWENONAHNJ08090,Oak Valley Elementary School,"525 College Boulevard, Wenonah, NJ, 08090",https://www.greatschools.org/new-jersey/wenonah/403-Oak-Valley-Elementary-School/,100.0,82.14285714285714
Burlington,Evesham Township School District,Richard L Rice School,05-1420-065,"50 CROWN ROYAL PARKWAY, MARLTON, NJ, 08053",RICHARDLRICESCHOOL,50CROWNROYALPARKWAYEVESHAMNJ08053,Richard L Rice School,"50 CROWN ROYAL PARKWAY, Evesham, NJ, 08053",https://www.greatschools.org/new-jersey/evesham-township/561-Richard-L-Rice-School/,100.0,81.81818181818181
Sussex,Sussex-Wantage Regional School District,Wantage Elementary School,37-5100-070,"815 ROUTE 23, WANTAGE, NJ, 07461",WANTAGEELEMENTARYSCHOOL,815NEWJERSEY23WANTAGENJ07461,Wantage Elementary School,"815 New Jersey 23, Wantage, NJ, 07461",https://www.greatschools.org/new-jersey/wantage/1925-Wantage-Elementary-School/,100.0,81.81818181818181
Cumberland,Millville School District,Millville Senior High School,11-3230-050,"200 WADE BLVD, MILLVILLE, NJ, 08332",MILLVILLESENIORHIGHSCHOOL,200SOUTHWADEBOULEVARDMILLVILLENJ08332,Millville Senior High School,"200 South Wade Boulevard, Millville, NJ, 08332",https://www.greatschools.org/new-jersey/millville/1192-Millville-Senior-High-School/,100.0,81.4814814814815
Camden,Oaklyn Public School District,Oaklyn Public School,07-3770-050,"136 KENDALL BLVD, OAKLYN, NJ, 08107",OAKLYNPUBLICSCHOOL,136KENDALLBOULEVARDOAKLYNNJ08107,Oaklyn Public School,"136 Kendall Boulevard, Oaklyn, NJ, 08107",https://www.greatschools.org/new-jersey/oaklyn/1448-Oaklyn-Public-School/,100.0,81.4814814814815
Somerset,Franklin Township Public Schools,Claremont Elementary School,35-1610-300,"175 Claremont Road, Franklin Park, NJ, 08823",CLAREMONTELEMENTARYSCHOOL,175CLAREMONTROADFRANKLINTOWNSHIPNJ08823,Claremont Elementary School,"175 Claremont Road, Franklin Township, NJ, 08823",https://www.greatschools.org/new-jersey/franklin-park/8906-Claremont-Elementary-School/,100.0,81.35593220338984
Gloucester,Mantua Township School District,J. Mason Tomlin Elementary School,15-2990-040,"393 MAIN ST, MANTUA, NJ, 08051",JMASONTOMLINELEMENTARYSCHOOL,393MAINSTMANTUATOWNSHIPNJ08051,J. Mason Tomlin Elementary School,"393 MAIN ST, Mantua Township, NJ, 08051",https://www.greatschools.org/new-jersey/mantua-township/1099-J.-Mason-Tomlin-Elementary-School/,100.0,81.08108108108108
Monmouth,Wall Township Public School District,Wall High School,25-5420-050,"1630 18TH AVE, WALL, NJ, 07719",WALLHIGHSCHOOL,163018THAVEWALLTOWNSHIPNJ07719,Wall High School,"1630 18TH AVE, Wall Township, NJ, 07719",https://www.greatschools.org/new-jersey/wall-township/2077-Wall-High-School/,100.0,81.08108108108108
Union,Township of Union School District,Livingston Elementary,39-5290-130,"960 MIDLAND BLVD, UNION, NJ, 07083",LIVINGSTONELEMENTARYSCHOOL,960MIDLANDBOULEVARDUNIONNJ07083,Livingston Elementary School,"960 Midland Boulevard, Union, NJ, 07083",https://www.greatschools.org/new-jersey/union/2021-Livingston-Elementary-School/,100.0,80.76923076923077
Union,Berkeley Heights School District,Columbia Middle School,39-0310-030,"345 PLAINFIELD AVE, BERKELEY HTS, NJ, 07922",COLUMBIAMIDDLESCHOOL,345PLAINFIELDAVENUEBERKELEYHEIGHTSNJ07922,Columbia Middle School,"345 Plainfield Avenue, Berkeley Heights, NJ, 07922",https://www.greatschools.org/new-jersey/berkeley-heights/118-Columbia-Middle-School/,100.0,80.64516129032258
Burlington,Evesham Township School District,J Harold Van Zant,05-1420-057,"270 CONESTOGA DRIVE, MARLTON, NJ, 08053",JHAROLDVANZANTELEMENTARYSCHOOL,270CONESTOGADRIVEEVESHAMNJ08053,J. Harold Vanzant Elementary School,"270 CONESTOGA DRIVE, Evesham, NJ, 08053",https://www.greatschools.org/new-jersey/evesham-township/558-J.-Harold-Vanzant-Elementary-School/,100.0,80.64516129032258
Ocean,Plumsted Township School District,New Egypt High School,29-4190-010,"117 EVERGREEN ROAD, NEW EGYPT, NJ, 08533",NEWEGYPTHIGHSCHOOL,117EVERGREENROADPLUMSTEDNJ08533,New Egypt High School,"117 EVERGREEN ROAD, Plumsted, NJ, 08533",https://www.greatschools.org/new-jersey/plumsted-township/3390-New-Egypt-High-School/,100.0,80.64516129032258
Atlantic,Greater Egg Harbor Regional High School District,Oakcrest High School,01-1790-050,"1824 DR  DENNIS FOREMAN DRIVE, MAYS LANDING, NJ, 08330",OAKCRESTHIGHSCHOOL,1824DRDENNISFOREMANDRIVEHAMILTONNJ08330,Oakcrest High School,"1824 DR DENNIS FOREMAN DRIVE, Hamilton, NJ, 08330",https://www.greatschools.org/new-jersey/hamilton-township/689-Oakcrest-High-School/,100.0,79.48717948717949
Atlantic,Galloway Township Public Schools,Arthur Rann Elementary School,01-1690-015,"515 S EIGHTH AVE, GALLOWAY, NJ, 08205",ARTHURRANNELEMENTARYSCHOOL,515SOUTH8THAVENUEGALLOWAYNJ08205,Arthur Rann Elementary School,"515 South 8th Avenue, Galloway, NJ, 08205",https://www.greatschools.org/new-jersey/galloway/641-Arthur-Rann-Elementary-School/,100.0,79.24528301886792
Gloucester,Woodbury Heights Public School District,Woodbury Heights Elementary,15-5870-050,"100 ACADEMY AVE, WOODBURY HTS, NJ, 08097",WOODBURYHEIGHTSELEMENTARYSCHOOL,100ACADEMYAVENUEWOODBURYHEIGHTSNJ08097,Woodbury Heights Elementary School,"100 Academy Avenue, Woodbury Heights, NJ, 08097",https://www.greatschools.org/new-jersey/woodbury-heights/2270-Woodbury-Heights-Elementary-School/,100.0,78.57142857142857
Morris,Jefferson Township Public School District,Arthur Stanlick Elementary School,27-2380-028,"121 B  SHAWNEE TRAIL, LK SHAWNEE JEFFERSON TWSP, NJ, 07885",ARTHURSTANLICKELEMENTARYSCHOOL,121BSHAWNEETRAILJEFFERSONNJ07885,Arthur Stanlick Elementary School,"121 B SHAWNEE TRAIL, Jefferson, NJ, 07885",https://www.greatschools.org/new-jersey/wharton/865-Arthur-Stanlick-Elementary-School/,100.0,77.96610169491525
Essex,West Orange Public Schools,St. Cloud Elementary School,13-5680-170,"71 SHERIDAN AVE, W ORANGE, NJ, 07052",STCLOUDELEMENTARYSCHOOL,71SHERIDANAVENUEWESTORANGENJ07052,St. Cloud Elementary School,"71 Sheridan Avenue, West Orange, NJ, 07052",https://www.greatschools.org/new-jersey/west-orange/2183-St.-Cloud-Elementary-School/,100.0,77.77777777777779
Burlington,Evesham Township School District,Robert B Jaggard School,05-1420-070,"2 WESTCOTT ROAD, MARLTON, NJ, 08053",ROBERTBJAGGARDSCHOOL,2WESTCOTTROADEVESHAMNJ08053,Robert B Jaggard School,"2 WESTCOTT ROAD, Evesham, NJ, 08053",https://www.greatschools.org/new-jersey/evesham-township/560-Robert-B-Jaggard-School/,100.0,77.77777777777779
Sussex,Green Township School District,Green Hills School,37-1800-060,"69 MACKERLY ROAD, GREENDELL, NJ, 07839",GREENHILLSSCHOOL,69MACKERLYROADGREENTOWNSHIPNJ07839,Green Hills School,"69 MACKERLY ROAD, Green Township, NJ, 07839",https://www.greatschools.org/new-jersey/newton/690-Green-Hills-School/,100.0,77.55102040816327
Atlantic,Buena Regional School District,Dr. J.P. Cleary Elementary School,01-0590-300,"1501 CENTRAL AVE, MINOTOLA, NJ, 08341",DRJPCLEARYELEMENTARYSCHOOL,1501CENTRALAVEBUENANJ08341,Dr. J.P. Cleary Elementary School,"1501 CENTRAL AVE, Buena, NJ, 08341",https://www.greatschools.org/new-jersey/buena/7134-Dr.-J.P.-Cleary-Elementary-School/,100.0,76.92307692307692
Essex,ORANGE BOARD OF EDUCATION School District,Heywood Avenue Elementary School,13-3880-090,"421 HEYWOOD AVE, ORANGE, NJ, 07050",HEYWOODAVENUEELEMENTARYSCHOOL,421HEYWOODAVECITYOFORANGENJ07050,Heywood Avenue Elementary School,"421 HEYWOOD AVE, City of Orange, NJ, 07050",https://www.greatschools.org/new-jersey/orange/1480-Heywood-Avenue-Elementary-School/,100.0,76.92307692307692
Essex,ORANGE BOARD OF EDUCATION School District,Lincoln Avenue Elementary School,13-3880-100,"216 LINCOLN AVE, ORANGE, NJ, 07050",LINCOLNAVENUEELEMENTARYSCHOOL,216LINCOLNAVECITYOFORANGENJ07050,Lincoln Avenue Elementary School,"216 LINCOLN AVE, City of Orange, NJ, 07050",https://www.greatschools.org/new-jersey/city-of-orange/1481-Lincoln-Avenue-Elementary-School/,100.0,76.92307692307692
Essex,West Orange Public Schools,Redwood Elementary School,13-5680-160,"75 REDWOOD AVE, W ORANGE, NJ, 07052",REDWOODELEMENTARYSCHOOL,75REDWOODAVENUEWESTORANGENJ07052,Redwood Elementary School,"75 Redwood Avenue, West Orange, NJ, 07052",https://www.greatschools.org/new-jersey/west-orange/2182-Redwood-Elementary-School/,100.0,76.92307692307692
Camden,Pennsauken Township Board of Education School District,Delair Elementary School,07-4060-120,"850 DEROUSSE AVENUE, DELAIR, NJ, 08110",DELAIRELEMENTARYSCHOOL,850DEROUSSEAVENUEPENNSAUKENTOWNSHIPNJ08110,Delair Elementary School,"850 DEROUSSE AVENUE, Pennsauken Township, NJ, 08110",https://www.greatschools.org/new-jersey/pennsauken-township/1598-Delair-Elementary-School/,100.0,76.0
Middlesex,Educational Services Commission of New Jersey,Center for Lifelong Learning,23-3145-031,"333 CHEESEQUAKE RD, PARLIN, NJ, 08859",CENTERFORLIFELONGLEARNING,333CHEESEQUAKERDSAYREVILLENJ08859,Center For Life Long Learning,"333 CHEESEQUAKE RD, Sayreville, NJ, 08859",https://www.greatschools.org/new-jersey/sayreville/6930-Center-For-Life-Long-Learning/,100.0,75.86206896551724
Ocean,Berkeley Township School District,Clara B. Worth Elementary School,29-0320-030,"57 CENTRAL PARKWAY, BAYVILLE, NJ, 08721",CLARABWORTHELEMENTARYSCHOOL,57CENTRALPARKWAYBERKELEYTOWNSHIPNJ08721,Clara B Worth Elementary School,"57 CENTRAL PARKWAY, Berkeley Township, NJ, 08721",https://www.greatschools.org/new-jersey/berkeley-township/122-Clara-B-Worth-Elementary-School/,100.0,73.46938775510203
Camden,Gloucester Township Public Schools,Glendora Elementary School,07-1780-060,"201 STATION AVE, GLENDORA, NJ, 08029",GLENDORAELEMENTARYSCHOOL,201STATIONAVEGLOUCESTERTOWNSHIPNJ08029,Glendora Elementary School,"201 STATION AVE, Gloucester Township, NJ, 08029",https://www.greatschools.org/new-jersey/gloucester-township/682-Glendora-Elementary-School/,100.0,72.72727272727273
Somerset,Montgomery Township School District,Orchard Hill Elementary School,35-3320-080,"244 Orchard Road, Skillman, NJ, 08558",ORCHARDHILLELEMENTARYSCHOOL,244ORCHARDROADMONTGOMERYNJ08558,Orchard Hill Elementary School,"244 Orchard Road, Montgomery, NJ, 08558",https://www.greatschools.org/new-jersey/montgomery/1227-Orchard-Hill-Elementary-School/,100.0,72.41379310344827
Burlington,Woodland Township School District,Chatsworth Elementary School,05-5890-030,"2 John Bowker Jr. Blvd, CHATSWORTH, NJ, 08019",CHATSWORTHELEMENTARYSCHOOL,2JOHNBOWKERJRBLVDBROWNSMILLSNJ08019,Chatsworth Elementary School,"2 John Bowker Jr. Blvd, Browns Mills, NJ, 08019",https://www.greatschools.org/new-jersey/woodland/2273-Chatsworth-Elementary-School/,100.0,70.58823529411764
Somerset,Montgomery Township School District,Montgomery High School,35-3320-030,"1016 Route 601, Skillman, NJ, 08558",MONTGOMERYHIGHSCHOOL,1016ROUTE601MONTGOMERYNJ08558,Montgomery High School,"1016 Route 601, Montgomery, NJ, 08558",https://www.greatschools.org/new-jersey/skillman/1226-Montgomery-High-School/,100.0,70.37037037037037
Middlesex,Old Bridge Township School District,Leroy Gordon Cooper Elementary School,23-3845-113,"160 BIRCHWOOD DRIVE, CLIFFWOOD BEACH, NJ, 07735",LEROYGORDONCOOPERELEMENTARYSCHOOL,160BIRCHWOODDRIVEABERDEENTOWNSHIPNJ07735,Leroy Gordon Cooper Elementary School,"160 BIRCHWOOD DRIVE, Aberdeen Township, NJ, 07735",https://www.greatschools.org/new-jersey/keyport/1064-Leroy-Gordon-Cooper-Elementary-School/,100.0,65.78947368421053
Charters,Hudson Arts and Science Charter School,Hudson Arts and Science Charter School,80-6105-996,"131 Midland Ave, Kearny, NJ, 07032",HUDSONARTSANDSCIENCESCHARTER,131MIDLANDAVENUEKEARNYNJ07032,Hudson Arts and Sciences Charter,"131 Midland Avenue, Kearny, NJ, 07032",https://www.greatschools.org/new-jersey/kearny/8860-Hudson-Arts-And-Sciences-Charter/,98.18181818181819,88.46153846153845
Union,Elizabeth Public Schools,Alexander Hamilton Preparatory Academy,39-1320-405,"310 Cherry St, Elizabeth, NJ, 07208",AHAMILTONPREPARATORYACADEMY,310CHERRYSTREETELIZABETHNJ07208,A Hamilton Preparatory Academy,"310 Cherry Street, Elizabeth, NJ, 07208",https://www.greatschools.org/new-jersey/elizabeth/7069-A-Hamilton-Preparatory-Academy/,98.11320754716981,85.18518518518519
Hunterdon,Flemington-Raritan Regional School District,Francis A. Desmares Elementary School,19-1510-035,"16 OLD CLINTON ROAD, FLEMINGTON, NJ, 08822",FADESMARESELEMENTARYSCHOOL,16OLDCLINTONROADFLEMINGTONNJ08822,F A Desmares Elementary School,"16 Old Clinton Road, Flemington, NJ, 08822",https://www.greatschools.org/new-jersey/flemington/589-F-A-Desmares-Elementary-School/,98.0392156862745,100.0
Mercer,West Windsor-Plainsboro Regional School District,J.V.B. Wicoff Elementary School,21-5715-050,"510 PLAINSBORO ROAD, PLAINSBORO, NJ, 08536",JOHNVBWICOFFELEMENTARYSCHOOL,510PLAINSBOROROADPLAINSBOROTOWNSHIPNJ08536,John V B Wicoff Elementary School,"510 PLAINSBORO ROAD, Plainsboro Township, NJ, 08536",https://www.greatschools.org/new-jersey/plainsboro-center/2193-John-V-B-Wicoff-Elementary-School/,97.95918367346938,88.52459016393442
Mercer,Ewing Township School District,William L Antheil Elementary School,21-1430-140,"339 EWINGVILLE ROAD, EWING, NJ, 08638",WLANTHEILELEMENTARYSCHOOL,339EWINGVILLEROADEWINGTOWNSHIPNJ08638,Wl Antheil Elementary School,"339 EWINGVILLE ROAD, Ewing Township, NJ, 08638",https://www.greatschools.org/new-jersey/ewing-township/566-Wl-Antheil-Elementary-School/,97.95918367346938,86.27450980392157
Essex,Verona Public School District,Frederic N. Brown Elementary School,13-5370-080,"125 GROVE AVE, VERONA, NJ, 07044",FNBROWNELEMENTARYSCHOOL,125GROVEAVENUEVERONANJ07044,F.N. Brown Elementary School,"125 Grove Avenue, Verona, NJ, 07044",https://www.greatschools.org/new-jersey/verona/2044-F.N.-Brown-Elementary-School/,97.77777777777777,87.5
Charters,Paterson Charter School for Science and Technology,Paterson Charter School for Science/Technology,80-7503-970,"196 WEST RAILWAY AVENUE, PATERSON, NJ, 07503",PATERSONCHARTERSCHOOLFORSCIENCE&TECHNOLOGY,196WESTRAILWAYAVENUEPATERSONNJ07503,Paterson Charter School for Science & Technology,"196 West Railway Avenue, Paterson, NJ, 07503",https://www.greatschools.org/new-jersey/paterson/4106-Paterson-Charter-School-For-Science--Technology/,97.61904761904762,100.0
Essex,Belleville Public School District,Hornblower Early Education Elementary School,13-0250-300,"229 Main Street, Belleville, NJ, 07109",HORNBLOWEREARLYEDUDCATIONELEMENTARYSCHOOL,229MAINSTREETBELLEVILLENJ07109,Hornblower Early Edudcation Elementary School,"229 Main Street, Belleville, NJ, 07109",https://www.greatschools.org/new-jersey/belleville/9230-Hornblower-Early-Edudcation-Elementary-School/,97.5,100.0
Middlesex,Edison Township School District,John P. Stevens High School,23-1290-053,"855 GROVE AVENUE, EDISON, NJ, 08820",JPSTEVENSHIGHSCHOOL,855GROVEAVENUEEDISONNJ08820,J P Stevens High School,"855 Grove Avenue, Edison, NJ, 08820",https://www.greatschools.org/new-jersey/edison/478-J-P-Stevens-High-School/,97.2972972972973,100.0
Morris,Rockaway Township School District,Katharine D Malone Elementary School,27-4490-030,"524 GREEN POND ROAD, ROCKAWAY, NJ, 07866",KATHERINEDMALONEELEMENTARYSCHOOL,524GREENPONDROADROCKAWAYNJ07866,Katherine D. Malone Elementary School,"524 GREEN POND ROAD, Rockaway, NJ, 07866",https://www.greatschools.org/new-jersey/rockaway/1761-Katherine-D.-Malone-Elementary-School/,96.875,100.0
Bergen,Westwood Regional School District,Westwood Junior/Senior High School,03-5755-050,"701 RIDGEWOOD ROAD, TOWNSHIP OF WASHINGTON, NJ, 07676",WESTWOODJUNIORSENIORHIGHSCHOOL,701RIDGEWOODROADTOWNSHIPOFWASHINGTONNJ07676,Westwood Junior Senior High School,"701 Ridgewood Road, Township of Washington, NJ, 07676",https://www.greatschools.org/new-jersey/township-of-washington/2208-Westwood-Junior--Senior-High-School/,96.66666666666667,100.0
Middlesex,Old Bridge Township School District,Virgil I. Grissom Elementary School,23-3845-163,"ONE SIMS AVENUE, OLD BRIDGE, NJ, 08857",VIRGILGRISSOMELEMENTARYSCHOOL,ONESIMSAVENUEOLDBRIDGENJ08857,Virgil Grissom Elementary School,"ONE SIMS AVENUE, Old Bridge, NJ, 08857",https://www.greatschools.org/new-jersey/old-bridge-township/1070-Virgil-Grissom-Elementary-School/,96.55172413793103,100.0
Middlesex,Old Bridge Township School District,James A. McDivitt Elementary School,23-3845-108,"1 MANNY MARTIN WAY, OLD BRIDGE, NJ, 08857",JAMESMCDIVITTELEMENTARYSCHOOL,1MANNYMARTINWAYOLDBRIDGENJ08857,James Mc Divitt Elementary School,"1 Manny Martin Way, Old Bridge, NJ, 08857",https://www.greatschools.org/new-jersey/old-bridge-township/1062-James-Mc-Divitt-Elementary-School/,96.55172413793103,100.0
Sussex,Hampton Township School District,Marian E. Mckeown Elementary School,37-1980-050,"ONE SCHOOL ROAD, NEWTON, NJ, 07860",MARIANMCKEOWNELEMENTARYSCHOOL,ONESCHOOLROADNEWTONNJ07860,Marian McKeown Elementary School,"ONE SCHOOL ROAD, Newton, NJ, 07860",https://www.greatschools.org/new-jersey/newton/756-Marian-McKeown-Elementary-School/,96.55172413793103,100.0
Atlantic,Egg Harbor Township School District,H. Russel Swift Elementary School,01-1310-050,"5 SWIFT DRIVE, EGG HARBOR TOWNSHIP, NJ, 08234",HRUSSELLSWIFTELEMENTARYSCHOOL,5SWIFTDRIVEEGGHARBORTOWNSHIPNJ08234,H Russell Swift Elementary School,"5 Swift Drive, Egg Harbor Township, NJ, 08234",https://www.greatschools.org/new-jersey/egg-harbor-township/500-H--Russell-Swift-Elementary-School/,96.42857142857143,100.0
Essex,Newark Public School District,Salome Ureña Elementary School,13-3570-317,"284 First Avenue, Newark, NJ, 07104",SALOMEURENAELEMENTARYSCHOOL,284FIRSTAVENUENEWARKNJ07104,Salome Urena Elementary School,"284 First Avenue, Newark, NJ, 07104",https://www.greatschools.org/new-jersey/newark/8882-Salome-Urena-Elementary-School/,96.2962962962963,100.0
Camden,HADDON HEIGHTS School District,Haddon Heights Jr./Sr. High School,07-1880-050,"301 SECOND AVENUE, HADDON HEIGHTS, NJ, 08035",HADDONHEIGHTSJRSRHIGHSCHOOL,3012NDAVENUEHADDONHEIGHTSNJ08035,Haddon Heights Jr Sr High School,"301 2nd Avenue, Haddon Heights, NJ, 08035",https://www.greatschools.org/new-jersey/haddon-heights/708-Haddon-Heights-Jr--Sr-High-School/,96.2962962962963,93.33333333333333
Charters,Camden's Promise Charter School,Camden's Promise Charter School,80-6107-998,"879 Beideman Ave, Camden, NJ, 08105",CAMDENSPROMISECHARTERSCHOOL,879BEIDEMANAVENUECAMDENNJ08105,Camdens Promise Charter School,"879 Beideman Avenue, Camden, NJ, 08105",https://www.greatschools.org/new-jersey/camden/8862-Camdens-Promise-Charter-School/,96.2962962962963,88.88888888888889
Burlington,Medford Township School District,Kirby's Mill Elementary School,05-3080-045,"151 HARTFORD ROAD, MEDFORD, NJ, 08055",KIRBYSMILLELEMENTARYSCHOOL,151HARTFORDROADMEDFORDNJ08055,Kirbys Mill Elementary School,"151 Hartford Road, Medford, NJ, 08055",https://www.greatschools.org/new-jersey/medford/4212-Kirbys-Mill-Elementary-School/,96.15384615384616,100.0
Camden,Stratford School District,Parkivew Elementary School,07-5080-045,"123 PARKVIEW RD, STRATFORD, NJ, 08084",PARKVIEWELEMENTARYSCHOOL,123PARKVIEWROADSTRATFORDNJ08084,Parkview Elementary School,"123 Parkview Road, Stratford, NJ, 08084",https://www.greatschools.org/new-jersey/stratford/1914-Parkview-Elementary-School/,95.83333333333334,93.10344827586206
Bergen,Englewood Public School District,Dr. Leroy McCloud Elementary School,03-1370-060,"325 TENAFLY RD, ENGLEWOOD, NJ, 07631",DRMCCLOUDELEMENTARYSCHOOL,325TENAFLYROADENGLEWOODNJ07631,Dr Mccloud Elementary School,"325 Tenafly Road, Englewood, NJ, 07631",https://www.greatschools.org/new-jersey/englewood/541-Dr-Mccloud-Elementary-School/,95.83333333333334,92.85714285714286
Somerset,Hillsborough Township Public School District,Triangle Elementary Shcool,35-2170-070,"156 South  Triangle Road, Hillsborough, NJ, 08844",TRIANGLEELEMENTARYSCHOOL,156SOUTHTRIANGLEROADHILLSBOROUGHTOWNSHIPNJ08844,Triangle Elementary School,"156 South Triangle Road, Hillsborough Township, NJ, 08844",https://www.greatschools.org/new-jersey/hillsborough-township/792-Triangle-Elementary-School/,95.83333333333334,90.14084507042254
Morris,School District of the Chathams,Southern Boulevard School,27-0785-080,"192 SOUTHERN BOULEVARD, CHATHAM, NJ, 07928",SOUTHERNBOULVARDSCHOOL,192SOUTHERNBOULEVARDCHATHAMNJ07928,Southern Boulvard School,"192 SOUTHERN BOULEVARD, Chatham, NJ, 07928",https://www.greatschools.org/new-jersey/chatham-township/6-Southern-Boulvard-School/,95.45454545454545,100.0
Union,Elizabeth Public Schools,Terence C. Reilly School No 7,39-1320-030,"436 First Avenue, ELIZABETH, NJ, 07206",TERENCECREILLYSCHOOL#7,4361STAVENUEELIZABETHNJ07206,Terence C. Reilly School #7,"436 1st Avenue, Elizabeth, NJ, 07206",https://www.greatschools.org/new-jersey/elizabeth/502-Terence-C.-Reilly-School-7/,95.23809523809523,92.3076923076923
Middlesex,Carteret Public School District,Private Nicholas Minue Elementary School,23-0750-057,"83 POST BLVD, CARTERET, NJ, 07008",PVTNICHOLASMINUEELEMENTARYSCHOOL,83POSTBOULEVARDCARTERETNJ07008,Pvt. Nicholas Minue Elementary School,"83 Post Boulevard, Carteret, NJ, 07008",https://www.greatschools.org/new-jersey/carteret/284-Pvt.-Nicholas-Minue-Elementary-School/,95.23809523809523,80.0
Bergen,Bogota Public School District,Bogota Jr./Sr. High School,03-0440-020,"2 HENRY C  LUTHIN PLACE, BOGOTA, NJ, 07603",BOGOTAJRSRHIGHSCHOOL,2HENRYCLUTHINPLACEBOGOTANJ07603,Bogota Jr Sr High School,"2 Henry C Luthin Place, Bogota, NJ, 07603",https://www.greatschools.org/new-jersey/bogota/153-Bogota-Jr---Sr--High-School/,95.0,100.0
Sussex,Northern Hills Academy School District,Northern Hills Academy,37-5105-050,"10 GAIL COURT, SPARTA, NJ, 07871",NORTHERNHILLACADEMY,10GAILCOURTSPARTANJ07871,Northern Hill Academy,"10 Gail Court, Sparta, NJ, 07871",https://www.greatschools.org/new-jersey/sparta/4192-Northern-Hill-Academy/,94.73684210526316,100.0
Somerset,Warren Township School District,Angelo L. Tomaso School,35-5470-040,"46 Washington Valley Road, Warren, NJ, 07059",ANGELOTOMASOSCHOOL,46WASHINGTONVALLEYROADWARRENNJ07059,Angelo Tomaso School,"46 Washington Valley Road, Warren, NJ, 07059",https://www.greatschools.org/new-jersey/warren/2095-Angelo-Tomaso-School/,94.44444444444444,100.0
Essex,Fairfield Public Schools School District,Winston Churchill,13-1465-030,"233 FAIRFIELD ROAD, FAIRFIELD, NJ, 07004",WINSTONSCHURCHILLSCHOOL,233FAIRFIELDROADFAIRFIELDNJ07004,Winston S. Churchill School,"233 Fairfield Road, Fairfield, NJ, 07004",https://www.greatschools.org/new-jersey/fairfield/579-Winston-Churchill-Elementary-School/,93.75,100.0
Mercer,Trenton Public School District,Luis Munoz-Rivera MS,21-5210-240,"400 N  Montgomery Street, Trenton, NJ, 08618",LUISMUNOZRIVERAELEMENTARYSCHOOL,400NORTHMONTGOMERYSTREETTRENTONNJ08618,Luis Munoz Rivera Elementary School,"400 North Montgomery Street, Trenton, NJ, 08618",https://www.greatschools.org/new-jersey/trenton/1980-Luis-Munoz--Rivera-Elementary-School/,93.75,93.75
Bergen,New Milford Public School District,Bertrand F. Gibbs Elementary School,03-3550-070,"195 SUTTON PLACE, NEW MILFORD, NJ, 07646",BERTRAMFGIBBSELEMENTARYSCHOOL,195SUTTONPLACENEWMILFORDNJ07646,Bertram F. Gibbs Elementary School,"195 Sutton Place, New Milford, NJ, 07646",https://www.greatschools.org/new-jersey/new-milford/1308-Bertram-F.-Gibbs-Elementary-School/,93.10344827586206,100.0
Gloucester,Swedesboro-Woolwich School District,General Charles G. Harker School,15-5120-080,"1771 OLDMANS CREEK ROAD, WOOLWICH TOWNSHIP, NJ, 08085",GENCHARLESGHARKERSCHOOL,1771OLDMANSCREEKROADWOOLWICHTOWNSHIPNJ08085,Gen Charles G Harker School,"1771 Oldmans Creek Road, Woolwich Township, NJ, 08085",https://www.greatschools.org/new-jersey/woolwich-township/6913-Gen---Charles-G-Harker-School/,93.02325581395348,100.0
Camden,Gloucester Township Public Schools,"James W. Lilley, Jr. Elementary School",07-1780-085,"1275 WILLIAMSTOWN ROAD, ERIAL, NJ, 08081",JAMESWLILLEYELEMENTARYSCHOOL,1275WILLIAMSTOWNROADGLOUCESTERTOWNSHIPNJ08081,James W. Lilley Elementary School,"1275 WILLIAMSTOWN ROAD, Gloucester Township, NJ, 08081",https://www.greatschools.org/new-jersey/sicklerville/686-James-W.-Lilley-Elementary-School/,92.85714285714286,77.77777777777779
Camden,Camden City School District,Early Childhood Development Center,07-0680-025,"1602 Pine Street, CAMDEN, NJ, 08103",EARLYCHILDHOODDEVELCNT,1602PINESTREETCAMDENNJ08103,Early Childhood Devel Cnt,"1602 Pine Street, Camden, NJ, 08103",https://www.greatschools.org/new-jersey/camden/240-Early-Childhood-Devel-Cnt/,92.6829268292683,100.0
Camden,Collingswood Public School District,Collingswood Pre Sch Penguins Childhood Center,07-0940-301,"201 Dayton Avenue, Collingswood, NJ, 08108",COLLINGSWOODPRESCHOOLPENGUINSCHILDHOODCENTER,201DAYTONAVENUECOLLINGSWOODNJ08108,Collingswood Pre School Penguins Childhood Center,"201 Dayton Avenue, Collingswood, NJ, 08108",https://www.greatschools.org/new-jersey/collingswood/9229-Collingswood-Pre-School-Penguins-Childhood-Center/,92.6829268292683,100.0
Ocean,Point Pleasant Beach School District,Point Pleasant Beach High School,29-4220-050,"700 Trenton Avenue, Point Pleasant Beach, NJ, 08742",POINTPLEASANTBCHHIGHSCHOOL,700TRENTONAVENUEPOINTPLEASANTBEACHNJ08742,Point Pleasant Bch High School,"700 Trenton Avenue, Point Pleasant Beach, NJ, 08742",https://www.greatschools.org/new-jersey/point-pleasant-beach/1673-Point-Pleasant-Bch-High-School/,92.3076923076923,100.0
Bergen,Glen Rock Public School District,Richard Byrd,03-1760-070,"640 DOREMUS AVE, GLEN ROCK, NJ, 07452",RICHARDEBYRDELEMENTARYSCHOOL,640DOREMUSAVENUEGLENROCKNJ07452,Richard E. Byrd Elementary School,"640 Doremus Avenue, Glen Rock, NJ, 07452",https://www.greatschools.org/new-jersey/glen-rock/670-Richard-E.-Byrd-Elementary-School/,90.9090909090909,89.28571428571429
Passaic,Wayne Township Public School District,Albert Payson Terhune Elementary,31-5570-078,"40 GEOFFREY WAY, WAYNE, NJ, 07470",ALBERTPTERHUNEELEMENTARYSCHOOL,40GEOFFREYWAYWAYNENJ07470,Albert P. Terhune Elementary School,"40 Geoffrey Way, Wayne, NJ, 07470",https://www.greatschools.org/new-jersey/wayne/2126-Albert-P.-Terhune-Elementary-School/,90.56603773584906,100.0
Gloucester,Swedesboro-Woolwich School District,Governor Charles C. Stratton,15-5120-050,"15 FREDRICK BOULEVARD, WOOLWICH TWP, NJ, 08085",GOVCHARLESCSTRATTONSCHOOL,15FREDRICKBOULEVARDWOOLWICHTOWNSHIPNJ08085,Gov. Charles C. Stratton School,"15 FREDRICK BOULEVARD, Woolwich Township, NJ, 08085",https://www.greatschools.org/new-jersey/woolwich-township/4164-Gov.-Charles-C.-Stratton-School/,88.37209302325581,88.23529411764706
Bergen,Hackensack School District,Fanny Meyer Hillers,03-1860-110,"56 LONGVIEW AVENUE, HACKENSACK, NJ, 07601",FANNYMHILLERSELEMENTARYSCHOOL,56LONGVIEWAVENUEHACKENSACKNJ07601,Fanny M. Hillers Elementary School,"56 Longview Avenue, Hackensack, NJ, 07601",https://www.greatschools.org/new-jersey/hackensack/701-Fanny-M.-Hillers-Elementary-School/,86.66666666666667,100.0
Union,Union County Vocational-Technical School District,"Raymond J. Lesniak Experience, Strength, & Hope Recovery HS",39-5260-300,"121-125 Chestnut Street, Roselle, NJ, 07203",RAYMONDLESNIAKENERGYSTRENGTHHOPERECOVERYHIGHSCHOOL,121125CHESTNUTSTREETROSELLENJ07203,Raymond Lesniak Energy Strength Hope Recovery High School,"121-125 Chestnut Street, Roselle, NJ, 07203",https://www.greatschools.org/new-jersey/union/8885-Raymond-Lesniak-Energy-Strength-Hope-Recovery-High-School/,85.39325842696628,100.0
Bergen,South  Bergen Jointure Commission School District,Moonachie Campus,03-4845-070,"Robert L. Craig School, Moonachie, NJ, 07074",MOONACHIEANNEX,ROBERTLCRAIGSCHOOLMOONACHIENJ07074,Moonachie Annex,"Robert L. Craig School, Moonachie, NJ, 07074",https://www.greatschools.org/new-jersey/moonachie/4101-Moonachie-Annex/,80.0,100.0
Essex,East Orange School District,Mildred Barry Garvin Elementary,13-1210-100,"1 GROVE PLACE, EAST ORANGE, NJ, 07017",MILDREDBGARVINSCHOOL,1GROVEPLACEEASTORANGENJ07017,Mildred B. Garvin School,"1 Grove Place, East Orange, NJ, 07017",https://www.greatschools.org/new-jersey/east-orange/447-Mildred-B.-Garvin-School/,75.0,100.0
